t,p_x,p_y,p_z,v_x,v_y,v_z,q_w,q_x,q_y,q_z,omega_x,omega_y,omega_z,u_1,u_2,u_3,u_4
0.0,-4.999999999999994,4.499999999999973,1.1999999999999997,3.1383106023342085e-15,-2.7609215831279882e-14,2.1304898312279544e-15,1.000000008391682,-6.505168995154514e-14,-1.0213094651157964e-12,-1.1666818640602437e-13,-5.340191519300033e-16,-1.3955139578493983e-14,-2.413147971299055e-16,6.017543584227669,7.6037831597558805,5.464943088825289,4.665091955334374
0.0438516832967563,-4.99991761600509,4.4998794124520565,1.20316826568213,0.007511390463170997,-0.010996974659771543,0.14426768721153602,0.9993960291816136,0.028695081850290776,0.019611862294910465,-0.0003779760639152774,2.617993831320254,1.7892649720949987,-0.03448454234800154,6.522277808667552,6.6266397331760425,6.503483111618964,6.645434454120661
0.0877033665935126,-4.998680565357045,4.498065108747826,1.2139157656748063,0.057055368118824924,-0.0838095138997172,0.34387392528800115,0.994585514696036,0.0859430019266791,0.05843818453453426,-0.0012650478215006711,2.6179938134012555,1.76106296258107,-0.04528587180499202,7.462027129011984,6.884243730117259,6.888773270551298,7.457497647605464
0.1315550498902689,-4.99408074100364,4.491217485161635,1.234297439776225,0.15912871376128884,-0.24134017653982395,0.5817163658959388,0.985888228800098,0.14278188527271302,0.08735435761631277,-0.003269399911627825,2.6179937691382866,0.9013306157499237,-0.044888641335863205,7.80566257935175,7.338818008319241,7.381640959552103,7.762839752181276
0.1754067331870252,-4.98420053117648,4.47551918373135,1.2653250397724218,0.2939584783840255,-0.4877583778289661,0.8281343984289485,0.9748719387590555,0.1990399117768323,0.09977157668508067,-0.007510489090334958,2.617993676107787,0.26540965844333897,-0.041132914394623306,7.9062868841800045,7.682030922583273,7.732161614012812,7.856156515848959
0.21925841648378153,-4.9681319968034865,4.447111163522111,1.3068402922760545,0.4386672388764618,-0.8208001964842624,1.0588465585430662,0.9615407689337466,0.2545706454120872,0.10223609657974443,-0.013519187367122036,2.617993433827086,0.00426661766350349,-0.0367362666974716,7.885054103080655,7.812602938011044,7.863375487093447,7.834284525457731
0.2631100997805378,-4.9457893184149775,4.402370648050689,1.3576664068553987,0.5789722238081743,-1.2319471715489512,1.2514939774775042,0.9453681970352268,0.30923363481909294,0.10123258214325351,-0.02016316911291461,2.6179912056921513,-0.028247754377542594,-0.03228344213599944,7.340458512602263,7.329306799742893,8.183067384793807,8.093338912377552
0.3069617830772941,-4.917523932575439,4.3382389194697,1.4157245682792179,0.7089600037025837,-1.7016043608038207,1.389660208268334,0.9307668046428306,0.35063297499854074,0.10047093439247881,-0.02522107644406201,1.4132335428336946,0.030676719197026296,-0.02785965471006787,7.052914055595532,7.016719684246357,7.977111879202087,7.912241115511705
0.3508134663740504,-4.883764278136863,4.252978617861929,1.4787329442873156,0.8305011833279132,-2.189842083800926,1.4814453584261804,0.9249217638418546,0.3654719883066835,0.10109674057467777,-0.027026557408652004,0.048690345169816567,0.052180590092082306,-0.023427761071538107,6.98318075603156,6.938164196996811,7.4727459987329015,7.4174445226247485
0.39466514967080674,-4.844772712738456,4.146553173406217,1.5451734194219977,0.9483080709938558,-2.6628539334784205,1.5497980391238761,0.92728282623109,0.3590707491252356,0.10258729711870201,-0.026306772358770054,-0.677813261339814,0.059893177977001034,-0.019028631920411963,6.855772392028177,6.816964559890183,7.032270136029363,6.971905204614683
0.43851683296756305,-4.800638381511478,4.020042474982845,1.6143934659915304,1.0653732187118645,-3.1041200031241334,1.6096821099546466,0.9332901876791377,0.3427099264963005,0.10454904095020613,-0.024305628401188065,-0.9263476823053639,0.07605937034562005,-0.014679727010418746,6.650525759341161,6.607255095656255,6.6856928668862405,6.630580468629897
0.4823685162643193,-4.751364986367137,3.874979008155129,1.6861464930465229,1.1827727322882862,-3.50850247529413,1.6655279575079445,0.9400209014637616,0.323246391933047,0.1067732945265226,-0.02177832792831133,-0.9702097369786559,0.08494017542288222,-0.01036545014108102,6.397576424312628,6.352869248609903,6.402888923860981,6.349124935055233
0.5262201995610756,-4.696934954863631,3.7129920023109833,1.7602567386539265,1.3005373062790082,-3.8759198414301825,1.716994900811114,0.9464754778310748,0.30318834890474444,0.10909154786063845,-0.019044222984595092,-0.9713861354482033,0.09173243173368278,-0.006047304487030388,6.130545612955333,6.086266316018459,6.1518515218116505,6.097681176592989
0.570071882857832,-4.63733723233661,3.53567451873526,1.8365045237496396,1.418429446423567,-4.207690314603626,1.7627964379856105,0.9525618888883306,0.28273637026699344,0.11148333474161749,-0.01613360972625862,-0.9959226858329788,0.09914994510046138,-0.0017300975550166957,5.869802609511852,5.827493043702837,5.914911790770381,5.859030937002863
0.6139235661545882,-4.572570237656066,3.344562997425935,1.9146201528587938,1.5362804388782063,-4.50494117533439,1.8020237281922185,0.9584159302962075,0.26130329446829886,0.11399201256388534,-0.012970284293464068,-1.0533976720993472,0.10932714302544402,0.002575747427945555,5.623245296492709,5.582253605766782,5.687014078530332,5.630310298932273
0.6577752494513446,-4.502636907164035,3.1411561477888186,1.9943054071733117,1.654049221034345,-4.76826143471451,1.8342634316841988,0.9641246450157198,0.23825665703368903,0.1166645305623698,-0.009470073952097256,-1.1372515356396597,0.12110969377964977,0.00685989010630305,5.397727173787984,5.352512343199205,5.464086811580287,5.412932389620522
0.7016269327481008,-4.427540476450742,2.926936738465851,2.075251589493054,1.7717350847069167,-4.997829566418972,1.8594136008364754,0.9696707248733157,0.21318137985874375,0.11943093536794017,-0.00560203642172797,-1.232319404085701,0.12556289175212781,0.0110858736399337,5.18352386985971,5.143391681824841,5.259564564795732,5.204892440259645
0.7454786160448571,-4.347286008206596,2.7033839794993817,2.157148990332472,1.88926000797494,-5.193662009684001,1.8774999320346477,0.9749413272378419,0.18585365712222854,0.12226463949079508,-0.0013460008861990694,-1.3354569465541586,0.13646587423379347,0.015243229480977349,4.990428456056914,4.951130116149659,5.067442151178358,5.01363328327255
0.7893302993416135,-4.261880866396865,2.4719782943520108,2.2396897184687266,2.006607176919001,-5.355703799972495,1.8885632526033849,0.9797595670936009,0.15615635501982092,0.12521118340228665,0.003321991013302547,-1.44007577599178,0.14734664037222672,0.019326161405779967,4.814974949061046,4.778574956515287,4.8950595415007045,4.840438127930686
0.8331819826383697,-4.171332548218527,2.2342030201979655,2.322567510110806,2.123778700119715,-5.483888187081626,1.8926319111386698,0.9839158172160279,0.12404566148747946,0.12827334008991575,0.008404614385801423,-1.5465174806734334,0.16101045344438583,0.023317622046685017,4.6675626497768326,4.627147808195584,4.736145159606833,4.6881039895806405
0.8770336659351261,-4.075648146102342,1.9915451493411007,2.40547713846966,2.2407773107851603,-5.5781336700383735,1.889723148103621,0.987179536646322,0.08960584516877762,0.1313660745240844,0.013875663403458766,-1.6436542452631568,0.16672849622070568,0.02719657856254574,4.540286192207778,4.503176551899757,4.60334359314654,4.553948020303361
0.9208853492318824,-3.9748365116392828,1.745494265075725,2.4881140268858988,2.357523084039878,-5.638424868284077,1.8798490391655183,0.989307708958769,0.05308373936200194,0.1344131117274657,0.019688238328532438,-1.7290105673607097,0.1759411872647026,0.0309899854100955,4.442693026263439,4.404816724559924,4.491017443325475,4.443921544987542
0.9647370325286386,-3.8689096695273233,1.497539574257577,2.5701736910947504,2.4739631819186054,-5.664808837729058,1.86300658391945,0.9900690072196857,0.014856965409913391,0.13740385114704498,0.025785515421523148,-1.7945704428476386,0.1828541982040717,0.03471616507608874,4.3701616178590035,4.334024152426837,4.407716550081373,4.359304511782471
1.008588715825395,-3.7578816257389507,1.2491668553731108,2.6513514063372416,2.5900620970658412,-5.657402701808214,1.8392003759269562,0.9892805357099723,-0.024608410127078026,0.14032248660689206,0.03209490329474817,-1.8416881020912725,0.19205806055375954,0.03842381084146081,4.323411227353176,4.2903547070112875,4.355007959838492,4.3040388020822835
1.0524403991221511,-3.6417667770551407,1.001857159374576,2.7313425848532464,2.7058500473266824,-5.616291120625001,1.8084415867576762,0.9868070444983014,-0.06490859440857617,0.14322942342182696,0.03854937050496383,-1.8756426649560336,0.20549063114508279,0.04210848938431605,4.316967435117076,4.27726230655555,4.319752511971542,4.2771737488526504
1.0962920824189075,-3.5205767489470636,0.7570906843343922,2.809842410463097,2.8214085649432863,-5.541447200657386,1.7707278240880704,0.9826054558159231,-0.10548240299825921,0.14605198339639275,0.04506376390818911,-1.8776646128110177,0.20764508356543454,0.04571678637032989,4.332166979210976,4.293604560574231,4.322720093965572,4.279410098129926
1.140143765715664,-3.3943212277825294,0.516348276720151,2.886546056637289,2.9367469994648907,-5.432874856198073,1.7260804126106437,0.9767314404406823,-0.1456984078767064,0.14870278556878572,0.051546449867023475,-1.859937033541778,0.21120501023940677,0.04930704294752707,4.3793612723859185,4.339654944557349,4.352063133818926,4.311222258941053
1.1839954490124203,-3.2630095837416215,0.2811115201676082,2.9611488918145508,3.0518868471887104,-5.290520852883817,1.6744972397141802,0.9693054784849819,-0.18502450497350278,0.1511968824703595,0.057915045719297384,-1.8181464309608226,0.21205601792473394,0.05283919105170332,4.457197162098298,4.414237548326754,4.407932813583697,4.371907290515846
1.2278471323091764,-3.1266502454099565,0.05286453618857778,3.033345393747996,3.1668457833647747,-5.114330433487333,1.6159629753645466,0.9605550213632394,-0.22286705729911582,0.15348736054681467,0.06409151761965867,-1.7494625676565365,0.20685613101835695,0.056302840685795774,4.555698403944578,4.512915112935936,4.498605832429647,4.462481425565987
1.2716988156059328,-2.985251625030042,-0.166907929400297,3.1028297681640518,3.2816133372011342,-4.90430891501739,1.550489259421887,0.9507511722322762,-0.25878780912219657,0.1555638443952791,0.07001906506268639,-1.668832352176569,0.20186280796147274,0.059763099276439816,4.681711607136327,4.63863910217501,4.6126817354063565,4.5778467543349555
1.3155504989026892,-2.838822487689561,-0.37672140043993696,3.1692963841164796,3.396192260828296,-4.660446044406546,1.4780749526131285,0.9401781447855114,-0.29248399347872756,0.1574694411410761,0.07565168572001944,-1.571483213138884,0.19568549795876133,0.0631794974381798,4.827211234241687,4.782134653638906,4.7554937345202255,4.722208234706327
1.3594021821994453,-2.687370993668874,-0.5750920954666103,3.2324399551560803,3.5106023821132726,-4.382767618375972,1.3987387186034588,0.9291179241382979,-0.3237829051147614,0.1592147359317992,0.08097372157634929,-1.4727689227936058,0.18684363022661332,0.06661583655798148,4.993441122129899,4.948483900365502,4.920023649574542,4.887951585202862
1.4032538654962017,-2.5309049941642776,-0.7605369848760458,3.2919558565477054,3.6248338467149126,-4.071261139661869,1.3124825313196045,0.9178036415146149,-0.35268207404935564,0.16080348450929263,0.08599745134704642,-1.3723251594994665,0.17718153628141364,0.06999373561076504,5.177447897433462,5.132775042498531,5.105390472307204,5.0754247447205305
1.447105548792958,-2.369433253711384,-0.9315721535412936,3.3475392710034915,3.7388547288287515,-3.72589249323298,1.2192903829209671,0.9064337720470387,-0.37923763067185584,0.16224728202622254,0.09074074633900699,-1.2752869108479652,0.16615315422539115,0.07326679646296871,5.374765021543286,5.334631136242105,5.311764938625028,5.281146210283521
1.4909572320897142,-2.2029665243690166,-1.0867116831160943,3.398884073370487,3.852607791687376,-3.3465900856826076,1.119100202348071,0.8951293826142962,-0.4036282130462529,0.16359028625757238,0.09522208564249279,-1.1879385647575424,0.1590182564886556,0.07636943846359796,5.587244752525847,5.552086880361726,5.533935265949828,5.502748860163544
1.5348089153864706,-2.031517791840542,-1.2244649572354023,3.445678906359066,3.966052885756495,-2.933203933259307,1.011716464320801,0.8839395713928757,-0.42610412671456394,0.16491796267496275,0.09944596718753741,-1.1109665101196617,0.15604045280165255,0.0792787512940073,5.817046036802876,5.783532025435066,5.766365974685533,5.738113516053082
1.578660598683227,-1.8551011675679145,-1.3433333657627091,3.487600482186617,4.079171617101211,-2.4855278506978724,0.8967934146101701,0.87291291261341,-0.44685860284711637,0.16626672243511084,0.10342673577956733,-1.0389049597005777,0.15209523239403988,0.08198730491075461,6.06348503611664,6.0328682904049895,6.006495920898712,5.980125550760213
1.622512281979983,-1.6737316036981267,-1.4418098687234928,3.5243093790534745,4.191950923349557,-2.003409039104454,0.7739719241714044,0.8621853864357883,-0.4658814510161657,0.16765941446191884,0.10715584304013208,-0.9566206848422494,0.14891194655105647,0.08448626433399367,6.348102505837413,6.301924384954276,6.230402754933231,6.223662296736136
1.6663639652767395,-1.487422615918367,-1.518386410170116,3.555457591805325,4.304473169117187,-1.4870319792591058,0.6433660372921598,0.8523034428983163,-0.4824854761633805,0.16896364455529012,0.11063025615732199,-0.809675444740116,0.11933952009601562,0.08680680555173738,6.661918523512071,6.595918060480441,6.4445627644225025,6.461277440537894
1.7102156485734958,-1.296181876533888,-1.5715818497900398,3.5807373671815923,4.416948607622462,-0.9375489309291866,0.5069565539612915,0.8444963918115382,-0.4949827150531091,0.16988332530462597,0.11383640707825742,-0.5457262735076788,0.057315628899853775,0.08896804037472339,7.005616475108457,6.900579005141884,6.645683559948309,6.703417279610808
1.7540673318702522,-1.1000000000000016,-1.5999999999999757,3.600000000000002,4.529964989646534,-0.3577762417732,0.3702868665022561,0.8406045648606624,-0.5008600113755108,0.16995007682496197,0.11679586216546017,-0.12798089084903425,-0.06474137693727755,0.09104236206092368,7.005616475108457,6.900579005141884,6.645683559948309,6.703417279610808
1.8029938633921168,-0.8753511918786167,-1.601606170466608,3.614324625814032,4.652610866298936,0.2918320463296416,0.2160373226125675,0.8420170807975256,-0.4981931435590117,0.16859646635896325,0.11994612355521861,0.31230452400373765,-0.20270180651125155,0.09321647652895758,6.676783484884678,6.60153033719262,6.480332164782295,6.51417963837165
1.8519203949139817,-0.64488124054424,-1.572118815965656,3.6210155887611113,4.768060067216761,0.9122744378277093,0.06002855950591362,0.8479529413540592,-0.4881586286595687,0.16588421542771772,0.12312719438951561,0.5497454549567611,-0.2939799390073175,0.09524231961051619,6.3687700490896155,6.321380034700669,6.2866547547251965,6.296016127147358
1.9008469264358467,-0.4089254125643882,-1.513064115359696,3.620185161963589,4.8768593710632695,1.4999700341283637,-0.09068939595074015,0.8559364861378018,-0.4744075641169777,0.16221120138301912,0.1264853656228452,0.6396671551072105,-0.3414603768109449,0.09710293444093306,6.100041967674873,6.068975728951605,6.0665582089380905,6.062691655862287
1.9497734579577115,-0.16780729965850696,-1.426077555534814,3.612153369813958,4.97904406262115,2.0538322201520667,-0.2342096889882818,0.8645051724962444,-0.4591053728680339,0.15796365271137872,0.1300050622020692,0.6729387381644588,-0.36421682277312,0.0988120771750846,5.8615992192121835,5.83239268919931,5.830788514166275,5.827138633718171
1.9986999894795763,0.07814971691947477,-1.3128150604593556,3.5972697340131674,5.074631404523595,2.5739215085352622,-0.3708199871818043,0.8732026071092516,-0.4428925704029211,0.1533127355068006,0.13363883203269722,0.70311241614564,-0.3855985366798888,0.1004196213739373,5.638956876611846,5.603069764996659,5.594886664323784,5.600492906828207
2.0476265210014413,0.3286238039835031,-1.17492068097684,3.575856886598801,5.163641022378224,3.0605663623067185,-0.501149668792328,0.8820305842254262,-0.4256685596394302,0.14813192872907943,0.13742635980980514,0.7421399866437871,-0.42031340638878223,0.10190114620924096,5.425126182902042,5.389303933244583,5.367265816809174,5.377141842591985
2.0965530525233063,0.5832910639103748,-1.014023469995307,3.548212038985047,5.245980046461293,3.514014507545391,-0.6255712360642075,0.8910999509560518,-0.4070737804445763,0.14227684958538322,0.14138543688077215,0.8007239694287561,-0.45854645990147935,0.10317059145026114,5.217607477761441,5.182878551667553,5.153677255319719,5.1666261045869355
2.1454795840451713,0.84182463453965,-0.8317453957291582,3.5146221921256218,5.321644825615694,3.9343080854112307,-0.7441544560040372,0.9004642863235807,-0.38675918046723917,0.1357257264888636,0.1454669861930771,0.8678085055883604,-0.4984356374430489,0.10423620072188959,5.017213800687941,4.982263356356364,4.955401799170787,4.973499399745255
2.194406115567036,1.103899415936864,-0.6297087897742681,3.475373874111273,5.390684688942856,4.321428804252889,-0.8568987110749979,0.9100167533695769,-0.36466867139842546,0.12839744389769756,0.14966979390780877,0.9268556968881501,-0.542817877897795,0.10506074056635832,4.834611894605704,4.799730289544607,4.764813978352929,4.788104019753527
2.243332647088901,1.3691907459125332,-0.4095344317135034,3.430751613866009,5.453064534605813,4.675456293321113,-0.9638847047291459,0.919641743067185,-0.3407349459222442,0.12018276259874779,0.1539984212718801,0.9949782118668745,-0.5914867875522662,0.10562787271426542,4.663358264691717,4.628951067513532,4.592727567974808,4.618560544171019
2.292259178610766,1.6373717236019996,-0.1728400914066831,3.3810374284426796,5.508740177365274,4.996422664225447,-1.0651293468943959,0.9292320498679209,-0.3148091954261657,0.11101672047914467,0.15842625432096494,1.0627641791204303,-0.6418863743753892,0.10604738139876457,4.5093747715596395,4.475198237187487,4.435442637186956,4.4639618678766855
2.3411857101326303,1.9081132664937017,0.07875731893651693,3.326513350857715,5.557666589717533,5.284339226959523,-1.1606269383919505,0.9386299319246272,-0.2868103487301281,0.10085071737375226,0.16292148140060494,1.1340196671903777,-0.6943403619573776,0.10632417734822912,4.3688979052537285,4.338693530225135,4.300492710375951,4.3271677106504525
2.3901122416544953,2.1810842738293337,0.34363999022955616,3.267462684974611,5.599815146017083,5.539166893372567,-1.2503405608986637,0.9476364155211275,-0.2567217262874511,0.0897061579157431,0.16742930116108007,1.200893375298079,-0.7419281660934777,0.10649685790697398,4.247408803768212,4.220469828255182,4.185342241845682,4.211108596060536
2.4390387731763603,2.4559534404006267,0.6201880340705505,3.2041701917185597,5.635207845926105,5.760879359366915,-1.3342576064256517,0.9560063402042144,-0.2246710815743058,0.07765190422529976,0.17188815816728645,1.2606529268934714,-0.7860238256326649,0.10655422708226032,4.145717460104572,4.122895775319769,4.092601805385752,4.11666173110317
2.4879653046982253,2.7323909209042583,0.9067804999798431,3.136920805973831,5.663877928249751,5.949469756276435,-1.4123814050513313,0.9634908605010994,-0.19086956557565604,0.06475091110321594,0.17624431349401404,1.310307401247987,-0.8252471545675664,0.10649363764475914,4.0641513356170105,4.04839387752285,4.0250522822106225,4.044349466075447
2.5368918362200903,3.0100683452311916,1.201796083566658,3.0659991152590527,5.685858522931914,6.10494571870632,-1.4847203273047793,0.9698481605479442,-0.15563702263785678,0.051133714072017854,0.18043715473642566,1.3464031820752849,-0.8545756995192232,0.10632044077974133,4.0082377402162175,3.9966100637060027,3.9793607518386063,3.9973630539323977
2.585818367741955,3.2886593782543017,1.5036139670736055,2.9916890447845037,5.701196864833845,6.227325245676187,-1.5512826145612244,0.9748772545145983,-0.11934175698210062,0.0369274456679361,0.1844147603799204,1.3699329117726768,-0.8793655609913008,0.1060085416669378,3.9702853070277038,3.9709544015435148,3.965558713299675,3.9735697436954087
2.63474489926382,3.5678392488367066,1.810613033862839,2.914274255092104,5.709917967018195,6.3165987935318,-1.612062687330542,0.9784197230903064,-0.08248744297020436,0.022350002991009147,0.18812680337244475,1.3716996963052575,-0.8855086256789595,0.10558384178369404,3.963225870790461,3.9680626077103285,3.971295254296469,3.977654213957553
2.683671430785685,3.847285605736131,2.1211732406491786,2.834038006996784,5.712092796727174,6.372829538632056,-1.667065844742164,0.9803941999151229,-0.045640489080517634,0.007617039381884282,0.19153767039512884,1.356924293275674,-0.886782371708531,0.10503606321776723,3.9788813348250938,3.9899140086801186,4.005155385808659,4.007218227060645
2.7325979623075494,4.126678141355597,2.4336775264096686,2.751263256448044,5.707716978039915,6.396072771780863,-1.7162804924652002,0.9808052856599697,-0.009350655070952247,-0.007174197647735772,0.19463459121788296,1.320465844836798,-0.8792773997195191,0.10439533119810156,4.024928247595586,4.038921384769805,4.058299091335182,4.059101193841622
2.781524493829415,4.405693981958035,2.746512058169412,2.666233366912909,5.696691996044631,6.386393481004989,-1.7596862705300018,0.9797324365848217,0.025935096407655834,-0.021926045377287828,0.19741206825920626,1.2756633814373841,-0.8682403451328147,0.10367143603188626,4.093319988146593,4.114314853663471,4.13697833454443,4.132248156946908
2.8304510253512793,4.684003622539472,3.058063686829404,2.579232312213877,5.678857300728182,6.343733507444295,-1.7972687006503563,0.9773049178040847,0.05995192050898043,-0.03648889662028152,0.19987504084248836,1.2241325028801917,-0.8467170272233256,0.10287564392320064,4.181012434590266,4.212532107131112,4.241484977181013,4.227964650684739
2.879377556873144,4.961270674043186,3.366714320930874,2.4905438153098136,5.654110393862943,6.267966080071429,-1.8290411029944504,0.9736978991102948,0.0923709939873093,-0.050576251894644465,0.20204637506037337,1.1606265033722227,-0.8090346032900446,0.10199498086482926,4.294606300330986,4.3331593643703465,4.362438168816659,4.3434278363159144
2.9283040883950093,5.237157134355059,3.6708417077400775,2.400450599080689,5.622492234164746,6.159041978956757,-1.8550191777179905,0.9691236888866666,0.12293434978285998,-0.06389737716111148,0.20397140175394732,1.0952836259042946,-0.7608747710170993,0.10103880537363422,4.427422358029466,4.468970676075096,4.502738037282992,4.483017371603328
2.977230619916874,5.511330595972544,3.968822347307869,2.3092348176787914,5.584170885941867,6.016947133559532,-1.8752045026595439,0.9638080586648488,0.15146017559390224,-0.07631875064186987,0.20569430529431207,1.0205188822371336,-0.7096149146342149,0.09997084027056335,4.5833441278079725,4.625034105782686,4.654848986284984,4.6384040099375055
3.026157151438739,5.783467172895416,4.259034434208029,2.2171794016706663,5.539307773280577,5.841746257381802,-1.8895655373280436,0.9579617365635431,0.1778778356498966,-0.08785403322948854,0.20724709790755827,0.949508657477032,-0.6609770535381198,0.0987356852668702,4.753911633878528,4.792669021696635,4.824002642953274,4.814613452574996
3.075083682960604,6.053249631592754,4.539858923193559,2.1245689192265678,5.487993987500761,5.633473017967665,-1.8980736868325572,0.9517659337018063,0.20219593022604393,-0.0986459577908055,0.20863447271006239,0.8725080294319485,-0.6206958835502778,0.09729880683865458,4.940424335103422,4.980630325192747,5.00597327369244,4.999204032631671
3.1240102144824684,6.320360746926759,4.809679352407821,2.0316895451385424,5.430142194544928,5.392195378548675,-1.9006954674847627,0.9453770521646538,0.22445902502267825,-0.10881163405018168,0.20986048359592985,0.8021273488244863,-0.581394658639202,0.09566287249373129,5.1397117486459605,5.18166335148145,5.200820731364814,5.19637736379738
3.172936746004334,6.584477931243592,5.066882104728294,1.9388289553687328,5.365647610898145,5.1179440876588975,-1.8974119748664313,0.9389052982486025,0.24484562422668305,-0.1183434042478266,0.21095814538040147,0.7386904164561009,-0.542578780606817,0.09382773831855312,5.35135209087264,5.395081791097855,5.405594549825046,5.404538396597336
3.2218632775261984,6.845274834742723,5.309853672891457,1.8462752247934904,5.294466012491197,4.810685323353251,-1.8882348553572033,0.9324235116608591,0.2635756500674203,-0.12722823069101652,0.21196288087069248,0.6853966356807144,-0.5051090657588311,0.09173989412614235,5.570018902654263,5.615692891255754,5.623381527213338,5.6260139305932855
3.270789809048063,7.102424883707896,5.536976887723467,1.754314738937336,5.2166248546979395,4.4703142926358295,-1.8732207662161655,0.9260011417662197,0.2807910569255186,-0.1354811368860555,0.21289462958025937,0.6321161546516938,-0.46909876231897357,0.08937646826245663,5.799605013167156,5.847020573871597,5.84804087387848,5.854934954632461
3.3197163405699284,7.3556031103807875,5.746630453934304,1.6632315403801108,5.132156775154553,4.096773235030112,-1.8524084288438565,0.919702845495748,0.2965894736937582,-0.14313539958251675,0.21376300248590763,0.5849707863753882,-0.43519684454210067,0.08671933412838922,6.034489265421938,6.084644714711231,6.08326500923981,6.093592046242553
3.368642872091793,7.60448658318778,5.9371906892872435,1.573308046260445,5.041113014794836,3.690024532436806,-1.8258256437574496,0.9135860377835006,0.3110527624928155,-0.15021644238498066,0.21457588012886958,0.5366773148378472,-0.40187446659850046,0.08376018942003047,6.277169821151175,6.331030440578813,6.3254419050355475,6.337068411827496
3.417569403613658,7.848754962650609,6.107034404434399,1.4848272775117608,4.943553750007883,3.2501349127045778,-1.793412318137031,0.9077178218226525,0.3242147150985249,-0.1567118194266595,0.21535033744163387,0.4912396163735471,-0.3665394546926932,0.08055618510164853,6.534581963260566,6.583849405273247,6.565725722576007,6.586449083980961
3.466495935135523,8.088092460333408,6.254543016382276,1.3980770441295813,4.83960472687052,2.7771804577058408,-1.7550747403534908,0.902061357596634,0.3363401494016974,-0.16268095324057866,0.2160948301185033,0.46300799144296934,-0.3426583078058652,0.07713182941080447,6.791858448564267,6.840180974072297,6.817719774050642,6.843133630061112
3.5154224666573874,8.322189586770751,6.378095322103923,1.3133442401633098,4.729384551477956,2.2709688837172965,-1.710964900653494,0.8965410589135506,0.3477200091510481,-0.16825140002663952,0.2167907150679994,0.4389009443479959,-0.32349156776319965,0.0735242103931435,7.055740274997759,7.103597456970794,7.074625622879136,7.101190231766723
3.564348998179253,8.550742008824711,6.4760569310048615,1.2309039440282923,4.613002010883444,1.731174611261917,-1.6613991173293134,0.8911133558622852,0.35853758183304557,-0.17345521074532827,0.2174470797232249,0.4251141511635483,-0.30567676592195014,0.06988303934784428,7.316399107870042,7.353139308569423,7.343706569403234,7.3820025688235145
3.6132755297011174,8.773450712860946,6.5467756714470555,1.1510127204968104,4.490465961720895,1.1574603459542705,-1.606776927102596,0.8858601129316852,0.36860556705171904,-0.17857948378101024,0.21792971034600803,0.3781188571122583,-0.3069770871231373,0.06621178205316601,7.527574293224028,7.606375156716305,7.670434024645924,7.667036782014078
3.662202061222982,8.98999630250973,6.588601429678972,1.0739222234229562,4.360890354342312,0.550585414621534,-1.546518555517175,0.8816411663126388,0.37610881353704695,-0.18349638326269563,0.21813315810884212,0.20784505963639505,-0.238205848741859,0.0625225284595307,7.742235140879164,7.856915904118583,8.002852651625897,7.959269358673392
3.7111285927448474,9.200000000000008,6.600000000000001,0.9999999999999971,4.222766886580959,-0.08517246189456963,-1.4760588963854342,0.8800206499759136,0.3779581130219177,-0.187464546264058,0.2181059170016376,-0.09583188476183882,-0.10579573368954757,0.05904394821499347,7.742235140879164,7.856915904118583,8.002852651625897,7.959269358673392
3.7565095432827382,9.388608251831881,6.582665255238086,0.9345616018129342,4.088384181808341,-0.6779739554022126,-1.4072373899745507,0.8815395159470514,0.37317521972866197,-0.19036181121683302,0.21769786203028266,-0.3881656570503993,-0.015349620726763909,0.05594712613192301,7.701350921640715,7.7675554881391555,7.835920928745181,7.840389251395059
3.801890493820629,9.571017487667111,6.538858393853093,0.872150234901616,3.949228444677093,-1.2508880399734443,-1.3417221203233989,0.8852260694810704,0.36350299186325874,-0.19295406405465587,0.21681911013229552,-0.5491139631192422,0.032558526947155636,0.052739919803980184,7.589360928283797,7.636614335583022,7.635610717897457,7.661791606843241
3.84727144435852,9.746976512185121,6.469575295460274,0.8127171151918309,3.803976622832114,-1.8002836740774486,-1.275622414681583,0.8898339761878269,0.35146154570699206,-0.19537841478582366,0.2156360653103081,-0.604542367404928,0.0489111747064202,0.049407398878513795,7.456869310222239,7.494901822696352,7.46616735736088,7.503547732144983
3.8926523948964107,9.916198724391656,6.375915520344159,0.7563215688192445,3.6523071737287154,-2.325040370431926,-1.2078257469621527,0.8946083009099377,0.33862896841604545,-0.1977393600064061,0.21425926577377785,-0.6184671640645564,0.049417325391711266,0.045985088314645574,7.31240155174737,7.35056930640223,7.319157840429662,7.3584678881174215
3.9380333454343015,10.078393691719157,6.258998203812431,0.7030405954789398,3.494283640770145,-2.825208478870508,-1.1384316219658,0.8993179300497536,0.3254888449954056,-0.20009965884618297,0.21271130302855457,-0.6298396076589384,0.048530957935537467,0.042469070049478766,7.172758218879356,7.212830272750782,7.17822434793446,7.218163567486885
3.9834142959721923,10.233275733024499,6.119932620018056,0.6529400537163433,3.330033077054976,-3.3010895082114167,-1.0677429979792192,0.9039308079599924,0.3120983270368414,-0.20244794299209254,0.21099883621958718,-0.6382201383624423,0.04863412479426352,0.03883808017780534,7.029309825529882,7.072700989385407,7.053321562967837,7.091635993841931
4.028795246510083,10.380565380225159,5.9598138506260705,0.60607283024602,3.1596761392312835,-3.7529502151642524,-0.9959861682601443,0.9085230160221142,0.2982199748527312,-0.2047849066435996,0.20908395361623666,-0.6715474702660732,0.05257384655566181,0.03513019951467235,6.905449798334881,6.9484464199134255,6.920639571532335,6.962392671093994
4.074176197047974,10.519984571503699,5.779733031789611,0.5624880791255727,2.983158018846822,-4.1807137427750485,-0.9231203948970256,0.9131225408027708,0.28370170714501536,-0.2071308084101376,0.20692936456333014,-0.6941574321241948,0.05353889067088161,0.03128417215757417,6.783827785835109,6.830282837201395,6.798744401479869,6.840422773392678
4.119557147585865,10.65125282378686,5.580783969280576,0.5222360489932744,2.8004618480560226,-4.584394763617466,-0.8491736361802016,0.9176589140469902,0.26868447991439576,-0.20944999964448202,0.20455788062355873,-0.7136016650007614,0.05724564425503381,0.027284588225591322,6.672377227128988,6.720379391853426,6.681783458571903,6.722899629345372
4.164938098123756,10.774091540916357,5.364057067700189,0.4853645824532479,2.6116947633778573,-4.964125575850679,-0.7742133111591801,0.9220821185901245,0.2532960704200944,-0.21166200946062613,0.2020081962083465,-0.7228567022547735,0.062589272770682,0.023240307323837087,6.5598995214581866,6.611611032365848,6.579994921839221,6.619348723639352
4.210319048661646,10.888230101433273,5.130633679983802,0.45191792334722036,2.4170835729731754,-5.320141589245968,-0.6983111406924468,0.926396192515287,0.23750100498663568,-0.21370706657670413,0.19928627110334116,-0.7444555115530157,0.07217898322172603,0.019107669661272066,6.4528084197584805,6.50206443348758,6.489029858137112,6.531056511516691
4.255699999199537,10.993406735640145,4.881589597530237,0.4219407067435626,2.2167355244489575,-5.652376372624183,-0.6213545086057499,0.9306879415290612,0.22086297013389725,-0.2156707239605851,0.1962851052647741,-0.7950620655763355,0.07778918317112471,0.014965168036857867,6.3727369602248185,6.4145960766160695,6.3884161181038195,6.435483224801342
4.301080949737429,11.089356667048609,4.618014879438532,0.39548650442829797,2.010427024483035,-5.960343864553934,-0.543116712966632,0.9348977608757708,0.20333594995185994,-0.21770342757225958,0.19294515371511506,-0.8234379667090762,0.07374779044870812,0.010929607457043886,6.297968434026347,6.341444239671859,6.2979776022143446,6.343607195160208
4.346461900275319,11.175804295576405,4.341015770197815,0.37261401328467997,1.797977954346549,-6.243926620779745,-0.46362814177494016,0.9388567232159004,0.18545222528388358,-0.21976839958659447,0.18936494136419896,-0.8251235560488304,0.07207637664069078,0.00688591764377386,6.223531039089965,6.26921526609806,6.224923040144839,6.267897041139283
4.391842850813211,11.252472312908571,4.051691602139069,0.3533762077558917,1.5794917959442392,-6.503499167042399,-0.38306790605206004,0.9425064814316563,0.16750368941676588,-0.2217378932685791,0.1856282821013341,-0.8251808884021596,0.07417950424106662,0.002862522526091942,6.149997466331885,6.196764759111256,6.16959153107305,6.209848284779802
4.437223801351101,11.31909078399594,3.751122978006585,0.3378193174873178,1.3551363323787093,-6.739405633131196,-0.3015205816625803,0.9459010925977358,0.14922829825436287,-0.22358961663126883,0.18168940617169943,-0.8505392394181366,0.07923185924436753,-0.0010867097981703936,6.0930250145519596,6.140487542312391,6.115796596233911,6.154733677295155
4.482604751888992,11.375393849362423,3.4403858362359183,0.32599002088532114,1.1249180170589923,-6.951496425620382,-0.21889053307370468,0.9490769196129262,0.13031237155860279,-0.22533004991133665,0.1774801780966974,-0.879265560318023,0.08584784066002664,-0.005007603015670441,6.053530778613575,6.097728590287515,6.06331599998568,6.1055565153956035
4.527985702426883,11.421114553332107,3.1205686238217165,0.31794058843400197,0.8888066358818025,-7.139458031184527,-0.135057934119115,0.9519738868255081,0.11089178287203291,-0.22696692269287166,0.1730197394698566,-0.8929336375017146,0.08736679344075425,-0.008930252275143099,6.021003250992342,6.062888633181232,6.023396624427292,6.068037601068191
4.573366652964774,11.455985149142451,2.792769408017915,0.31372644906847164,0.6467953469194226,-7.303207875119822,-0.050007955381936024,0.9545164478864472,0.0912360536233794,-0.2285453044479371,0.1683523364838854,-0.898786614144597,0.08522842915930409,-0.01285689585936843,5.994376435187042,6.036992620837058,5.997554488458262,6.041396441531806
4.618747603502665,11.479737481836183,2.4580858776072487,0.31340209078304315,0.39886975119980195,-7.442810409042981,0.0362193431313561,0.9566775379141433,0.07144125759716403,-0.23007548785278228,0.16349556855108988,-0.9046702538050682,0.08427719955895871,-0.016780443323587864,5.978786101143049,6.0207894007874465,5.980682487113191,6.0253905803027985
4.6641285540405555,11.492102638286415,2.1176133134393105,0.3170203838784048,0.14500936591990637,-7.558291063601579,0.1235979392104648,0.9584475763515365,0.05152370840235851,-0.23155491125739103,0.1584531400815789,-0.909712454876875,0.08217819498361775,-0.020715483920428462,5.9746730821843395,6.0182371261293115,5.972703231938827,6.016031456424252
4.709509504578446,11.492810497059658,1.7724468805944282,0.32463313536657273,-0.11481054600823165,-7.649646708457698,0.2121080904719303,0.959817718819204,0.03158873133406363,-0.23295473670723998,0.1532511808266818,-0.9064721218090472,0.08236111787629088,-0.024658733482655938,5.980479717565116,6.024011833647663,5.974696959299513,6.019262087943044
4.754890455116337,11.48159125849546,1.4236803508285492,0.3362916938840973,-0.3805493280614588,-7.716951082186262,0.30175239478166777,0.9607872943285829,0.011786618335344837,-0.23423948643200823,0.14792750542745095,-0.8982986341456276,0.08155938167833067,-0.02865666689199286,5.992906185309275,6.035082691837377,5.989639240924134,6.03834946890585
4.800271405654228,11.45817719212966,1.0724031653301642,0.3520477019411727,-0.6521811966620095,-7.760290056811049,0.3925352036982894,0.961349094907107,-0.007900053573226788,-0.23547481029833672,0.14247430898483487,-0.8982985018839044,0.07648904922678729,-0.03278119088435348,6.018632769441547,6.0615009651455125,6.012114762179807,6.061672450004433
4.845652356192119,11.422299093374097,0.719704432304543,0.3719520736671821,-0.9297945903475539,-7.779591642858327,0.4844194993159541,0.9614956069792823,-0.027490913098472115,-0.23671644658428334,0.1368848800027182,-0.893373554493635,0.07129782448625026,-0.036975563432970884,6.0565450782274315,6.098808471035618,6.042702226234107,6.093746272783561
4.89103330673001,11.373683222076354,0.3666769129626898,0.39605353275590366,-1.2134856488306105,-7.77480467285532,0.5773532569547366,0.9612329171851095,-0.046815496251665416,-0.23796372915700886,0.1312035046294537,-0.8787029967871758,0.06448380505251243,-0.04120994199986961,6.100261971641369,6.143947378109636,6.086668955548815,6.138074357178694
4.9364142572679,11.312051915767084,0.014412563142744896,0.42439850198911594,-1.5033338288485492,-7.746005885325672,0.6712904536564357,0.9605792312922236,-0.06575453657686518,-0.2392155635635598,0.12546343256020323,-0.8635971165866505,0.05849291971406055,-0.04552525200296824,6.1510871347918386,6.199646638492098,6.142761944135586,6.191038265801011
4.981795207805791,11.237124354992439,-0.33600002383865135,0.4570316487252694,-1.7993899807128773,-7.693235971564638,0.766204660120321,0.9595713419813501,-0.08432835130111022,-0.24040393655801293,0.11966035676693174,-0.8504564608133826,0.05871271345463986,-0.04991975309464968,6.214610908345314,6.265384558750684,6.2049940847504015,6.252560720909907
5.027176158343682,11.148619603655014,-0.6834713754366757,0.49399739761375483,-2.1016029992627323,-7.616423193321337,0.8621145715812115,0.9582527256978438,-0.10251743867120121,-0.24143981099079925,0.11379660189285182,-0.8330421976594945,0.06120146693394104,-0.054382529019739105,6.293269157916926,6.338106240100646,6.270359278133018,6.3251367140884165
5.072557108881573,11.046260645135277,-1.0269090726896952,0.5353418014218262,-2.409880055556495,-7.515548050852542,0.9590650393312758,0.9566405062566026,-0.1201467038818356,-0.24239797428984422,0.10792506440037287,-0.8051992438693686,0.05348755248519537,-0.05890313184994444,6.371359629080602,6.41966731408878,6.353525919455092,6.406711002823447
5.117938059419464,10.92977213203634,-1.365224517854572,0.581112428854411,-2.7242426555078296,-7.390779140196677,1.057077808617601,0.9547550232956485,-0.13713471317369622,-0.2433481324217056,0.10207567591228511,-0.7813056950774614,0.04970259564542305,-0.06350897184912734,6.4577969479350195,6.5085691915822075,6.445189624270543,6.497847490705463
5.1633190099573545,10.798877624630435,-1.697335562379911,0.6313578619855376,-3.044696946550752,-7.242187133522102,1.1561772102335488,0.9526267209409816,-0.15359236880054672,-0.24424338507664647,0.09621697485067822,-0.7632020373253703,0.048239364058441425,-0.06820273019357324,6.555794865764379,6.607057064567832,6.5416030822867715,6.5954590221891864
5.208699960495245,10.653301379080624,-2.0221591875345166,0.6861273862985184,-3.3712120102442067,-7.069679153614021,1.2563673889187554,0.9502767418723026,-0.16956154933918643,-0.24507706784935065,0.09033851521583183,-0.7431887542696076,0.046226611887524326,-0.07297309260612847,6.661824110000236,6.711947896644845,6.645584249815775,6.70202199026155
5.254080911033136,10.492769161396506,-2.338607483875859,0.7454700850627671,-3.7037616132111606,-6.873149972160103,1.3576343722271114,0.9477210736112582,-0.18501351327468954,-0.24589179875091594,0.08445601355567768,-0.7228837070144303,0.041326911672131594,-0.07780895731574256,6.774067917753188,6.823513128221091,6.758368351839464,6.81641028902624
5.299461861571027,10.317006790246902,-2.6455880189939114,0.8094334954302039,-4.042373777846943,-6.652495850176454,1.4599182360819676,0.9449629234834945,-0.19996818985336526,-0.24674763521430176,0.07857635353584601,-0.7051886901795585,0.034655751579779355,-0.08268682773337041,6.893937004745938,6.9420278850562145,6.8777069071229615,6.9377411714719806
5.344842812108919,10.125737563482442,-2.942002592107884,0.8780608720455104,-4.387131279107711,-6.407561309040071,1.5630871037259528,0.9419989440342149,-0.21446887839697495,-0.24770227285575183,0.07270172124315989,-0.6892673197973983,0.02538752999253172,-0.08759365125971079,7.021580869039726,7.071311989922474,7.002677235083706,7.061518367918153
5.390223762646809,9.918679859862383,-3.226745312668343,0.9513879422504737,-4.738158437640143,-6.138181577380925,1.6669551380779994,0.9388566299851597,-0.22846714259160691,-0.24876263757807343,0.06685091311315196,-0.6669978224622963,0.018318059727548026,-0.09252076524411525,7.158288852539181,7.2192950857411375,7.131250978526639,7.1791493242718225
5.4356047131847,9.695547964083934,-3.498706486801391,1.0294443520998313,-5.095465981832639,-5.844416396017293,1.7715066536155946,0.9357086235958489,-0.2415947696193231,-0.24970262206899238,0.06108072360947574,-0.6148624351723956,0.028490048742450806,-0.09746296055880493,7.309107699049847,7.396130813796891,7.257587453533406,7.279993732436726
5.48098566372259,9.456065366138079,-3.7567949338191986,1.1122744556169037,-5.458554902005623,-5.527169741043039,1.8775627143213005,0.9330606998041953,-0.2527549642776147,-0.249857009525247,0.05554276831126434,-0.48475806577495034,0.07863370004301555,-0.10242897221612356,7.469151972253148,7.58968017728639,7.385635555035056,7.375154357799703
5.526366614260482,9.2,-4.000000000000008,1.2000000000000135,-5.8258961869968005,-5.189242483986141,1.9878885355954046,0.9317705906215912,-0.26012482787780206,-0.24817590387574184,0.05047925730006993,-0.2534730558265231,0.18029882150011053,-0.10742301155992462,7.469151972253148,7.58968017728639,7.385635555035056,7.375154357799703
5.571022867501053,8.93190851152196,-4.224179267589512,1.2910859207434295,-6.179854035850602,-4.850036682827754,2.091697100710715,0.9323534238266032,-0.26271332699170913,-0.2440895511190213,0.04604151985528318,-0.0292469671544044,0.28900332341423945,-0.11233318522846727,7.170225803282257,7.271996625048905,7.139005353837269,7.147009652785325
5.615679120741626,8.648425128758204,-4.433359681221957,1.3864853434999858,-6.51489263079591,-4.518215211778,2.181727437742479,0.9343921128652478,-0.26177972481720174,-0.23796449877083511,0.04190862120712828,0.09003650339774848,0.360605432105335,-0.11723533276556693,6.9241321222518755,7.005891248270368,6.927417851274892,6.954927664769515
5.660335373982197,8.350426466363322,-4.627947016188415,1.4856521302108037,-6.829743132323596,-4.196775228988877,2.2607040313482996,0.9371228802580386,-0.2592308050168454,-0.23059758976945152,0.03775578173241397,0.12644440208341096,0.4020313391081407,-0.12211487599996308,6.689839292908137,6.762558051347893,6.708412020274139,6.744377209096047
5.7049916272227685,8.038826296124826,-4.8084310187601975,1.5881169353126257,-7.1239505486342445,-3.8866443840752436,2.3294894237281283,0.9400533131783932,-0.2562844614941864,-0.22249440056371705,0.03339032715105488,0.12614517237845746,0.4300971818058106,-0.12696829490826966,6.463511265459157,6.535239011619891,6.486077320574677,6.5226226433734285
5.749647880463341,7.714548334661014,-4.97531776128514,1.6934261683330456,-7.397464393182709,-3.587786431885676,2.388072667693931,0.9429997452738871,-0.25338982101277746,-0.2138212565578313,0.0287430305125729,0.11854740231172546,0.45696322924405725,-0.13180336483760557,6.242029083762135,6.31589572013365,6.263991984880153,6.298254093062644
5.794304133703912,7.3785151788048005,-5.129104818509556,1.801119664424317,-7.65035309609172,-3.2999390746260855,2.436241699927744,0.9459412408500558,-0.25057460367574,-0.2045520933919756,0.023802884701843285,0.11524762025746482,0.48720609395539277,-0.13663198878996952,6.022966228638296,6.100117639843574,6.045361691864815,6.076075099041174
5.838960386944484,7.031646124359416,-5.270279137675944,1.9107286137161779,-7.882684789788597,-3.0229104778297913,2.4738392896530574,0.9489017617268323,-0.24774244068128784,-0.19458906885619293,0.018569114953851135,0.11650540766393079,0.5226671565141473,-0.14144882564864258,5.806714051042394,5.887356432120094,5.830378472269954,5.857364870348868
5.883616640185055,6.674858228293694,-5.399321432181821,2.0217792070441307,-8.094488624594835,-2.756610872402925,2.500796327225772,0.9519010828565102,-0.24480250507776538,-0.18381185944985706,0.013032323762373448,0.12133696509241916,0.563640021576687,-0.14625512149033182,5.594318370419837,5.67643523204034,5.618846844966382,5.643935598957266
5.9282728934256275,6.309068029427577,-5.516710144005487,2.1337960412293975,-8.28576506121925,-2.5010227494241555,2.5171019929228837,0.9549365724785757,-0.24169579646753586,-0.17212863337543455,0.0071826961345108145,0.12742392763849716,0.607187936586255,-0.1510425204068543,5.385813776182112,5.469292832099488,5.411548183086596,5.434724774693855
5.972929146666199,5.935191671119031,-5.622923765997551,2.2463036010152546,-8.456537961348452,-2.256161299491466,2.5227551978943126,0.9579848779986226,-0.23839181356664887,-0.15947996678590454,0.0010127327769845868,0.13416951345538664,0.6532362274769262,-0.15580536036510162,5.180527377563414,5.26760991732537,5.210184675220416,5.228952449312749
6.01758539990677,5.554143516341293,-5.718441751348287,2.358826297996232,-8.606857411367846,-2.022052052836862,2.517753505715297,0.9610191532140006,-0.23487030602814668,-0.14576860352666518,-0.005495984144545947,0.14104226521288474,0.7054028591333691,-0.16053223714861095,4.979465205352609,5.071569880103942,5.014667262905762,5.027716402013614
6.062241653147343,5.166836129078875,-5.803744600043032,2.4708886780627504,-8.736744992366962,-1.798715174165496,2.50210548069863,0.9640092872923587,-0.2311178472316073,-0.13083577923736503,-0.012377255188293277,0.1476486721232,0.7657713777534455,-0.1652280112068184,4.784365579805284,4.880602498967702,4.8245184604446765,4.83282421338456
6.106897906387914,4.774182367964159,-5.879313458068093,2.5820160019882996,-8.846166876630159,-1.5861597062579618,2.4758310250796898,0.9669093101810181,-0.2271266577346038,-0.11451496682883248,-0.01966600501281696,0.1534715933116648,0.8329175330995198,-0.16989649426233588,4.596591444286087,4.695299075591281,4.6397962733189875,4.6450975459088655
6.1515541596284855,4.377097318316704,-5.945629613669104,2.6917344327057426,-8.935066187897934,-1.3843845267251018,2.4389458991312045,0.9696515262419734,-0.22288781187567033,-0.09668292153287843,-0.027384598793082138,0.1588144221827494,0.9042446805081363,-0.17454114135802826,4.416102820237075,4.51701494997735,4.46209584674812,4.464832537382179
6.196210412869057,3.9764982306043684,-6.0031742016577745,2.7995706098415853,-9.003409675027497,-1.1933852323252365,2.391452736687328,0.9721502488664766,-0.21838787538503052,-0.07725139421692097,-0.03554456246437852,0.1635407619001547,0.9792136158383191,-0.1791697084019269,4.242657194811049,4.3480368277632975,4.293648351511841,4.291353538649706
6.240866666109629,3.5733032047943745,-6.052428105715801,2.905051110816817,-9.051189034314806,-1.013156105835766,2.3333453517574063,0.9743073038575606,-0.21360775256663442,-0.05610093863055448,-0.044161739127838134,0.1678873756560747,1.0614362032177778,-0.18377308934799041,4.079197434991192,4.186878548876016,4.133427424438736,4.128247994735752
6.285522919350201,3.1684310480765094,-6.093872021634802,3.007702317650497,-9.078382083878068,-0.8436950890356099,2.2646186589934105,0.9760045040653399,-0.2085280782332926,-0.033111511024728466,-0.053248978966817156,0.17124772646327574,1.1476190106920727,-0.18835042982760614,3.9262838288250124,4.035263756949944,3.983065590962972,3.9760412585225082
6.330179172590772,2.762801530030297,-6.1279865663080635,3.1070503632205364,-9.08497652120747,-0.684999593204145,2.1852631452260485,0.9770991572850833,-0.20314030448127834,-0.008219861301081969,-0.06280348259640028,0.1731115208151633,1.2362024255194881,-0.1929033844686387,3.786953346235027,3.8942630282688975,3.842026001511029,3.836008196842391
6.374835425831344,2.3573344983473956,-6.1552521936725535,3.202620925160262,-9.070990788479639,-0.5370663300572857,2.0952676469466525,0.9774357855230835,-0.1974205943920965,0.01856429611141276,-0.07280362404234055,0.175541509514808,1.3227417886829644,-0.19742670024773418,3.659672928207133,3.76618731593778,3.7144282016669137,3.7084309955865433
6.419491679071916,1.9529479136253478,-6.17614954308667,3.2939394754687785,-9.036495241902486,-0.399907564288542,1.994635192564298,0.9768525229601883,-0.19133200928733096,0.04718895233412046,-0.08321681798088369,0.17783318526342026,1.4086581136272798,-0.20191542141908228,3.5435146748534896,3.652570501549298,3.6040226425461532,3.5943637485206
6.464147932312487,1.5505565578852183,-6.1911601818141735,3.380532024579482,-8.981551728900229,-0.27354822019307873,1.8833840981779812,0.9751652457559724,-0.18488166765564495,0.07767036666294519,-0.09401846940317768,0.1760759210848698,1.4993112857134374,-0.20635411647772606,3.4469895786920133,3.550474908835095,3.504840713145634,3.499671577749875
6.508804185553059,1.1510744804762998,-6.2007668062093835,3.4619252114501817,-8.906139828882962,-0.15800861536075209,1.7615226506227533,0.9721770092141218,-0.17812114170120746,0.10994063141463606,-0.10515915425392365,0.1706940641962701,1.5822822112494195,-0.21074455015270352,3.3710589080587745,3.4629406373763,3.4185439084645055,3.424008537985756
6.553460438793631,0.7554170465434368,-6.205452848328961,3.5376457321675323,-8.810246688392926,-0.0532978229086777,1.6290531051085082,0.9677289679371601,-0.1710984409556277,0.14368271151735865,-0.1165415600716568,0.1641629036689599,1.6482721761599495,-0.21509167515515978,3.309932475301734,3.3933676982463528,3.353479223547329,3.3662648052583215
6.5981166920342025,0.3644989188763754,-6.205702077408157,3.607220583799523,-8.693916812769126,0.04058470322438482,1.4859929783053598,0.9616996617607626,-0.16390283122167565,0.17852914275984014,-0.12805339725598103,0.1516060039051265,1.7022217625911664,-0.21938853745508757,3.27051884540294,3.342100167740114,3.3047367426679135,3.328242682944295
6.642772945274775,-0.020766864214892464,-6.201997814365728,3.6701772994138864,-8.557173410084935,0.12366298570755195,1.3323545563465826,0.9540098377570247,-0.15665530370094938,0.21411001591288223,-0.13957781313792297,0.13605834368828737,1.7389331738031584,-0.22363478015415283,3.2528522068206356,3.3094793363846917,3.273712969006286,3.3112339483918887
6.687429198515346,-0.3994677871221777,-6.194822263802168,3.7260436449444034,-8.400023159110233,0.19596476054480078,1.168149004266839,0.9446653270263429,-0.14945792670156557,0.2499453030915242,-0.15098948864180076,0.11878875481177735,1.75352303864202,-0.22783908381370815,3.2536810385975508,3.2975285792405984,3.2647083401216728,3.313942344576546
6.732085451755918,-0.770691728828033,-6.18465651962923,3.7743478168438283,-8.222471947466031,0.25751685695681314,0.9933933939226566,0.9337424801393468,-0.1424367065689504,0.2855523718599869,-0.16216458333646203,0.09783413120360313,1.7494098108119103,-0.23199575864664884,3.2766043607378266,3.3072337187187517,3.2741857161102295,3.335645433420316
6.776741704996489,-1.1335263063749919,-6.171980534002447,3.8146182113898504,-8.024494045800402,0.3083427406430482,0.8080876606378715,0.9213816069831752,-0.13569693535851082,0.320489802077752,-0.1730009198686637,0.07798524738700338,1.7258670748153209,-0.23610811353867522,3.3185827465182327,3.33726834372681,3.304671184609539,3.3770221413868478
6.8213979582370605,-1.4870576786186807,-6.157273903722175,3.8463826817733677,-7.806044147724721,0.3484334460715725,0.612216203624154,0.9077858924100294,-0.12931367696277118,0.3543447033178216,-0.18342121661633906,0.05825157263691294,1.6848870467555486,-0.24017346683333962,3.3784596054573686,3.38707243057144,3.3560523704765584,3.437363705473551
6.866054211477633,-1.8303698924847889,-6.141017210343419,3.8691677210709186,-7.567062811660775,0.37775753312857296,0.40573652582503905,0.893188821339133,-0.12338954184405783,0.3867846030369734,-0.1933576796203311,0.03695872472337297,1.629372871638244,-0.24418914465351355,3.454990180062305,3.4574280930800456,3.427716977590089,3.5140372938390714
6.910710464718204,-2.1625442195498423,-6.123692443769541,3.882496894694207,-7.3074733355289325,0.396282853811906,0.1885585712866787,0.8778237354612192,-0.11802683560597263,0.417593878866435,-0.20275917218488557,0.014557120255728294,1.5653184169946954,-0.24815275613720814,3.548005405629207,3.5469889043541434,3.5175090692149373,3.606116106772604
6.955366717958777,-2.48265816325168,-6.105783073734623,3.8858881571709007,-7.027173972489327,0.40396939417271693,-0.03948263836235133,0.8619015239463693,-0.11328674775395549,0.44667283434949295,-0.21160347004896157,-0.007305996596142527,1.4968799311201146,-0.2520642224003805,3.6611276480310853,3.6517107204009145,3.6192649749203207,3.7150038805964636
7.000022971199348,-2.7897846533185438,-6.087774742374563,3.8788504592380213,-6.726064258037212,0.400755907154471,-0.2786159590806316,0.8456669432697512,-0.10917520197286074,0.4738902938497985,-0.21990215148409942,-0.023670764923391995,1.4165806018505944,-0.2559190390501161,3.7938559712443194,3.77135348946915,3.7307414003075423,3.8382267300050126
7.0446792244399195,-3.0829940016597237,-6.070156134175293,3.8608836032522453,-6.404137416148411,0.3865628769995407,-0.5289949547654805,0.8294704256355517,-0.1056153152712729,0.49896396743755184,-0.2277277830777586,-0.026540964523793842,1.317319004457033,-0.2597140545386134,3.947314444742057,3.9022467843538995,3.8481381181292083,3.9767289178423604
7.089335477680491,-3.3613601452869535,-6.05342008605857,3.831486625961297,-6.061573153233102,0.3612800021113385,-0.7904567443371739,0.8138263348435368,-0.10244653748118748,0.5213974635018678,-0.23523786202179728,-0.007683924218218775,1.1847095716658982,-0.2634438842416619,4.125813801395034,4.038338218779993,3.9646362124480548,4.133942881425722
7.133991730921063,-3.623971183971356,-6.038064530328112,3.7901803035769763,-5.698842578734106,0.3248005428579156,-1.0621095368072815,0.7995685015278564,-0.09948675427701481,0.5402806227693295,-0.24267305834540973,0.04238899571868932,0.9886250009344122,-0.2670981525279202,4.317240108029694,4.177149185318612,4.08969798298819,4.309692547358736
7.178647984161635,-3.8699452347339016,-6.024589317295852,3.7365533468598016,-5.316821777218772,0.27718333506384013,-1.3417175862923743,0.7878579503054847,-0.09670378714632731,0.5543428818954299,-0.2502658174897458,0.11493209900265522,0.7136558961036422,-0.2706663475060862,4.493621070765944,4.317594086172619,4.247342035112011,4.5012136765603925
7.223304237402206,-4.098449006973383,-6.013481303235223,3.6703319356981523,-4.916769460644635,0.2190309849239652,-1.6253811490238974,0.7797549673762222,-0.09456220053787923,0.5625910801031043,-0.25793847931780384,0.1627801359955476,0.38537606761060617,-0.2741425949640719,4.602906292475357,4.476923825501444,4.482970313496924,4.684807443934179
7.267960490642778,-4.308709354361659,-6.005176746524669,3.5914419883906463,-4.500000644073827,0.1520890290725516,-1.908358254460013,0.7751376085363049,-0.09428009093285238,0.5657750174815245,-0.26490074847681655,0.0956213429738558,0.1350458400517452,-0.27752997632239207,4.75129881495075,4.631209039912364,4.682652243628093,4.8768191690019815
7.31261674388335,-4.500000000000006,-6.000000000000018,3.4999999999999902,-4.067267928974114,0.07965047637454266,-2.1870131198985447,0.7733374948744784,-0.09723414584920236,0.5652747485963975,-0.2701110007333836,-0.039511851833315355,-0.10492774949589863,-0.2808379800248477,4.75129881495075,4.631209039912364,4.682652243628093,4.8768191690019815
7.3331782624096205,-4.58153676884309,-5.998710387272388,3.453731787773865,-3.863757285613275,0.045899501669934416,-2.313353450421403,0.773612913282904,-0.09983411198236523,0.5636127954786417,-0.2718413077335236,-0.06864797506537539,-0.27930741565244227,-0.282365960967979,5.035209372940847,4.737465730935425,4.670732175025984,5.042139002160985
7.353739780935891,-4.658876647968681,-5.998108418066478,3.4048795315419933,-3.659074155550412,0.012851256114055052,-2.438235870910003,0.7750522250401131,-0.1030457903630725,0.5603207610680341,-0.27334437064170336,-0.04762077138166122,-0.5145819877584674,-0.2838805865748816,5.093507861136442,4.784624106829664,4.680011688386595,5.061936661330095
7.374301299462162,-4.7319976669748876,-5.998174354751985,3.35348207769605,-3.4534450680106237,-0.018986716370942843,-2.5607633124552525,0.7778713687948151,-0.10665942285332244,0.5550037036308316,-0.2747939129431314,0.00026168512557589105,-0.7574716458170453,-0.28538242347490517,5.117683449249238,4.845058248186669,4.728127949920158,5.073172970600403
7.394862817988432,-4.800882871539372,-5.998878603623326,3.2995983683625307,-3.2471221245427193,-0.04916739001709129,-2.6799125221008335,0.7820020052419105,-0.11050539466784491,0.5476589274944437,-0.2762825398198575,0.05702459389734735,-0.9746456800617097,-0.28687148340103885,5.127195054624018,4.912766188338916,4.79801234342269,5.084109530198211
7.415424336514703,-4.865520463572786,-6.000183117684526,3.2433081908112573,-3.0403487214697758,-0.0773170161390273,-2.794699670711629,0.7872141893042577,-0.11445461582217953,0.5385132751728133,-0.2778459102717502,0.11252121973968604,-1.1506315998631738,-0.28834509117850937,5.132450205245729,4.983618291877935,4.880593373810134,5.100364397138576
7.435985855040974,-4.925903509970924,-6.002042918740497,3.184710304634501,-2.8333505150335023,-0.10313499983648411,-2.904272781058159,0.7932122049306788,-0.1184144812192218,0.5279026202928506,-0.27948556877865066,0.160026399416253,-1.2802331544660523,-0.2898037052782806,5.140627901801953,5.057431697313593,4.96946404907522,5.1225653015052846
7.456547373567244,-4.982029521147462,-6.004407540446161,3.1239192257319415,-2.6263306432147835,-0.12638760705619595,-3.007954405091824,0.7996904184377446,-0.12232033947943727,0.5162051963231237,-0.2811870018240453,0.19730678376707791,-1.3633158255888638,-0.29124105732252414,5.158897512744403,5.132760877986098,5.057465597534303,5.152269486873839
7.477108892093516,-5.033899920338713,-6.007222370265022,3.061061494876892,-2.41946434865584,-0.14690517508298492,-3.105250270095704,0.8063740515728972,-0.12611821991756664,0.5037874827053851,-0.2829385711822274,0.22611110688993788,-1.4058387456437818,-0.29265295819618253,5.18727685159868,5.208257978603172,5.144232122646458,5.190726372277864
7.4976704106197865,-5.081519425403669,-6.01042994982603,2.9962720841326087,-2.212895666528656,-0.1645797718899088,-3.195829535938737,0.8130413696260276,-0.1297625916135728,0.4909704045091553,-0.28473576488618935,0.24740981206134421,-1.4148092258434577,-0.2940403522288704,5.227444679330145,5.2849714439229745,5.227855001255426,5.236454499589591
7.518231929146057,-5.124895365688567,-6.013971188381348,2.9296913269060196,-2.006734138461941,-0.1793596329560017,-3.2794958010060205,0.8195263176357285,-0.13321281433100146,0.4780193954515731,-0.2865823183189178,0.26432416075311144,-1.3976062896013695,-0.2954000063115158,5.278469935485869,5.361568622770789,5.308823297333751,5.290521355810767
7.538793447672328,-5.164036968988477,-6.0177864787192865,2.861462499136568,-1.8010553712044304,-0.19124516170477998,-3.356153183280563,0.8257171547617461,-0.13643064923267054,0.46513720442085493,-0.28848962153024893,0.27863221876872735,-1.3619535900652766,-0.2967323234179809,5.338618142811938,5.4364835652518995,5.388519725288222,5.35417157121401
7.559354966198598,-5.198954695410745,-6.02181668233104,2.791730096503727,-1.5959045399188487,-0.2002789038991771,-3.425773637788384,0.8315500250708181,-0.13939482732752842,0.45246466770801214,-0.2904658379578435,0.29002781746352135,-1.3154669898684737,-0.2980383324882622,5.405338384502803,5.506903868823032,5.469179569446317,5.429903485239115
7.579916484724869,-5.229659660694009,-6.0260038028180265,2.7206387252543087,-1.3913011930108699,-0.20652450070185724,-3.4883705792020057,0.8370001061443697,-0.14212523469547148,0.4400857895491231,-0.29250093803947264,0.29465464993533313,-1.2659468076113047,-0.2993190947412181,5.477993309631347,5.579701712482406,5.551164966620705,5.510519304732194
7.60047800325114,-5.256163155544211,-6.030291107206255,2.648332443294506,-1.1872436487676414,-0.2100375884425664,-3.5439815865536892,0.842066114086028,-0.14467114027263014,0.428045867347718,-0.2945721249801831,0.29325204202224675,-1.2158948721495755,-0.3005746351672432,5.55816809753523,5.658420486158033,5.632678657700724,5.5921016268751975
7.62103952177741,-5.2784762575637165,-6.03462284355152,2.574954381056917,-0.9837141498330889,-0.21085874687594172,-3.5926572086670423,0.8467587617007981,-0.14706499449813248,0.41636663773476573,-0.296667166449932,0.29037184286591383,-1.1663790028604084,-0.3018016489384209,5.643564605034318,5.740807181157887,5.715659520694804,5.676684592122829
7.641601040303681,-5.296609584640706,-6.038944024002738,2.500646600799777,-0.7806871579609309,-0.20902316215143202,-3.63444892625951,0.8510973498296667,-0.14931635245251534,0.40505054656614814,-0.2987860351763672,0.28756878106378136,-1.1184846817599687,-0.30299971814064025,5.733505576080132,5.826946182484185,5.800519722178503,5.763879067192237
7.662162558829952,-5.310573204782357,-6.043200376284032,2.425550164788317,-0.5781357082836373,-0.2045657550833006,-3.6694014876185475,0.855105748460473,-0.1514246522619097,0.3940875655915786,-0.3009332961055362,0.2861810322309631,-1.0727478587652237,-0.30416760933039433,5.824918189248781,5.911176392703161,5.890038085954398,5.859078408540629
7.682724077356222,-5.320376653689342,-6.047338348916511,2.3498053181647554,-0.3760352951691298,-0.19751968114178864,-3.6975496471772744,0.8588097805761958,-0.153408148504106,0.3834589002363591,-0.3031041197564844,0.2816025077996572,-1.031533848293894,-0.30530462898010474,5.919183159632372,5.9997561210563335,5.982529370098457,5.955778520958755
7.703285595882493,-5.326028982103878,-6.051304898910218,2.273551664951908,-0.17436313091908226,-0.18789942244876937,-3.7189216257525697,0.8622332864319973,-0.15530329487090455,0.3731445297198738,-0.30528502807158997,0.2747924536684185,-0.9937986371903921,-0.30641129145973806,6.018220925587497,6.09502998139868,6.075857873172327,6.051314049599104
7.7238471144087635,-5.327538789104233,-6.055047097851832,2.196928278486207,0.02690135946870625,-0.1757040121260337,-3.7335404151084823,0.8653977148015947,-0.15712035284040737,0.36312626078439986,-0.30747431540031955,0.2698977950734065,-0.9581628068893047,-0.30748594219905473,6.118821342068622,6.190668523098621,6.172949966014636,6.151778344104601
7.744408632935034,-5.3249143069755505,-6.058511971772605,2.1200738443174134,0.22777286386523077,-0.16093070136360357,-3.741420546568363,0.8683235128787037,-0.15886092593196804,0.3533847630494323,-0.30967376319321527,0.26453991267491633,-0.9254572514831741,-0.30852790693739707,6.221481496653892,6.289075936316717,6.273045148602498,6.254529675638865
7.764970151461305,-5.318163522155303,-6.061646430162808,2.043126817803656,0.42826083463999215,-0.1435697963559096,-3.742570468423993,0.8710284899563178,-0.16053843566999895,0.34390254462660724,-0.31187973036741395,0.25855654056317307,-0.8951808746568468,-0.3095370434169324,6.326775335090731,6.391571289060259,6.3753404963180245,6.357996617830428
7.785531669987575,-5.307294267532062,-6.064397099904782,1.966225519736328,0.6283707777727664,-0.1236043298813134,-3.73699499254807,0.8735275914172661,-0.16215864049783071,0.334666511686174,-0.3140916929718072,0.2532858381250566,-0.8663003798341891,-0.31051272861770646,6.434049031780454,6.496655533351789,6.4802619663649805,6.463444426735162
7.806093188513847,-5.292314300743754,-6.066710244367236,1.8895082062409996,0.828104516117222,-0.1010168347836581,-3.7246956685157615,0.8758334969406193,-0.16371900107633378,0.3256675818379913,-0.3163124090572105,0.2487143614706576,-0.8383747588024365,-0.3114542177402267,6.543211153753471,6.603877508209506,6.587682327794549,6.5711013309626916
7.826654707040118,-5.273231370655889,-6.068531789908645,1.8131131264371902,1.0274612223483912,-0.0757920982990551,-3.705671849938762,0.8779570546848735,-0.16521706625081262,0.3168995263666233,-0.318544435056162,0.2446023749575776,-0.8112144624705637,-0.31236067823053126,6.654474637879266,6.71416042782467,6.697173826663019,6.67983721340138
7.847216225566388,-5.2500532593888645,-6.069807380813113,1.7371785555479085,1.2264385713745065,-0.04791837215468587,-3.6799217267907713,0.8799076569860362,-0.1666468115379675,0.30835897262304485,-0.32079157041371537,0.2416573743456544,-0.7841332430054798,-0.31323144026253547,6.767694025859097,6.826667295485426,6.808695402710302,6.790273243152135
7.867777744092659,-5.222787805654003,-6.070482495310804,1.6618428180379772,1.4250333954113859,-0.01739192417231844,-3.647442277352253,0.8816937245990534,-0.16799678362775983,0.30004489703895537,-0.32305950863981175,0.24003744726274517,-0.756920846034354,-0.3140652313434447,6.88223157594678,6.939457182521081,6.9226851720304445,6.904166815793394
7.8883392626189295,-5.19144291640364,-6.070502633484264,1.5872443129062555,1.623242344366617,0.015782057253519374,-3.6082294773779346,0.8833230867248175,-0.16926247576368325,0.29195600980203423,-0.32535112582393527,0.2382220592100789,-0.7302891000716242,-0.3148611099135884,6.998380077061987,7.05293582862819,7.03866306732392,7.02093533138643
7.9089007811452,-5.156026556390059,-6.069813432850671,1.5135215160758775,1.8210632769743709,0.051596835319077015,-3.5622802026702853,0.8848032310919965,-0.1704525943476572,0.28408871641926675,-0.32766428458689906,0.23530992420032035,-0.7048740660638482,-0.31561834864145955,7.11652158478701,7.168436157443966,7.156074297454966,7.139072650856987
7.929462299671471,-5.116546716198195,-6.068360626325519,1.440812947245283,2.018495713483164,0.09005033064332882,-3.509593348536264,0.8861416923889833,-0.1715790455157414,0.2764372812416245,-0.3299955873588739,0.23172738186634037,-0.6806429680290993,-0.31633621031752196,7.2363823594185765,7.286964688489087,7.2750362565746025,7.257399750387785
7.950023818197741,-5.073011383586741,-6.066089947446984,1.3692571331491883,2.215540313093648,0.1311436498496131,-3.450169173698652,0.8873454786412298,-0.1726453731246396,0.26899770368161996,-0.33234460601174537,0.22853169103046955,-0.6566570581960076,-0.3170136254527878,7.357595872072714,7.407442378505259,7.3957766383207515,7.376822112890288
7.970585336724012,-5.025428517520439,-6.062947135619542,1.2989925891034624,2.4121993420386914,0.1748740972094251,-3.3840084869423137,0.8884204392297307,-0.17364725718638477,0.2617700954142887,-0.3347137496208733,0.22587340429447056,-0.6324664388358732,-0.31764881053148697,7.48057214561099,7.5285512551658496,7.517694913112482,7.498552221221012
7.991146855250283,-4.97380600459445,-6.058878055177983,1.230157808804628,2.608477482849025,0.22123242758242065,-3.3111125545630635,0.8893725131123328,-0.17458201569411763,0.2547532397148617,-0.33710467460273114,0.22336867670455457,-0.6088662505810394,-0.31824173022136265,7.6058309966823,7.651309376993361,7.64009902876061,7.621465453691127
8.011708373776553,-4.918151623792644,-6.05382880223905,1.1628912636329098,2.8043798727711944,0.2702056705714217,-3.23148190542439,0.8902094280217542,-0.17544724622032776,0.24793926614231238,-0.3395183030410685,0.22181314859962467,-0.5863243439929298,-0.3187936995652442,7.732858839517267,7.776372887013067,7.76343583934556,7.74470884057216
8.032269892302825,-4.858473080507015,-6.047745784978408,1.097331449345421,2.9999078590704955,0.3217757228840125,-3.145113119125085,0.8909402330678058,-0.1762324875342934,0.24131669141684703,-0.341957574471444,0.2221953650797031,-0.5644402637990283,-0.3193033585162498,7.8612630038870694,7.903387816922141,7.8880054726018205,7.8684782239871
8.052831410829095,-4.794778116055743,-6.040575887551478,1.033616997033933,3.1950563024365057,0.3759133535733631,-3.0519961521270815,0.891573956683926,-0.176918705491466,0.23487500523867627,-0.3444277819902525,0.22506695227379722,-0.5427632848803026,-0.3197679984646565,7.9914389606972716,8.032270093218218,8.013227562067117,7.992804507221753
8.073392929355366,-4.727074656964378,-6.032266760849267,0.9718868284564527,3.3898119060287706,0.43257232469628715,-2.9521124189852235,0.8921200006480132,-0.17747945982201105,0.22860334137475563,-0.3469359719845235,0.23128222544248722,-0.5212262106298527,-0.32018761939649515,8.122832830075774,8.161044882457803,8.139536947894563,8.119554715027517
8.093954447881636,-4.655371015528972,-6.022767217777375,0.9122803583959701,3.584149879596068,0.4916861420357447,-2.8454323459719237,0.8925885133898518,-0.17788975402781856,0.22248656393148292,-0.3494879370149884,0.239997058350817,-0.5007650274699414,-0.3205624522304056,8.255191416027106,8.290037139467156,8.267146564764856,8.248223464254323
8.114515966407907,-4.5796761559026695,-6.012027599865332,0.8549377244827243,3.778031328326787,0.5531738825987346,-2.731915404366592,0.892989462827246,-0.17813424309081904,0.21650556107682667,-0.3520858701919387,0.25049536524040655,-0.48185986368732725,-0.3208898456976145,8.388752058982242,8.418713461026972,8.395604271843805,8.379343408804633
8.135077484934177,-4.499999999999996,-5.999999999999983,0.8000000000000019,3.9714016491727757,0.6169475422319837,-2.611511354928398,0.8933326269842483,-0.1782076184571965,0.21063656528129104,-0.3547283595643534,0.26192867163274813,-0.46560809487326565,-0.32117154994226443,8.388752058982242,8.418713461026972,8.395604271843805,8.379343408804633
8.176783341006388,-4.3264012792159985,-5.9715258579548465,0.6962126703792919,4.351064792998407,0.7492531772300302,-2.364332746397521,0.8939039725898102,-0.1778281254645928,0.1989131609522375,-0.3602048775379738,0.2898133538365746,-0.4438415215562788,-0.32147178510866764,8.166817144279381,8.181932242502954,8.151162805860764,8.138358227049855
8.218489197078597,-4.137459746149829,-5.937517838087639,0.602560487235093,4.707164639022981,0.8821297776212202,-2.1255148370065537,0.8943671338678438,-0.1766095346182707,0.18728041302269025,-0.36584670811348885,0.332053090442789,-0.42392958190778995,-0.3215681476843306,7.97548321710434,7.9815107088045965,7.9516712346490745,7.9434960494503635
8.260195053150808,-3.934149023553482,-5.89797728373906,0.51869493088778,5.040091132102237,1.0143746553028026,-1.8950244140480583,0.8947763484656158,-0.17444115828085216,0.17556616069054845,-0.371649568671327,0.37614609197759835,-0.4137999493754549,-0.3214785805461481,7.790191806945991,7.77310912263562,7.753898088216386,7.766522669564083
8.301900909223018,-3.7174318996775972,-5.852950888203417,0.444271551501195,5.34996834889733,1.1451160193921277,-1.6727240827097858,0.8951784231331982,-0.17158731779169997,0.16342815753143944,-0.3774995474330553,0.4067275445074522,-0.43498634647782947,-0.321292656726274,7.605027779610685,7.57610386888995,7.565767776639191,7.587335382138845
8.343606765295227,-3.488272230483926,-5.802505262864699,0.3789514903011823,5.636636615171268,1.2742928109618274,-1.4585016046395094,0.8955911855020539,-0.16845181201058476,0.15052585025246148,-0.3832540208112335,0.42671662053853365,-0.47099572045310045,-0.32098586542497737,7.422207291956634,7.401483504572044,7.385846108547223,7.395621462865828
8.385312621367438,-3.2476427366009504,-5.7466979585967515,0.32239892622794614,5.899871438577607,1.4022759295386833,-1.252319647570866,0.8959889365991598,-0.16504069813022398,0.13685207466360683,-0.38889346981262973,0.4568287357071368,-0.4927469317893091,-0.3205292638494374,7.246424689635563,7.215419434057775,7.2103634332691255,7.225828357260485
8.427018477439649,-2.9965237934405407,-5.685574409458501,0.27427915506569506,6.1395375759372435,1.529270991974458,-1.0541637630757295,0.8963362863636858,-0.16135884033371303,0.12243839171908134,-0.39440409944851385,0.4751226994756584,-0.5258882732371464,-0.3198811563445828,7.078345170311351,7.045341958758328,7.039353009147437,7.051493614331702
8.46872433351186,-2.7359001686103053,-5.619167922684983,0.23425656205809864,6.3555472805769435,1.6556832564588997,-0.8640929229931374,0.8966074066194226,-0.15751139505176265,0.10721285121567142,-0.39973969122985087,0.4985432545447232,-0.5580838148083402,-0.3190110739768384,6.908576920486493,6.8914798228172955,6.883877869263728,6.872431149018571
8.510430189584069,-2.4667598461908047,-5.547495510876626,0.2019928098058647,6.547862840440221,1.7817939950407122,-0.6821680984226512,0.8967621473537832,-0.15325647192437994,0.09139365015142786,-0.4049423621500885,0.529742612001654,-0.5621129272343194,-0.31782063714525943,6.75759876710694,6.731573739840092,6.7224500458498,6.713767413503135
8.55213604565628,-2.190087777168505,-5.4705723615555435,0.17714759607413133,6.716649122492821,1.9074269692411476,-0.5084172023894654,0.8967800692275466,-0.14837694663991363,0.07510626046908331,-0.41003626927357023,0.5675087333880839,-0.5744807458923845,-0.3163731272754831,6.607582235819394,6.583618280274647,6.574924938013275,6.557421013792682
8.59384190172849,-1.9068635710959885,-5.388423472287784,0.15938072848086268,6.861972735662293,2.032328552926546,-0.3428086774171573,0.8966554089664995,-0.14277333064919243,0.058299618948606045,-0.41500220015700356,0.6094824335927156,-0.5790875062005467,-0.3146436738897732,6.469732916374844,6.432274433191515,6.430242560468221,6.420598069768284
8.6355477578007,-1.6180648486238511,-5.301085640904219,0.14835398926767823,6.983871658307844,2.1562132874484843,-0.18528973233434426,0.8963625800939334,-0.13648982745542568,0.0409101774115005,-0.41979972650852876,0.6459731950437825,-0.598923758086071,-0.3126792014561616,6.336268541974002,6.295841876972016,6.297656537112208,6.28559803476903
8.67725361387291,-1.3246693839427268,-5.208602709483448,0.1437307268204851,7.082299722996683,2.2790473524588393,-0.035843581522986334,0.895865963896826,-0.12966147061049446,0.022824561542575197,-0.4243724353720494,0.6808157818943862,-0.6191552884766102,-0.3104902559154013,6.2126680797977425,6.168315656637834,6.173192378157287,6.1590846795160346
8.718959469945121,-1.02765735834926,-5.111017073715816,0.14517434813078486,7.157198793376037,2.400904043556254,0.10551920329878903,0.8951260544400139,-0.12231394407814118,0.004037648223458153,-0.4286878279559003,0.7155519336425321,-0.6407251529211455,-0.30805211663067145,6.098162625112575,6.053271250417509,6.058168982983986,6.039148416638582
8.76066532601733,-0.7280117360128343,-5.008367402809471,0.15234755438557773,7.208489879970596,2.5218764946996983,0.23877823621463343,0.8941079740870606,-0.1144066152767185,-0.01544574447351765,-0.432717498485086,0.7541460532909855,-0.659175505991122,-0.3053866000306005,5.9888339581233625,5.946362522334917,5.958079563488584,5.930786667788415
8.80237118208954,-0.4267192274027808,-4.900689652172941,0.16491228342314546,7.236091076403094,2.6419949422231865,0.36391749196633016,0.8927712022514557,-0.10591003056586278,-0.035511077493954143,-0.436443075497094,0.7871873844914131,-0.670000379310309,-0.3024770015316297,5.890528463338666,5.848304327180467,5.867908015017156,5.834636713673185
8.844077038161752,-0.12476757080455254,-4.788019483195436,0.1825297203225469,7.24005180051706,2.76125415212836,0.48091714938408897,0.8910719109718078,-0.0968922395174386,-0.05597999253680512,-0.43985216091314416,0.8130669062143199,-0.6763853239790725,-0.2993283791657541,5.806319180200907,5.7607309178036905,5.785834843178817,5.749929393216567
8.885782894233962,0.1768602363059742,-4.670392332326167,0.2048602447698053,7.220536403751639,2.8796794933593386,0.5897609835372842,0.8889758037404405,-0.08744066920374656,-0.07675725865359681,-0.44292821641685604,0.8353790593453647,-0.6832909432683079,-0.29592959086233706,5.737033322556931,5.687906452613087,5.711808036273236,5.673622496652979
8.927488750306171,0.4771881452344966,-4.547841487872856,0.23156372548999196,7.177688154809678,2.9973415464430846,0.6904427827309249,0.8864613483045243,-0.07754713619036374,-0.09785569240256868,-0.4456432404843449,0.8635558130155002,-0.6910939318062205,-0.29228812660569153,5.6775978259621525,5.6296822168327,5.651719587722768,5.606854398467895
8.969194606378382,0.77524303284951,-4.4203979168415435,0.2622999719092671,7.111495996303557,3.1142614004887,0.7829676892480302,0.8835178713474471,-0.06708213928209755,-0.11927685561062137,-0.44796210843142137,0.8982914431643957,-0.6932689689105761,-0.28841859769654893,5.627019270839265,5.581832701054139,5.60729055076314,5.554700753125248
9.010900462450593,1.0700484993732313,-4.288094474325668,0.29672919141197507,7.021832730656732,3.2303237429763665,0.8673511984376148,0.8801377794065647,-0.055944839884827166,-0.14091112211259404,-0.4498583099524262,0.931711123100256,-0.6879886649497227,-0.2843407241866307,5.5870251988906565,5.538730629272744,5.5778191344888866,5.5230541293970425
9.052606318522802,1.3606226460877182,-4.150970696687318,0.3345122424392895,6.908586628898727,3.3453557935398237,0.9436080989918422,0.8762994089365571,-0.04426933847763024,-0.16260263466001235,-0.451332125975135,0.9494568715752565,-0.6833741722497962,-0.28004251051552453,5.560600550968817,5.5074144914022,5.560938627225925,5.505265707409999
9.094312174595013,1.6459813618473818,-4.009070460825943,0.3753101628622525,6.771773854818488,3.4593519105423036,1.0117337281174998,0.8719731234465365,-0.032376860599194694,-0.18421920376712406,-0.4524141958124505,0.9507483557650951,-0.6816012612875352,-0.2755024278570893,5.5511266195739095,5.49796855421273,5.553101624624528,5.492114990820807
9.136018030667223,1.9251436897121417,-3.8624334571712278,0.41878348353382416,6.611508400020785,3.572494188005068,1.0717143746769235,0.8671588904385686,-0.02041032710598807,-0.20566934664413702,-0.45312210739591574,0.9535144661752667,-0.6760185635012222,-0.27074189835930257,5.5548025891385455,5.504865980229633,5.5581971615752925,5.48931987418385
9.177723886739432,2.1971325278687495,-3.7110920703501735,0.4645921629044651,6.427838749429526,3.684912744668426,1.1235398861413617,0.8618914464031963,-0.008258405805674897,-0.22687025765475913,-0.45343732695189976,0.9621807340404832,-0.6625104560309825,-0.26578663477231984,5.567004597634263,5.518997260807262,5.581435047651655,5.505282993887171
9.219429742811643,2.4609707228372733,-3.5550767134244268,0.5123958007897856,6.220730319452001,3.7965791492164813,1.1672086344805246,0.8562166120213593,0.004106876165870574,-0.24766608873561471,-0.4533633405988645,0.9616699541043257,-0.6424384838311805,-0.2606084325206306,5.597524743625923,5.544386896410572,5.613289262912905,5.535250246580784
9.261135598883854,2.7156804661128815,-3.394420098715088,0.5618544315803231,5.990190293749059,3.9074361518053946,1.2027422717208585,0.8501670427727327,0.01657430785181616,-0.2679486931173838,-0.45292970838439894,0.9569431425204424,-0.624679899942277,-0.25513755801447313,5.639854809267749,5.587168239862302,5.657806266627436,5.5747557865521475
9.302841454956063,2.9602839158894354,-3.22915652159899,0.6126285657105676,5.736193473809402,4.017458293293225,1.230137864432542,0.8437751717327536,0.029109981935803414,-0.28768339309953483,-0.45214468655801116,0.9529929795374144,-0.6030254090476133,-0.24947649716844247,5.694385732425797,5.6401446297342686,5.71558086552719,5.62885715874239
9.344547311028274,3.193800962563161,-3.0593223395178404,0.6643779553706535,5.458657724803463,4.126565400296593,1.2493650921911812,0.8370866635009592,0.0417086521630827,-0.3068087790729009,-0.451015679875266,0.9459273027637164,-0.5798596968515255,-0.24359740687104386,5.753975624341654,5.699437516140966,5.792065564407803,5.701670054765153
9.386253167100485,3.415248083857904,-2.884957590859005,0.7167608230280359,5.157529443439001,4.234687391753116,1.2603961107800314,0.8301596909798137,0.054162979100162253,-0.32517460348330557,-0.4496256611882684,0.9171702182692152,-0.5542869639331276,-0.23755279587673625,5.8328454577662034,5.775746455434794,5.872938678087106,5.780916104008057
9.427959023172694,3.623643577684546,-2.7061022599315274,0.7694362335991684,4.832946234831717,4.341901491088797,1.2633043215872817,0.8230611561635802,0.06625581364691584,-0.3426541655952145,-0.4480727298834953,0.8848897722501553,-0.5293804212279255,-0.23133352397434517,5.930758736736062,5.868698400776532,5.957695119255415,5.8658264414589505
9.469664879244904,3.818012282670269,-2.5227917007295346,0.822067050710302,4.485031189330337,4.448321415452463,1.258168136511194,0.8158182447489982,0.07806223576831965,-0.3593480577234785,-0.44633669516211755,0.8677278561232353,-0.5081221881938275,-0.2249137528294281,6.035822670892811,5.970949699581699,6.056835694234076,5.963112743391885
9.511370735317115,3.9973795325725408,-2.3350587330498764,0.874316349794879,4.113672636308646,4.553941551845382,1.2449047800430055,0.8084364269297054,0.08975233476268402,-0.3754068448590087,-0.44434827829312656,0.8583313241539118,-0.4875473588347948,-0.218299343876768,6.143384960312722,6.077709249615805,6.173774453161016,6.076678375356859
9.553076591389326,4.160762693368271,-2.1429388089687387,0.9258407241014933,3.718639299082856,4.658662392956619,1.223311377932044,0.8009557859925986,0.10129398187388462,-0.3908092547762825,-0.4421291406988346,0.8373934991465446,-0.4651389424262934,-0.21151077820606398,6.2642502946266125,6.191133191708452,6.297033086078064,6.202821658293554
9.594782447461535,4.307171418249615,-1.94647042402437,0.9762888978223121,3.2998109334681702,4.762469916387653,1.1932270476973108,0.7934122461898634,0.11247051745597905,-0.4055074594623622,-0.439786211241115,0.8056776419660546,-0.450094911598526,-0.20453216970073107,6.3990377557381475,6.321964721957351,6.425437912508904,6.3291260663375315
9.636488303533746,4.435612491325404,-1.7456885669612945,1.0253034215920633,2.8571437727531226,4.865530297713675,1.154496325554401,0.7858112071490595,0.12321454672683735,-0.41957120583018964,-0.43735560130323814,0.7817425851048735,-0.43637452719580033,-0.197300972361421,6.529855143235415,6.460288671914133,6.574165978518381,6.46603099965465
9.678194159605956,4.545090219560858,-1.5406213864492895,1.0725191758355315,2.3905755308582983,4.967972895832372,1.10693235825612,0.7782493608084778,0.13354945780059937,-0.43289216777185946,-0.43485399998086466,0.7460462230801431,-0.40886882211927006,-0.18988975035726535,6.644852045318065,6.606121761707312,6.754413513885336,6.612097831912541
9.719900015678165,4.634610995900632,-1.3312941696682088,1.1175699065260551,1.9003526357107743,5.06979226210747,1.0507977375715987,0.7711293088770594,0.1432760109373146,-0.44473771980118526,-0.43248261525314774,0.663648328555122,-0.334994944394482,-0.18233904720627578,6.735271867175897,6.756381126669397,6.974111800434285,6.769332201539085
9.761605871750376,4.703208669331165,-1.1177372861626023,1.1601280619615744,1.3876652519162682,5.170729400203735,0.9879138854389872,0.7653760703753921,0.1518520413285431,-0.4534296544287106,-0.4307474469998645,0.48407849650270873,-0.17389785244959619,-0.17467889965580305,6.829133098368036,6.919145965541164,7.203960998395644,6.9268754271855455
9.803311727822587,4.749999999999994,-0.8999999999999968,1.1999999999999968,0.8553648482291042,5.270093007496259,0.9230574849318219,0.7623129344740986,0.15862560687457153,-0.45668273493742073,-0.4303013842117386,0.21124976402183346,0.08790557832180418,-0.1668768591226864,6.829133098368036,6.919145965541164,7.203960998395644,6.9268754271855455
9.852143334616533,4.776564141451523,-0.6399565262385535,1.2430965153374005,0.23276493634970438,5.3791483317284285,0.8426306330287303,0.7630328716102373,0.16402437916742907,-0.45220659873629215,-0.4317263531888333,-0.09498136971752422,0.389902807264428,-0.15759171416327916,6.622469188911451,6.646768701427022,6.866303222348114,6.647453942455817
9.90097494141048,4.7733225073726855,-0.3748924466517114,1.2821101673916735,-0.3642760066056409,5.475412161835556,0.7575539151555029,0.7675711057458324,0.1672070519462293,-0.4403214765180808,-0.4347357364348954,-0.29916003834689736,0.5929349621144469,-0.14809155168256619,6.47527534479545,6.417286588227155,6.553535220707709,6.414543806141006
9.949806548204428,4.741644554455814,-0.10546105329285628,1.3170172567793546,-0.9312939382031816,5.557846594241034,0.6751804858836404,0.7740195110780739,0.1691775960820444,-0.42441290071868437,-0.4383473202767045,-0.3622149645391831,0.6605743262019371,-0.13847257216390277,6.281686599508913,6.192219611473221,6.301638416919724,6.19085902862578
9.998638154998375,4.683037613708254,0.1676558109740591,1.348011703506459,-1.466991301436568,5.62630984073605,0.5973598007620512,0.7809161840892848,0.1707053807824965,-0.40717433791608304,-0.4418606148453426,-0.3777376238121931,0.6783712373322174,-0.1286940300549686,6.06275955185258,5.980034809606465,6.0905019913228555,5.96959635558876
10.047469761792321,4.599028894763779,0.4437830329225341,1.375308324065473,-1.9715543602671446,5.681105112018579,0.5236302671006422,0.7879377480812951,0.17205423349908738,-0.38919017146374624,-0.44506734097346845,-0.3921883419896808,0.7102523544356013,-0.11875024404431202,5.850887425885757,5.775519089016073,5.889032190557977,5.758212105589649
10.096301368586268,4.491128929539563,0.722256935835815,1.3990922923672304,-2.445358436717258,5.722333984362663,0.4534169354235557,0.7951874649095119,0.1733570885539186,-0.37016570955720673,-0.44788888001191307,-0.4095898000923876,0.7565538281634615,-0.10868151656735739,5.65025249634983,5.575467563489772,5.695741103158986,5.561087617728758
10.145132975380214,4.36083231300797,1.002412546257842,1.4195268010028854,-2.8886711925085105,5.7498807173915925,0.3863876089895173,0.8027169532216852,0.1745954129215316,-0.3498458159507004,-0.45030339693769805,-0.43556751297750823,0.806544180594266,-0.09845407464362071,5.460103501412166,5.3860762392217305,5.513603470778183,5.3739818954501155
10.19396458217416,4.209623803785668,1.2835794329823402,1.4367636874770586,-3.301625357758271,5.763665310550025,0.32239929293208724,0.8105276374909481,0.17563898704129677,-0.32803264840879676,-0.4523209189569647,-0.4701430519573434,0.8613170156595109,-0.08802106646067047,5.284242540587187,5.207852295150063,5.34011836857798,5.199603213755999
10.242796188968109,4.038985084661466,1.565084983024373,1.4509517220144093,-3.684222317578836,5.763682889060301,0.2614536566437758,0.8185778272349434,0.17635891243728394,-0.3045926086275618,-0.4539332430101494,-0.5099129561757824,0.9148620353896507,-0.07742901944734963,5.122425308977682,5.048216970280613,5.179052871815928,5.031833608599734
10.291627795762055,3.85039938265298,1.8462581299473533,1.4622412764057984,-4.0364157027055665,5.749978430192113,0.203593531634409,0.8267901096019257,0.17678465645818953,-0.27944734325309684,-0.45505945074885307,-0.5435181425789554,0.975828543323375,-0.06661619779198993,4.974506539643414,4.89501321717254,5.03139080316771,4.887082901953986
10.340459402556002,3.6453520799454497,2.1264271600727778,1.470784454465807,-4.358165143977938,5.722494857651629,0.14884420478299634,0.8350598527644304,0.1768916118514387,-0.25256576839099293,-0.4556314632819525,-0.5843959546720597,1.0299515097782508,-0.055687438956325046,4.851275316390566,4.766385036565587,4.890806453095218,4.747986901385546
10.389291009349948,3.425330655394962,2.4049196557288304,1.4767345387620627,-4.649463137940718,5.681265640010255,0.09720383506354055,0.843198312581678,0.17675728429209603,-0.2241514991524626,-0.45556027890305534,-0.6020437067757495,1.0783231908182769,-0.044567864022736464,4.732265285484033,4.647521903247474,4.7789645233653255,4.633406181738364
10.438122616143895,3.1918172396515034,2.681062840122434,1.4802407700859441,-4.9105250930597455,5.626228501115354,0.04852354985753199,0.8510594126840919,0.17648985222913008,-0.19431147375792665,-0.4547509014161036,-0.6292511872455991,1.1291042584764817,-0.03332172001781574,4.631553839409254,4.547611140430828,4.6850671438650835,4.535938142783659
10.486954222937841,2.946286347997211,2.9541799663229766,1.4814474187488575,-5.141392423672402,5.557300560904677,0.0027834731727968414,0.8585787951901624,0.175930616916968,-0.16288864695722452,-0.45317200987092116,-0.6641876389108441,1.1835366620684917,-0.021940296810216458,4.560479317461885,4.462958830417262,4.599950734238975,4.461805318750644
10.53578582973179,2.690217462522876,3.223590323123302,1.4805012859700515,-5.341861596624588,5.474427506092245,-0.03991532567123156,0.8656079936841078,0.17492104417213927,-0.1300417256249242,-0.45080143118959937,-0.6961834191956375,1.2174606193080895,-0.010432164395255636,4.515923099617623,4.401972691136325,4.529200835687979,4.404225216205767
10.584617436525736,2.425099430169673,3.4886151984152924,1.4775536020730085,-5.511825254615086,5.377760900395521,-0.07951008100882047,0.8719250034399186,0.1734341848213431,-0.09639053304263588,-0.4476430221861958,-0.7091517558695115,1.2266674153921324,0.0012351614762519203,4.479875803971386,4.366189888111636,4.491590507946097,4.3641159127111955
10.633449043319683,2.1524192489782377,3.7485864555878288,1.472756354243002,-5.651448343916042,5.26753881730441,-0.11601305922808322,0.8773953655337817,0.1716018837219959,-0.06233829211730263,-0.4436810561545647,-0.7172014330927875,1.2381818839255123,0.013011616013003291,4.472758912416305,4.348224108510282,4.46766681726702,4.350035756088799
10.68228065011363,1.8736565229364937,4.002844550913822,1.4662612535698618,-5.760850087398362,5.143869537933042,-0.14940658349089042,0.8819457271670161,0.16951797780159117,-0.028169666937747032,-0.4389207445132908,-0.7144619348424001,1.2324168816799148,0.024837206965829223,4.48872367304884,4.355981362315211,4.465245179510102,4.35301503784114
10.731112256907576,1.5902838255347307,4.2507344093259185,1.4582210153393356,-5.840238390255526,5.006830181564211,-0.17966408825791472,0.8855037859368148,0.16736678972879054,0.0056046083081588895,-0.43341708135705864,-0.6923807627368938,1.215288326346472,0.036799849597012046,4.512940990608842,4.389162333010692,4.49766070249093,4.374466811936164
10.779943863701522,1.3037603743246873,4.491601330013963,1.4487888699041431,-5.889902128762384,4.856312972581058,-0.20678473106086825,0.8880550655171894,0.16543692536575139,0.03888402673893699,-0.42718612484212437,-0.6673509036179631,1.2147963966265312,0.04886019974238625,4.566419921640776,4.433391590441019,4.544018843978029,4.4270926519095495
10.82877547049547,1.0155380942551506,4.724777295126081,1.4381166760525554,-5.909822394949945,4.691905058617976,-0.23081626515070175,0.8896266342196292,0.1637881039393417,0.07166344931857929,-0.42025468038521313,-0.643386840291071,1.2013484677167197,0.061066172835070855,4.6342301865537365,4.491552627217195,4.616967426533868,4.507614960563509
10.877607077289417,0.7270755013517212,4.949575056292967,1.426353399842192,-5.899747966703834,4.513307554229359,-0.25180369973103534,0.8903254455944691,0.16203870682092467,0.10373763399569053,-0.41269220880289664,-0.6423830541064542,1.17352404366793,0.07337350198003281,4.734045425416662,4.574689985679007,4.6971207240445,4.603107550779532
10.926438684083363,0.43985077833388464,5.165303090327897,1.4136476330059904,-5.859155079847794,4.32065643412404,-0.2697045397828484,0.8902937103712827,0.15982209967265962,0.13471693257623224,-0.40459641485013853,-0.6352762130178488,1.1189650805259959,0.08574617035948832,4.857455000855797,4.680381792003741,4.791208449637885,4.713164911061082
10.97527029087731,0.1553637745360817,5.371286081374366,1.4001523122795674,-5.787769933235555,4.1144407272714,-0.28437115358421866,0.8896703364664726,0.15719316423562868,0.16385195530392993,-0.39616057337574934,-0.6073333843814754,1.0362755294162322,0.09820414521523133,4.978281168131801,4.813226813646096,4.922623234468822,4.830854165442658
11.024101897671256,-0.1248852606369087,5.566876353834964,1.3860309284766807,-5.685786643688973,3.8952318471672234,-0.2955370360456377,0.8885642639900785,0.15442893583546294,0.19094555690094156,-0.38750441829608107,-0.5755743543293953,0.9750790896368474,0.11074542161828299,5.102578044184886,4.978905979208331,5.082636376513468,4.9478837355453695
11.072933504465205,-0.3994025205457923,5.751445315125584,1.3714564651226795,-5.553125987758598,3.663116828342206,-0.3031799493607188,0.8868539196411656,0.15215929842592207,0.2169273101739807,-0.37854425150121335,-0.5330240088144135,0.9843212577984467,0.12336487211492381,5.2709636211343405,5.117786636831391,5.225853104355881,5.123602150446085
11.121765111259151,-0.6666732884563297,5.924346236398494,1.3565864615091978,-5.389086748072674,3.4173874316896686,-0.3079021865625739,0.8845500443047702,0.15050615356997565,0.24199316310273195,-0.36928917772034897,-0.5002264590147915,0.9417993212106528,0.13583799382425193,5.454816853864695,5.276296070190424,5.383374744843359,5.303748349489163
11.170596718053098,-0.9251546053388388,6.084907611680964,1.3415523714457107,-5.193357855471847,3.1578938088454875,-0.31002771744176627,0.8820016595630348,0.1490132403051421,0.26518565953644974,-0.359946640737882,-0.46348826821779593,0.8592312002731616,0.14844385627385903,5.641388742297196,5.480595248690063,5.567500265692992,5.457842048560482
11.219428324847044,-1.1733060192317328,6.232463213501728,1.3264828022037696,-4.966317593183753,2.8847835949358256,-0.3094499077410248,0.8792386836198903,0.1482299335110834,0.28631317577129534,-0.3507273400653734,-0.38277087332799964,0.8165331232336741,0.16165040487668056,5.839502788904064,5.665018447166029,5.757582098888464,5.659453160298624
11.26825993164099,-1.4096161401862104,6.366332168034825,1.3115065972208588,-4.708732906196243,2.5972915686001876,-0.3062897636261429,0.8762458104125337,0.14866232032009416,0.30544847743928694,-0.34177773669770406,-0.3097142636873553,0.7527709774415876,0.17496241087728348,6.031200732018098,5.854048986932671,5.973620663876053,5.876962063296914
11.317091538434937,-1.632617342724919,6.485794200943755,1.2967505437467388,-4.421538531984716,2.2947827903252476,-0.3004330609180925,0.8733029422339402,0.14967748671588937,0.32257865029014676,-0.3330154873719945,-0.2807777346154301,0.6855506721695136,0.18833273010971355,6.227589127123345,6.050342315192403,6.1977931630236185,6.110150710850029
11.365923145228885,-1.840875850943607,6.590118902035947,1.2823553512995647,-4.105078832057584,1.9775645834122237,-0.291438269569377,0.870713439279095,0.1502078201863281,0.3380151769376597,-0.3241273221711064,-0.30584947713969396,0.6107324348674045,0.2012672862671035,6.446718393221072,6.297342510328582,6.4129308512579914,6.311171804561208
11.414754752022832,-2.0329552170046084,6.678617824554123,1.2684901730141203,-3.7589922187051608,1.6468483815370478,-0.27866716423552806,0.8684448669196664,0.15025148124390164,0.35211950244762985,-0.3150505424275642,-0.2891836123884952,0.5709759436671117,0.21353023904654875,6.6638647416771795,6.535602291020854,6.643494727349513,6.536410444653987
11.463586358816778,-2.2074002539609197,6.7506467081337584,1.2553449297202974,-3.3829250360071073,1.303083331826231,-0.26198683208417967,0.8662151375319233,0.15048343188907873,0.36534801128148614,-0.3058825830521482,-0.2728471183950159,0.5532925702765817,0.22502234470914131,6.888604314148859,6.784063975733428,6.880872409567157,6.763138298394131
11.512417965610725,-2.3627343112117134,6.8055679930510244,1.2431014092947226,-2.9762973601050025,0.9461717618594123,-0.2418686974159928,0.863798054068352,0.15117536500021678,0.37821994041663654,-0.29659090796672133,-0.24891285625107556,0.5643045888608614,0.23587609577544325,7.143750862530576,7.015133970049001,7.100369513268486,7.018587766577139
11.561249572404671,-2.497447491001334,6.842728332265918,1.2319042716819475,-2.5384614512273025,0.575628720957279,-0.2192149961301738,0.861264384838652,0.15243035541480457,0.3904543277997317,-0.28731789863180707,-0.21556693572211535,0.5251959655354004,0.2461500262503542,7.386660376333096,7.264118457679736,7.34518342370761,7.2645882232164976
11.61008117919862,-2.610017316824764,6.861453736830746,1.2218702956573704,-2.0695794169660333,0.19113020254685542,-0.19419386678318604,0.8588314381352693,0.1541969027278672,0.401545747194602,-0.2782266535377414,-0.18132914831991745,0.49016830652389676,0.2560693136504038,7.6334238811467445,7.525924746675491,7.593786597817134,7.509409798984758
11.658912785992566,-2.6989382699534192,6.861053044673368,1.2131152594774572,-1.5700811546673517,-0.20779602267291,-0.166831289216784,0.8564019951989679,0.1566916604549367,0.4116748149796686,-0.269376841786948,-0.13444509073053956,0.47085356835316794,0.2654387842266112,7.913009064513845,7.737990100685831,7.81863874466324,7.81219427104883
11.707744392786513,-2.762731561639865,6.840804471621769,1.2057544573559396,-1.0407878847568797,-0.6217128430948693,-0.13678143280016533,0.8545693111993973,0.15939497096374977,0.4198140156449453,-0.2609156947807696,-0.11760463650120535,0.33009514698642484,0.27429985071925117,8.223124172122906,7.943507047539668,8.019861366589149,8.129702185590384
11.756575999580459,-2.799999999999994,6.7999999999999865,1.200000000000018,-0.4845597124688414,-1.04924346049538,-0.0998065091454868,0.855025135126928,0.161014366695079,0.4229121858254976,-0.2533132416346364,-0.10335271716634793,0.004892803761633991,0.282590284240703,8.223124172122906,7.943507047539668,8.019861366589149,8.129702185590384
11.811950719367427,-2.809334264732509,6.728604225334317,1.1955734362391788,0.1469977737031,-1.5281535712605545,-0.05859528221236203,0.8597059667286294,0.16073111072978968,0.4176699027891722,-0.24624864514274802,-0.0894755365277193,-0.3947469512660026,0.2913319749414425,7.831523153259784,7.671522607270077,7.744597828062679,7.756940515124288
11.867325439154397,-2.7845205816094833,6.631433476256462,1.1931843211047546,0.7473792348430471,-1.9795665401949074,-0.024351566492202336,0.8675165677070666,0.15877231728858743,0.4055691306139899,-0.2402804466329955,-0.08804951431603969,-0.5579386096697069,0.29950840651523014,7.481033327814199,7.410657233072382,7.489481856608625,7.424826908393813
11.922700158941366,-2.72743557520388,6.510064341736441,1.192652443434903,1.3121538809174937,-2.4019335333135703,0.008837382188956347,0.8761247052735315,0.1560494688872088,0.3913619201184702,-0.2343157293749404,-0.10946501631385107,-0.563357426860855,0.30698563205144064,7.180695383920502,7.124235556996743,7.195377602475731,7.13141201508408
11.978074878728336,-2.640055176370296,6.366106218002315,1.1939204813350084,1.8416185398149598,-2.7953598758160783,0.04043201076777153,0.8845782828527835,0.1528477270329168,0.37715550715753693,-0.22787228545535854,-0.13016236101593592,-0.5562530693599903,0.31365407780208804,6.910789550079055,6.828724318742154,6.884773113369904,6.860769236686721
12.033449598515304,-2.524301164308635,6.2011464513051555,1.1968567197461124,2.3368288301406133,-3.1604018360754766,0.06900293993279559,0.893077663589414,0.14918843377663887,0.36229208688038295,-0.22116050288679154,-0.1358707958385062,-0.6112320113455562,0.31952756095983303,6.619076906420645,6.549706374273466,6.6113383792120715,6.58930054211676
12.088824318302272,-2.382070560327508,6.016743425821432,1.2012864402250447,2.797666182722963,-3.497465557755923,0.09440716839388631,0.9018470887170029,0.1447772385851652,0.3461452974710588,-0.21425787452919282,-0.16603411240512872,-0.6560501559184159,0.32458922094993714,6.348725570705439,6.283513848580917,6.333834841994004,6.322780599014552
12.144199038089242,-2.215264681421815,5.814445272142614,1.2070339692678356,3.224237660030705,-3.8065555381595417,0.11658967251162172,0.9108202812508631,0.13939856772965695,0.328788529662056,-0.20708330872986563,-0.18911633705249278,-0.707331255326804,0.3288123929331324,6.094548022114443,6.026958918908724,6.059973383776785,6.066699024427589
12.19957375787621,-2.0257799377790873,5.5957961201174955,1.2139200756578932,3.6164692864941843,-4.087914889645451,0.13552561114578512,0.9199692019354679,0.13328487084305526,0.3097998328823166,-0.19981549013127173,-0.19400802607695733,-0.7776999609650639,0.3321826709616791,5.830580033101359,5.7715340254882985,5.81829497626995,5.832337989263406
12.254948477663179,-1.8155313787237635,5.362316671822664,1.2217698828607237,3.9738603627235465,-4.342008022783047,0.1513841156348358,0.9292920869824133,0.12608392606345864,0.28898264691788644,-0.19240061183107682,-0.2399503527165092,-0.8469084079634142,0.3346746853913015,5.584340573056328,5.534168312457513,5.58358602706109,5.6064644904130825
12.310323197450149,-1.5864504380144866,5.115522850143822,1.2304195981449926,4.296411282515779,-4.568453600698258,0.16436437751942887,0.9387423164383375,0.11698142538080401,0.2664834265744986,-0.18459211788535707,-0.3076947065370948,-0.9160815788705919,0.3361860863569455,5.36183962940744,5.32169112017964,5.354354987659269,5.384542981092765
12.365697917237117,-1.340457521499492,4.8569677315299975,1.239715342033692,4.584434489801416,-4.766461392271439,0.1745981195738789,0.9481409288795454,0.10588544492482428,0.24231063235548547,-0.17638420089583787,-0.3601227324675985,-0.9826859348758689,0.33673765556416607,5.154626531518752,5.120416764716956,5.14284964808524,5.183950288396912
12.421072637024086,-1.0794582143857046,4.588237151338302,1.2495065828067353,4.8381147180499955,-4.935701854510097,0.1820728546053853,0.9572700095622335,0.09302476809306924,0.21635047366054147,-0.16787190978779137,-0.4091323009632503,-1.0539980430067784,0.3363560752256403,4.966211731695145,4.941832587604458,4.949410113962097,4.997441686000065
12.476447356811056,-0.8053536716533042,4.3109253709297555,1.2596413148176158,5.057439875127592,-5.076187282376806,0.18674920711564252,0.9659052340494735,0.07859936545619244,0.18850917543721432,-0.15912529621278895,-0.4458788573043976,-1.1225635928801365,0.3350463335514106,4.794344073841696,4.779373252608313,4.78106085929891,4.835443280067917
12.531822076598024,-0.5200493922168342,4.026616174331983,1.269964512891498,5.242296691943841,-5.188267433631511,0.18855323330050294,0.9738030799798956,0.06274165880440714,0.15882095542310604,-0.15017882661053694,-0.4863923308033751,-1.1882346741309862,0.33286393895182853,4.645147255471092,4.636146769254655,4.636217782193942,4.699118190530199
12.587196796384994,-0.22545774511469172,3.7368737878559855,1.2803179072779658,5.392559129005527,-5.272234856712065,0.18745356036039382,0.9807461638066884,0.04527429686720548,0.1273107835242275,-0.14101504442031762,-0.5375642212322025,-1.2563180023921416,0.32987925958318637,4.522040479184386,4.529581735216591,4.515171483401727,4.575979085019574
12.642571516171962,0.0764993918270377,3.4432537856070002,1.2905435795430458,5.508029729195423,-5.3281633223797495,0.18347996339016254,0.986465022580355,0.02629304489091565,0.09417895372734186,-0.1316482816439186,-0.5749942172282643,-1.3067566233774899,0.32609446740004006,4.417593750593826,4.450647350124435,4.4290260043242355,4.4793782285749755
12.69794623595893,0.3838913288015654,3.1473032930936777,1.3004837638508333,5.58867044387724,-5.356328649495106,0.17660520756825396,0.9906775288412452,0.00610503738658798,0.06012287596304299,-0.12211061196131398,-0.6130256899005619,-1.3231380770871561,0.3214758924720943,4.347707925143096,4.390635715737318,4.3653428397092116,4.421299460990377
12.7533209557459,0.6947966962120393,2.850553110574956,1.3099781230207137,5.634838237036104,-5.356976713804931,0.1668000217150493,0.9932105884267584,-0.015298568226993275,0.025712605399948425,-0.11243714643846767,-0.6587605555220877,-1.3354760530932352,0.3160001903190805,4.313128439871195,4.361275032325084,4.325744422476094,4.39252425763976
12.808695675532869,1.0073113054311171,2.554531124647238,1.3188666155906397,5.646698082940853,-5.3299518556152075,0.1541200343363601,0.9939516195839936,-0.037924697509729384,-0.009021805129054565,-0.1026881274899229,-0.7002970223083193,-1.3531195819473452,0.3096361710515857,4.3015902576560245,4.376265308490863,4.323795791510878,4.380793406280374
12.864070395319839,1.3195264029495855,2.260782191890619,1.3269913982535544,5.623981700405194,-5.274868516836378,0.13859133085574643,0.9928184934886797,-0.06140161497413071,-0.04366343344730863,-0.09294722136874685,-0.7256110289891556,-1.3363805130161166,0.3023448449345699,4.320733082369424,4.422596820681991,4.352224561339445,4.399013772716101
12.919445115106807,1.6295219072629836,1.9708687875122055,1.3341933992338846,5.566644084469378,-5.191520359444011,0.12018448869693085,0.9898726625196421,-0.08512093713312857,-0.07724962300629386,-0.08332912336675151,-0.7330990722357568,-1.284229644222052,0.29411325305220715,4.3746336814647675,4.4918764317044015,4.405948334609873,4.454276051436486
12.974819834893776,1.9353865259780327,1.686357729105979,1.3403127106416732,5.475002388222248,-5.079929919601308,0.09893827544807776,0.9853154159359624,-0.10856072542752827,-0.10911233887828826,-0.07394392309317317,-0.7271464642345663,-1.2189731231149443,0.28494486989029566,4.474450838362334,4.581664657843595,4.4716956386119735,4.546569800018733
13.030194554680746,2.235225420748971,1.408810872675655,1.3451931274713602,5.349161720598862,-4.940255942475974,0.07494052111703993,0.9793556983386921,-0.13112803724294292,-0.13956188664600808,-0.06477486902808101,-0.6913062360480976,-1.18834903186729,0.2748618474388769,4.575363729620085,4.704448295796803,4.589747812162149,4.6616222437664305
13.085569274467714,2.5271234780535194,1.1397732984276698,1.3486794143888696,5.188320677814697,-4.772901977070476,0.04813102366731845,0.9721863864397844,-0.15253171379886363,-0.16874915415141467,-0.05583214640657454,-0.6643754845307549,-1.1341759047063842,0.263733847055578,4.692042394544947,4.854782980024367,4.743523966206951,4.798882222735368
13.140943994254682,2.809124144405825,0.8807726539894452,1.3506095566824643,4.992010644493264,-4.577975409374825,0.01836772744372537,0.9641017498997733,-0.1731348522895951,-0.19568516316687268,-0.04738875751320175,-0.6601924075379298,-1.0324960461000348,0.2516567435644098,4.856239797733383,5.022550255957692,4.897156262533188,4.963974044183079
13.196318714041652,3.0792750748228324,0.6333475235643861,1.3508167011005503,4.760770715457248,-4.3550041939270665,-0.014371546441100794,0.9554230949517132,-0.19305558260694855,-0.21984613923233629,-0.039632051047637805,-0.6434710757902684,-0.9382859178926843,0.23874742115401504,5.03931388572692,5.2125174332901905,5.072103508279327,5.1505048579700015
13.25169343382862,3.335659433601993,0.39906498299458326,1.3491349031291853,4.495200632911833,-4.103509771420838,-0.05004932307858961,0.9464179124784523,-0.21200717144497574,-0.24144256775492265,-0.03254392060517466,-0.6157989515147356,-0.8485174457656134,0.22481498055721227,5.24723940038506,5.416578114481476,5.2588445257789225,5.361446890085651
13.307068153615589,3.5763886032302232,0.17951272828007328,1.3454017542860974,4.195667921715723,-3.823238072644075,-0.08860030785794519,0.9372727195129356,-0.2297026992923262,-0.2609362533681487,-0.026021688476169997,-0.5745831243007348,-0.7853235158163143,0.2097564598296353,5.469673130746568,5.639455463191999,5.464502692798547,5.587189747794457
13.362442873402559,3.799578036541414,-0.023717915615115763,1.3394553731367285,3.8619083777848995,-3.5143351395913855,-0.13009649029444492,0.9280941194381896,-0.24583152525061072,-0.27896534705704906,-0.019879757581944327,-0.520196102043238,-0.7407268837820266,0.19356122290310934,5.692926446602426,5.871152226599434,5.700105257621428,5.832963425499076
13.417817593189527,4.003312953586822,-0.20905529911293644,1.3311260501181919,3.493175968498756,-3.1772662967516254,-0.1747726540056101,0.9189135583626665,-0.2605679218632812,-0.29582251987709957,-0.014130343480950073,-0.4908317232231535,-0.6977681409894055,0.17633522362386217,5.947016512347213,6.0974407454924435,5.931086274083763,6.110545213550343
13.473192312976497,4.185632847216154,-0.37494293691286185,1.3202177795012684,3.0884491227641058,-2.812030034864615,-0.22352673456797756,0.9093482009253461,-0.27458971071758775,-0.3124377493445439,-0.008745881540918474,-0.4881550794138312,-0.7252606140732142,0.15806823879675472,6.208248462239207,6.350719879750554,6.1773821691141055,6.384178676208604
13.528567032763466,4.344483219356274,-0.5198126616684283,1.3064358297172243,2.6452588137221107,-2.418305163264263,-0.279121367090137,0.898837087492874,-0.2882875016671788,-0.3301154437639892,-0.0034907933313119343,-0.4906080528687377,-0.786169104637161,0.13872784637870314,6.43613234822555,6.718648480376935,6.4757259502527535,6.562013096354301
13.583941752550434,4.477659095345105,-0.6420896376536208,1.2893066806068874,2.161428366258213,-1.9963953746291527,-0.34432724980258345,0.8888032974576339,-0.3002841049520436,-0.3462101649570719,0.0012628472052889864,-0.3797783639423967,-0.6003570896467622,0.11830571408804104,6.580265421205825,7.321745011715644,6.878170945878976,6.524426621488439
13.639316472337404,4.58302473112563,-0.7402672406409161,1.268447275888335,1.6438723618064932,-1.548776498220576,-0.4100424943712317,0.8868084451520353,-0.3048434360043797,-0.347326251174225,0.003197236090493043,0.09312221178499794,0.43672254126813537,0.09683525658900019,6.773973080556203,7.987515819738122,7.221013562654662,6.422898901119927
13.694691192124372,4.659479676310475,-0.813132211801377,1.2447988491099504,1.1252359981876947,-1.0848222419342994,-0.43484867020897283,0.9046139849518132,-0.2902513299825098,-0.31214148111622647,-0.0004946097882411116,1.1513645129653292,2.3415659191087244,0.07383134818467631,7.441107586968177,7.794121581422531,6.8125072402303575,6.8738557719493025
13.750065911911342,4.708757254156256,-0.860744741746428,1.2221993149123422,0.6692224826030042,-0.6450387899490371,-0.3633875833336255,0.937785365739421,-0.24241522361236445,-0.2485758988525252,-0.0029342890484588434,2.617990298083672,2.6177497325666814,0.050886493080606006,6.892368761889428,7.079586163610454,6.892495806664122,7.079455665509591
13.80544063169831,4.735721034284105,-0.8865914594848674,1.2059676053235453,0.3214120111427653,-0.30553079694864216,-0.2062680309408266,0.9683916567042112,-0.17335859863273206,-0.17935141944580602,-0.0014251993186962177,2.6179935678748834,2.61799362454451,0.030166790603242902,6.235043675505464,6.390077294798722,6.235043658276888,6.390077138251292
13.860815351485279,4.747032473016982,-0.8972582947359499,1.1988502914085013,0.10418095938915395,-0.09691182024450228,-0.04050962601847498,0.9888301523637766,-0.10238667144954054,-0.10833246527473399,-0.0004084477067054055,2.617993732420945,2.6179937564637576,0.012996817542032794,5.133744947508094,5.234686941740452,5.247163802028996,5.348107128656445
13.916190071272247,4.749832590672375,-0.8998463313494395,1.1988114256551268,0.012078118633330468,-0.011086983923458561,0.04333166221203287,0.9987906178535941,-0.0332553554272636,-0.03622804666212023,-2.515854072088694e-05,2.4031852388230104,2.6179924949155025,0.0018168834293311059,4.142905704271257,2.7769096248775247,4.029486837055457,5.428271405162139
13.971564791059217,4.749999999999988,-0.9000000000000045,1.199999999999993,1.1830338452899909e-14,1.0846982052053551e-14,3.3839028733607868e-15,0.9999999651641189,-1.1514285567016225e-12,6.868806294141697e-13,1.804309678616938e-13,1.625490346714797e-14,-3.0630941294885893e-15,-3.807806680274045e-14,4.142905704271257,2.7769096248775247,4.029486837055457,5.428271405162139
