t,p_x,p_y,p_z,v_x,v_y,v_z,q_w,q_x,q_y,q_z,omega_x,omega_y,omega_z,u_1,u_2,u_3,u_4
0.0,-5.0000000000000435,4.499999999997218,1.199999999999579,-3.1733938236101805e-13,-3.5546301785414093e-12,-6.545629448173704e-13,0.9999999884108285,2.7194625893442083e-11,1.0096389630624559e-10,-9.898942790349549e-12,3.01950363954557e-13,1.1647716251484299e-12,-2.223688289482608e-13,5.957580798717001,7.810284035027182,5.837695306188931,4.468592893214314
0.04422646879610129,-4.999882886191674,4.499874620288488,1.2033965257106667,0.01057637129359497,-0.011336683251393045,0.15328818665406563,0.9992286982581942,0.028938711580905878,0.026992563371918632,-0.00023558062709444323,2.6179930580133846,2.4392671032495463,-0.02135093720568092,6.983826548323184,6.269138901945351,6.075161090072685,7.177804790610579
0.08845293759220257,-4.998202663900352,4.497996726855243,1.2147634962677047,0.07355503302076197,-0.08594569514450832,0.3585415769068485,0.9941414882142898,0.08664739101021597,0.06563962733448139,-0.0016294421553988245,2.6179927326295993,1.062635850756491,-0.038472296538433225,7.427654661269903,6.962953201451013,6.7685303363495315,7.622078739063424
0.13267940638830386,-4.9927481363561235,4.490930744198661,1.236052711836662,0.17542974480882062,-0.24676054059828897,0.6006458186186444,0.9865336701125351,0.14394515532449986,0.07786503755875548,-0.005601403851589099,2.6179918174851924,0.06207125712001599,-0.05564872779731262,7.177157658831301,7.974226526279749,7.768384956801153,7.383002563687874
0.17690587518440515,-4.9824531362111015,4.47475975265529,1.2682980202161223,0.2919267584212173,-0.49792966360266977,0.8522146465180411,0.9755793346495003,0.20075204150757106,0.08867055715133808,-0.009707936184156836,2.6179892952608887,0.958749435771884,-0.07386083751047118,7.505442989238691,8.035635279521232,7.786214671577016,7.754864522847669
0.22113234398050644,-4.966479654027279,4.44555668356799,1.3112385466715006,0.4355913681829923,-0.8356571504750839,1.0817736219477692,0.959683509284808,0.2568833087427335,0.11356530926155851,-0.011354979243154132,2.617988569961008,1.3854061378181144,-0.09598070475262051,7.705942905774935,7.860731071327063,7.538023796562801,8.028659829685166
0.2653588127766077,-4.943384001024332,4.399732546337964,1.3632325454525744,0.6140152270937284,-1.2485996994632798,1.2597312940461665,0.939657288103352,0.3118990050677178,0.13999252578844212,-0.013151318434874083,2.6179809835761407,1.1294960493097974,-0.12466013337453691,7.577425007169113,7.141680351274566,7.272329025499283,8.487754554326688
0.30958528157270904,-4.911912095497038,4.334360408451182,1.421552159009515,0.8100876745056182,-1.7170413467839842,1.369094492002664,0.9215206911495782,0.357403268048564,0.15070468020320865,-0.019686590816258714,1.8324310820248102,-0.11944172556808413,-0.15932381976945992,6.621028853225921,6.621265008399425,7.843981904821864,8.3662721962209
0.3538117503688103,-4.871984511097959,4.247635519064292,1.4834439620626019,0.9932274307799018,-2.207798529881006,1.4275744392686476,0.9167628836946248,0.371060197864122,0.14532939699701597,-0.028089488782590988,-0.41563859223014593,-0.513154082759045,-0.18243945716575222,6.933543787373884,6.627445056001759,7.1266022077563935,7.71905288607475
0.39803821916491156,-4.824416329910215,4.139539412572746,1.5475977376700372,1.1544257883152933,-2.677409609756974,1.4776045354309846,0.9264429557900125,0.3514916976411444,0.13008477334539137,-0.03599690806425603,-1.3861701481608528,-1.1935734556436453,-0.1949388359119231,6.724198155865179,7.129149444797044,6.749734847197182,6.8189757105509194
0.44226468796101287,-4.77036240962852,4.011569341941444,1.6142504173112806,1.2859745645286242,-3.1049961773686694,1.5415104179576653,0.93865093651484,0.32365603771937956,0.11075332375502654,-0.04481546052237896,-1.1694379868885754,-0.9397247444045721,-0.21580925151741936,6.428106453506496,7.093192031268077,6.471909197042454,6.400247986425374
0.4864911567571142,-4.711073952217516,3.8656303262291445,1.6839208646856807,1.393006581911399,-3.491266235634045,1.6120302841135317,0.9463346501755074,0.30319533368225204,0.099569666254714,-0.05206385262436243,-0.6781429401783344,-0.3816396622866224,-0.24200120703712827,6.163690824953926,6.616227177750658,6.230114144739626,6.344001054717529
0.5307176255532154,-4.647368434298784,3.7033400553929616,1.7566138694563478,1.4875411030087327,-3.845707016613506,1.6766641391078363,0.9504932429909809,0.2897610218877787,0.09670446126466213,-0.057793746007001295,-0.5226414286305141,-0.12424502996722095,-0.2669905316247977,5.917329903078897,6.171401332591968,5.984884813343248,6.270134904408102
0.5749440943493167,-4.579619287506803,3.5259660568377154,1.8319316568664725,1.5764899553037715,-4.173443944790414,1.7304740292258634,0.9540819863548503,0.2766447458961741,0.09642384411129969,-0.06329165350409911,-0.6492253410020823,-0.148008555216498,-0.2907891540146267,5.71492592655019,5.8880538736786985,5.736044709940405,6.027677339723223
0.6191705631454181,-4.5080346849723085,3.3346866697804862,1.909397101590868,1.6608854582029677,-4.4740286940711815,1.7740292219983806,0.9582856259677213,0.26069759315679786,0.09521329646665251,-0.0693116128440235,-0.7712520011094939,-0.23798475617044457,-0.31128644747879003,5.419279373326524,5.686833206282553,5.592531834548658,5.728642385384178
0.6633970319415193,-4.432825407917916,3.130733914695383,1.9885877635908118,1.7405172690335484,-4.746014074036159,1.8086573767328087,0.9629209848653187,0.2416042420926443,0.09438912503811714,-0.07539006995806519,-0.9339606927269675,-0.13872843924760064,-0.3290939423734326,5.114270594438642,5.446256245742349,5.464707032550483,5.513257769595316
0.7076235007376206,-4.354144471372064,2.915409371081213,2.0691322178481713,1.8185893507300153,-4.98748854610672,1.835370735269315,0.96796548846401,0.21751365099237988,0.09734199596144047,-0.0804637513001175,-1.2497817224359404,0.07538297748852921,-0.34592337649442195,4.950016470261805,5.204760721343571,5.237406660596811,5.326848812325163
0.7518499695337219,-4.2719404834785495,2.6901345351888035,2.150711360335261,1.9005570834170433,-5.194977418423864,1.8555132437435375,0.9733041402332024,0.18680618015101633,0.10446624357857452,-0.0843209161728522,-1.5597100039909617,0.20011388682222112,-0.36118492021742027,4.872848598791943,4.999368485587306,4.981373189539188,5.121586862734258
0.7960764383298231,-4.185949952503966,2.456492053694065,2.2330558206302102,1.9900215584891596,-5.36510179261693,1.869846733396269,0.9782899925609042,0.15072714357216113,0.1131958198120446,-0.08756921598176065,-1.734344243600146,0.18974107811076424,-0.37302763146391593,4.79574685478507,4.832744050717019,4.759208032094669,4.918037864546268
0.8403029071259245,-4.095821940053927,2.216174050892719,2.3159049615689318,2.087356864125825,-5.496515967073151,1.878022096854713,0.9822729586848489,0.11201799167415963,0.12087912408818294,-0.09080575888142785,-1.7708824672149563,0.09749922750808651,-0.3817305158854346,4.699034952874949,4.693726249894822,4.573219326447356,4.74939623040297
0.8845293759220257,-4.001241972099224,1.9708793656237735,2.398969896839492,2.1907548166092226,-5.590192999961969,1.8792371119952744,0.984978635022407,0.07307908121862704,0.12586152533177047,-0.09435366027771068,-1.7171103322907935,-0.039978719641378696,-0.38933565575880424,4.556650304328299,4.50270422223746,4.467566864454102,4.685152171749724
0.928755844718127,-3.9020018531344136,1.722233930100475,2.481932311848789,2.297370271221758,-5.6479920923912035,1.8730962834687968,0.9865980047981237,0.033464617678654086,0.1269204188093054,-0.09814025370605446,-1.7877070806989537,-0.2458257650472687,-0.3966375869432847,4.391689553684628,4.42147703658758,4.4427248097535506,4.548253527516506
0.9729823135142284,-3.798024166525099,1.4718190227432424,2.5644724204189897,2.4045078058543483,-5.669868145915356,1.859803309313611,0.986962442403147,-0.008768542917189332,0.12512677948662304,-0.10175190398807446,-1.9229335815438373,-0.30328560115124326,-0.4026904116235174,4.354524423478708,4.388802352723509,4.350694251377312,4.4057246515563255
1.0172087823103295,-3.689304665720545,1.2212448381699805,2.6462709094885666,2.5116226208632906,-5.655023610644358,1.8390813387667728,0.9855584214183216,-0.05266375668513968,0.12247613164088916,-0.10509306440151722,-1.9327213726651151,-0.31863860477263667,-0.4066958176319713,4.339809078110082,4.32222339115317,4.29978279373797,4.344047550081372
1.0614352511064309,-3.5758421279937775,0.972130022793318,2.726989491415832,2.61880742863218,-5.6039572857859845,1.8104820861168756,0.9823204052983179,-0.09648780411226048,0.11890273916814491,-0.10824982599855058,-1.9189911461549605,-0.36556023875234,-0.40790966278060165,4.338279311151241,4.305066790146085,4.2818164252855,4.301372369531647
1.1056617199025323,-3.457638195584425,0.7260618769724316,2.8062743947385447,2.725818556288981,-5.517415593624574,1.7737940308192903,0.9773612791159084,-0.13958806920252362,0.11407630450174326,-0.11118736189615053,-1.8732453207120479,-0.40564032802842553,-0.40732366654453694,4.3528399964247715,4.31827214580174,4.297949255156551,4.29329488027173
1.1498881886986334,-3.334707957649129,0.4845944466794777,2.8837663751383174,2.8323724659502854,-5.396155289088562,1.7289834477559713,0.9708264468379268,-0.18134450623010587,0.1082191756145859,-0.11392893931194623,-1.8123547659722843,-0.42816003271349634,-0.4055953789102133,4.3896102461109345,4.38676742345391,4.3471782058210655,4.288300629220422
1.1941146574947348,-3.2070735257296423,0.24924806830805163,2.9591069172819933,2.9385251687459433,-5.240969229536294,1.67612735341997,0.9629194252736353,-0.2209413979853552,0.10217271621173203,-0.11667401999104003,-1.7054923489813347,-0.3855486980104972,-0.4028611204661354,4.436898118977732,4.441981635728906,4.435319384719933,4.357987435547939
1.2383411262908361,-3.07473703643989,0.021500587066960536,3.0319438859693495,3.045147512107811,-5.05288850001971,1.6154128144951891,0.9537944365652874,-0.258215337734817,0.09687927546903763,-0.11962985726119493,-1.6409769034141353,-0.3230245443202123,-0.39965319762092977,4.532063278380205,4.509240837595978,4.52535297855296,4.4723366356155685
1.2825675950869373,-2.9376490967312137,-0.19720344685030466,3.1019286082767876,3.153555788542936,-4.832241088082018,1.5467537254597663,0.9434640474683217,-0.2939741799611754,0.09225215907570461,-0.12268280351460015,-1.6085795743435,-0.3001720888573014,-0.39628044112043415,4.685065844832945,4.648924225694238,4.606141632916187,4.5670274416827175
1.3267940638830387,-2.795708922309862,-0.4054164610629382,3.1687012707112983,3.2646431486752,-4.578735478962051,1.4698454714914844,0.9323294248448443,-0.32769584341971303,0.08758965612067994,-0.12572532656090127,-1.4872878088238952,-0.29786460655159475,-0.3929307847069345,4.885276062661495,4.819963984229718,4.683119092209718,4.681910257611661
1.3710205326791398,-2.6487931662060653,-0.6016919356741318,3.2319029551567873,3.3784554505994486,-4.29291378144196,1.3852628718777364,0.9215341245051912,-0.3571920300849126,0.08185222571229213,-0.12874520069124618,-1.2299132751677007,-0.34618290447545086,-0.3899711485275244,5.031371938215679,4.957426174049162,4.854354352402012,4.8774789374608
1.4152470014752412,-2.4968047786831757,-0.7846341648218698,3.291236669834603,3.49377499972083,-3.9763117549288114,1.2951259255783516,0.9118114340203454,-0.38192326833435264,0.07417784709305338,-0.1315315474274254,-1.0352279217481601,-0.419428745048539,-0.38771723085765886,5.147615469357144,5.095894595960941,5.101942659541124,5.102136173822956
1.4594734702713426,-2.339715460683768,-0.9529018012711395,3.3465003918584686,3.608931774234601,-3.6295244109684095,1.201196267652336,0.902477896792116,-0.40427486002705143,0.06500223967407566,-0.13389637131245852,-1.0054678594031219,-0.4589808112714655,-0.38543460232642457,5.316515754204609,5.295768952508139,5.335965242533238,5.293313525332964
1.5036999390674437,-2.177555442817803,-1.105140016880473,3.397526723288246,3.7231012168364503,-3.251446512320609,1.1032144394692989,0.8926359230774337,-0.42621977054655363,0.055550647343115045,-0.1360324418879314,-1.0184341600273312,-0.4423834974639633,-0.3826263057028015,5.550283935489433,5.51753122523975,5.539079726587889,5.488875938801941
1.547926407863545,-2.010366428581765,-1.239932119289425,3.444107100105333,3.836472421257098,-2.8406359297173607,0.9998476925604787,0.8822750576772718,-0.4476619628387838,0.046360400141909106,-0.1381638265017507,-0.9881424805699432,-0.42917721071662474,-0.3789482472318782,5.7917418510248995,5.745125572092527,5.761270426577607,5.706098562472391
1.5921528766596462,-1.838178991973965,-1.3558082137026919,3.485976902690151,3.949220107985276,-2.396163483425077,0.8900076719182908,0.8717687344488521,-0.4679803507457232,0.03724598955227724,-0.14026567242180688,-0.935684936404208,-0.42276482149184097,-0.3744321857213362,6.028241083421009,5.97688035352715,6.01053444298897,5.945193993394957
1.6363793454557476,-1.6610218421255298,-1.4512667894647278,3.522830944349318,4.061290069517415,-1.9174604719338544,0.7728673909938119,0.8612201812510265,-0.48713559484750757,0.028187236933139195,-0.14231137505511132,-0.8986393159917342,-0.41232143718314934,-0.3692526626046532,6.29651850922756,6.253263943520101,6.249266074670954,6.161037988023236
1.680605814251849,-1.4789254433422245,-1.5247843952581568,3.5543270373594797,4.172699192220598,-1.4041711008962119,0.6476938179938085,0.8509917073552165,-0.5046092710470533,0.019369136974131708,-0.14445315929756178,-0.7931266671522226,-0.37852154972390134,-0.3634183686557531,6.5912473981434445,6.5740033602537125,6.480284436704381,6.350954740977417
1.72483228304795,-1.291915624938366,-1.5748423673626648,3.5801215160330484,4.283666412214196,-0.857051040372586,0.5155386904524806,0.8424123769189086,-0.5183133554603377,0.011145386554723543,-0.14715418862539398,-0.5403104752365325,-0.2938414570139568,-0.35691440198725594,6.87978189365428,6.914136344436066,6.725850074238925,6.542008892425669
1.7690587518440515,-1.1000000000002446,-1.5999999999973538,3.6000000000007297,4.394886275940942,-0.27895950915606404,0.3814674741831403,0.8373539848519337,-0.5254191461816878,0.004258033492610143,-0.1512116413313179,-0.14239154044332217,-0.12852442333468078,-0.35028223817504667,6.87978189365428,6.914136344436066,6.725850074238925,6.542008892425669
1.818033594633392,-0.8817963982195757,-1.5978852131341894,3.614931661244877,4.515388946190575,0.36487810975407925,0.22874210809193116,0.8368163154762841,-0.524370269045817,-0.0012655649172151852,-0.1577761539018457,0.2605325397768101,0.046514260032448074,-0.3429892215819042,6.608301168034652,6.607868505183564,6.503047855833342,6.359093029205891
1.8670084374227327,-0.6578315593801168,-1.5648961107568746,3.6222231812647188,4.63033695699844,0.9808692525001389,0.07132024978245054,0.8406926134569779,-0.5155133679493664,-0.005021041253865403,-0.16605283607774868,0.5570149914317536,0.16655066219235823,-0.3359258942138314,6.328062417433306,6.291615050730824,6.2869343092215955,6.176088754082511
1.9159832802120733,-0.4283478187605199,-1.5025148353173976,3.6218746987092425,4.7407743248303875,1.5645775632239005,-0.08229931161474284,0.8470900153188842,-0.5017529120621851,-0.007679930369528848,-0.1752642171462799,0.6880841608596201,0.22867844811642743,-0.3287170788293661,6.067447367932854,5.9967105530624405,6.065951242262609,5.982884944923282
1.964958123001414,-0.19355710040818894,-1.4123726796438976,3.6141648380698648,4.846991234013138,2.114347607017479,-0.22916085325939767,0.8541055920903826,-0.486170509039398,-0.009805977477276472,-0.18469449994542886,0.7008363775822182,0.2389610800103148,-0.3211879222784552,5.842591469043363,5.769238897928398,5.828086049495821,5.7321598699458445
2.0139329657907545,0.04633111914895755,-1.2961287843346463,3.599419946343844,4.948853822536235,2.6304308714753586,-0.3696963066823648,0.8611548815728208,-0.46975166879141456,-0.011659562559081108,-0.19405462168233154,0.7439427984708509,0.2578732725486925,-0.3129018932169178,5.633032418406774,5.566728981508007,5.595539253711993,5.468193452391237
2.062907808580095,0.2910980619099745,-1.1554253148785454,3.5779402625570795,5.046158104879844,3.112970748347873,-0.5040886764292359,0.8687744594663727,-0.45130904054806054,-0.01304523925558965,-0.20352023567448635,0.8577407957645471,0.3089942984616936,-0.30342437171856557,5.425172680963986,5.347496694723194,5.376978506292482,5.241542536770118
2.1118826513694358,0.5405158949330591,-0.9919207181859591,3.55004915332775,5.1387059900303464,3.5611702650215187,-0.631288637019846,0.8773203581274611,-0.4297929302966416,-0.013861487774672478,-0.21317321896226454,0.9868043947815599,0.3574416127060425,-0.2929946527966435,5.2141728496441155,5.118688754335188,5.169346675128474,5.0578015253448205
2.160857494158776,0.7943414639064086,-0.807320618688469,3.5161266269226115,5.22601745644495,3.9740844790956924,-0.7502910237061992,0.8864643901490497,-0.4054863860273613,-0.014457388708721104,-0.22275122288154794,1.0754112894813215,0.3710339822916156,-0.2828587871968256,5.0043879900664345,4.901077209123545,4.9754663012120455,4.894053661324556
2.209832336948117,1.0522987926342595,-0.6033594057602816,3.4765760538556405,5.30725155758979,4.351615378344393,-0.8612585581789703,0.8955323603805531,-0.37958174448810106,-0.015312755454712734,-0.2319042391426849,1.1056383204791849,0.35281740013945073,-0.27380859406178815,4.804213060883003,4.713537140927161,4.799211121843841,4.72475699848056
2.2588071797374574,1.3140690778841995,-0.3817479776347704,3.431763498933674,5.381587974855121,4.694805445413551,-0.965474690409316,0.9040013238092135,-0.35317258932714796,-0.016488914499312207,-0.24052482737658568,1.1005266382592036,0.3392645698617882,-0.2657111144215553,4.630624733498667,4.569865349685972,4.631482574869061,4.534785441760751
2.307782022526798,1.5793048491900652,-0.14412985118394595,3.3819833297763915,5.448732657984408,5.005189969765017,-1.0643965398829838,0.9118527677594752,-0.3261512590709111,-0.017469424009993188,-0.24883110913844067,1.1292421088632485,0.3692986086203764,-0.2579853663070218,4.48926735625117,4.4379006911992676,4.46982526766252,4.359580021614083
2.3567568653161386,1.8476575908996735,0.10791342434356743,3.327477086215436,5.508869137711353,5.283627855196035,-1.1586314363734629,0.9193867749807254,-0.29735687891705803,-0.017826368834948682,-0.25703219444731074,1.2111992062875436,0.41856638116997713,-0.2500564364572762,4.362827744604733,4.298680119162795,4.331969836178955,4.224529112363721
2.4057317081054794,2.118786751619553,0.3728195841499628,3.2684785117044948,5.562060235666848,5.530125520317383,-1.2479858825829846,0.9266688379396169,-0.2660802758933851,-0.017678892288013306,-0.2650631152995652,1.299103817917419,0.4548283274400376,-0.24164221564711424,4.244586822989809,4.1692945723431,4.223286861470239,4.12059530011599
2.45470655089482,2.3923471394716436,0.6490205619805927,3.205235541566963,5.6080791667100165,5.744576891954686,-1.3321791485609003,0.9334217561443967,-0.23264767755444002,-0.017258438992562602,-0.2727517251415147,1.35765222308315,0.47778789983760767,-0.23291689146752445,4.150576105038788,4.0724249679233715,4.130462733407176,4.02880718504557
2.50368139368416,2.6679806234901395,0.9349502618415477,3.1380049162765653,5.646654644499166,5.9271753999421355,-1.411121784345993,0.9393686888502477,-0.19750319829608418,-0.01664980991423937,-0.279989367861799,1.411001365985314,0.49758558428709,-0.22410165492239556,4.06834892889109,4.001385662915943,4.078065212479065,3.9499070541555716
2.552656236473501,2.9453168869899593,1.2290526057897673,3.0670476608266832,5.677616215399925,6.078081309458457,-1.4846942014263182,0.9443147702139446,-0.16083340680233474,-0.015454777000482704,-0.2867811075616479,1.4459473882625375,0.548936935954772,-0.2145390413978591,4.023244992822016,3.9424970137299185,4.034082391841216,3.9101264673832294
2.601631079262842,3.2239881181468393,1.5297733175860881,2.992632931498268,5.701223511878094,6.197235573371149,-1.5526858505011578,0.9480729000904418,-0.12301405237980947,-0.013369019142328912,-0.2930956383343748,1.4640139681850604,0.5852403993194858,-0.20450848158297305,4.017006664431595,3.9122020338462655,4.0031562696018606,3.889361425186262
2.6506059220521823,3.5036390776975574,1.835553345603505,2.915039768053526,5.717609526763346,6.284520066645404,-1.6148919165843443,0.950547808446892,-0.0842880507996318,-0.01089968209394146,-0.29879028131480956,1.4947855377484707,0.592710454582894,-0.19380034676370253,4.018608265212148,3.906505530004437,4.012049461604044,3.8970998530921865
2.6995807648415227,3.7839078208222334,2.1448230753649873,2.834557299042543,5.726385163413145,6.339617218205265,-1.6711005365573937,0.9516676859455889,-0.044883361305996974,-0.008440003740892764,-0.3037674043917134,1.5081617969367864,0.5950360648207803,-0.18268093230019308,4.026071305150536,3.9176883013757036,4.061170035930274,3.94253972221696
2.7485556076308635,4.064410758663251,2.455995272000072,2.7514827138521967,5.7271883039235725,6.362201425359291,-1.7211920839450687,0.9513624521864131,-0.005800400058728206,-0.005689622542061687,-0.30801384530408954,1.45785997807882,0.6036404685240125,-0.17156447657165808,4.067225313277279,3.9588793360371324,4.120882383132424,4.012124673203145
2.7975304504202043,4.344760604836969,2.7674768010563584,2.6661160689622125,5.720253220579129,6.352394231156916,-1.7651298481199647,0.9497117368466643,0.031693597538814774,-0.0022967150649933583,-0.3115558406532363,1.3682824740878574,0.6039733396187229,-0.16093019830254415,4.154260802465157,4.0425294722656275,4.18875841792627,4.079917083304842
2.8465052932095447,4.62459094403526,3.0776895426106345,2.578760201826124,5.706089595517211,6.310563000606592,-1.8028105696977252,0.9469025114563276,0.06739373081547297,0.0016344004355756858,-0.3144258587778844,1.30809853355083,0.6014257557068377,-0.15012447046086747,4.265494732944077,4.142621674064904,4.2832787674722885,4.169875664721904
2.895480135998885,4.9035543962951875,3.385062324200793,2.489723209032958,5.6849034782948396,6.236529686451532,-1.8341422175881001,0.9430649677786421,0.10183483567970941,0.005796939918334045,-0.31664373594496265,1.2704359739863236,0.5934500594730965,-0.1385509603339777,4.376848597252399,4.245836167586296,4.412058583147742,4.3053549813583265
2.944454978788226,5.181305060523223,3.6880027695335285,2.3993138955866664,5.656615346188525,6.129721257239731,-1.8591783092393215,0.9383609979818129,0.13469807285878652,0.01004994312184476,-0.3182462786214907,1.1910762288344308,0.5730849759609956,-0.12690515569717625,4.51483692815794,4.384566010883649,4.553292845347289,4.442362504052427
2.9934298215775663,5.45749668292741,3.9848989650901863,2.307837825333985,5.6213352724763235,5.989939028687688,-1.877974232816732,0.9330240164331088,0.16544309063728055,0.014458473854758591,-0.3192821770100777,1.1104805828473963,0.5569514971563223,-0.11508800262371112,4.6670362622618216,4.5366098248319595,4.711697941584601,4.60358337037667
3.0424046643669067,5.731793520505625,4.27413261686074,2.215597932597135,5.579365791815982,5.817068453478488,-1.8905842865362634,0.9272697062330203,0.19391620722039168,0.01909061908538607,-0.3197922456130138,1.0170157223501086,0.5382987520894335,-0.10340022225534083,4.847373001086616,4.711540194338545,4.871377294858049,4.7746022666283086
3.0913795071562475,6.003878150621955,4.554082972821419,2.1228957591741646,5.53109488426871,5.611116010961065,-1.897015600832454,0.9212644535287555,0.22015055062801026,0.023721060466746432,-0.31986722506301063,0.9441557162646961,0.5055657689340307,-0.09200370642292519,5.030714244530544,4.9054287593645,5.0550979159177425,4.95512841533764
3.1403543499455884,6.273445295735045,4.823128598138315,2.0300314771197088,5.476621268390225,5.3719986233909065,-1.8973439922588784,0.9150826511276356,0.2445017788153317,0.028190808589067806,-0.3195672405129421,0.8820540799988129,0.48420086115703725,-0.08096887962493018,5.237451175235368,5.102397416715463,5.24682683201642,5.1512715470732084
3.1893291927349288,6.54019231334056,5.079638648556504,1.9372985039252812,5.415967542859568,5.099421048324736,-1.891776078341893,0.9087760427996624,0.2672485765929143,0.03239676802100824,-0.31894074008485934,0.8332043577723107,0.45095917572462857,-0.06967475529078683,5.420685595255694,5.31050994785958,5.472111742897931,5.370560345067033
3.238304035524269,6.803814250908519,5.321967843062397,1.844978342214993,5.34912416039665,4.793143850696377,-1.8805464064326496,0.9025523247036051,0.28811721683979524,0.03661897241956304,-0.3179717328592627,0.7397602434327301,0.44369245751579434,-0.05930194815279657,5.6470357031306975,5.548837139755019,5.677126922509855,5.57590460378252
3.28727887831361,7.064025304993691,5.54846592915588,1.7533472885010781,5.27688761044347,4.453116186064687,-1.8636820809620958,0.8964965628546177,0.30728410256008276,0.04125353526204542,-0.31659031088420014,0.6919086822596069,0.4462726589965491,-0.049529934167599925,5.89779047881077,5.769089931897116,5.8848012691462,5.807023469974301
3.336253721102951,7.32057774486849,5.757468908503729,1.6626729166961247,5.199768741141361,4.078813363289132,-1.8415746334801708,0.8904335876247594,0.32543102574394955,0.04562603963372926,-0.31498774205744995,0.6710867540412057,0.40372468416490404,-0.03941314285547706,6.142084432808955,5.989430715110769,6.120011484542897,6.04786427093062
3.385228563892291,7.573219779747762,5.947288450110227,1.5731986336365877,5.11708295415504,3.6699075163389887,-1.814727873443608,0.8843923863607706,0.3424926883589082,0.048897113216880325,-0.31345693280491327,0.6406853842059761,0.3363412476633316,-0.02840099957297265,6.386263224651487,6.2345953911408625,6.368451911349751,6.277816380317558
3.4342034066816316,7.8216477643059665,6.116233988216813,1.485149255012209,5.027545617371195,3.2265836159381283,-1.783407900126521,0.878445565451639,0.35844250134638506,0.05097613086413995,-0.31203721003374885,0.6191628477323705,0.285233836968246,-0.016533759605313097,6.636682630592022,6.45349779845398,6.630787244402599,6.537946724443913
3.4831782494709724,8.065495072786078,6.262626704371629,1.3987383958224098,4.929920833857535,2.74918462068485,-1.7477454716468748,0.872822255085815,0.372888208989485,0.0519076898553346,-0.31074817310800035,0.5532348381314345,0.20961497652152203,-0.0030190849883166204,6.902783410317961,6.727159932128878,6.883611827865863,6.758709445047907
3.5321530922603133,8.304337064927058,6.384822479350703,1.314191433908903,4.823024530954725,2.2386780594337776,-1.7072319609218485,0.8675298692059797,0.3860181552108144,0.051736123450287705,-0.3095622407672735,0.5427751410221644,0.16752070171733185,0.011694222107095718,7.132474223548736,6.950326561687343,7.191285237410789,7.030986227436229
3.5811279350496537,8.53769298041643,6.481211460932964,1.231748548321181,4.705959787853905,1.6955226600766415,-1.6616968564272616,0.8628396522414921,0.3975348820048225,0.05124214556221575,-0.3081889020933419,0.426172553382589,0.14925639142288583,0.028456840980341257,7.4375913305406804,7.2390850314770105,7.4305239879455804,7.247230257053066
3.630102777838994,8.765079869745994,6.550220607979804,1.1516842906527858,4.579362494441503,1.1207291572094031,-1.609988595496571,0.8587456943802476,0.4076553125372373,0.05066606650312222,-0.30649741597268515,0.4256338920344432,0.13630706731283937,0.0471417765863186,7.710569217681971,7.44941167500277,7.705415526393072,7.555395912979478
3.679077620628335,8.986024844051343,6.590307657093631,1.074308459060748,4.442712071211341,0.5146711335598516,-1.551758903017796,0.8551834549198577,0.41645723121386014,0.04908210348769351,-0.30485205882117605,0.3412460641618478,0.04331881271917302,0.06725872354868592,7.976161224178389,7.636372541131257,7.973512640928867,7.915620265850137
3.7280524634176757,9.200000000000438,6.5999999999998975,0.999999999999421,4.294365985844631,-0.11950959165894467,-1.4837147069800782,0.8535260899884141,0.42071757871333987,0.0450339061992222,-0.3042663793792781,0.10943662877173822,-0.19285098947297094,0.08671485310484754,7.976161224178389,7.636372541131257,7.973512640928867,7.915620265850137
3.773477115332542,9.391770024624849,6.58113006606608,0.9340917973289208,4.147660015286754,-0.7103472861902818,-1.4175042680371672,0.8546284972306673,0.4183466735907039,0.038169331063867495,-0.3053978936015796,-0.1412489951942345,-0.43309956895230506,0.1028237600494714,7.862873508594706,7.634450838949017,7.846880012402299,7.744517162416557
3.8189017672474086,9.576731188050976,6.5358712939732975,0.8711040407843724,3.994323545934033,-1.2804483554904864,-1.3542000255584967,0.8574464814417978,0.4116433989035863,0.02900030206109357,-0.3076588748561405,-0.21432297040898235,-0.530998118096677,0.11784810455696615,7.683213389095548,7.516250546257694,7.697917644255873,7.573479056794917
3.8643264191622757,9.754557811423167,6.465247963379481,0.8109942384136014,3.833458099858846,-1.8267456281377152,-1.2905126037918695,0.8608718740568923,0.4031766408995114,0.018863738948165603,-0.3101603336798559,-0.2701903097747978,-0.5640223582138953,0.13108348024079575,7.503080617899297,7.380085715077311,7.555299169123438,7.433964975783229
3.9097510710771424,9.924912314868646,6.370371458381647,0.7538126984838731,3.6654960377724497,-2.3480255248954847,-1.2250896958849324,0.8648426947952935,0.39315159518880693,0.008747030345321555,-0.31248109332383855,-0.3526222440311106,-0.5653164977510317,0.1421804155037462,7.336099860764854,7.259856317066441,7.410733723877216,7.288137351905075
3.955175722992009,10.08750680409153,6.252398193563396,0.699665432346926,3.4921438899677377,-2.84346248101446,-1.1567644216964659,0.8693896838366966,0.3815375476792716,-0.0005545199448895146,-0.3143531485149491,-0.4325722613058436,-0.5293046371180261,0.1512102432652696,7.201487081271813,7.155105789400118,7.252830250337142,7.130384070717401
4.000600374906876,10.24215027539519,6.11250843952593,0.6487025782320092,3.3158012583985066,-3.312953969675535,-1.084895361507758,0.8742064539616499,0.3691466043687232,-0.008624929889972823,-0.31556930188641286,-0.4532156758519138,-0.47022703121541537,0.15887627549700473,7.092450047001452,7.036059806584314,7.0854617509896975,6.994065525744232
4.046025026821742,10.388752667479997,5.95185992937403,0.601077664157482,3.138272498364984,-3.757586172236853,-1.0100009534531211,0.8788113391398934,0.3571396615666573,-0.01595010315246445,-0.3162076561508823,-0.415146663070719,-0.4430729810367241,0.16558653994437486,6.976524587708784,6.901720301135658,6.935503199207783,6.886701783011245
4.091449678736609,10.527269742566002,5.771546003808772,0.5569015037878949,2.9597104494984485,-4.178926372438597,-0.933298013487033,0.8829613041373007,0.34590139961755406,-0.023540269743117223,-0.3166188527428142,-0.37162453544978113,-0.46329597658020427,0.1711984714004203,6.85541377520868,6.77299513250168,6.804889977558265,6.785831199668308
4.136874330651476,10.657632160054261,5.572597648756127,0.5162319314253574,2.7789871608115995,-4.578043775109314,-0.8557989749453592,0.8866731840675512,0.335084177658233,-0.032119784119633656,-0.3171211481850375,-0.34234454845084566,-0.5125057058365561,0.17580551996018876,6.734643590057463,6.650540103597811,6.690633318375805,6.690058602883945
4.182298982566342,10.77970584074459,5.356014180860373,0.47909111969837026,2.594499325269855,-4.955257938535624,-0.7780470079892365,0.8900525456854658,0.3241229869637474,-0.041988048330765304,-0.31789234434754476,-0.33883717306026634,-0.5773683039559351,0.17965006932270813,6.607382905015697,6.543688061298108,6.598380259674076,6.592667362600873
4.227723634481209,10.893285414066222,5.122796745969383,0.44548794187005814,2.4048368345078597,-5.310206894147768,-0.7000825683441705,0.893276206420055,0.31241061941082077,-0.0528828358679876,-0.3189345907192708,-0.3698833789706061,-0.6223953563670023,0.18280198608405068,6.496667954169852,6.450949994241186,6.504395991982286,6.497133627468365
4.273148286396076,10.998119394690825,4.873971588620552,0.41543970076917736,2.2094146248832143,-5.642213533290459,-0.6215287628369416,0.8964737730929864,0.299596742100528,-0.06428047183993538,-0.3201445198166371,-0.41176947079729365,-0.6522700004433698,0.18520891201777442,6.395973505608693,6.366174764878516,6.4160276502648195,6.41008919691129
4.318572938310943,11.09394443605202,4.610596727725715,0.3889847930869788,2.008238351280821,-5.950583900094877,-0.5418707815271645,0.8996725284590323,0.28557447726905305,-0.07583402498497588,-0.3214476267559756,-0.46145096242045264,-0.6708175148990184,0.1868335778013943,6.339975373317726,6.293901626021872,6.298988535518026,6.327997122045896
4.36399759022581,11.180502548948882,4.333760603225993,0.3661843160319111,1.8013487717144325,-6.2346917303439175,-0.46070746559844156,0.9026363588012076,0.2707145938911566,-0.08799320293017365,-0.3228959265095577,-0.4561090200448285,-0.7291280953603614,0.18761100180340806,6.253824955421271,6.237648899374305,6.230020103097633,6.246883593484549
4.409422242140677,11.25751464304105,4.0445749336566985,0.3471037827178123,1.5878028778443707,-6.494193757993115,-0.3782612586987578,0.9051147286105473,0.25561026438456713,-0.10104083333794875,-0.3244522787051019,-0.4447927382381218,-0.7547867095872307,0.18758270142780992,6.198341011862386,6.175111740767129,6.152394808146809,6.185898561737573
4.454846894055543,11.324657919030383,3.744155901273365,0.3317909504604973,1.3667085249017483,-6.7292112949628535,-0.29503357904514693,0.9070231690610755,0.2405397664976992,-0.11490315367123997,-0.3260330362698254,-0.4174856984699254,-0.7988543364838501,0.18711919332289464,6.107994655865248,6.117039085692473,6.13475141166733,6.132130471987398
4.50027154597041,11.381567160563234,3.4336121072145707,0.3202681116188761,1.1372063317822063,-6.939885671142367,-0.21155719513301294,0.9085008097065036,0.22518143151006378,-0.12905323468639593,-0.3275838348504017,-0.4499832236442346,-0.7898065322781653,0.1868307960478073,6.056322029593664,6.0886730860501395,6.097022071625907,6.068343012723055
4.545696197885277,11.427865818095576,3.1140475606976157,0.3125462205163998,0.8997466863203613,-7.126364610316322,-0.12777986242795678,0.9097883709311765,0.20943639677452405,-0.14238353421158206,-0.3289203372600146,-0.46580871101427335,-0.7424013812109946,0.18666650364575943,6.025199784534525,6.038714585798469,6.056193664346621,6.047167979938487
4.591120849800143,11.463215348696725,2.786548172740775,0.30864334339671334,0.6553466971711764,-7.289242610166531,-0.04349831194828489,0.9109070039935829,0.1933659771109449,-0.1548089691606888,-0.3300426243043209,-0.49647758954355614,-0.724887049920746,0.18646399622258614,5.998023218348607,5.9983643190932385,6.031207242115719,6.036781933917466
4.63654550171501,11.487318504487506,2.452182675407762,0.3085904329098696,0.4047606390020594,-7.428521547478368,0.04166773038137906,0.9118499735731872,0.17637152710113568,-0.16670507790199884,-0.3311541549949263,-0.55212552561562,-0.728951085738001,0.18619606184156035,5.99237746209419,5.9908570990296806,6.005877500098602,6.012074257586492
4.681970153629877,11.499907721906887,2.1120388986749528,0.31243818009920804,0.14853903946594466,-7.5434708471185425,0.12815605243790135,0.9125315680642415,0.15840527355150982,-0.17831848987721763,-0.3322993367272328,-0.579100876771499,-0.734950538745547,0.18598376678482406,5.999853910479004,6.002895818512377,5.9811437980791835,5.994715979643022
4.727394805544743,11.500731315429656,1.7672352307742067,0.32025098764071036,-0.11322810772279576,-7.6336283589706015,0.21607295733141665,0.9127721657473639,0.1402508776073831,-0.18996987952633623,-0.3333368217654094,-0.558227985328874,-0.7431292180427633,0.18522902325270713,5.993821279425759,6.004585289448117,6.000517521946679,5.996964048547667
4.77281945745961,11.489528813115344,1.4188963080179036,0.33208752404232605,-0.38092585788974936,-7.69913644484129,0.30512739571244923,0.912558985404215,0.12226927668923737,-0.20158224589905177,-0.33418193483911895,-0.5575290248414765,-0.7320091905657864,0.18490110907226517,6.002666783594584,6.029366236620251,6.020316562705685,6.001322128356695
4.8182441093744774,11.466028126807135,1.0681364746825797,0.3479962697256128,-0.6545908845450084,-7.7402784378637435,0.3952218049920691,0.9120278380523,0.10450237884378964,-0.2126544521159546,-0.33479879443649585,-0.5494724272614029,-0.6965207321710211,0.18455073088637283,6.032476667486085,6.04956302257316,6.042725681685987,6.027353117333996
4.863668761289343,11.42996340565642,0.7160506904484141,0.368026016436432,-0.9339887699192205,-7.757616394496612,0.4864384245467828,0.9112322180736273,0.08710269463328286,-0.22307538594382179,-0.33516259147664607,-0.5401864345213502,-0.6713144365729901,0.18447241798205158,6.065707676317262,6.08341746139852,6.076763955613899,6.064557583847538
4.909093413204211,11.38107752375445,0.363709389528023,0.3922297905231038,-1.2189975956954542,-7.751611341330646,0.5788713141658204,0.910176706752602,0.0700127608013463,-0.2329660698148482,-0.33530832781536224,-0.5341262183903682,-0.6480824048734283,0.1842220474393681,6.113742557318891,6.119615812048325,6.118491967207314,6.1154686510105645
4.9545180651190766,11.319117158229071,0.012166931492987114,0.42066489014718855,-1.5095690161093926,-7.7224873363119775,0.6726096607681504,0.9088456026456538,0.053070365892659926,-0.24247893877397206,-0.3352902611735526,-0.5345805778749606,-0.6411729516993041,0.1840918227465389,6.160946402534562,6.180193255935245,6.178324313258104,6.1635198409105625
4.999942717033944,11.243828466518881,-0.3375244145936811,0.4533920354565418,-1.8057435607480847,-7.6701491333805345,0.7677277047381378,0.9072673683449696,0.03622656699221347,-0.2515547326366356,-0.33513505555270495,-0.5351039718721327,-0.6147235225798278,0.1838890755590429,6.2326298125723385,6.2433659334981115,6.231159820867529,6.228757079366521
5.045367368948811,11.154959326242906,-0.68430933228134,0.49047690136347505,-2.107431111264117,-7.59459268650128,0.8643593685172363,0.9054619699913538,0.019635072555451865,-0.2602089631582423,-0.334815930030393,-0.5225812345657226,-0.6045343397906006,0.1835095841717101,6.307074377468721,6.31918252116163,6.294088073400343,6.304141615904861
5.090792020863677,11.052255553402492,-1.0271330701366155,0.5319875223921555,-2.4148681935052507,-7.495823736775435,0.9624417470134021,0.90336603530611,0.0034400968393367244,-0.2687810777925797,-0.33429237933513867,-0.5007875942840349,-0.6029425912486464,0.18250228330886534,6.389833593058163,6.407078692156708,6.368319873474677,6.382759835391097
5.136216672778544,10.935443946370851,-1.3649416768363378,0.577984537982903,-2.728631001415516,-7.373898637704584,1.0617299945581258,0.9009694418942233,-0.012145764090795454,-0.2774389316428323,-0.33350716605123304,-0.4651885153507189,-0.6007513603900895,0.18106273806690198,6.451984872095852,6.4811584745972555,6.472295986849167,6.499805777658723
5.181641324693411,10.804221908325166,-1.6966853700520448,0.628515498827733,-3.049314199141428,-7.228813524879657,1.161930897288122,0.8982739814138244,-0.027650537656036683,-0.2859861827874344,-0.33263852361561175,-0.495470524446573,-0.5994145885548181,0.17848818476425202,6.546322016116219,6.586585034439984,6.571096656922299,6.590824316168673
5.227065976608277,10.658276808649344,-2.021293161420187,0.6836178385693293,-3.3767309644181203,-7.059644441021287,1.2629035510040174,0.89530275012007,-0.04360391225784883,-0.294059539394418,-0.3318903920387219,-0.5180075478052362,-0.5834308418161914,0.17576368088095376,6.664288123675616,6.706199977044183,6.6686449323892685,6.67612448384917
5.272490628523144,10.497313077174478,-2.3376511815847527,0.7433252716177888,-3.710467135449176,-6.865650577644689,1.3646070135955666,0.8921651923423497,-0.05939010560683813,-0.30159374959257773,-0.331114127608629,-0.49800547264012046,-0.5566872735752706,0.17352095107102386,6.780855750150793,6.819570981585641,6.777607169691671,6.786824033733284
5.317915280438011,10.321045880923164,-2.6446318040906607,0.8076701917902666,-4.0504990736329844,-6.6469417868044465,1.4670119840281457,0.8889433531926861,-0.07446963574949558,-0.30871656280155985,-0.33015140595878234,-0.4700243923622672,-0.5337861715764173,0.17134442540720002,6.895555234472052,6.933930089467757,6.894955570865159,6.917818682761813
5.363339932352877,10.129184697011834,-2.941119759447966,0.8766827259700228,-4.39704340168327,-6.403808592853321,1.5700332535682362,0.8856117503695441,-0.08896645969281679,-0.31555818027182275,-0.3290325499899703,-0.45702281912093146,-0.521743878331653,0.1685631759305067,7.0112972666135045,7.064304404814613,7.022387948789735,7.04767499541636
5.408764584267745,9.92142996212058,-3.2260054352319316,0.9503865837678909,-4.750230206452027,-6.136193881091993,1.6734923260830763,0.8821623187114183,-0.10311793658061132,-0.32205068078389804,-0.3278635963162586,-0.4527166087517684,-0.5001991312407496,0.16500686414343782,7.1238081873755625,7.213829085990585,7.1620516486340895,7.1741295761229615
5.454189236182611,9.697483834460874,-3.4981737226294105,1.0288008696573556,-5.109792636098841,-5.844002941720051,1.7774475772046532,0.8787738379815907,-0.11685431243460055,-0.32767249833716877,-0.3267740986623452,-0.4515785239027355,-0.43963108123699896,0.16036922447664703,7.248098249200597,7.38986673949328,7.31116332736503,7.276716696170649
5.499613888097478,9.457076505997184,-3.7565173905049902,1.1119649352844199,-5.474740352174282,-5.527859446802397,1.8828662937910061,0.8759568002297091,-0.12940032620808117,-0.33141758277861194,-0.3258267422175842,-0.4126735812523587,-0.302744409517518,0.15549443616906278,7.375737432528611,7.582945642674371,7.472152374677187,7.368548525808947
5.545038540012344,9.199999999999921,-4.000000000000033,1.2000000000001525,-5.843341519424625,-5.190460883616762,1.9925454070580042,0.8745977946477131,-0.13919520226530632,-0.3318515185066886,-0.32499694254407013,-0.321048732952622,-0.061343289014937755,0.15078852865067313,7.375737432528611,7.582945642674371,7.472152374677187,7.368548525808947
5.589608953811109,8.931648057848204,-4.223829027054781,1.2910982643338131,-6.197159759719926,-4.852299813758857,2.0953883203538552,0.8751616643808947,-0.1454025647798391,-0.3283322536271526,-0.3243361946198957,-0.24137699300621362,0.16467592395689967,0.14664597306474825,7.120007504401578,7.257316598564676,7.18977456223528,7.144483749250747
5.634179367609875,8.6479404878556,-4.4327231159734355,1.3864561302369665,-6.5320598693173215,-4.520996038231754,2.1843172466271987,0.8771660434972167,-0.149154281353543,-0.3216520365644471,-0.32391473037113355,-0.20855822100631904,0.3038537626432543,0.14254400204809786,6.907458322016033,6.990848092437496,6.946266732170587,6.954380314900664
5.678749781408639,8.34975091502689,-4.6270631183597235,1.4855211366218346,-6.846797777738852,-4.199529320431921,2.262026087272415,0.8798325746670685,-0.15185129615872686,-0.31315343976968923,-0.3237618204302524,-0.2103342772141992,0.3612371096040438,0.13846499886641833,6.689427489208115,6.754138236512563,6.71175159079377,6.73918396258709
5.723320195207404,8.037990806748397,-4.8073140778627605,1.5878179541014608,-7.1409040932162595,-3.888880890105909,2.3294115371236153,0.8826731907093947,-0.15426683961408,-0.30377319847405304,-0.3238287013909805,-0.21593844588080402,0.38966142706506784,0.13435743139427958,6.464705943721472,6.528465898670091,6.489273661805809,6.517226446526385
5.767890609006169,7.713580388885508,-4.973964615723326,1.6928908205821729,-7.414384935388893,-3.5892896032029977,2.38660769058941,0.8855496995528676,-0.15659094583658575,-0.2937706762007267,-0.32408964721631395,-0.22608477094659107,0.4169623056124124,0.1302689645507084,6.240106876744864,6.304655407158166,6.271684277141312,6.299228338982645
5.812461022804934,7.377437301702707,-5.127508618949941,1.8002853476757341,-7.667297977302257,-3.3007794453851376,2.433590263418727,0.8884177960657179,-0.15896485988538747,-0.28309118093315827,-0.3245864451289981,-0.24600543242026887,0.4451703871694115,0.12616354954769296,6.020745259562971,6.086447113866026,6.055962234155585,6.07987627241082
5.857031436603698,7.030478769380075,-5.268437580402366,1.9095447536280237,-7.899603761772708,-3.0232307140742325,2.4702819707918966,0.8912493443472893,-0.16148670687949765,-0.27164202726812314,-0.32535628254426213,-0.2678302786653051,0.47702386700097155,0.1221685896957173,5.803370963381548,5.874268198728388,5.843795833591771,5.861123977517729
5.9016018504024625,6.673624822031953,-5.397237170053489,2.02020872560272,-8.111222282281007,-2.7565289612140997,2.4966122645706923,0.8940544046882712,-0.1641178638726138,-0.25928874428526455,-0.32641293027391666,-0.2886140832467805,0.5178583851507287,0.11823571543813696,5.592750539795978,5.663592095603314,5.63224942100739,5.647564503614376
5.946172264201228,6.307799397333452,-5.514389998286766,2.1318153481618483,-8.30206868762855,-2.5006552509606124,2.512575284950049,0.896837725811482,-0.16677855498246652,-0.24593446765838478,-0.3277509732879737,-0.30649603293641553,0.5601833551962626,0.11439511459506285,5.383872689816676,5.459949773590758,5.425713335424346,5.436551657399553
5.990742677999992,5.933928538141187,-5.620379478445535,2.243902949163818,-8.472139276915861,-2.2556650707016828,2.5181846116247386,0.8995972900409555,-0.16936577024092558,-0.23150765871244827,-0.3293559846719271,-0.32054497923604497,0.6099061663755825,0.110520768270987,5.179785888346263,5.257472861135652,5.222300147250535,5.234196125341411
6.035313091798757,5.552937309477657,-5.71569373408771,2.356010887536712,-8.62147823698453,-2.021706518925224,2.5134690023148925,0.9023136003344617,-0.17181353173115319,-0.21593440764515928,-0.3312227526859351,-0.33520241089018193,0.6600469289696583,0.10652753555746552,4.976539788433814,5.0602083469789,5.026377932831342,5.039052621317067
6.079883505597522,5.165747600841944,-5.8008271183566755,2.4676797604943213,-8.750174649350258,-1.7988925750001474,2.498447362223702,0.9049288788335345,-0.17417654804345487,-0.1991339954679915,-0.33336804308341633,-0.3570704243054295,0.7141532554182174,0.10223285786995082,4.78797553003286,4.862400236569215,4.830761656383445,4.851668043495411
6.124453919396286,4.773277790717576,-5.876277114298752,2.5784496237399797,-8.858313680073664,-1.5872365845016732,2.4730635581517584,0.9073443652127922,-0.17657957797699936,-0.18115703048834889,-0.3357801516630602,-0.3815071850326348,0.7549357409041323,0.09798332256984664,4.5943092048221095,4.680618290823822,4.653763063306155,4.659799720998396
6.169024333195051,4.376439632793204,-5.9425382814304815,2.6878558095901663,-8.946091092488071,-1.3866143812135026,2.437176976544221,0.9094973217431395,-0.17906496955367462,-0.16189792686169815,-0.33846454895236333,-0.4109520308637009,0.8161135371692848,0.09386708776419131,4.4127425199478445,4.499023891881822,4.478543164501433,4.482189652718957
6.213594746993816,3.976138944451073,-6.000100241080076,2.7954289250730926,-9.0135553644073,-1.1969378672201016,2.3907220530821593,0.9113277971522936,-0.18166915803389996,-0.14107741692645584,-0.3414564609002241,-0.44826837481304455,0.8790888039673771,0.0898587439756989,4.237964046225729,4.330056297921935,4.311524984556245,4.308908572836768
6.258165160792581,3.5732814604916325,-6.04944791217402,2.9006969656557513,-9.06068046986363,-1.0180783076760374,2.3336354741552054,0.9127365947357174,-0.18444241609249706,-0.11853806692865115,-0.3447571438099911,-0.4882150492999021,0.9512670004905109,0.08587065335203072,4.075291466379438,4.169759056913425,4.150397198742171,4.1452754563364556
6.302735574591345,3.1687750915444073,-6.091060698009326,3.0031856467693556,-9.087404231224752,-0.8499299629404092,2.2658797323141546,0.9136257872211189,-0.18732955677192414,-0.09414003311639371,-0.34834967535823885,-0.5267986827110319,1.0271654657084002,0.0818883821712725,3.920816998856296,4.020315087672049,3.9994090576204577,3.9926664015835533
6.347305988390111,2.763530183747936,-6.125414425920433,3.102419161654694,-9.0936878818205,-0.6924369036660208,2.1874202222602808,0.9138764819633892,-0.19026258549271138,-0.06779914648111644,-0.35220133643609824,-0.5656303212588558,1.1081342983219085,0.0777540807881083,3.7808548922985,3.880016017009012,3.8573424950409363,3.8533159334844984
6.391876402188875,2.358458559244295,-6.152982980845698,3.1979208473433425,-9.079510559490965,-0.5455620356566413,2.0982492386678424,0.9133466482321714,-0.19319800640538892,-0.03949753419293877,-0.35626295012154846,-0.6035804061291687,1.186776896243804,0.07351366850438215,3.655815806474686,3.753194111330702,3.7260060801976302,3.725359059172008
6.43644681598764,1.9544718910960075,-6.174238572688006,3.2892134850657757,-9.044914591027986,-0.40926477129712635,1.9983500608312847,0.9118935634758211,-0.19606529359653618,-0.009340622494994465,-0.36045899772434364,-0.6358671508579078,1.2614873422043706,0.06920211456902767,3.5393878761639908,3.6396419451552213,3.6141628922983107,3.611839201712048
6.481017229786405,1.5524785447146014,-6.189651761960349,3.3758195116463856,-8.989995219041274,-0.28351236486036363,1.8877252027307838,0.9093646828551926,-0.1988142358763503,0.02263292428776238,-0.36472525141681666,-0.6716707665440126,1.3396654237489183,0.06483714139647045,3.4423756878406846,3.539665908355899,3.5132239820428115,3.5154076155410063
6.525587643585169,1.1533843174728733,-6.199691878622802,3.4572614828927755,-8.914769422561474,-0.16827649320691299,1.7663746372826226,0.9055891706449186,-0.20145393842198525,0.05637726637722561,-0.3689890867658716,-0.7071830756305493,1.4121455273682864,0.06040334405497393,3.367314537131759,3.4569206156820633,3.4245518742867285,3.434850704041764
6.570158057383934,0.7580955715946739,-6.2048265671058855,3.5330622043470012,-8.819218289238401,-0.06350688190970079,1.6343159102599907,0.9004354707654096,-0.20393272659840478,0.09162870782552819,-0.373146394955276,-0.7339896816353499,1.472594883304939,0.05595035588811555,3.3085226533595558,3.391199975683436,3.3564836478890467,3.37208281781271
6.614728471182699,0.3675189220571392,-6.205521516225796,3.6027451912169473,-8.703353072893004,0.03083450177494327,1.4915706560003446,0.893812340686828,-0.2061722500411682,0.12805875476447628,-0.37709506932104814,-0.7559703140405477,1.523723923367196,0.0515700929886652,3.2692645874826662,3.343532243886253,3.308056424068611,3.3274161043196
6.659298884981464,-0.01743884310985154,-6.202241389492183,3.665834490928854,-8.567146020634102,0.11475746116792215,1.3381437361748703,0.8856486990593463,-0.20812846783954075,0.16537551589243538,-0.38074596700273766,-0.7732483902952855,1.5655630803557354,0.047397217648655704,3.2549728469415657,3.3188893566333104,3.2717928345333367,3.299492453918422
6.703869298780228,-0.39586855141798777,-6.195451803157376,3.7218528620816236,-8.410529694810153,0.18820422003133205,1.1739867303543108,0.8759522235154547,-0.20964299091298622,0.20317320372592793,-0.3840397236627992,-0.7712790679774371,1.5931635965416804,0.043314065052172494,3.261782867696337,3.3068398821029454,3.2546084526337333,3.300605358292271
6.7484397125789926,-0.7668579450061922,-6.185622828694231,3.7703225415985875,-8.233443718313412,0.2510489624142827,0.9991389460325859,0.8648367098338208,-0.21061808495493872,0.24084848750239346,-0.38690956207647864,-0.7610587562667552,1.5924508084075866,0.039255994400676765,3.2868494558738486,3.3165427646013033,3.25938331024276,3.319677094526707
6.793010126377758,-1.1294942973180535,-6.173229721179802,3.8107665667675414,-8.035918578152943,0.3032036652574744,0.8136050655606214,0.852489259805666,-0.21111756727235173,0.2777794280114509,-0.38928238332775333,-0.7425161242097394,1.569129237632233,0.035245520532671375,3.334890005565325,3.3465010336480447,3.2806429496858103,3.358904167448225
6.837580540176522,-1.4828670412035383,-6.158750298524807,3.842708865887982,-7.818014701343411,0.3446396249103848,0.6174368816186757,0.8391899799220089,-0.21117122980963937,0.3133570239477625,-0.39113465922611235,-0.7106264035117676,1.518332375136468,0.031240140284223047,3.3890466561556796,3.3960078840230676,3.3347836319237127,3.417140322102808
6.882150953975287,-1.82606979579423,-6.142662396374261,3.8656770598337173,-7.579832106957361,0.3753831225455952,0.4107422415237946,0.8251978693473954,-0.21089585979785422,0.34721847086362473,-0.3924584463978938,-0.6853751462049137,1.4608747777997906,0.027259478846176938,3.461238096474092,3.470471750873583,3.408543488800767,3.4863306437426487
6.926721367774052,-2.158198692868596,-6.125442254333341,3.8792016865372703,-7.321355280272303,0.3954565511510585,0.19352483578731644,0.8106516018404707,-0.21036764989804768,0.37937091506789644,-0.3932949163108857,-0.6572965102406274,1.4086290813669733,0.02338122369352977,3.5513111551417196,3.557845654768277,3.4994319910163023,3.5769842390094704
6.971291781572816,-2.4783464398591764,-6.1075677431689765,3.882810319755212,-7.042447855000224,0.40475690381324303,-0.0343535849172585,0.7956721884861117,-0.2096057119510359,0.40985806594808416,-0.39370329251966707,-0.6323390579406855,1.3545025337439025,0.019633808421345628,3.663449321536636,3.6626586748018313,3.5999224911941763,3.6825156413048883
7.015862195371581,-2.785598850310318,-6.089522808442635,3.8760211411271275,-6.742948244048298,0.4031260774284416,-0.273162443307279,0.7804527942503435,-0.20864508094579282,0.4385766758227766,-0.3937341075277644,-0.5990523684954112,1.2909494340818077,0.015988226517779737,3.794562823849567,3.7833474933131743,3.7100345067667466,3.802189855685861
7.060432609170346,-3.0790365056125677,-6.071798772835695,3.858340674327764,-6.422797100853277,0.39039042066928226,-0.5231231066662027,0.7653097614889661,-0.2074109160515714,0.46523736262976184,-0.3935121791418144,-0.5489895700032793,1.2121653809955286,0.012381062121932655,3.9497962030950737,3.9186645215594074,3.823233647562066,3.9334744231526937
7.105003022969111,-3.3577416086042056,-6.054894668078303,3.829271506450491,-6.082140284313644,0.36637690693646774,-0.7841386323013465,0.7507494318314211,-0.20569927225470463,0.48929505502238324,-0.39328137452529693,-0.46381599946141217,1.1044185180217936,0.008855526743564275,4.125918726310516,4.063457712403556,3.9391830927983227,4.079565597181746
7.149573436767875,-3.6208100469215116,-6.039316639426393,3.7883358770575857,-5.721457067250366,0.3309497743986412,-1.0553493820787818,0.7375562163515844,-0.20323242035700131,0.5098581831979911,-0.3934083239149712,-0.3337715035538257,0.9498210921040807,0.005382919217861733,4.321521845762752,4.212224899178487,4.057207210311814,4.242922315393483
7.19414385056664,-3.8673676295448804,-6.025573343335952,3.7351214890875406,-5.34161053383074,0.28416821273074994,-1.3345984342164026,0.7268231551261138,-0.19983701402152132,0.525687573630546,-0.39429137939759845,-0.15571899933682998,0.7249763096432246,0.00197731310914476,4.507262408823342,4.355740454209119,4.202274799585844,4.429473691794147
7.238714264365405,-4.096588103315596,-6.0141602585205405,3.66934968675684,-4.943854656724359,0.22663382165319765,-1.6180499014314098,0.7196581748339453,-0.195812896171348,0.5356432281478886,-0.39605261053906343,0.020528971386284282,0.436333219360662,-0.0013952759504973614,4.617298128114617,4.488172182668423,4.433501804205944,4.63929129194814
7.28328467816417,-4.307705392766436,-6.005523633578725,3.590939819533569,-4.5295085338144485,0.16003610559592835,-1.9009739806053114,0.7160723771650784,-0.19259285932489448,0.5402773504180507,-0.39783491670200505,0.045430461943491325,0.1810753804149423,-0.004811967191088804,4.784880523909476,4.625206404444182,4.611442832839826,4.847156595203922
7.327855091962935,-4.5000000000002025,-6.000000000000008,3.5000000000000924,-4.099319226084047,0.08767438026493686,-2.1797477268848584,0.7157641076986299,-0.1919723733810569,0.5404962894108597,-0.3983941352024587,0.008452240764999555,-0.12027412044749819,-0.008200836516139039,4.784880523909476,4.625206404444182,4.611442832839826,4.847156595203922
7.3486292007913425,-4.5830304469875465,-5.998534728815777,3.453388675783268,-3.894357334638667,0.05349266174639834,-2.3075732862760834,0.7169954475100304,-0.19270613996383976,0.5387528361138962,-0.3981882223182733,0.04825247239130908,-0.3121000504239119,-0.009779337086289955,5.064229523190159,4.789755992130602,4.614690903542622,4.96499236284053
7.36940330961975,-4.661790201101977,-5.9977728589305,3.4041374333653507,-3.6882001834198936,0.020050043203712443,-2.4337667485175105,0.7195063326664034,-0.19379064400594892,0.5351748447409816,-0.3979586926399953,0.1456939403603525,-0.534045630412587,-0.011354507067351551,5.109074242763018,4.845065582370659,4.640513198014125,4.9796219771949195
7.390177418448159,-4.736256695116206,-5.99769339349654,3.3522897422998574,-3.4810827837031493,-0.01211992311766726,-2.55738005691066,0.7234157764627387,-0.19497086787089096,0.5294986407947839,-0.39788861451935387,0.2643449999155128,-0.7482980249616328,-0.012914578450756109,5.124171500442836,4.90265628944345,4.700909372024519,4.997416710757537
7.410951527276567,-4.806412526813405,-5.998265002262532,3.297910066593858,-3.273259149099096,-0.042559932342201005,-2.6773712950809685,0.7286030256037175,-0.19608498528263746,0.5218005970873055,-0.39804700048930647,0.3810406199737387,-0.9323203699025661,-0.014472412710594454,5.126832748492773,4.961529846144718,4.781303430692725,5.021199282993846
7.431725636104975,-4.872245539987437,-5.999447765848795,3.241084134684232,-3.0649748012748543,-0.07090178860160794,-2.7927534647584698,0.734816005225274,-0.19703849261542422,0.5123508481472715,-0.39843150897425805,0.4825879131329328,-1.0762625735404752,-0.016021958362295807,5.126945901707089,5.022391440689779,4.872790687014524,5.051967980968187
7.452499744933383,-4.93374855706484,-6.001195028401776,3.181916821080225,-2.8564592758246206,-0.09686493890574971,-2.902679153991672,0.741750732281461,-0.19778576134798434,0.5015131602902667,-0.3990010418136743,0.5623654346681226,-1.1770544540083911,-0.01757212746375012,5.13260498600137,5.084730232027278,4.968157125355697,5.0905360774512785
7.473273853761792,-4.990918972406325,-6.0034551601759825,3.120528779304678,-2.647919698414361,-0.12024996884635514,-3.006479004205763,0.7491048268072097,-0.19831539549621013,0.4896783655963569,-0.39969933213015635,0.6187197552365022,-1.2375343698917394,-0.01911983827065402,5.148010552314528,5.1491642904740305,5.063130332635919,5.136438300410515
7.4940479625902,-5.0437582148358775,-6.006173141375834,3.057052648952429,-2.439534813880257,-0.1409282117753021,-3.10366616736484,0.7566126349774562,-0.1986373715079352,0.4772166983642018,-0.4004710784663419,0.6533922989178582,-1.2631659284762506,-0.02066666908840372,5.176090351783096,5.2142686353841405,5.154796060423177,5.190625537778034
7.514822071418608,-5.092271081307583,-6.009291916272116,2.9916294248121584,-2.231448694078746,-0.15882985565931718,-3.1939181142036404,0.7640643889545689,-0.19877689796519518,0.4644460705554024,-0.40126847485563416,0.6693555094946911,-1.2623316517276397,-0.022204076083376784,5.217084926754577,5.281861334551252,5.242247681754214,5.251248640961363
7.5355961802470155,-5.136464974698055,-6.012753450349404,2.9244053553364995,-2.0237679393579513,-0.1739278314525476,-3.277045300983271,0.7713114372828667,-0.19876644717396666,0.4516153710270146,-0.4020549005577774,0.6712917116164389,-1.2425181175658129,-0.023736702617496237,5.269141036338555,5.351930996340836,5.327145748952048,5.317782379913767
7.556370289075423,-5.176349131181375,-6.016499480586952,2.855529547566594,-1.816562990873374,-0.1862252307561867,-3.35295621621897,0.7782570128227689,-0.1986371808991074,0.43890897643185295,-0.40280647534319924,0.6628175818146727,-1.2097817927956893,-0.02526204750809107,5.331477316939487,5.424428810125283,5.409928343195286,5.3898708860031315
7.577144397903832,-5.211933904611481,-6.020472030265976,2.7851522490360363,-1.6098719641257024,-0.19574464617375018,-3.4216276802882293,0.7848459862826789,-0.1984190670982304,0.42645448865902186,-0.4035082502782969,0.6472256152850224,-1.1696366978382537,-0.026776336512155902,5.402897544961764,5.499813692310022,5.491393166154261,5.46680381222028
7.59791850673224,-5.2432301480687125,-6.024613707396621,2.7134237081463106,-1.4037062362536012,-0.2025181257259836,-3.483078586297192,0.7910566115554998,-0.19813880725409386,0.4143282485508441,-0.4041522846493805,0.6275153760220726,-1.1264734247951034,-0.02827884695112974,5.480242799127768,5.579242955530963,5.574356705249007,5.547115856108328
7.618692615560648,-5.2702487417179045,-6.028867818851933,2.640493523747637,-1.19805824838172,-0.20658019877685482,-3.537349834755292,0.796886787505859,-0.19781620797665808,0.4025736879282157,-0.40473689693769,0.6054957920376123,-1.0816281779211347,-0.029769572149440527,5.564077839749497,5.66096426418025,5.6581988887770285,5.632008971935262
7.639466724389056,-5.293000252637941,-6.033178398621135,2.5665103184243807,-0.9929064291338299,-0.20796564793405264,-3.584492717398936,0.8023469534109924,-0.19746776441858246,0.3912106423207847,-0.4052631463552555,0.5823466218910379,-1.0379068995878795,-0.03123822894913047,5.653883679726438,5.746215064381423,5.742768947879526,5.7202930881688046
7.660240833217465,-5.311494711030616,-6.037490157119513,2.491621626457981,-0.7882220852091911,-0.20670392069517643,-3.624558871094762,0.8074597650685519,-0.19710684866234926,0.38023247504819124,-0.4057336671241466,0.5599798571417065,-0.9971234305821484,-0.03268941823838104,5.746773623905735,5.835128891204928,5.830871863129557,5.811324007443092
7.681014942045873,-5.325741540766543,-6.0417483381113835,2.41597398511779,-0.5839764403186409,-0.20281692150264183,-3.6575918344072895,0.8122513127998854,-0.1967406748962506,0.3696214812315219,-0.40615339628005515,0.5385616838458528,-0.9587927092783196,-0.03411883901848739,5.843225644775005,5.927198527749782,5.92171389260379,5.905331826313445
7.701789050874281,-5.335749588524651,-6.045898574323735,2.339713119255069,-0.38014304318372677,-0.19632036754442667,-3.6836262584850856,0.8167462244157853,-0.1963733461945732,0.3593588007691977,-0.4065278053829153,0.5184480638035995,-0.9231435632071374,-0.035522991529980626,5.94321798886343,6.0222303351307085,6.014951452608535,6.002292379253601
7.7225631597026885,-5.341527193999247,-6.0498867651266695,2.2629841306879706,-0.17670011124188154,-0.18722413089553974,-3.702687200266865,0.8209696291250395,-0.19600668718159114,0.3494202387265234,-0.4068623968582718,0.5000491772442286,-0.8905796162224788,-0.036901440075128134,6.0451990882226925,6.1203274336241344,6.111850966520049,6.101828686977711
7.743337268531096,-5.34308231471875,-6.053658952486284,2.185931709787626,0.026367161576783982,-0.17553215400062339,-3.71478937187319,0.824944491139914,-0.19564142123222056,0.3397822079963295,-0.4071622452857862,0.4829446189158283,-0.8603325230114163,-0.03825398326155485,6.149063988130505,6.22134461694188,6.212318917063988,6.203741532240099
7.764111377359505,-5.340422664604655,-6.057161211745111,2.108700324858486,0.22906773610676734,-0.16124403757443576,-3.719940064003233,0.8286888999557608,-0.19527820116571415,0.3304287568584141,-0.4074318404638576,0.46672893086721007,-0.8316101040052866,-0.03957739171028221,6.255805513903088,6.324894484541224,6.3150858947191955,6.308161494032602
7.784885486187913,-5.333555814051957,-6.0603395820593375,2.0314343405258026,0.4314064936381018,-0.1443568418236928,-3.7181421979373472,0.832218784591156,-0.1949170348620653,0.32134627466181276,-0.4076753774103314,0.4516160677088333,-0.8046083716654817,-0.04086884417774783,6.364865857619296,6.4309010196231595,6.420366043094298,6.415015899700111
7.805659595016321,-5.32248927737747,-6.063140017816563,1.9542781065936972,0.6333837373003695,-0.12486531097208631,-3.709394257814054,0.8355496042871156,-0.1945573254395429,0.3125197300782193,-0.4078967035230444,0.4375448540129932,-0.7792507913138751,-0.04212956486927721,6.476045963716174,6.539300919355646,6.528256531218467,6.523983758556692
7.826433703844729,-5.3072306141770405,-6.065508341735078,1.8773760464590394,0.8349947878117239,-0.10276210331414458,-3.6936908280911025,0.8386953121661723,-0.19419810660989456,0.3039354040944548,-0.408099328578444,0.42444069925085404,-0.755263436402623,-0.04335491509937159,6.588507048282916,6.650017552823199,6.639282266600318,6.635000049679428
7.847207812673138,-5.2877875247418045,-6.067390210776506,1.8008727266822178,1.0362311181639448,-0.07803881350478581,-3.6710239641611793,0.841666921826656,-0.19383884713139093,0.2955850224425079,-0.40828636666871543,0.4117400910719831,-0.7318917906262331,-0.04454383497518228,6.70345276978625,6.763082984766896,6.752040374403954,6.747796971944164
7.867981921501546,-5.264167901452148,-6.068731110136968,1.7249128820722566,1.2370829058163517,-0.050687554479843175,-3.641385589563886,0.8444738235535433,-0.1934778486536768,0.28746319532947096,-0.4084611689024114,0.3999120508988674,-0.7092014958533315,-0.04569450660022767,6.820768756013854,6.878057359405071,6.866340655675096,6.862712346309543
7.8887560303299535,-5.236379859011354,-6.06947637847206,1.6496414237276684,1.4375381750608005,-0.0207021286026052,-3.6047665336695918,0.8471263448464542,-0.19311117035282904,0.2795608389683735,-0.40862743432138116,0.38917648609845606,-0.6875621144308449,-0.04680931369757822,6.939120967218567,6.994627561772603,6.983333765614756,6.979840745665284
7.9095301391583615,-5.204431797779482,-6.069571240133836,1.5752034737874652,1.6375815162677216,0.01192246977789929,-3.561155852161978,0.8496337528899469,-0.19273731975236452,0.2718698514413803,-0.4087877149810293,0.378725861749657,-0.6666036318814081,-0.04788991510923564,7.059611661896923,7.112901357205591,7.1018602126606885,7.09875800031104
7.93030424798677,-5.168332452695972,-6.068960819147121,1.5017443823999894,1.837196326127734,0.04719106780483887,-3.510542782960509,0.85200410541406,-0.19235720134477569,0.26438380706952247,-0.40894352936147843,0.36874468898379975,-0.6465712597212717,-0.04893258744098876,7.180550473434308,7.2326634491672985,7.223277851352985,7.21965825588337
7.951078356815178,-5.12809091192723,-6.067590135191758,1.4294097181928922,2.0363655984764004,0.08510901069071798,-3.4529174145568264,0.8542436664770453,-0.19197450649248915,0.2570998471914428,-0.40909550105672765,0.35818906743921713,-0.6267728231495278,-0.04994006905376365,7.303426908198562,7.354638395294224,7.346215308648944,7.341374345479924
7.971852465643586,-5.083716582415646,-6.0654040910424865,1.3583452206270574,2.2350761218723765,0.12568191932357053,-3.3882735185441275,0.8563567273398369,-0.19159246769123506,0.25002039142312255,-0.4092446416892616,0.34770310098617224,-0.6068600906834806,-0.05090345573805756,7.42856754300495,7.478565224070675,7.469756784215421,7.46439023335981
7.992626574471994,-5.035219107056883,-6.0623474986473855,1.2886967205383038,2.4333178970756406,0.16891244129616914,-3.316608063382705,0.8583489322539742,-0.19120776501292586,0.24314452236670608,-0.40939383448924765,0.33810871266517606,-0.5871929787901427,-0.05183070846942746,7.554551468062542,7.603691223058051,7.59540919057976,7.589122531377961
8.013400683300402,-4.982608322919258,-6.058365162315804,1.2206101138361602,2.6310821327368514,0.21479863677777472,-3.2379177428688592,0.8602260247082928,-0.1908163432103007,0.23647039484153862,-0.40954600780770234,0.32877242206369744,-0.5675040674570723,-0.05272102101734187,7.681794425425546,7.730515385697504,7.7227545598430325,7.714762241584995
8.03417479212881,-4.925894225458934,-6.053401976081025,1.1542313509332747,2.828362827382192,0.26333365391144553,-3.15220090047832,0.8619922273619968,-0.1904149039904965,0.23000036083822048,-0.4097039374323773,0.3198203739966703,-0.5473575173437382,-0.053567200885980056,7.810474902801519,7.859098803359712,7.851209725831277,7.841398682312374
8.054948900957218,-4.865086886885652,-6.047403047629583,1.0897063997251668,3.0251586429051813,0.3145032955537846,-3.0594574262957313,0.8636515130423992,-0.18999656462649772,0.22373822506109586,-0.40987147668604657,0.3116400486811637,-0.5265996576093415,-0.05437357984086657,7.940483335194839,7.989754023543864,7.981013863990429,7.968327654268974
8.075723009785627,-4.800196362779888,-6.04031388708659,1.02718122357514,3.2214724440894495,0.3682822161869208,-2.9596876368152896,0.865207922603413,-0.1895481680584229,0.2176891069399057,-0.4100542897463218,0.30485550363608355,-0.5045904858039604,-0.05513366424606156,8.072262123940243,8.122830566069897,8.111400535709128,8.09535704617394
8.096497118614035,-4.731232605048252,-6.0320807029449295,0.9668018005106632,3.4173110087935297,0.42462723176855954,-2.852889315905154,0.866666182552763,-0.18904590476121627,0.2118587587224594,-0.41026094314820194,0.3007129062616083,-0.48092764002984156,-0.055850961879312044,8.20595072412114,8.257161119081669,8.242158530837974,8.223224426346569
8.117271227442442,-4.658205436004461,-6.0226508633553335,0.9087141820677854,3.6126792384140667,0.48346900654045927,-2.7390569257511705,0.8680329344379489,-0.18845715063927684,0.20624873507243016,-0.41050179034493084,0.29990617064888025,-0.4560099817061601,-0.05652154041890306,8.341523531951934,8.392963628806879,8.373204056517995,8.351744340792893
8.138045336270851,-4.58112461625557,-6.011973474667417,0.8530646472989826,3.8075771800419793,0.5447091179274005,-2.6181734543601243,0.8693169756422232,-0.18774363982326073,0.2008541360741803,-0.4107876323036291,0.3032925070164096,-0.4301131554601722,-0.057144419398826536,8.478931575408428,8.527719327137612,8.504781267294847,8.483353923862568
8.158819445099258,-4.499999999999665,-5.999999999999632,0.8000000000005582,4.001994796620652,0.608220147813012,-2.4902051276364245,0.8705289840123204,-0.18687242376153665,0.19566025989857863,-0.4111262599396644,0.30986419431911216,-0.40516945710804525,-0.05771286095696381,8.478931575408428,8.527719327137612,8.504781267294847,8.483353923862568
8.199482057380372,-4.329723465264707,-5.97270074434723,0.7038683512207787,4.370829085516871,0.735103800646691,-2.2369750502742427,0.8727802487241715,-0.18468303128294536,0.18580516839518416,-0.411917185530036,0.3325654974330793,-0.37917084804483064,-0.05809993978434088,8.276119765277425,8.260270054405613,8.244086624358845,8.259936720111495
8.240144669661484,-4.144903289061078,-5.940236718022912,0.6178502853445029,4.717291658630345,0.8621569839934157,-1.9927842190096103,0.8750094036169646,-0.18205812771737445,0.17577551513820266,-0.41275955105648626,0.3550942296003344,-0.4012024061937085,-0.05809893370239489,8.082273664951224,8.05372391439885,8.03659777995926,8.061120613261409
8.280807281942598,-3.9464484939034747,-5.902606361110689,0.5415787937037394,5.041315689056698,0.9892347418262546,-1.7575820083006632,0.8773277232774072,-0.17922186437602752,0.16499541933821085,-0.41352880710187806,0.3817363038738095,-0.4380781722907978,-0.05793424539061978,7.876168098509389,7.864188070018079,7.847415581444851,7.854981924427952
8.321469894223712,-3.7352782700576976,-5.859805600961213,0.47469097811466726,5.3425751198095295,1.1164644806900306,-1.5312504551933273,0.87970696554049,-0.17609952956711128,0.15351956709876763,-0.41423343537146906,0.4081496569919604,-0.45166790724937617,-0.057754061332196106,7.682440532975007,7.670846234154482,7.655332245963644,7.660269647669747
8.362132506504826,-3.512320159311596,-5.811831159803877,0.4168271857045067,5.621018060016657,1.243658415352661,-1.3137572420394221,0.8820847737025509,-0.1725870019089622,0.1415752752033801,-0.4149067605714053,0.4343523601210366,-0.4631952294231422,-0.05748270738361583,7.490284107725739,7.479341324677053,7.472793371297444,7.470867296406669
8.402795118785939,-3.2784999396161303,-5.758690289248615,0.3676277929789121,5.876768916220914,1.370532144357214,-1.1051315039599086,0.884422067007576,-0.16872501603544218,0.12926252388727327,-0.4155364174510297,0.4523995699905568,-0.46951641714759845,-0.05695876168238567,7.3038811302055775,7.290019422090391,7.295710949537756,7.287678366459954
8.443457731067053,-3.034733966526877,-5.700401128966961,0.32673034897359643,6.1101823169165135,1.4968464791129896,-0.9054889827855593,0.8866680507852146,-0.16464677406955183,0.11672641573830247,-0.41609588594036173,0.45970393784705477,-0.4736073878929901,-0.05606785563405932,7.132110452273944,7.106842681683,7.116006874256525,7.107369988004386
8.484120343348167,-2.7819198549044124,-5.636989237140569,0.2937661905895846,6.321792030759295,1.6224794450197668,-0.7150040315128392,0.8888114319459991,-0.1604377788087239,0.10395400431081006,-0.41655435702648813,0.4705108685986149,-0.485194464533487,-0.054688619486288545,6.980507320545147,6.925020834645021,6.928889439034073,6.9355804243042565
8.52478295562928,-2.5209358613572665,-5.5684823624237785,0.26836076522333535,6.5119291931309355,1.7474613690014638,-0.5337671939219709,0.8909179675857474,-0.15607123618088975,0.09050755327108528,-0.4168542407677072,0.49902364920491027,-0.5284235225182505,-0.05270384577335071,6.813358802871714,6.74892223565866,6.771211162712062,6.7685516629671545
8.565445567910393,-2.252657912617245,-5.494901559877494,0.25013885756142495,6.680412654660955,1.872094334289493,-0.36174204326326403,0.8929997185126001,-0.1516324177439013,0.07608376574653773,-0.41692508817093715,0.5146314128034593,-0.5713427969040686,-0.04997494898306108,6.6521152145514035,6.5866790589029005,6.62114997704165,6.600205384555697
8.606108180191507,-1.97796913909494,-5.416252163533352,0.23872559446012304,6.82715653626659,1.9968037412808646,-0.1989663340818773,0.8949909339911735,-0.14721327034875142,0.060864616636424035,-0.41674492839201027,0.526724094649462,-0.6022319887897772,-0.04646207180393218,6.500574371083115,6.430169584676821,6.47757496448353,6.438129818871883
8.646770792472621,-1.6977507526967932,-5.332524483360214,0.23374357080106462,6.9523320604472,2.1218774021959366,-0.0455135969095817,0.8968462216054711,-0.14276680826745186,0.045068640041375355,-0.41631696867616935,0.5371717702885551,-0.6237157386650638,-0.04199519800172993,6.369097381649517,6.282075219538323,6.329273000104062,6.282783336492483
8.687433404753735,-1.4128739177244043,-5.243700463993724,0.2348128680272549,7.056206329406865,2.247446047788264,0.09857948626687814,0.8985666074044145,-0.13814174729146672,0.028659823621722945,-0.4156249375000913,0.5643850810474748,-0.6518695799356845,-0.03656652595744161,6.248393940223504,6.143980748190319,6.185674207635242,6.134597780362918
8.728096017034847,-1.124204146003694,-5.149759502526797,0.24155419544697196,7.138733842932507,2.3735032640799685,0.23338615298433296,0.9001843544718108,-0.1330382567196874,0.011334342204181903,-0.41462593544791354,0.61456157190878,-0.6889560228306725,-0.03024435001171584,6.125120692277154,6.012839514967136,6.063091453875002,5.995790181677971
8.768758629315961,-0.8326174925775761,-5.050684525061873,0.25359320809715524,7.1994768049432,2.499879555981511,0.35906168129320315,0.9016914301729421,-0.1272117461956774,-0.007046740094718033,-0.41327520487323327,0.6696160336766874,-0.7202786826062366,-0.022942702299552913,6.000704254442424,5.87981019804978,5.9614562721305235,5.876101517444996
8.809421241597075,-0.5390092390548717,-4.946467945843177,0.27056177059579767,7.238014752211913,2.626313513662948,0.4757353479467862,0.9030109424598126,-0.12079467381883653,-0.026278376659845795,-0.4115399659279048,0.6995491478208621,-0.7450543386211079,-0.014557128716722968,5.895062438109413,5.761301655735928,5.8557544752209685,5.766376860026478
8.85008385387819,-0.2442850760371343,-4.837109976102182,0.2920949133204396,7.2542587451415566,2.752710479041149,0.5834330674406729,0.9040624429173235,-0.11407051192474342,-0.04621585010308474,-0.40938500499962566,0.7234046093347081,-0.7759563681347968,-0.005485272810906928,5.807023901542176,5.665312413654747,5.747599645210825,5.660270742705681
8.890746466159301,0.050647035432094936,-4.722611521957973,0.31782750461746867,7.248111231370406,2.879094175329577,0.6821335401451162,0.9048110293900192,-0.10695255185145502,-0.06702941487498654,-0.4067553442877408,0.768302569021491,-0.8137693023503467,0.003826113644221172,5.7050965998969545,5.568151019264142,5.675845210932316,5.576479353509611
8.931409078440415,0.3448697206346629,-4.602973976461589,0.34739346114651465,7.2192630018104325,3.005422772870882,0.7718085508800622,0.9051944534896035,-0.0995062109376303,-0.08862243042878223,-0.4036337544009506,0.7828645798673591,-0.839869599356023,0.013432677504246761,5.628591746301529,5.49725444439684,5.5968829371071385,5.494002939091558
8.97207169072153,0.6374584856925647,-4.478198816348979,0.38042484440466473,7.167703056940433,3.1317331321625224,0.852403045886982,0.9051620482540861,-0.09185196979015493,-0.11072578567307781,-0.4000328733237707,0.8071375124202147,-0.8596141691004057,0.02295335862729471,5.55615487063605,5.428286358129148,5.538587083110745,5.432479192769492
9.012734303002643,0.9274899567770453,-4.348287761572505,0.4165519129865688,7.093465497926167,3.257970581864059,0.9238882398396134,0.9046832989759965,-0.08399890689933255,-0.13320313608157186,-0.39595850390913917,0.8164202824543902,-0.8747299150071217,0.03246354643280216,5.501260890070389,5.3651952949739234,5.491290141511479,5.385667322544729
9.053396915283756,1.2140442438786787,-4.2132435083735915,0.4554037816632915,6.996703313860292,3.3841868277921403,0.9862315956661293,0.9037017031411274,-0.07625059677668566,-0.1559272848196787,-0.391440860614337,0.8090880237083597,-0.8958982333722763,0.04228651713640733,5.461687482505839,5.332424395566867,5.451342795076048,5.336450361212804
9.09405952756487,1.4962092933020934,-4.073062351006785,0.49660774948546466,6.877621534124086,3.5106069300652547,1.0393853413927192,0.9022035361491998,-0.06863986300768425,-0.17881543251794674,-0.38648556316465266,0.8134380101242494,-0.9058764131438124,0.052209158936976405,5.427965753819124,5.308296217240201,5.430924330927577,5.305114578944858
9.134722139845984,1.7730800931794362,-3.9277343642199427,0.5397901616561509,6.736365471894659,3.63727541107414,1.083364153186729,0.9002257802199294,-0.061005389489890066,-0.20164945929854458,-0.3810992389163624,0.8135813480238794,-0.9016026573715042,0.062185052627533946,5.417011293221722,5.288589166031303,5.414859216600077,5.294991866003051
9.175384752127098,2.043758139328679,-3.7772508547955455,0.5845794487620727,6.573102683931446,3.76412830613425,1.118245351385487,0.8977684547246123,-0.053407039986853526,-0.22435173485526677,-0.3753010261578784,0.8106286251002134,-0.9075443561575343,0.07227453391145783,5.418193735429241,5.2879180567882464,5.410166762103422,5.2955763368925055
9.21604736440821,2.3073492224439356,-3.621604031813315,0.6306062104699366,6.387848623686142,3.8911967657406086,1.1440437356265634,0.8947949121411747,-0.04590973257140482,-0.24704788815791337,-0.3690859904488157,0.8108824077547309,-0.9184164147677079,0.08222424227323524,5.427720903181896,5.302762991825125,5.4235321523680415,5.307621342261312
9.256709976689324,2.5629558221455393,-3.4607840534116074,0.6774996951312108,6.180437780333082,4.018531976965166,1.1606853446663705,0.8912961223260476,-0.038498610056231106,-0.2697360859694799,-0.36245450892499537,0.8104234971755231,-0.9246777946418934,0.09201136333680786,5.446053840278443,5.338213186922928,5.451228592654434,5.328906944834541
9.297372588970438,2.809672308797264,-3.29478036470972,0.7248851999276592,5.950657119256521,4.146097064402672,1.168066486771148,0.8873226139959647,-0.031079558935719745,-0.2922226128543779,-0.3554173051517778,0.8133102615055898,-0.914592003722345,0.10136380015642929,5.469240703677209,5.380624714399112,5.496815241412279,5.3726875817351
9.33803520125155,3.0465855308273104,-3.1235878287438084,0.7723848246770448,5.6983745087321775,4.273673832017288,1.166150665295444,0.8829663637891246,-0.023666286519219256,-0.3141711800635909,-0.3480420842163792,0.7996698258768615,-0.8898979922501881,0.11000903703869991,5.497029547106887,5.433928367082949,5.562737874437698,5.4316793290193965
9.378697813532664,3.2727821314315753,-2.9472105527531265,0.8196221915324932,5.423748806543248,4.401065710821684,1.155075145936068,0.8783658516890339,-0.016556045119631047,-0.33508247786630435,-0.34051625289022136,0.7555569426301574,-0.8426713210475787,0.11789941447562413,5.559353241137687,5.508432769483559,5.6153911301615285,5.4978381088295105
9.419360425813778,3.487363445170583,-2.765657997799683,0.8662323232013733,5.127294313053984,4.528188961849253,1.1352508569946922,0.8736489144264892,-0.009839174807998922,-0.35471458235962433,-0.332946982330237,0.7239443828240392,-0.7963981128057059,0.12474603938971285,5.6447473542584845,5.580681463281897,5.672923545059961,5.586437346710657
9.460023038094892,3.689449935773061,-2.5789438348678138,0.9118679310240766,4.809350901890735,4.654922318659709,1.1070695218847233,0.8687621584419004,-0.0034445469700936757,-0.3734356132085237,-0.325303109035052,0.700326737822334,-0.7808837129022684,0.13086485664190203,5.72261639101817,5.669320366938882,5.760626271037258,5.682162771162538
9.500685650376006,3.8781680651390857,-2.3870840157871087,0.9561915611059355,4.469904366884366,4.781300746830805,1.070628539483199,0.8636373533992124,0.002495573937204025,-0.3914994292749226,-0.31763366275154187,0.6649317144218976,-0.7634070826971948,0.1362210492822663,5.8204506169185155,5.7666299134851595,5.850217912067769,5.791266718300734
9.541348262657118,4.052642593912837,-2.190089179082185,0.9988674484435177,4.108912579089599,4.907547039265584,1.025933899231516,0.8582560756693727,0.00781915357797285,-0.4089726467725902,-0.3100322922188388,0.6270790000008606,-0.7598021469174028,0.14080636246427566,5.940727257770291,5.892149174908768,5.933407012293349,5.897932279374452
9.582010874938232,4.211994365756834,-1.9879579396354248,1.0395563810758237,3.726167626765104,5.033970040738762,0.9727641812529934,0.8525210313886061,0.012766049412623933,-0.42620368418046084,-0.3023877039219508,0.6280888603014744,-0.7688752429737803,0.14422466727613045,6.068765004556248,6.0115053570416865,6.033911339874619,6.025215166187587
9.622673487219346,4.355327060936522,-1.780682528502433,1.07790100637333,3.321013293585848,5.16055434459195,0.9104121895097684,0.846253895625602,0.01768291602157295,-0.44367414884518175,-0.29450078099875393,0.6427883187694523,-0.8027172356972542,0.1469088736624744,6.148043232933306,6.138011549944082,6.204732316919476,6.160614835268729
9.663336099500459,4.481712541310654,-1.5682578203695325,1.1135056390866591,2.89269767432694,5.287277064166713,0.8378481391987064,0.8396007458707883,0.022191725607689675,-0.4609240003575649,-0.28662999942300643,0.5876729083225971,-0.7790472520341248,0.14911387301392628,6.23775541957242,6.309448727781678,6.3749583085875745,6.276139448175903
9.703998711781573,4.590210108759702,-1.3506726646071225,1.1459502878319803,2.4414638834911684,5.414403167403044,0.7551202540339043,0.8333304092273799,0.026004115185391963,-0.47641118011826916,-0.2791837594355681,0.5154539030928655,-0.6605127788484851,0.15022070325004436,6.305592403942607,6.507363245963996,6.594240717754211,6.371649166614996
9.744661324062687,4.6799122093407055,-1.1279131915973981,1.174856260058681,1.9687333166671843,5.541647250741365,0.6644175164375868,0.8288854102137322,0.02945624395710613,-0.48775639487024464,-0.27239699563100594,0.40913847598449743,-0.36546339272473877,0.15107094835149684,6.434013114015566,6.700558637096767,6.7649802362487526,6.4897937901806415
9.7853239363438,4.750000000001743,-0.9000000000020407,1.1999999999991195,1.4773938172859835,5.667546909849483,0.5711906162005232,0.827717797620736,0.033157794325326756,-0.4928465412139773,-0.266297998378709,0.3255685985485568,0.011386778826091754,0.15142475477155753,6.434013114015566,6.700558637096767,6.7649802362487526,6.4897937901806415
9.831424654814818,4.80520566613949,-0.6355834009362233,1.2238152327573297,0.9180615544345457,5.801758797166643,0.4626230709447679,0.8310691288688329,0.03777244139857423,-0.49008144265088766,-0.260292086752654,0.18919009694038325,0.45444204315537673,0.1510093119706515,6.292210756245565,6.422552546876859,6.492812484163792,6.419389568328395
9.877525373285835,4.835009887172108,-0.365306296656575,1.2425629411718515,0.3763115243375276,5.921787416096417,0.35275042697191117,0.8378444281675386,0.04141478666440308,-0.4805877363415839,-0.2556811149828938,0.033277733704727225,0.615388437605685,0.14836539868401363,6.186129705200121,6.315736546214152,6.222200110774245,6.223358890566766
9.923626091756852,4.840310291933155,-0.08979954051173783,1.256330690789029,-0.14458112592374261,6.028670149626461,0.24706077181744882,0.8459086885655029,0.044776300870653686,-0.4681370242173051,-0.2516111369440237,0.07672629196754999,0.7160369334935477,0.14233032868515452,6.012878697317596,6.218920984304829,6.050255018368639,6.018091252504094
9.969726810227868,4.8220908400561,0.19030880006422635,1.2653624371580567,-0.6438640953222969,6.120813373185904,0.14754306563705277,0.8551435611340639,0.050729857809314126,-0.45322953671899063,-0.2465191605113457,0.2063306932162657,0.9042141761760502,0.13430758984253263,5.729622688061459,5.989291489569592,5.97935656934848,5.987110134938641
10.015827528698885,4.781367427553234,0.47426000543972474,1.2699922551926857,-1.1203152531421268,6.195158446211516,0.05662161308103653,0.8659999903756751,0.057232495711829624,-0.4341058105194954,-0.24159635120170286,0.011898801207568255,1.1026417000478286,0.12199157326267128,5.620908143815298,5.966878398502915,5.735880547690481,5.783953166899628
10.061928247169902,4.719269069915275,0.7612450141369117,1.2707047105194715,-1.5704392979979465,6.252339986221579,-0.021856303236642304,0.8784386269762379,0.06363039133156531,-0.40997878823520195,-0.23726389465293762,0.06381483875120371,1.3364591015326688,0.10386914675684311,5.496124720248901,5.777952484603937,5.520049645769271,5.7684674858325495
10.10802896564092,4.637078734537548,1.0504412985499738,1.2681314333603686,-1.991513094008318,6.290812880463406,-0.08586094556224316,0.8911974884539949,0.07127080448750113,-0.38292894675688965,-0.23275740408328682,0.05284529154450214,1.3640220996699184,0.0794906424675791,5.445202242176941,5.616931444156098,5.2638395864123035,5.722701799933461
10.154129684111936,4.536157599173488,1.340984805469013,1.2629185448721025,-2.3831610418753706,6.310912640781819,-0.13700543973684512,0.9020543717412279,0.07909186747599718,-0.35759259568003215,-0.228520201209093,0.11443701477390067,1.1380778384114942,0.05048841506598979,5.531666110024902,5.529700734572283,4.974509553864237,5.553057900540202
10.200230402582953,4.4177722849015595,1.6320575611282724,1.2555494215672136,-2.75038000932677,6.313603176610539,-0.18084603274987557,0.908908475487565,0.09031190912730719,-0.34035607603302137,-0.2233973945107436,0.5333853771202298,0.6792889861275502,0.023947287555072222,5.2595342746238565,5.348950619371064,5.16641737137019,5.421702994054269
10.24633112105397,4.2828255707591065,1.9228241272725335,1.2461740780339876,-3.1027364191697355,6.29748060485385,-0.22518603639427456,0.9125226720919801,0.10463932760410072,-0.33025456068217846,-0.21751030465460655,0.5481323739973271,0.5488031794861451,0.008051483428501677,4.98630704050244,5.290446615282859,5.372207526553229,5.201060897715226
10.292431839524987,4.131906874124651,2.212432174399084,1.2346978827375907,-3.4427667960364503,6.263512926405794,-0.27168293087374074,0.9169637712924886,0.11732097150833666,-0.3168915293229562,-0.21227696285551767,0.31560745678216806,0.9238392762049787,0.0018871737142304688,5.076452342282228,5.208922552834459,5.2166905200684734,5.045708190653768
10.338532557996004,3.9656948676701904,2.5000842874398486,1.2211245932894128,-3.7651484725535744,6.212388380921282,-0.3155570895960588,0.9234224716586665,0.1292430420104683,-0.29634354470158186,-0.20694438461051987,0.3350504624968296,1.1628452919227321,0.0036085281175934174,5.03812910832125,4.9722681541972245,5.1655205900604315,5.123066540767715
10.38463327646702,3.7851038179896688,2.784965952937554,1.2056557006378859,-4.06605972876566,6.143440195053461,-0.3538120724709389,0.9302966609177025,0.13947795542368596,-0.27278582161394227,-0.20173228835820023,0.11653568911200607,1.1444069797961114,0.008549113838100286,5.044832360072172,4.856425571565164,5.098533952577897,5.108770068134032
10.430733994938038,3.5911538945342327,3.066331608122047,1.1885864635941943,-4.3446148753946945,6.060816300160817,-0.38502069593648286,0.9367894670508707,0.1442470021504806,-0.24987640840280084,-0.19797383276325126,-0.12509982356699445,0.9880119400592349,0.016718939907106455,4.999421443162135,4.951238338795429,5.0983507746837144,4.930796937695414
10.476834713409055,3.3848573105187674,3.343683695830171,1.170263909230511,-4.6015321162296425,5.969953969494198,-0.40818431997015103,0.943111623537107,0.14544278119823978,-0.22682806855429496,-0.19490170396874845,-0.18780704288535413,1.0819661865858192,0.02663891406188241,5.066148521584249,5.097379832406739,5.00091542250362,4.746772414094964
10.522935431880072,3.1672338231702977,3.616669277413698,1.1510866083330207,-4.835540420628998,5.870759491382903,-0.4222434583930679,0.9492172043858713,0.15004566203396524,-0.2007714264656797,-0.190288933225712,0.13859817751769815,1.3066809841364722,0.036915321884898135,5.1159670747296255,5.028237923399303,4.980599963668871,4.776596944948383
10.569036150351089,2.9393828387415972,3.884757665849162,1.1314636920496877,-5.044927923089366,5.7562498139005465,-0.42800734380305894,0.9541671726509415,0.16205606535010292,-0.17247598731389277,-0.1832389159665532,0.4439958788636782,1.3990532415601065,0.050382245202117454,5.008008077626018,4.846518663678888,5.148855335721977,4.9479844550749394
10.615136868822105,2.7024579267788593,4.147090845656414,1.1117376567101926,-5.2288984483537675,5.620861097213264,-0.42705091452339095,0.9582036989863871,0.17536873448765203,-0.14296420961028064,-0.17514795431778973,0.2538490251858891,1.4299069006904617,0.0671117413794355,5.203685897896543,4.927777649888199,5.017943612069887,4.912005870917881
10.661237587293122,2.4576629275535073,4.402718611972899,1.0922182460138614,-5.386384264128795,5.465559350704056,-0.41939547139647987,0.9611504461782021,0.18789887255968094,-0.11446364837401347,-0.16679294295125566,0.41314521179409713,1.295301767806335,0.084739241999779,5.2250521124981635,4.861877378721831,5.093092618200155,5.054651462497412
10.70733830576414,2.2061726166455276,4.650717247397707,1.0731831264681813,-5.5199939980987764,5.290054119448804,-0.40652897968321844,0.9625271349822081,0.20068057615626897,-0.09047359487782655,-0.1585588724203864,0.36488496468023063,1.039579685033655,0.10327172777170693,5.269474408597144,4.980594402827833,5.185818222542526,5.035454930133539
10.753439024235156,1.9489920620923538,4.890186855579314,1.0548528664514578,-5.633781576834456,5.095903621032664,-0.3890835438284711,0.9629788702057513,0.21232312820703966,-0.07049874190962357,-0.15064910517549543,0.38746241065253983,0.9302708595507279,0.12353347198904656,5.315736931742137,5.08747503158069,5.292084249309746,5.069945209749738
10.799539742706173,1.686976838038478,5.120282058321282,1.037432630823989,-5.729858745093753,4.883399154126199,-0.36728138748809785,0.962720624341607,0.22421387769295129,-0.051936463981872474,-0.1424209861708397,0.4195091797524158,0.9254449885697088,0.14431916977705078,5.396764335586992,5.097646570434125,5.36630376775445,5.251563848457026
10.84564046117719,1.4209333131722874,5.340144998724195,1.02112051578618,-5.808671027708144,4.652245325176746,-0.3411129566056086,0.9621128254621392,0.2349870664960566,-0.03499586359508305,-0.13408655051151283,0.32145467401316336,0.7802876611247188,0.16342921345430228,5.508996976650531,5.2188013791116,5.417348383833621,5.3637098166709345
10.891741179648207,1.1516206021481565,5.548953375567555,1.0061361208280029,-5.872173791186727,4.404251593602602,-0.30968154323973,0.9614134728888349,0.24361793703890333,-0.0216028978462446,-0.12628052838582693,0.28064598899441184,0.5939998598897338,0.1793011920078232,5.486044291780553,5.413435164767735,5.666197702968039,5.383148499235439
10.937841898119224,0.879685325629382,5.74597223103686,0.9927439805736996,-5.922325417330135,4.141047942859108,-0.2719911972030438,0.9608936782144022,0.2503999639762858,-0.008305279482175645,-0.11817975625611388,0.16310141925631172,0.7603882728139046,0.19566700866011177,5.604977247672026,5.565395553722044,5.743314481698872,5.5181857073338385
10.983942616590241,0.6058159995835595,5.930524264216012,0.9812647838883288,-5.95524102784023,3.863601378906349,-0.22662918380125002,0.9606716467350965,0.25544072583411337,0.008648658534086903,-0.10883871538153338,0.09122320387569365,0.9072210374484081,0.2078291427015002,5.768277315660066,5.832051790459537,5.763262393447328,5.59585529327358
11.030043335061258,0.3309299083379412,6.101953366529742,0.9720706068140472,-5.96571277342298,3.57145362217548,-0.17317100875957456,0.9596418492819596,0.26207963385341954,0.029035868672538913,-0.09831770365182442,0.281892483223612,1.0883417601347913,0.21260110232892004,5.951606617576295,5.952494367066677,5.819373059741187,5.804005588262533
11.076144053532275,0.05617080681597025,6.2594921425122925,0.9654816351146747,-5.949421031970394,3.2603159036045977,-0.11429761233568343,0.9566765271932598,0.2732539721574804,0.05107119044244283,-0.08723190677701885,0.5010842883583195,1.1003398978878598,0.21324105963788498,5.939148790921319,5.896633008171311,6.141020641980646,6.159284745117035
11.122244772003292,-0.2171824546811917,6.402172432426173,0.961673851554864,-5.904658822552824,2.927334492323265,-0.05253396050824218,0.9535066128420817,0.2825692816038884,0.07278571080314522,-0.07605013733973039,0.13580489689438782,1.0522713347718484,0.21426089280954227,6.182100540195802,6.088039717454987,6.211454091014435,6.297239459059164
11.168345490474309,-0.48778471733052214,6.529104021251538,0.9608317858051628,-5.8301803931106795,2.5783969079890956,0.014960959604982638,0.9517021437021261,0.2854788076595414,0.09283136078193374,-0.06498438264953912,-0.05219987351596728,0.9106600354791491,0.21452569320244858,6.421215922815706,6.305739361009225,6.285928689124919,6.439720516151807
11.214446208945326,-0.7542881140076847,6.63968496954447,0.9632966637645357,-5.727471698505651,2.21858325763377,0.09123290932935772,0.9504563136978412,0.2859476791847288,0.10912550389907963,-0.05488797433664828,-0.051274952218200415,0.6991259191715421,0.21266411208213587,6.581624296008517,6.55094955959,6.438899558855645,6.5839719165172355
11.260546927416343,-1.0154816120055465,6.733449906071972,0.9695083549967025,-5.600581743642893,1.848837356142708,0.17751944330138722,0.9490667037038816,0.28706734112744814,0.12154131768357619,-0.046128187280891464,0.035440009083384086,0.560984482655792,0.20734059285106984,6.713287437003095,6.77171215345819,6.617619658240014,6.783003592154155
11.30664764588736,-1.2703352788693354,6.8099090310284245,0.9799281409705898,-5.452942823631483,1.4675748210761366,0.2736857177637183,0.9472911237971908,0.2896737068721245,0.13147826363261125,-0.03848511711349915,0.10187229402998979,0.47684572553769267,0.19703083047913356,6.8593934481035355,7.032433396206062,6.803538644944032,6.944987267146291
11.352748364358376,-1.5179395286632729,6.86848464913437,0.9949974060358322,-5.286233382297679,1.072686979700001,0.37899009778603004,0.9448497365684341,0.2941110105014254,0.14074232053924723,-0.031574960926836336,0.21417168090363875,0.5010223321220537,0.18257571973538614,7.059215522925776,7.20051314394796,6.981567114565351,7.178905083493549
11.398849082829393,-1.757410215603024,6.908484009712315,1.0150965278572595,-5.100163571961504,0.6613162983028259,0.4915871079137526,0.94162570249708,0.3005073130481398,0.14979363306039692,-0.025360465320253656,0.29234686440635654,0.4569161243956443,0.1670123603509341,7.233810004335789,7.407063196706148,7.2090739304708995,7.375215998659804
11.44494980130041,-1.9878596142011697,6.92908688089611,1.040525081035148,-4.894974658115324,0.2309474591036687,0.6099636278809694,0.937866412391855,0.30812585662646197,0.15846023377760965,-0.019820621315750953,0.33734062890212685,0.4620283236813709,0.15140792027245573,7.391765107284366,7.578239616957798,7.485842464583594,7.588750778104138
11.491050519771427,-2.2083943820209626,6.929384534673864,1.0715162731859484,-4.669776529452133,-0.21948209441918765,0.7328063496536483,0.9339245102071849,0.31526553611257824,0.16796286173086492,-0.014254831074900498,0.25544820020188574,0.5278526203495011,0.13809764065719496,7.620210555247469,7.775874806090509,7.698096528376382,7.789032728487676
11.537151238242444,-2.418028772541763,6.908480137929049,1.1082719399668806,-4.421599216445812,-0.6884454979414061,0.8600924007626727,0.9301386963974996,0.32066033401880706,0.17882168991701286,-0.008222285988657901,0.18325651513852,0.5795603615807192,0.12675088082273261,7.842925219117209,7.950283597063771,7.902571626796403,8.043102399760498
11.583251956713461,-2.615633707290585,6.865573105137189,1.1510069173443618,-4.147640423704207,-1.1734970080199434,0.9924305452325287,0.9268338074916893,0.3238771190369035,0.19003863612708277,-0.001939534371694461,0.0630856574457031,0.5537501254104198,0.11533888333152345,8.088577253919551,8.11798772829983,8.079177456472204,8.319144188346925
11.629352675184478,-2.800000000002646,6.800000000000763,1.1999999999998125,-3.8476363506383406,-1.6711185005266314,1.1322441257012585,0.924820645838569,0.32408543401288015,0.199262412038186,0.003964420050643237,-0.08830658428733473,0.38721252573601656,0.10293293898820256,8.088577253919551,8.11798772829983,8.079177456472204,8.319144188346925
11.67081332006423,-2.9537116120715314,6.721489117610513,1.2494992103948206,-3.5660804936769166,-2.114856131344614,1.2554348001621574,0.9249018197607768,0.3210936320135094,0.2035573425734101,0.008302006136933054,-0.2633676913496677,0.1322446773767303,0.09148426957725148,7.894999209915032,7.857466657646758,7.832279666546158,8.164596333978881
11.712273964943984,-3.0957885504041256,6.624956670826857,1.3038608004230905,-3.287496017294099,-2.539943650121848,1.3678075049765828,0.9271917435977669,0.31473045322205107,0.20293788939184398,0.011427913448815044,-0.4370168147328012,-0.12995618180354124,0.07926075190377552,7.605560245122794,7.80302819405501,7.6818728165589345,7.804411505130474
11.753734609823736,-3.2264786469550812,6.511226233314085,1.362748297629849,-3.017187066835388,-2.944096024710271,1.4742394004972246,0.9306013520960674,0.3061036055331971,0.2003635523451479,0.014104506715901764,-0.4923432221481305,-0.07669407470733515,0.06599270481379586,7.357673610695275,7.6917811098766355,7.490341426840899,7.510989315146285
11.795195254703488,-3.346126240185546,6.381191496133086,1.425936675546992,-2.7541993285636344,-3.32633225519096,1.5749968829013776,0.9334161746108901,0.29714804913746984,0.20051346185932478,0.01742490875818585,-0.4580746405773451,0.14561696642181737,0.05128277081492392,7.164064974390175,7.45251900658093,7.253129944986133,7.348309995049009
11.836655899583242,-3.4549441379438277,6.235758834395883,1.4931414934996974,-2.4940390918408935,-3.686881481638937,1.6675528680589666,0.9352486960734456,0.28848078854689224,0.20420928466311822,0.021460668311781374,-0.44708925936271576,0.28258625170199647,0.035374883992066015,7.0011881386675965,7.1620401432576895,6.997327919843917,7.237024017816124
11.878116544462994,-3.5529824129602834,6.075820980965917,1.563982894165723,-2.234075788299622,-4.025994816253438,1.7503370778000584,0.9369250810856894,0.27931477566491375,0.20874478569267635,0.025507590894704123,-0.49737126977419044,0.2265837065793452,0.018766478188316862,6.820985017592372,6.913798732413765,6.76911219176429,7.086800359047211
11.919577189342746,-3.6402645842619097,5.902269161332072,1.6380655962279145,-1.9756360648101046,-4.3434780746986394,1.8241816954983547,0.9393524806515045,0.26876694497196507,0.21122051187675545,0.028898214269357066,-0.583294686790015,0.06705202335032318,0.0017456844245026552,6.59832689725377,6.782579437846213,6.586926022005577,6.830944687693716
11.9610378342225,-3.7169183889485797,5.716007403858071,1.7150587736060903,-1.7217876979172635,-4.63902435682607,1.8909463646652092,0.94241407216311,0.2570663394523296,0.21176182755162637,0.03162376465200647,-0.6094833669243139,0.024561385434567234,-0.016011880943751985,6.351455115011951,6.65574949772328,6.431785554281316,6.583999574473458
12.002498479102252,-3.7831645924484634,5.5179418120352475,1.7946835308522708,-1.473479187449818,-4.912850282555467,1.9510210675173987,0.9452876131741379,0.24490997190945665,0.21299347398153862,0.03422144889235323,-0.6155062459049814,0.1324529940774779,-0.03494076930666776,6.11556940164008,6.522514803605418,6.276209938040901,6.350699967899469
12.043959123982004,-3.8391977879342174,5.308967145832723,1.8766414300317704,-1.2285150834404164,-5.165197501705441,2.003136139967275,0.9472489235284203,0.23252923404708267,0.21765965564153894,0.037286634215874324,-0.6074971393883879,0.3683996234780673,-0.05490268824536071,5.954538585608031,6.318231552973352,6.060206988692946,6.193415613290191
12.085419768861758,-3.8850733195893885,5.08997062644073,1.960556939290518,-0.9828215894204988,-5.396228851710201,2.0450374326649325,0.9480657492168367,0.2200654437345029,0.22631346500584226,0.04085909051837219,-0.59407463771937,0.5319221002007164,-0.0755049133999233,5.829421182661609,6.0226138247312315,5.823411789300546,6.133762795648673
12.12688041374151,-3.920700918370951,4.861830064117621,2.045969815419507,-0.7340954932296525,-5.606185278368299,2.0752650911026995,0.948585496562568,0.2068029648987508,0.23577255625107005,0.0443616145026471,-0.6689163273017475,0.448886094848681,-0.09638185614948429,5.648489060170499,5.82122032160553,5.658107113738172,5.987800450702014
12.168341058621262,-3.9459753393155874,4.625423922766613,2.1324077738192293,-0.4837876814406836,-5.7947113753987285,2.094699743688944,0.9497376169976487,0.19149641171568582,0.24325474538908387,0.047523882878373044,-0.7939195778835745,0.33761128210096325,-0.11721161085871329,5.480237170608758,5.711523357625408,5.495426737888124,5.760420061150329
12.209801703501016,-3.9608782029512124,4.381657601120091,2.219457174813908,-0.2340757119338329,-5.961048072138098,2.1048870705209857,0.9512879101287557,0.1744134127205905,0.24932781006506527,0.050421551549314894,-0.8392474414802554,0.3136699377238313,-0.13778532971358273,5.347008854441838,5.538267448953433,5.309848477829107,5.612412106026785
12.251262348380768,-3.965459800478819,4.131452260226434,2.3067500399794727,0.013858336765315064,-6.105308566172243,2.1064652629089053,0.9529309023690373,0.15651824009286816,0.2543333667401798,0.052900220986885786,-0.8652805270069912,0.23463058978916293,-0.15825730654982567,5.185757987663292,5.3945026852886,5.169129912108858,5.44876315948226
12.29272299326052,-3.959821079915384,3.875709388903626,2.3939416814305137,0.2586698454327531,-6.228202599432797,2.1000296802678573,0.9546837192917748,0.1380150129073362,0.25800620872173385,0.0548861765968922,-0.8918369913185681,0.1843250958251485,-0.17850440847989535,5.02210539295572,5.277968201596199,5.046398115832757,5.2751944343057415
12.334183638140274,-3.944111491749933,3.6152999777470662,2.4807092774619988,0.4995448417617936,-6.330432815321173,2.085949111157512,0.9562491418235247,0.11895739170874724,0.26130992631598315,0.05651327404808746,-0.9071779690319218,0.20353032162195378,-0.1985968436596895,4.8806532331752015,5.115176760818961,4.915721419141876,5.169185321864084
12.375644283020026,-3.918494136687837,3.35106875990679,2.5667357106793576,0.7365371945435911,-6.412508286430301,2.064198617494692,0.957539370239467,0.09896159194128573,0.26456894070224174,0.057936520012222006,-0.9704055278548019,0.1899977215631494,-0.2188258217132734,4.764357015386512,5.0030780554777845,4.7820204618236515,5.027840614426286
12.417104927899778,-3.8831309060490393,3.083849657320995,2.651706550618014,0.9695672656868993,-6.474497447048437,2.034964515262319,0.9585865062284193,0.07790051016274824,0.2675095701717004,0.0591684070057303,-1.0003581223496032,0.18479979355251722,-0.2389103163453311,4.598669870985752,4.901174506626109,4.7266148807580946,4.887509940730424
12.45856557277953,-3.83818407748798,2.8144720061209587,2.735313500524404,1.198878958312953,-6.516514878866393,1.9982434155470448,0.9590217712026953,0.0555358620807509,0.27123117768970717,0.06036005427387971,-1.0812967789937888,0.2852135622275236,-0.2581146730229857,4.470966007193961,4.741045785464001,4.656183805772234,4.826300075349527
12.500026217659284,-3.7837841862787758,2.543777367359535,2.81723700217957,1.4256774007396773,-6.537655746318951,1.9535379124327055,0.9585895776141227,0.030215032529418644,0.27635195838136517,0.06201306666701438,-1.273137473652766,0.35624926282541247,-0.27635280969187814,4.442514554310207,4.629318681209439,4.493141896629658,4.757965522616419
12.541486862539037,-3.7200174090629954,2.2726734689839807,2.89713874029706,1.6506065714508926,-6.535860574576394,1.9005637998852325,0.9575049623047556,0.0015821883131740071,0.2812236820823083,0.0641790210203058,-1.4003962258303984,0.3009218890874144,-0.2950661780894517,4.412307396426388,4.585983052296052,4.352393409345857,4.651233634559468
12.582947507418789,-3.6469731930762244,2.002138933291146,2.9746800817737302,1.8729152718394675,-6.51010244147937,1.8395845494792264,0.9560196209592814,-0.02837186835784832,0.2843216757992761,0.06629240166619242,-1.4043829339953193,0.21203731868807904,-0.31464915189012954,4.329758316454616,4.55513271741656,4.304811178313655,4.545879562434593
12.624408152298543,-3.564780891207714,1.733158812809888,3.0495389274325944,2.0916982450400132,-6.4609990001082,1.7710296762878797,0.9540001869267964,-0.05814695359408051,0.28617025378818445,0.06792460260272627,-1.380180719431312,0.20085718173489447,-0.3339809563570364,4.251909331750434,4.4839019207018245,4.28247380212375,4.506368409162765
12.665868797178295,-3.473590227371438,1.466682154361606,3.1214030492521427,2.3069037968412776,-6.389405816794134,1.694915058900751,0.951157858084153,-0.0881096811603656,0.2876790526833891,0.06915816661951257,-1.4176197353130748,0.20666500425838868,-0.3528753092942525,4.200863097965377,4.41810527789521,4.256654007986562,4.495003009003484
12.707329442058047,-3.373545775471358,1.2036397941921826,3.1899547726459874,2.5186842638591056,-6.295251508627266,1.6110046228036654,0.9473404479349431,-0.11938509897468721,0.28870026484211153,0.07035381642043667,-1.5114453723331,0.19177928226989782,-0.371759462686994,4.192405869899019,4.404850598663532,4.224177700301576,4.4540626695791055
12.7487900869378,-3.2647917372398925,0.9449841335188881,3.254864217761577,2.726902577475534,-6.177700835310623,1.5189554167540256,0.9424543323724993,-0.152107552827595,0.2889987025744514,0.07159433716062687,-1.5687467459320363,0.17950758449857476,-0.3900956786585382,4.2073846319718475,4.446329376195442,4.202088167016862,4.38372893452401
12.790250731817553,-3.147477582045705,0.691697792738409,3.3157843923584944,2.931572208574963,-6.036329147468612,1.4182859867857764,0.9364600671834098,-0.18487765384865118,0.2891905588754615,0.07238211560086703,-1.5205531064351026,0.22014507532478617,-0.40753196836120115,4.228823099332733,4.495096109427205,4.200265973497152,4.339958008191273
12.831711376697305,-3.0217345913749942,0.444756754979151,3.3723463479865603,3.1336391866584385,-5.871922155651844,1.308443387884531,0.929450264117338,-0.21591960588694978,0.2904068844908584,0.07197054774422879,-1.3903049635171794,0.3099371981312583,-0.4243623538064553,4.271694556735144,4.500505558608749,4.189043054524674,4.38909931590747
12.873172021577059,-2.8876352387622624,0.20508322121839986,3.4241609102523616,3.3348378891268915,-5.686155942027146,1.1890938799032214,0.9218538523314685,-0.2443679664153661,0.29253388837913724,0.07011414845088454,-1.252902915574984,0.3303117312961296,-0.4421437746513373,4.297049888431272,4.4657204467462055,4.210647846081837,4.522500918226023
12.91463266645681,-2.7451891365762564,-0.026471029880844363,3.4708383355099626,3.536200305063839,-5.480505393867746,1.0605766360877744,0.9141601098518035,-0.27116088790914955,0.2936669026634398,0.06758197105315455,-1.2321212803259143,0.22868653007793666,-0.4620732001766661,4.3303986852326295,4.479961273202745,4.269767655182088,4.617770964432686
12.956093311336563,-2.594398663423103,-0.24908677095353052,3.51201269868635,3.737031675516144,-5.254973983786249,0.9235967538090487,0.9064138669643992,-0.29801955382114154,0.29213901274918047,0.0654021698228922,-1.2869489102223235,0.08804782848457957,-0.4827143425716146,4.38127848436071,4.561039224913197,4.369534496072987,4.642861311498305
12.997553956216317,-2.4353183024513676,-0.46191806473686076,3.547343133270157,3.935769668301598,-5.008438721660773,0.778544563623989,0.8982550160264321,-0.3255978746926956,0.2882361015987272,0.06374253080490062,-1.3367552351184397,0.021900754988472656,-0.501511180814732,4.462315913917656,4.6378456638638434,4.485353606005895,4.6796372676545
13.039014601096069,-2.268059022641436,-0.6640670997266561,3.576488826103715,4.131388071159474,-4.739634968160171,0.625007768564694,0.8892437518989289,-0.3538335966286354,0.2831637040516777,0.06225589295004091,-1.3828251367048638,0.00865661145022513,-0.5168508424178405,4.6023756550008486,4.749446978834436,4.560560747293408,4.714230134752081
13.080475245975821,-2.0927600385385547,-0.8545882471486188,3.599077642147131,4.3235241816221635,-4.447624418200302,0.4620375482709692,0.8795342822774731,-0.38173858467506516,0.2775696540974849,0.060498331075008654,-1.328035322654375,0.0038862675818084266,-0.5293241063383055,4.723444890665834,4.867063938192251,4.662643747692701,4.782413410591282
13.121935890855575,-1.9095630878829122,-1.0325175395990895,3.6147057715468036,4.512417253541776,-4.132489809553402,0.2891547948509829,0.8696738811473155,-0.40794579627757016,0.27184758097506095,0.05797153089595912,-1.2247529331687463,0.020740872869994754,-0.5402499607755418,4.864382656983259,4.964244505962251,4.767075360279933,4.89326469967345
13.163396535735327,-1.7185888076882323,-1.1969098577153765,3.622960712522675,4.698761366958504,-3.7949408668368823,0.10640040904101922,0.8601053540843716,-0.4318878808050188,0.2659465139203331,0.05460142865991117,-1.1053628765674126,0.002025974379696524,-0.5496274300778434,5.045451845621723,5.07486167700313,4.848682796112656,5.015306794754514
13.204857180615079,-1.519932696667762,-1.346853697440514,3.623446644992556,4.882948794199961,-3.4358641586041854,-0.08535333851111424,0.8516604781024663,-0.4528535144122722,0.2589306989099206,0.050736869857987865,-0.9236938041114235,-0.09532962319822423,-0.5577602359152867,5.279032532315927,5.214822871327046,4.892479855557141,5.133035365166606
13.246317825494833,-1.3136903164109983,-1.4814812953070835,3.615839513073833,5.064522621198922,-3.0565666241635543,-0.2832723162856632,0.8460587910586957,-0.46894572487797787,0.2492157042478332,0.046814184029580784,-0.5916895118171861,-0.3114885702698389,-0.5650773677090443,5.502696177124742,5.373755084591668,4.9617237255028295,5.24812142786453
13.287778470374585,-1.0999999999994603,-1.5999999999989754,3.600000000001034,5.241877644199804,-2.6594239996649742,-0.4811441798148996,0.845403741412311,-0.4776100243033919,0.23525800022252014,0.04316534839299278,-0.11896644431478805,-0.6059243988971348,-0.5716118933974538,5.502696177124742,5.373755084591668,4.9617237255028295,5.24812142786453
13.324256344626626,-0.906094388089887,-1.6906164406453186,3.5792876244552945,5.3878997288383506,-2.3087860334145844,-0.653469569343801,0.8496968882580739,-0.47798872599049425,0.2189583551680152,0.04033110216535767,0.3057296330924998,-0.864236761226887,-0.5764987558497927,5.249634592515975,5.160998977491903,4.839591854737066,5.037814851088583
13.360734218878665,-0.7071351906974453,-1.7686604954062795,3.552316156008477,5.518731483090752,-1.970576633610372,-0.8234465737086205,0.8578362246145249,-0.47216817553074397,0.1994264643706762,0.03780265193109581,0.6383476523517949,-1.0431901901991714,-0.5804950317302412,5.041611962970353,4.963933493325498,4.727040781763543,4.891174284931248
13.397212093130706,-0.5036873698316393,-1.8346194047165147,3.5192550469570554,5.633791919118505,-1.646574403649247,-0.9868088865913668,0.8685316074290402,-0.46147038360300857,0.17736326929831675,0.035565886314037266,0.8799579051258752,-1.1940135382537764,-0.5836474223351588,4.834951978862392,4.79096691697615,4.6423229247428015,4.747303234270934
13.433689967382746,-0.2963363826005457,-1.8890323935686237,3.480396267043852,5.732532241329391,-1.337852635595337,-1.141067707485871,0.8805437245461359,-0.44724083033881035,0.15332898194892775,0.03364904411499049,1.027350939632682,-1.2869411800014352,-0.5858710793464349,4.67227509079313,4.6400857038799685,4.545272360301073,4.611452608299143
13.470167841634787,-0.08568452942847697,-1.9324673417604044,3.4360937683729356,5.814613409589074,-1.0449255152416594,-1.2852419159057382,0.8928868734228925,-0.4305571670670726,0.12796455602602855,0.03195574188330581,1.124439031462565,-1.3483011033944279,-0.5871097013072203,4.539884910715683,4.507956502437269,4.451619088059889,4.489957545012955
13.506645715886826,0.12765711021964,-1.9655038379241194,3.3867202234457388,5.879877902923243,-0.7679460303717596,-1.419187512967714,0.9049847058431519,-0.41202760997135257,0.10164192237605242,0.030435112562486186,1.1907253401905429,-1.3921319199712447,-0.5873422222828603,4.435834175459493,4.398825841414615,4.366165170497356,4.381038309715017
13.543123590138867,0.3430733384472554,-1.9887226241905793,3.332645990672578,5.928249996311716,-0.5068412438825093,-1.543120276191462,0.916497047558199,-0.39197398498507674,0.07460229988277078,0.02905603234325244,1.2452767699492187,-1.4244945388925168,-0.5865334426781078,4.356335474730456,4.313806038486322,4.294925819137116,4.286507920850618
13.579601464390908,0.5599467903264737,-2.0026998981446216,3.27423171601458,5.959686858827211,-0.2614530800163592,-1.6573212485684563,0.927243746371527,-0.37047526432945826,0.04705650107057319,0.027779312219986668,1.3006102392616372,-1.4457735625206014,-0.5846736259058601,4.297864028009945,4.250819922374007,4.243900858154858,4.210513520211463
13.616079338642948,0.7776587525462894,-2.008006624753129,3.2118291268169936,5.9741600967810085,-0.03166266354723883,-1.7619828817624836,0.9371178196617326,-0.3474942646833059,0.01924005978209333,0.02655813939324545,1.3594139872897493,-1.4542998005276926,-0.5817382786542412,4.252695756897881,4.209894256879944,4.223459469714033,4.154049229141713
13.652557212894989,0.9955896869781757,-2.005211272282511,3.1457850755469785,5.971666085013997,0.18255425196182465,-1.857181892696809,0.9460095886288576,-0.3230623174031431,-0.008484425816367136,0.025315478567518666,1.412494415456973,-1.4377113292389712,-0.5776438483539037,4.223293271169292,4.180273620468147,4.231872739944106,4.129585978032652
13.689035087147028,1.213121455555683,-1.994882632509966,3.0764446696076435,5.952291711675649,0.38118343021884754,-1.942948943151963,0.9537647633240397,-0.29748945992935966,-0.03568754159815482,0.023964649473409535,1.4387707283280824,-1.4007404568592547,-0.5723425326800592,4.22299979296677,4.1694805372416655,4.255072818277692,4.131484430489625
13.725512961399069,1.4296400727571539,-1.9775887306952207,3.0041511938432115,5.916159944689119,0.5642995039004162,-2.0193520438118124,0.9602487480948311,-0.2712479834398553,-0.06209863074945805,0.022470838168091926,1.4424685073132932,-1.357029860584004,-0.5658813719182817,4.247346280297375,4.186498627193841,4.297701933557191,4.150401636845902
13.761990835651108,1.6445349904938042,-1.9538934711731024,2.929244930640366,5.863327841893735,0.7320456425520344,-2.0864708260499953,0.9654225951191218,-0.24469830638063159,-0.08753380733297526,0.020823732129066574,1.433574625000908,-1.3031045969791943,-0.5582880529164056,4.292750313306582,4.221541298245274,4.362775814432688,4.195111485834651
13.79846870990315,1.8571967855420288,-1.9243555205371985,2.8520635937353065,5.793800712890605,0.884565308753031,-2.1443576049495428,0.9693041388086745,-0.21817103520508632,-0.11181751350477406,0.019007871195670382,1.4063766359447898,-1.2429399609787128,-0.5495740603192386,4.362674614198168,4.280864940163156,4.445247753475233,4.25810817242889
13.83494658415519,2.0670153518439704,-1.8895280432542125,2.772942988082515,5.70753207411299,1.0220170371376025,-2.1930584403486355,0.9719524693396577,-0.19197727240746326,-0.1348217118899384,0.017015228700523126,1.3690609793847297,-1.1772397423986056,-0.5397630484916942,4.4537891928485,4.362505579291183,4.546534087387435,4.3393213871980905
13.87142445840723,2.2733782841454366,-1.8499587251558482,2.6922173874509,5.604443464504631,1.1445332006320952,-2.2326010984632516,0.9734800170013288,-0.16631868342474848,-0.15642061093544765,0.014845376710245457,1.3256691516078043,-1.1049285662730404,-0.5288743145877348,4.567639643812796,4.462363682296544,4.6628025984579,4.440380041304747
13.90790233265927,2.4756703370074793,-1.8061913803292848,2.6102204468151666,5.48445331988946,1.252186424632554,-2.2629871387426173,0.9740220246197913,-0.14132204792576356,-0.17653750948802452,0.012514700012026952,1.2800205812081649,-1.0318555245902552,-0.5169204341681898,4.697577467485717,4.58235165529768,4.798059411169373,4.556688534219958
13.94438020691131,2.6732731963712975,-1.7587685854152422,2.5272860114861615,5.347474569232765,1.3449667803218766,-2.284201612283564,0.9737248514037128,-0.11706279890990175,-0.19511105389503947,0.010049510083080544,1.233351614267852,-0.9531687213531166,-0.5039125059901888,4.8435382575827814,4.713945857514428,4.949763214472949,4.693800508847429
13.980858081163351,2.865566175749867,-1.7082345350420882,2.443748797628258,5.193464387485562,1.422800815992815,-2.296211773319403,0.9727299921731113,-0.0936524475314837,-0.21209269463979796,0.007468599314407978,1.1796549665197151,-0.874341609812152,-0.4898483312786614,5.006135115190862,4.861529308241855,5.114362004438924,4.8446922182534395
14.01733595541539,3.051927796465125,-1.655136072146631,2.3599447037095844,5.022415826705732,1.4856196713853422,-2.2989869379153873,0.97116646715585,-0.0712161718331611,-0.2274971447090327,0.004792232504093151,1.1226458688791272,-0.7963291427978529,-0.4747365661459692,5.184724276610481,5.0224037625051,5.289858402525894,5.0092691264270135
14.053813829667432,3.231736962183635,-1.6000222966504383,2.276210787579614,4.834352023887008,1.533360907934838,-2.292493986153371,0.9691561009955,-0.04981397262966606,-0.24138180625180936,0.0020531332146447425,1.0652563175127145,-0.7225544475611592,-0.45858032769045587,5.375324314362837,5.195208704825546,5.4777070022518375,5.186240565026907
14.090291703919473,3.404373728256191,-1.5434446305960463,2.192885357818824,4.629308983002603,1.5659564906512498,-2.276699440075713,0.9668048337535512,-0.02947886025450975,-0.253837763579146,-0.0007125017057522799,1.0069854808752918,-0.6530949503152036,-0.4413782114212154,5.578686289501025,5.377164753036586,5.674938823229261,5.375759525356425
14.126769578171512,3.569219639403913,-1.4859567543945709,2.1103079417898045,4.407327104862348,1.583351245882299,-2.2515738641913448,0.964196636757664,-0.01024415755823382,-0.26499579418276037,-0.003472585764302842,0.9478192065258468,-0.5921775347910225,-0.4231139186040298,5.79543408286151,5.569743533096041,5.878635387017944,5.57418630656709
14.163247452423553,3.7256571622573955,-1.428113884674591,2.0288187537138302,4.1684069885086865,1.5855090772222133,-2.2171161772872425,0.9613843681499612,0.007907077102665165,-0.2750528888525078,-0.006186350406574089,0.8931450333430669,-0.5430484434143605,-0.4037757630656729,6.0199025300630336,5.769528991406484,6.092262679408778,5.783078979491443
14.199725326675592,3.873067298362248,-1.3704727720247505,1.9487570640386813,3.9124618133257854,1.5723793719359465,-2.1733861380631123,0.9583939611522069,0.02501089895648555,-0.2842391967681975,-0.00881505766448432,0.8395522863629246,-0.5063642234661068,-0.3833645145347742,6.258492070756717,5.976302936209999,6.307867969787329,6.000550447852497
14.236203200927633,4.010825675401344,-1.3135918760905934,1.8704583414650677,3.639270803530983,1.543915101675675,-2.1205452632833586,0.9552086669195164,0.041130914139318915,-0.29286392971750086,-0.011321037819309444,0.793620914629844,-0.4906881076071669,-0.3618607697705132,6.499694601648026,6.188918826526032,6.534742329766763,6.226651775576413
14.272681075179673,4.138295826284078,-1.2580319046408772,1.7942489815080394,3.3483831143042906,1.5000419388771264,-2.05894067288446,0.9517793836519178,0.056325049930402514,-0.30127563970049676,-0.01367877653131034,0.7482161134390125,-0.4923617754026483,-0.339286041496254,6.744132033800471,6.411203530812484,6.771104441769751,6.45563211850715
14.309158949431714,4.254820638440602,-1.2043555515004027,1.720439040980532,3.039130167900644,1.4407362202495504,-1.9891162428844704,0.9480758946520487,0.07059243142438332,-0.30971656691202065,-0.01588505590792635,0.7036706066172097,-0.5032496860206915,-0.31563394935321826,6.984357911915826,6.658710194414938,7.02317605174419,6.6702033737377455
14.345636823683755,4.3597167614077845,-1.1531253718498962,1.6493163788930905,2.7108009308440018,1.3660037799590965,-1.911708131303926,0.9441787328571427,0.0840474385746902,-0.31803746632629526,-0.01787737289257821,0.6722792994769894,-0.4862013693186034,-0.2908795068736396,7.194085253293589,6.946460491982801,7.315593922657214,6.85465142879298
14.382114697935794,4.452283123596601,-1.1049067647605655,1.581150375007011,2.363308157057369,1.2756376798692075,-1.82696388782252,0.9405276103923905,0.09692955653381836,-0.32501760330240925,-0.019454392704978996,0.6537477697505214,-0.353134373703072,-0.2650326646854978,7.356315325858596,7.2920905906179225,7.665014409110706,6.991368090176362
14.418592572187835,4.531848420897419,-1.0602809908934703,1.5162263633253883,1.9986921080321538,1.1689162454890234,-1.7335000066942203,0.93823954154959,0.10952576667190961,-0.32757456653851513,-0.020181284119031626,0.648767515095588,0.02700838828964929,-0.2381168633526179,7.475321132001023,7.697315536368916,8.066507500970092,7.077110635695193
14.455070446439874,4.597891071020515,-1.0198721825099568,1.454938237185345,1.623559334133714,1.0441104549742393,-1.6264325523282877,0.9391611586924346,0.12225827112666225,-0.32041017277160333,-0.019246803652812287,0.6668638273395134,0.7826370809406815,-0.21012378659196976,7.603519627461246,8.055645118845618,8.4499618360279,7.19996460934075
14.491548320691916,4.650263639588626,-0.9843913265591445,1.3979374864360536,1.2521009353783514,0.8982195043910125,-1.4965208564469485,0.9449308239103069,0.13528765852228333,-0.29760085800163116,-0.01570690814619518,0.6726196563303444,1.8443588133733402,-0.18101926042097016,7.877806205239025,8.081746243337994,8.612293855705921,7.576019537547477
14.528026194943955,4.689497043179905,-0.9546536766098183,1.3462359004725046,0.9065225633425152,0.7290909321153148,-1.3341953481139839,0.9546665918072117,0.14706277388769518,-0.25866307388119314,-0.009740030277679656,0.5299585435323351,2.617970719590564,-0.15065782831139896,8.15593070036632,7.724757920177015,8.595514115147171,8.164315674047474
14.564504069195996,4.7169499089809275,-0.9314520946671977,1.3010665013011729,0.6080074086631408,0.5411756946018431,-1.137924371626203,0.9652016964657282,0.1524305649010202,-0.21249013660230553,-0.0037739165432097758,-0.018348552782081886,2.6179867702837347,-0.11920109260802883,8.00773393946519,7.568126675079342,8.799950477462385,8.360337622379923
14.600981943448037,4.734534047821293,-0.9152173517828425,1.2635665715264868,0.36571815746404784,0.3502898278856732,-0.9136746519121743,0.9756145640603257,0.14378537753652523,-0.16586266082601395,-0.0001541265569690675,-1.0066635881646695,2.6179902600085003,-0.08713004365574478,7.825587817786442,7.387768324566648,8.793551299376338,8.355729584367806
14.637459817700076,4.74438064697204,-0.9056069799094436,1.234613664742075,0.1838529717027574,0.1824199287576182,-0.6692314334663919,0.986216826456142,0.1151156884644798,-0.11886837511288023,0.0007461177506561006,-2.2142866261974667,2.6179916468004043,-0.055189747803573296,7.863961600052455,7.464125381891319,8.187543497477476,7.787706119932634
14.673937691952117,4.7487441979315514,-0.9012558545888554,1.2146836574449413,0.065055162074947,0.0650672144855472,-0.4198835878757714,0.9948771207326537,0.07149267194371217,-0.0715092376136686,0.0003317173608163061,-2.6179789945699015,2.617992370511614,-0.02602082417174647,7.493927547113101,7.208683713126396,7.494008392510896,7.208764463425769
14.710415566204157,4.749920205183133,-0.9000797897233427,1.2034982808816483,0.008744871725472707,0.008744818593575067,-0.19159458219774617,0.9994307406831865,0.023869410490807756,-0.02387017063705973,4.750777027619262e-05,-2.6179939031756354,2.6179924298795294,-0.005212335778922435,8.961416270227124,6.791428943600126,4.764313148448308,6.791358906684211
14.746893440456198,4.749999999999761,-0.9000000000003608,1.1999999999994755,1.2769436995835238e-13,2.274970810869176e-13,1.0598606143175668e-13,0.9999999924567045,8.086551489109359e-13,-1.1360732107764402e-12,-1.9692092622562616e-13,-7.735054430089808e-15,9.812806756085026e-15,9.972382374916853e-14,8.961416270227124,6.791428943600126,4.764313148448308,6.791358906684211
