t,x_0,x_1,x_2,x_3,x_4,x_5,x_6,x_7,x_8,x_9,x_10,x_11,x_12,u_0,u_1,u_2,u_3
0.0,0.0,0.0,1.0,0.0,0.0,0.0,1.0,0.0,0.0,0.0,0.0,0.0,0.0,0.0,0.0,0.0,0.0
0.020000000000000018,0.0,0.0,1.0,0.0,0.0,0.0,1.0,0.0,0.0,0.0,0.0,0.0,0.0,0.0,0.0,0.0,0.0
0.040000000000000036,0.0,0.0,1.0,0.0,0.0,0.0,1.0,0.0,0.0,0.0,0.0,0.0,0.0,0.0,0.0,0.0,0.0
0.06000000000000005,0.0,0.0,1.0,0.0,0.0,0.0,1.0,0.0,0.0,0.0,0.0,0.0,0.0,0.0,0.0,0.0,0.0
0.08000000000000007,0.0,0.0,1.0,0.0,0.0,0.0,1.0,0.0,0.0,0.0,0.0,0.0,0.0,0.0,0.0,0.0,0.0
0.10000000000000009,0.0,0.0,1.0,0.0,0.0,0.0,1.0,0.0,0.0,0.0,0.0,0.0,0.0,0.0,0.0,0.0,0.0
0.1200000000000001,0.0,0.0,1.0,0.0,0.0,0.0,1.0,0.0,0.0,0.0,0.0,0.0,0.0,0.0,0.0,0.0,0.0
0.14000000000000012,0.0,0.0,1.0,0.0,0.0,0.0,1.0,0.0,0.0,0.0,0.0,0.0,0.0,0.0,0.0,0.0,0.0
0.16000000000000014,0.0,0.0,1.0,0.0,0.0,0.0,1.0,0.0,0.0,0.0,0.0,0.0,0.0,0.0,0.0,0.0,0.0
0.18000000000000016,0.0,0.0,1.0,0.0,0.0,0.0,1.0,0.0,0.0,0.0,0.0,0.0,0.0,0.0,0.0,0.0,0.0
0.20000000000000018,0.0,0.0,1.0,0.0,0.0,0.0,1.0,0.0,0.0,0.0,0.0,0.0,0.0,0.0,0.0,0.0,0.0
0.2200000000000002,0.0,0.0,1.0,0.0,0.0,0.0,1.0,0.0,0.0,0.0,0.0,0.0,0.0,0.0,0.0,0.0,0.0
0.2400000000000002,0.0,0.0,1.0,0.0,0.0,0.0,1.0,0.0,0.0,0.0,0.0,0.0,0.0,0.0,0.0,0.0,0.0
0.26000000000000023,0.0,0.0,1.0,0.0,0.0,0.0,1.0,0.0,0.0,0.0,0.0,0.0,0.0,0.0,0.0,0.0,0.0
0.28000000000000025,0.0,0.0,1.0,0.0,0.0,0.0,1.0,0.0,0.0,0.0,0.0,0.0,0.0,0.0,0.0,0.0,0.0
0.30000000000000027,0.0,0.0,1.0,0.0,0.0,0.0,1.0,0.0,0.0,0.0,0.0,0.0,0.0,0.0,0.0,0.0,0.0
0.3200000000000003,0.0,0.0,1.0,0.0,0.0,0.0,1.0,0.0,0.0,0.0,0.0,0.0,0.0,0.0,0.0,0.0,0.0
0.3400000000000003,0.0,0.0,1.0,0.0,0.0,0.0,1.0,0.0,0.0,0.0,0.0,0.0,0.0,0.0,0.0,0.0,0.0
0.3600000000000003,0.0,0.0,1.0,0.0,0.0,0.0,1.0,0.0,0.0,0.0,0.0,0.0,0.0,0.0,0.0,0.0,0.0
0.38000000000000034,0.0,0.0,1.0,0.0,0.0,0.0,1.0,0.0,0.0,0.0,0.0,0.0,0.0,0.0,0.0,0.0,0.0
0.40000000000000036,0.0,0.0,1.0,0.0,0.0,0.0,1.0,0.0,0.0,0.0,0.0,0.0,0.0,0.0,0.0,0.0,0.0
0.4200000000000004,0.0,0.0,1.0,0.0,0.0,0.0,1.0,0.0,0.0,0.0,0.0,0.0,0.0,0.0,0.0,0.0,0.0
0.4400000000000004,0.0,0.0,1.0,0.0,0.0,0.0,1.0,0.0,0.0,0.0,0.0,0.0,0.0,0.0,0.0,0.0,0.0
0.4600000000000004,0.0,0.0,1.0,0.0,0.0,0.0,1.0,0.0,0.0,0.0,0.0,0.0,0.0,0.0,0.0,0.0,0.0
0.4800000000000004,0.0,0.0,1.0,0.0,0.0,0.0,1.0,0.0,0.0,0.0,0.0,0.0,0.0,0.0,0.0,0.0,0.0
0.5000000000000004,0.0,0.0,1.0,0.0,0.0,0.0,1.0,0.0,0.0,0.0,0.0,0.0,0.0,0.0,0.0,0.0,0.0
0.5200000000000005,0.0,0.0,1.0,0.0,0.0,0.0,1.0,0.0,0.0,0.0,0.0,0.0,0.0,0.0,0.0,0.0,0.0
0.5400000000000005,0.0,0.0,1.0,0.0,0.0,0.0,1.0,0.0,0.0,0.0,0.0,0.0,0.0,0.0,0.0,0.0,0.0
0.5600000000000005,0.0,0.0,1.0,0.0,0.0,0.0,1.0,0.0,0.0,0.0,0.0,0.0,0.0,0.0,0.0,0.0,0.0
0.5800000000000005,0.0,0.0,1.0,0.0,0.0,0.0,1.0,0.0,0.0,0.0,0.0,0.0,0.0,0.0,0.0,0.0,0.0
0.6000000000000005,0.0,0.0,1.0,0.0,0.0,0.0,1.0,0.0,0.0,0.0,0.0,0.0,0.0,0.0,0.0,0.0,0.0
0.6200000000000006,0.0,0.0,1.0,0.0,0.0,0.0,1.0,0.0,0.0,0.0,0.0,0.0,0.0,0.0,0.0,0.0,0.0
0.6400000000000006,0.0,0.0,1.0,0.0,0.0,0.0,1.0,0.0,0.0,0.0,0.0,0.0,0.0,0.0,0.0,0.0,0.0
0.6600000000000006,0.0,0.0,1.0,0.0,0.0,0.0,1.0,0.0,0.0,0.0,0.0,0.0,0.0,0.0,0.0,0.0,0.0
0.6800000000000006,0.0,0.0,1.0,0.0,0.0,0.0,1.0,0.0,0.0,0.0,0.0,0.0,0.0,0.0,0.0,0.0,0.0
0.7000000000000006,0.0,0.0,1.0,0.0,0.0,0.0,1.0,0.0,0.0,0.0,0.0,0.0,0.0,0.0,0.0,0.0,0.0
0.7200000000000006,0.0,0.0,1.0,0.0,0.0,0.0,1.0,0.0,0.0,0.0,0.0,0.0,0.0,0.0,0.0,0.0,0.0
0.7400000000000007,0.0,0.0,1.0,0.0,0.0,0.0,1.0,0.0,0.0,0.0,0.0,0.0,0.0,0.0,0.0,0.0,0.0
0.7600000000000007,0.0,0.0,1.0,0.0,0.0,0.0,1.0,0.0,0.0,0.0,0.0,0.0,0.0,0.0,0.0,0.0,0.0
0.7800000000000007,0.0,0.0,1.0,0.0,0.0,0.0,1.0,0.0,0.0,0.0,0.0,0.0,0.0,0.0,0.0,0.0,0.0
0.8000000000000007,0.0,0.0,1.0,0.0,0.0,0.0,1.0,0.0,0.0,0.0,0.0,0.0,0.0,0.0,0.0,0.0,0.0
0.8200000000000007,0.0,0.0,1.0,0.0,0.0,0.0,1.0,0.0,0.0,0.0,0.0,0.0,0.0,0.0,0.0,0.0,0.0
0.8400000000000007,0.0,0.0,1.0,0.0,0.0,0.0,1.0,0.0,0.0,0.0,0.0,0.0,0.0,0.0,0.0,0.0,0.0
0.8600000000000008,0.0,0.0,1.0,0.0,0.0,0.0,1.0,0.0,0.0,0.0,0.0,0.0,0.0,0.0,0.0,0.0,0.0
0.8800000000000008,0.0,0.0,1.0,0.0,0.0,0.0,1.0,0.0,0.0,0.0,0.0,0.0,0.0,0.0,0.0,0.0,0.0
0.9000000000000008,0.0,0.0,1.0,0.0,0.0,0.0,1.0,0.0,0.0,0.0,0.0,0.0,0.0,0.0,0.0,0.0,0.0
0.9200000000000008,0.0,0.0,1.0,0.0,0.0,0.0,1.0,0.0,0.0,0.0,0.0,0.0,0.0,0.0,0.0,0.0,0.0
0.9400000000000008,0.0,0.0,1.0,0.0,0.0,0.0,1.0,0.0,0.0,0.0,0.0,0.0,0.0,0.0,0.0,0.0,0.0
0.9600000000000009,0.0,0.0,1.0,0.0,0.0,0.0,1.0,0.0,0.0,0.0,0.0,0.0,0.0,0.0,0.0,0.0,0.0
0.9800000000000009,0.0,0.0,1.0,0.0,0.0,0.0,1.0,0.0,0.0,0.0,-0.018670578995108385,0.01867057378842498,-6.971810400261525e-06,0.0,0.0,0.0,0.0
1.0000000000000009,0.0,0.0,1.0,-0.0003734116319692773,0.0003734115278355947,-1.3943622744769218e-07,0.9999998605637725,0.0,0.0,0.0,-0.037154188196529776,0.037154157426330305,-2.76086740504871e-05,0.0,0.0,0.0,0.0
1.020000000000001,9.780698319096202e-07,9.780698319091522e-07,1.0,-0.0007430838665162335,0.0007430830459617809,-5.521733278313241e-07,0.9999994478266722,0.00014652627979856703,0.000146526603430507,4.3552622011948547e-07,-0.05517124999435513,0.055171023962806515,-0.0001020804820465172,0.0,0.0,0.0,0.0
1.040000000000001,7.79519458136524e-06,7.795194581128402e-06,1.0,-0.001476837077423757,0.0014768306370473202,-2.1810429988153923e-06,0.9999978189570012,0.0005831652309921079,0.0005831703186060249,3.4449901981359126e-06,-0.07281752132347943,0.07281681445567637,-0.00021426682302621254,0.0,0.0,0.0,0.0
1.060000000000001,2.6209876764093557e-05,2.620987675509102e-05,1.0,-0.002199435065350238,0.0021994138026947083,-4.837491242183571e-06,0.9999951625087576,0.0013055156673609017,0.0013055409280648372,1.1485810037243495e-05,-0.07170461197912188,0.07170316256737284,-0.0003146229834052307,0.0,0.0,0.0,0.0
1.080000000000001,6.189314514738693e-05,6.189314502883799e-05,1.0,-0.002910930054551642,0.0029108808211561967,-8.473442266745394e-06,0.999991526557732,0.0023091888101025413,0.002309267065937238,2.6888460165405764e-05,-0.07059693760748531,0.07059450297435257,-0.00041022517977727473,0.0,0.0,0.0,0.0
1.100000000000001,0.00012042899641383216,0.00012042899554053267,1.0,-0.0036113745215290045,0.00361128072906877,-1.304185730508967e-05,0.9999869581426906,0.0035898093366233635,0.0035899965369928623,5.185929163338032e-05,-0.06949451432945053,0.06949089466227348,-0.0005011769739022257,0.0,0.0,0.0,0.0
1.120000000000001,0.00020731483655268132,0.00020731483209754332,1.0,-0.004300821012971729,0.004300663243110572,-1.849672497452011e-05,0.9999815032750131,0.005143016364709244,0.005143396570165254,8.84833289264722e-05,-0.0683973355345549,0.06839238831369691,-0.0005875806994843054,0.0,0.0,0.0,0.0
1.140000000000001,0.00032796192166157777,0.0003279619040239455,1.0,-0.004979321873183526,0.004979078659979485,-2.4793049975264983e-05,0.9999752069499952,0.006964464365513472,0.006965153974795072,0.000138727037274718,-0.06730536202531107,0.06729902392240367,-0.00066953719715743,0.0,0.0,0.0,0.0
1.160000000000001,0.0004876957976621859,0.00048769573966364464,1.0,-0.005646928864897057,0.005646577730703302,-3.188683954593159e-05,0.9999681131603925,0.009049823997176534,0.009050975161051755,0.00020444105202442123,-0.06621851067769313,0.06621082803960682,-0.0007471454590337713,0.0,0.0,0.0,0.0
1.180000000000001,0.0006917567382224985,0.0006917565727102072,1.0,-0.006303692669887169,0.006303211505929785,-3.973508704382502e-05,0.9999602649128404,0.011394782849552833,0.011396585980239063,0.00028736285891901945,-0.06513664186109384,0.0651278107138093,-0.0008205021765594895,0.0,0.0,0.0,0.0
1.200000000000001,0.0009453001799410768,0.00094529975758444,1.0,-0.006949662258152509,0.006949031149446694,-4.8295751989705705e-05,0.9999517042478111,0.01399504608944818,0.013997731335905332,0.0003891194112424454,-0.06405954584690068,0.06404996218242641,-0.000889701188705915,0.0,0.0,0.0,0.0
1.220000000000001,0.00125339715358884,0.0012533961690422164,1.0,-0.007584884116656092,0.007584087717747905,-5.752773591008981e-05,0.9999424722637728,0.016846336994953408,0.016850174512807882,0.0005112296668044409,-0.06298692842117529,0.0629772493697795,-0.0009548328304380979,0.0,0.0,0.0,0.0
1.240000000000001,0.0016210347099265897,0.0016210325800853492,1.0,-0.008209401330702085,0.008208431903992579,-6.739085332275736e-05,0.9999326091462073,0.019944397366876792,0.019949696167767546,0.0006551070247842654,-0.06191839590371001,0.06190961224257299,-0.0010159831839707863,0.0,0.0,0.0,0.0
1.2600000000000011,0.002053116338325274,0.002053112011083718,1.0,-0.008823252512982958,0.008822113745199728,-7.784579724035344e-05,0.9999221542021113,0.023284987804913424,0.023292092924239553,0.0008220616395757895,-0.06085343976302937,0.06084696007055988,-0.0010732332375706457,0.0,0.0,0.0,0.0
1.2800000000000011,0.0025544623761149243,0.0025544540418127163,1.0,-0.00942647057716388,0.009425182291982232,-8.88540986106902e-05,0.9999111459005594,0.026863887836025016,0.026873175510968076,0.0010133025860623265,-0.05979142100480263,0.059789167636817395,-0.0011266579586203024,0.0,0.0,0.0,0.0
1.3000000000000012,0.003129810406280768,0.003129795076880705,1.0,-0.010019081354586434,0.010017685240552878,-0.00010037807916861447,0.9998996219198568,0.030676895882520486,0.030688766384333283,0.0012299398482541956,-0.05873155449951423,0.05873607143883522,-0.0011763252893485171,0.0,0.0,0.0,0.0
1.3200000000000012,0.0037838156408145727,0.003783788553779938,1.0,-0.010601102054274423,0.010599668527131187,-0.00011238079724130245,0.9998876192017312,0.03471982905750779,0.03473469677389285,0.001472986100998386,-0.05767289340427631,0.0576874659185094,-0.0012222950750800448,0.0,0.0,0.0,0.0
1.3400000000000012,0.004521051286718894,0.0045210050815539795,1.0,-0.011172539567920806,0.011171175885244869,-0.0001248259861250292,0.9998751740129452,0.03898852277571216,0.039006803091116524,0.0017433582525636286,-0.05661431382334303,0.0566430997561463,-0.0012646179360938938,0.0,0.0,0.0,0.0
1.3600000000000012,0.00534600889135465,0.005345932496846774,1.0,-0.011733388622929332,0.011732248366754756,-0.00013767798473543182,0.9998623220146144,0.043478830168108044,0.04350092264237095,0.00204187871435536,-0.05555449984212765,0.05560267226069935,-0.0013033340952238633,0.0,0.0,0.0,0.0
1.3800000000000012,0.006263098663520548,0.006262975822893933,1.0,-0.01228362978788589,0.012282923827738254,-0.0001509016603238651,0.999849098339427,0.04818662128937324,0.048212888588786626,0.002369276362858279,-0.05449192906054241,0.054565829885694236,-0.0013384721742192133,0.0,0.0,0.0,0.0
1.4000000000000012,0.007276649766359543,0.007276457115846302,1.0,-0.012823227336049885,0.01282323638064469,-0.00016446232314864783,0.9998355376768513,0.05310778210782724,0.05313852409769329,0.0027261871581704487,-0.05342485874313395,0.05353216289761723,-0.0013700479726275793,0.0,0.0,0.0,0.0
1.4200000000000013,0.008390910577904259,0.008390615181688477,1.0,-0.013352126973590566,0.01335321581438708,-0.00017832563309097687,0.9998216743663162,0.05823821326824552,0.05827363563280563,0.0031131543832097486,-0.05235131269585007,0.05250120222105817,-0.001398063243591653,0.0,0.0,0.0,0.0
1.4400000000000013,0.009610048914802804,0.009609605145940104,1.0,-0.013870253440356212,0.01387288698426231,-0.00019245749831046054,0.9998075424982218,0.06357382861873032,0.06361400533324325,0.0035306284678669852,-0.051269068972365814,0.05147241648244145,-0.0014225044814881957,0.0,0.0,0.0,0.0
1.4600000000000013,0.01093815221451034,0.010937497857313815,1.0,-0.014377507991960631,0.014382269173792185,-0.000206823966144042,0.9997931760225215,0.06911055349365203,0.06915538243474664,0.003978966363074058,-0.05017564850672607,0.05044520927184809,-0.0014433417368038262,0.0,0.0,0.0,0.0
1.4800000000000013,0.012379227670991984,0.012378279105558535,1.0,-0.014873765772911109,0.014881375430757468,-0.0002213911065643166,0.9997786088644822,0.07484432274553791,0.074893473690074,0.004458430430974641,-0.04906830476358873,0.049418916640304816,-0.0014605274740548085,0.0,0.0,0.0,0.0
1.5000000000000013,0.013937202318760777,0.013935848632848281,1.0,-0.01535887309138918,0.01537021187985346,-0.0002361248886286406,0.9997638750470873,0.08077107851966187,0.08082393274950636,0.004969186819152722,-0.04794401449261708,0.04839280484776701,-0.0014739954889364274,0.0,0.0,0.0,0.0
1.5200000000000014,0.01561592305987181,0.015614018917291361,1.0,-0.01583264460714053,0.015848777014531114,-0.00025099105046896505,0.9997490088194038,0.08688676776596659,0.08694234846662499,0.0055113032892160786,-0.04679946966956884,0.04736606837504177,-0.001483659901246349,0.0,0.0,0.0,0.0
1.5400000000000014,0.017419156628312043,0.017416513706440574,1.0,-0.01629486044473743,0.01631706097070295,-0.0002659549634940233,0.9997340447900743,0.09318733948381465,0.09324423209903598,0.006084746472973794,-0.0456310707032702,0.04633782821104568,-0.001489414240476748,0.0,0.0,0.0,0.0
1.5600000000000014,0.01935058948606533,0.019346966278087407,1.0,-0.016745263245254917,0.0167750447850901,-0.0002809814916005033,0.9997190180649295,0.09966874169590212,0.09972500337847957,0.006689378533017013,-0.04443492098499586,0.04530713042501838,-0.001491130641323128,0.0,0.0,0.0,0.0
1.5800000000000014,0.02141382764499537,0.021408917405129315,1.0,-0.017183555170155223,0.01722269964106517,-0.00029603484631829613,0.999703964387537,0.10632691814846777,0.10637997542976176,0.007324953208740584,-0.04320682285483475,0.04427294503159982,-0.0014886591667236213,0.0,0.0,0.0,0.0
1.6000000000000014,0.023612396408576677,0.02360581300091531,1.0,-0.017609394871913854,0.017659986104906863,-0.000311078438947093,0.9996889202813165,0.11315780473567798,0.11320433852316693,0.007991111233761939,-0.04194227505813547,0.0432341651550424,-0.0014818272764172647,0.0,0.0,0.0,0.0
1.6200000000000014,0.02594974002741546,0.02594100142120653,1.0,-0.018022394446644146,0.01808685335542657,-0.00032607473087763606,0.9996739231916469,0.12015732564674797,0.12019314265043814,0.008687375116335633,-0.040636471764360055,0.042189606497483455,-0.001470439459403975,0.0,0.0,0.0,0.0
1.6400000000000015,0.028429221262440577,0.028417730398743,1.0,-0.018422116384699972,0.018503238409959842,-0.00034098508343122816,0.9996590116261772,0.12732138923497008,0.12734127892004002,0.009413143280765653,-0.03928430322036067,0.04113800711467245,-0.0014542770490931283,0.0,0.0,0.0,0.0
1.6600000000000015,0.031054120849608333,0.031039143586389335,1.0,-0.018808070535953524,0.018909065349728006,-0.000355769608695527,0.9996442252913282,0.134645883608336,0.13464345977323328,0.010167683575015457,-0.0378803581102969,0.040078027501289595,-0.0014330982403399984,0.0,0.0,0.0,0.0
1.6800000000000015,0.03382763685995658,0.03380827668494909,1.0,-0.019179711107171506,0.019304244547581253,-0.00037038702298368187,0.9996296052227274,0.14212667194186449,0.14209419802848783,0.010950126157750702,-0.03641892769512315,0.03900825098686163,-0.0014066383279817238,0.0,0.0,0.0,0.0
1.7000000000000015,0.03675288394886184,0.0367280531319941,1.0,-0.019536433709644238,0.019688671901123014,-0.0003847945046971587,0.9996151939070693,0.1497595875120601,0.14968778476793854,0.011759455786954212,-0.03489401180538125,0.037927184442011,-0.0013746101868714038,0.0,0.0,0.0,0.0
1.7200000000000015,0.039832892488400204,0.03980127932845925,1.0,-0.019877572475964677,0.020062228074194974,-0.00039894755853019624,0.9996010353926247,0.15754042845412772,0.1574182660859386,0.012594503542065243,-0.03329932676259614,0.0368332592940795,-0.0013367050137805766,0.0,0.0,0.0,0.0
1.7400000000000015,0.04307060757678757,0.04303063938030982,1.0,-0.020202397265616706,0.02042477774967584,-0.00041279988811562145,0.9995871753853443,0.16546495224264465,0.16527941872629545,0.013453938022351203,-0.03162831530612363,0.03572483285008139,-0.0012925933518506548,0.0,0.0,0.0,0.0
1.7600000000000016,0.04646888791897886,0.04641868933330569,1.0,-0.020510110979805773,0.02077616889650409,-0.00042630327937682127,0.999573661327215,0.17352886989633942,0.17326472464148338,0.014336256075943452,-0.02987415860396487,0.03460018992426919,-0.0012419264185057296,0.0,0.0,0.0,0.0
1.7800000000000016,0.05003050457263827,0.049967850879769155,1.0,-0.02079984700676105,0.02111623205379518,-0.0004394074970188754,0.9995605424532309,0.18172783990744318,0.18136734451402525,0.015239773126689823,-0.028029790428208565,0.03345754476726401,-0.0011843377578832784,0.0,0.0,0.0,0.0
1.8000000000000016,0.05375813955385544,0.05368040451732058,1.0,-0.02107066681955586,0.021444779634874424,-0.0004520601967619959,0.9995478698230362,0.19005746189576264,0.1895800902873295,0.01616261317970795,-0.02608791357774808,0.032295043293018064,-0.0011194452388420802,0.0,0.0,0.0,0.0
1.8200000000000016,0.057654384297172984,0.05755848214078109,1.0,-0.021321557749330065,0.02176160525399429,-0.0004642068560913354,0.9995356963230009,0.1985132699871771,0.19789539676057752,0.017102698601271005,-0.02404101863281666,0.03111076559977893,-0.0010468534194394562,0.0,0.0,0.0,0.0
1.8400000000000016,0.06172173796471303,0.061604059049866544,1.0,-0.021551430957655576,0.022066483078455452,-0.0004757907264675741,0.9995240766341801,0.20709072591569,0.2063052923097957,0.01805773978441668,-0.021881405128017686,0.02990272878148833,-0.0009661562984124594,0.0,0.0,0.0,0.0
1.8600000000000017,0.06596260559944042,0.06581894535691392,1.0,-0.021759119632667908,0.02235916720880598,-0.0004867528101107943,0.9995130671613262,0.21578521184747906,0.2148013688050426,0.019025224828422553,-0.01960120523255526,0.02866889002604904,-0.0008769404735982111,0.0,0.0,0.0,0.0
1.8800000000000017,0.07037929611788106,0.07020477678070057,1.0,-0.021943377434488192,0.022639391089747843,-0.0004970318646336194,0.999502725917833,0.2245920229246047,0.2233747508017259,0.020002409377992907,-0.017192410027749995,0.02740714999749351,-0.0007787887263233778,0.0,0.0,0.0,0.0
1.9000000000000017,0.074974020137925,0.07476300481444564,1.0,-0.02210287721637341,0.02290686695435163,-0.0005065644389561767,0.9994931123612422,0.23350635952517226,0.23201606409247602,0.02098630678659853,-0.014646898473364285,0.026115356499916583,-0.000671284049568645,0.0,0.0,0.0,0.0
1.9200000000000017,0.07974888763768236,0.07949488625832421,1.0,-0.022236210048967593,0.02316128530415767,-0.0005152849440821723,0.9994842871737124,0.24252331923582665,0.2407154037147793,0.021973678787815795,-0.01195646915584651,0.024791308422354684,-0.0005540141361299682,0.0,0.0,0.0,0.0
1.9400000000000017,0.08470590544173238,0.08440147210929341,1.0,-0.022341884575978226,0.023402314427748535,-0.000523125762449389,0.9994763119816573,0.251637888531527,0.2494623015187835,0.022961026878624648,-0.009112874911787375,0.023432759965271336,-0.0004265763409375809,0.0,0.0,0.0,0.0
1.9600000000000017,0.08984697453150287,0.08948359580372224,1.0,-0.022418326730547746,0.023629599960393783,-0.0005300173996845731,0.9994692490086277,0.2608449341566435,0.25824569340937964,0.023944584639285386,-0.006107860420115977,0.022037425150880717,-0.0002885831291690663,0.0,0.0,0.0,0.0
1.9800000000000018,0.09517388717694861,0.09474186081125015,1.0,-0.022463879842554716,0.023842764487417675,-0.0005358886826888601,0.9994631606554274,0.2701391942005868,0.26705388638691535,0.02492031123546679,-0.002933202856433789,0.02060298262219797,-0.0001396680187341993,0.0,0.0,0.0,0.0
2.0000000000000018,0.10068832388715396,0.10017662758147022,1.0,-0.022476805168032268,0.024041407194023617,-0.0005406670080502731,0.9994581090014508,0.27951526886049055,0.27587452552179115,0.02588388636951687,0.00041924429853220854,0.019127080738562473,2.050797797891589e-05,0.0,0.0,0.0,0.0
2.020000000000002,0.10639185017797334,0.10578799984845416,1.0,-0.022455282872838524,0.024225103564431423,-0.0005442786448195415,0.9994541552213139,0.2889676108829837,0.284694561009815,0.026830706968901566,0.003957504206203646,0.01760734297809398,0.0001922494125412635,0.0,0.0,0.0,0.0
2.040000000000002,0.11228591315533928,0.11157581030180745,1.0,-0.022397413503642855,0.024393405133339343,-0.000546649095688426,0.9994513589110346,0.2984905156769,0.2935002154676553,0.027755885920574576,0.007689426286339262,0.01604137366122678,0.00037581896363601103,0.0,0.0,0.0,0.0
2.060000000000002,0.11837183791341262,0.11753960563687171,1.0,-0.022301219980185572,0.024545839292939336,-0.0005477035205699724,0.9994497773183273,0.30807811108896016,0.3022769516411336,0.02865425318003779,0.011622632419093615,0.014426764014130818,0.0005714295153045075,0.0,0.0,0.0,0.0
2.080000000000002,0.1246508237473223,0.12367863100087857,1.0,-0.022164650143636968,0.024681909158985816,-0.0005473672264909874,0.9994494644720148,0.3177243468351438,0.3110094407135656,0.029520359602706235,0.015764459655861842,0.012761098594418494,0.0007792357674042247,0.0,0.0,0.0,0.0
2.100000000000002,0.1311239401808435,0.12999181385630837,1.0,-0.021985579896671756,0.024801093499732044,-0.0005455662275597421,0.9994504702061607,0.3274229835817525,0.3196815314170116,0.030348483862405788,0.020121899369534263,0.0110419621066479,0.0009993254030709249,0.0,0.0,0.0,0.0
2.120000000000002,0.13779212280999054,0.13647774728741852,1.0,-0.021761816971604765,0.024902846731949615,-0.0005422278785600474,0.9994528390752948,0.33716758167217387,0.32827622016624297,0.031132642836920976,0.024701532783142674,0.009266946640815593,0.0012317098465765273,0.0,0.0,0.0,0.0
2.140000000000002,0.14465616896415637,0.14313467278087932,1.0,-0.02149110536357239,0.024986598988703163,-0.0005372815854366203,0.9994566091580602,0.3469514894982351,0.33677562245362186,0.031866605852860906,0.029509462828704508,0.007433659371556083,0.0014763146547335682,0.0,0.0,0.0,0.0
2.160000000000002,0.1517167331871107,0.14996046251668685,1.0,-0.021171130466233035,0.0250517562640755,-0.0005306595955659263,0.9994618107477947,0.35676783151892566,0.3451609457630126,0.03254391319104251,0.03455124230208513,0.00553973076174667,0.0017329695957953978,0.0,0.0,0.0,0.0
2.180000000000002,0.15897432254087643,0.15695260121101148,1.0,-0.020799524947831532,0.025097700640646554,-0.0005222978702433819,0.9994684649299506,0.36660949593431397,0.3534124642824053,0.033157899258429054,0.03983179829733988,0.0035828233196313645,0.002001398481787762,0.0,0.0,0.0,0.0
2.200000000000002,0.16642929173623333,0.16410816755837748,1.0,-0.020373875405619548,0.02512379060619321,-0.0005121370412487724,0.9994765820479155,0.3764691220288529,0.3615094957182215,0.03370172083254344,0.0453553529260248,0.001560640963734516,0.002281208833438595,0.0,0.0,0.0,0.0
2.220000000000002,0.17408183809435557,0.17142381532654938,1.0,-0.01989172983656326,0.02512936146682053,-0.0005001234526678916,0.999486160060714,0.38633908720611243,0.36943038053931637,0.034168390778390983,0.05112534035256215,-0.0005290609450838281,0.0025718814713091977,0.0,0.0,0.0,0.0
2.240000000000002,0.18193199634486446,0.17889575416371004,1.0,-0.01935060596190722,0.025113725864530798,-0.00048621028833653054,0.9994971827982627,0.39621149374644543,0.37715246400551294,0.03455081762529524,0.05714432020826926,-0.0026884648412320473,0.002872760142470108,0.0,0.0,0.0,0.0
2.260000000000002,0.18997963326637896,0.18651973018394427,1.0,-0.018748000442468733,0.025076174408085124,-0.0004703587843220297,0.9995096181223463,0.40607815533033675,0.38465208136402895,0.034841851370701574,0.06341388748342816,-0.004919679394885008,0.003183041309028742,0.0,0.0,0.0,0.0
2.280000000000002,0.19822444217646715,0.1942910064036732,1.0,-0.018081399020427904,0.02501597642690312,-0.00045253952475538586,0.9995234160042731,0.41593058338332667,0.39190454662727964,0.03503433584887385,0.06993457904032385,-0.007224727086751497,0.003501764243001754,0.0,0.0,0.0,0.0
2.300000000000002,0.20666593727873864,0.20220434310849614,1.0,-0.01734828762179164,0.02493238085864959,-0.0004327338180617755,0.9995385065332668,0.42575997331354937,0.3988841453770314,0.03512116796340234,0.07670577694133496,-0.00960553084845837,0.0038278015913551667,0.0,0.0,0.0,0.0
2.320000000000002,0.21530344787567954,0.2102539782368772,1.0,-0.016546164451544037,0.024824617282058377,-0.00041093514919803925,0.9995547978730556,0.4355571907301577,0.405564132072435,0.03509536403241909,0.08372560884567262,-0.012063899701536897,0.004159850595378585,0.0,0.0,0.0,0.0
2.340000000000002,0.22413611245669934,0.2184336078742187,1.0,-0.015672553110671745,0.024691897107413915,-0.00038715070188265595,0.9995721741878193,0.44531275775024026,0.41191673237263177,0.03495013343325003,0.0909908457965467,-0.014601513332662477,0.004496425169705855,0.0,0.0,0.0,0.0
2.360000000000002,0.23316287267175428,0.22673636695809016,1.0,-0.01472501676066037,0.02453341493790588,-0.0003614029429885355,0.9995904935626367,0.4550168395232601,0.4179131510178195,0.03467895965777881,0.09849679779882314,-0.017219905550243244,0.004835849068019777,0.0,0.0,0.0,0.0
2.380000000000002,0.24238246720180723,0.23515481030267069,1.0,-0.013701173356587328,0.024348350115765874,-0.0003337312592562622,0.9996095859478037,0.464659231125458,0.4235235858451396,0.03427568879998339,0.1062372076763036,-0.019920446578921294,0.00517625038444173,0.0,0.0,0.0,0.0
2.400000000000002,0.2517934255382995,0.24368089405779741,1.0,-0.012598711964462352,0.02413586846761389,-0.00030419363427240285,0.9996292511608408,0.47422934500188546,0.4287172485465571,0.03373462539190014,0.1142041437976177,-0.02270432416400963,0.005515557661344619,0.0,0.0,0.0,0.0
2.420000000000002,0.2613940616847306,0.25230595772534536,1.0,-0.011415410171877333,0.023895124263759233,-0.00027286835124711,0.9996492569846137,0.4837161991604937,0.4334623928039381,0.03305063538282659,0.12238789237031153,-0.025572523477264728,0.005851497895273318,0.0,0.0,0.0,0.0
2.440000000000002,0.27118246779436983,0.2610207068629479,1.0,-0.010149152593197586,0.02362526240624021,-0.0002398557045250262,0.9996693374046827,0.493108406350605,0.4377263504604266,0.032219255918187466,0.13077685012593282,-0.02852580584167986,0.006181596752228886,0.0,0.0,0.0,0.0
2.460000000000002,0.28115650775905204,0.2698151966122585,1.0,-0.008797950461306901,0.02332542086005933,-0.00020527969998729068,0.9996891910337063,0.502394164486618,0.4414755764054343,0.03123681141866213,0.1393574183516434,-0.03156468632370675,0.006503181320830254,0.0,0.0,0.0,0.0
2.480000000000002,0.2913138107649524,0.2786788161960043,1.0,-0.007359962287247559,0.022994733341348373,-0.0001692897215753078,0.9997084797753196,0.5115612486062588,0.44467570286129504,0.03010053528686172,0.14811389936644967,-0.03468941027725789,0.006813385745920841,0.0,0.0,0.0,0.0
2.500000000000002,0.3016517648321555,0.28760027453491604,1.0,-0.005833515556819025,0.02263233227497122,-0.00013206213812002387,0.9997268277842879,0.5205970046802664,0.4472916037609219,0.02880869637824653,0.15702839669275467,-0.0378999289680655,0.007109160095022717,0.0,0.0,0.0,0.0
2.5200000000000022,0.3121675103557727,0.29656758714220366,1.0,-0.004217129419252906,0.022237352032253584,-9.380182153862541e-05,0.9997438207837411,0.5294883456160894,0.4492874698954478,0.027360729165849137,0.16608072033073762,-0.0411958744558774,0.007387282814244985,0.0,0.0,0.0,0.0
2.5400000000000023,0.3228579336672779,0.30556806445949286,1.0,-0.0025095383074350496,0.021808932457078836,-5.474354432176642e-05,0.9997590058037539,0.5382217498207676,0.4506268954865141,0.02575736630611725,0.17524829870348588,-0.04457653396650494,0.007644377127582886,0.0,0.0,0.0,0.0
2.5600000000000023,0.33371966063564473,0.31458830180398833,1.0,-0.0007097164117539023,0.021346222685402424,-1.5153221148720037e-05,0.9997718914082652,0.5467832627063434,0.45127297679715533,0.024000772077782097,0.18450609900094098,-0.048040824046920685,0.007876931722531694,0.0,0.0,0.0,0.0
2.5800000000000023,0.34474905032876635,0.3236141711020118,1.0,0.0011830970894267025,0.02084838525925744,2.467104347802622e-05,0.9997819484791163,0.5551585015333461,0.4511884233356635,0.022094674919928416,0.19382655780511057,-0.051587264861783104,0.00808132604402054,0.0,0.0,0.0,0.0
2.6000000000000023,0.35594218875651695,0.3326308145888956,1.0,0.003169372160366039,0.020314600531502424,6.439814239207151e-05,0.9997886116265947,0.5633326639924607,0.4503356821260076,0.02004449704306454,0.20317952402115919,-0.055213955058157224,0.008253860486278098,0.0,0.0,0.0,0.0
2.6200000000000023,0.3672948827176794,0.3416226406594228,1.0,0.005249261539419235,0.01974407135186674,0.00010366343087594434,0.9997912812950693,0.5712905409196163,0.4486770754141062,0.017857478832636955,0.21253221626242616,-0.05891854769475022,0.008390791726907251,0.0,0.0,0.0,0.0
2.6400000000000023,0.3788026537737915,0.35057332205650205,1.0,0.00742257403448526,0.019136028018280266,0.0001420685147444662,0.9997893266298272,0.5790165335235883,0.4461749520496522,0.015542795513754697,0.2218491969361177,-0.06269822780206194,0.008488373387900098,0.0,0.0,0.0,0.0
2.6600000000000024,0.3904607323737751,0.35946579658847194,1.0,0.009688747669681756,0.01848973347002623,0.00017918140764057805,0.9997820891668463,0.5864946754759336,0.4427918526268014,0.01311166330555862,0.23109236533888178,-0.06654969220613849,0.008542902133349125,0.0,0.0,0.0,0.0
2.6800000000000024,0.4022640521539833,0.3682822705672561,1.0,0.01204682289502881,0.017804488691031545,0.00021453710422520583,0.999768887400692,0.5937086601688789,0.43849068828314414,0.01057743207152423,0.2402209720891147,-0.07046913230724726,0.008550769222520313,0.0,0.0,0.0,0.0
2.7000000000000024,0.4142072444390408,0.37700422516044557,1.0,0.014495416095303273,0.017079638282697904,0.0002476386154408501,0.9997490222768274,0.6006418733861191,0.4332349328450455,0.007955661276742906,0.24919165718827613,-0.07445222055503789,0.008508517429611145,0.0,0.0,0.0,0.0
2.7200000000000024,0.42628463296953994,0.3856124258501777,1.0,0.017032693657812126,0.016314576156217845,0.0002779585104300282,0.9997217836431637,0.6072774315530197,0.4269888277698046,0.005264175904481434,0.25795851390460145,-0.07849410139675428,0.008412903118233266,0.0,0.0,0.0,0.0
2.7400000000000024,0.438490228883317,0.3940869351903333,1.0,0.019656346880835222,0.015508751284563133,0.0003049410068482509,0.9996864576815454,0.613598225635634,0.4197175990734818,0.0025230988724771197,0.2664731805009767,-0.08258938749072114,0.008260963120660703,0.0,0.0,0.0,0.0
2.7600000000000025,0.4508177259776183,0.4024071290509744,1.0,0.022363568024077077,0.014661673444524473,0.0003280046470995921,0.9996423353229844,0.6195869706419386,0.4113876851514519,-0.00024514356479981084,0.2746849615775159,-0.0867321619711567,0.008050085921303103,0.0,0.0,0.0,0.0
2.7800000000000025,0.46326049628002086,0.41055171653502853,1.0,0.025151027818702328,0.013772918869646494,0.0003465455923412584,0.9995887216308643,0.6252262605442039,0.40196697410204135,-0.0030158469274201363,0.28254098046164106,-0.09091598751563804,0.007778086483759246,0.0,0.0,0.0,0.0
2.8000000000000025,0.475811585956448,0.4184987637468832,1.0,0.028014854766437995,0.012842135726044751,0.00035994155889226126,0.9995249461141444,0.6304986282897111,0.39142504885890933,-0.005762087540991664,0.2899863636508599,-0.0951339228998982,0.007443283895343987,0.0,0.0,0.0,0.0
2.8200000000000025,0.4884637115850474,0.4262257215857256,1.0,0.030950616563801398,0.011869049315326058,0.0003675564129303139,0.9994503739080566,0.6353866104003588,0.3797334381336991,-0.00845481871147408,0.2969644577954548,-0.09937854762306557,0.007044580837370437,0.0,0.0,0.0,0.0
2.8400000000000025,0.5012092568250407,0.4337094577280395,1.0,0.03395330398778528,0.010853466902640342,0.00036874542912240983,0.9993644177332485,0.6398728154833514,0.36686587087703904,-0.011063006988677347,0.30341707910462906,-0.10364199504730853,0.006581543729940404,0.0,0.0,0.0,0.0
2.8600000000000025,0.5140402695099374,0.4409262929536098,1.0,0.03701731757241421,0.009795282063747676,0.0003628612072302123,0.999266550516317,0.6439399957895167,0.3527985316947292,-0.013553811080560007,0.30928479437770945,-0.10791599431743154,0.006054482253566907,0.0,0.0,0.0,0.0
2.8800000000000026,0.5269484591946978,0.4478520419575883,1.0,0.0401364573906939,0.008694478443402775,0.00034926022796195097,0.9991563185257927,0.6475711207683033,0.3375103144195375,-0.015892805490311416,0.3145072321150839,-0.1121919211080821,0.005464526824269062,0.0,0.0,0.0,0.0
2.9000000000000026,0.5399251951865447,0.4544620587775995,1.0,0.04330391623303732,0.007551132818810418,0.0003273100156899539,0.99903335484867,0.6507494513856247,0.32098307085079747,-0.018044250350013436,0.31902342137199546,-0.11646085699366082,0.004813702501769568,0.0,0.0,0.0,0.0
2.9200000000000026,0.5529615050891488,0.46073128694944876,1.0,0.04651227644095791,0.00636541736678455,0.0002963968614789067,0.9988973930043701,0.6534586137996966,0.30320185154744045,-0.019971408221456606,0.3227721552045463,-0.12071365694988373,0.004104997749766463,0.0,0.0,0.0,0.0
2.9400000000000026,0.5660480738898456,0.466634314487699,1.0,0.04975351061362192,0.005137601041960996,0.00025593404561392776,0.9987482804665639,0.6556826708387259,0.2841551355082766,-0.021636907833359878,0.32569237475281565,-0.12494102418572073,0.0033424264500127475,0.0,0.0,0.0,0.0
2.9600000000000026,0.5791752436193695,0.4721454337681627,1.0,0.05301898635516002,0.0038680499861250364,0.0002053704849771173,0.9985859918395311,0.6574061896008632,0.2638350456081748,-0.02300315383627112,0.327723569241665,-0.12913359117712972,0.002531081603865704,0.0,0.0,0.0,0.0
2.9800000000000026,0.5923330136133379,0.47723870636821414,1.0,0.056299475173108494,0.00255722690562706,0.00014419971774459823,0.9984106414157589,0.6586143034092028,0.24223754679018905,-0.024032780697222693,0.32880618649458315,-0.13328200544056068,0.001677179240055753,0.0,0.0,0.0,0.0
3.0000000000000027,0.6055110414043255,0.4818880328977199,1.0,0.059585165574269086,0.0012056893748371611,7.196912652556155e-05,0.9982224948262102,0.6592927663102394,0.21936262424901212,-0.024689147845644518,0.3288820479891948,-0.13737701825963292,0.0007880911872642179,0.0,0.0,0.0,0.0
3.0200000000000027,0.6186986442729052,0.4860672278283619,1.0,0.06286568033517516,-0.0001859129515400137,-1.1710708202753218e-05,0.9980219794850359,0.65942799830943,0.19521443918412307,-0.024936872143214574,0.3278947620678049,-0.14140957427261713,-0.00012763443662656444,0.0,0.0,0.0,0.0
3.0400000000000027,0.631884801485421,0.48975009930216756,1.0,0.0661300978522526,-0.0016168422061205569,-0.00010715663918281313,0.9978096935271709,0.6590071195972966,0.16980146015158817,-0.024742392709329042,0.3257901286962632,-0.14537089955872823,-0.0010602659244212855,0.0,0.0,0.0,0.0
3.0600000000000027,0.645058157245552,0.49291053387123923,1.0,0.06936697740413464,-0.0030862772140682415,-0.0002146036864516503,0.9975864129407688,0.6580179721368075,0.14313656859687743,-0.024074562118551118,0.3225165291639025,-0.14925258563936128,-0.001998894490940236,0.0,0.0,0.0,0.0
3.0800000000000027,0.6582070243858925,0.49552258609002553,1.0,0.07256438808797401,-0.0045933193601006015,-0.0003341959931665606,0.9973530966070704,0.6564491271584699,0.11523713779788294,-0.02290525702496868,0.3180252943644318,-0.15304666665187083,-0.002931454904532977,0.0,0.0,0.0,0.0
3.1000000000000028,0.6713193888248096,0.49756057284908134,1.0,0.07570994112603488,-0.006136999306884087,-0.00046597811873353275,0.9971108889780477,0.6542898773420455,0.08612508517338048,-0.02121000038846319,0.31227104581009024,-0.15674568686641102,-0.0038447602180984946,0.0,0.0,0.0,0.0
3.1200000000000028,0.684382914812768,0.49899917230522584,1.0,0.07879082518121258,-0.007716284419536632,-0.0006098867780686976,0.9968611201467025,0.6515302127490576,0.05582689869866493,-0.018968586704381216,0.3052120043075952,-0.16034275570813789,-0.0047245502503240125,0.0,0.0,0.0,0.0
3.140000000000003,0.6973849509910928,0.49981352722743067,1.0,0.08179384427338124,-0.009330086716887022,-0.0007657431257968966,0.996605303095615,0.648160779902121,0.024373638994421555,-0.01616570099242515,0.2968102622681932,-0.16383158752734361,-0.005555553158564741,0.0,0.0,0.0,0.0
3.160000000000003,0.7103125372848039,0.49997935254080184,1.0,0.08470545785546627,-0.010977271137974665,-0.0009332456712698144,0.99634512794532,0.6441728237772814,-0.008199080508951333,-0.012791521798990041,0.28703201691220903,-0.1672065235233921,-0.00632155917413202,0.0,0.0,0.0,0.0
3.180000000000003,0.7231524126496888,0.49947304681281574,1.0,0.08751182259126983,-0.012656663882969826,-0.0011119638950736483,0.9960824530642047,0.6395581128744618,-0.04185113210951335,-0.00884229811966876,0.27584776312885845,-0.17046253347423665,-0.007005505357749048,0.0,0.0,0.0,0.0
3.200000000000003,0.7358910236921766,0.49827180738671056,1.0,0.0901988353784289,-0.014367060562250723,-0.0013013326209964573,0.9958192929445508,0.6343088479483143,-0.0765379270782466,-0.004320889958624709,0.2632324464337248,-0.17359519524894257,-0.00758957009547612,0.0,0.0,0.0,0.0
3.220000000000003,0.7485145341788438,0.4963537488268289,1.0,0.09275217718108805,-0.01610723386659585,-0.0015006471802032951,0.9955578027936778,0.6284175554068004,-0.11221047891454992,0.0007627377948004159,0.24916557827257296,-0.1766006504687477,-0.008055276008761535,0.0,0.0,0.0,0.0
3.240000000000003,0.7610088354505223,0.49369802429997595,1.0,0.09515735727873778,-0.01787594045588172,-0.0017090593877051791,0.9953002598334604,0.621876966807967,-0.14881547132198192,0.006391078385335296,0.23363131779642826,-0.17947553512742376,-0.008383600008408317,0.0,0.0,0.0,0.0
3.260000000000003,0.7733595577539807,0.4902849494757558,1.0,0.09739975760061212,-0.019671926753903165,-0.001925574336294251,0.995049041344499,0.6146798862984976,-0.18629532514781608,0.01253871308723719,0.21661852612495686,-0.182216884471059,-0.008555089389132967,0.0,0.0,0.0,0.0
3.280000000000003,0.7855520825020336,0.4860961284876388,1.0,0.09946467689868223,-0.02149393333313309,-0.002149048001157318,0.9948065995317886,0.6068190482346334,-0.22458825821812103,0.01917201761946582,0.19812080094983595,-0.18482201195285008,-0.008549983141733053,0.0,0.0,0.0,0.0
3.300000000000003,0.7975715554706853,0.48111458145549424,1.0,0.10133737461548185,-0.023340697575547253,-0.0023781856405701,0.9945754333260939,0.5982869676038316,-0.26362833186264706,0.026248954308375913,0.178136501053189,-0.18728836261722398,-0.008348338051732624,0.0,0.0,0.0,0.0
3.320000000000003,0.8094029009395334,0.47532487302979926,1.0,0.1030031144242622,-0.025210954304116615,-0.002611540975555604,0.9943580572689654,0.5890757862237397,-0.3033454779784434,0.03371895875797752,0.15666877186660616,-0.18961334181773987,-0.00793015964921448,0.0,0.0,0.0,0.0
3.340000000000003,0.8210308367791799,0.46871324137804116,1.0,0.10444720755589898,-0.027103434094091904,-0.0028475161351711326,0.994156967659505,0.5791771180366381,-0.3436655007425978,0.04152292929415371,0.13372558450775518,-0.191794120731756,-0.007275538661119306,0.0,0.0,0.0,0.0
3.360000000000003,0.8324398904867726,0.4612677269953119,1.0,0.10565505617676381,-0.02901685899379636,-0.0030843623650321024,0.993974606168196,0.568581897148027,-0.3845100475650854,0.049593326952491114,0.10931980175801445,-0.19382742070589112,-0.0063647942765844515,0.0,0.0,0.0,0.0
3.380000000000003,0.8436144161680962,0.45297830068410605,1.0,0.10661219724113645,-0.030949935411337837,-0.003320181515438784,0.9938133211484719,0.5572802325854009,-0.4257965445833666,0.05785439329698207,0.08346928512861196,-0.19570927905611782,-0.00517862624407588,0.0,0.0,0.0,0.0
3.400000000000003,0.8545386124617922,0.44383699001326604,1.0,0.10730434740676592,-0.032901343956732464,-0.003552928352453003,0.9936753269018865,0.5452612740865386,-0.4674380929510746,0.06622249289795898,0.05619705744920528,-0.1974347995687088,-0.0036982785467838484,0.0,0.0,0.0,0.0
3.420000000000003,0.8651965413983728,0.4338380035332368,1.0,0.10771744976852214,-0.03486972606889678,-0.0037804137705898144,0.9935626611799425,0.5325130935749389,-0.5093433233742746,0.07460658686107521,0.027531535253133337,-0.1989978916228409,-0.0019057181153293616,0.0,0.0,0.0,0.0
3.440000000000003,0.8755721481836656,0.4229778519947122,1.0,0.10783772332782905,-0.03685366730472615,-0.0040003090292271256,0.9934771412374488,0.5190225873507763,-0.5514162078112526,0.08290884337108348,-0.0024931554383278765,-0.20039100260287573,0.00021616730751493942,0.0,0.0,0.0,0.0
3.460000000000003,0.885649281893236,0.4112554657907451,1.0,0.10765171626898393,-0.03885167722422312,-0.004210151185757247,0.9934203187916986,0.50477540442273,-0.5935558289876803,0.0910253907660982,-0.033836767579392066,-0.20160484911258736,0.002683347485165222,0.0,0.0,0.0,0.0
3.480000000000003,0.8954117170611403,0.398672307818893,1.0,0.1071463642512132,-0.04086216587308481,-0.004407349955812666,0.9933934342919092,0.4897559068272755,-0.6356561104005798,0.09884721814513858,-0.0664524153534427,-0.20262815347161972,0.005510399135238913,0.0,0.0,0.0,0.0
3.500000000000003,0.9048431761431245,0.3852324809403353,1.0,0.10630905503998679,-0.04288341694435079,-0.004589196292919333,0.993397370967463,0.4739471682170647,-0.6776055118034189,0.10626122787175177,-0.10028594240317266,-0.2034473930784309,0.00871022129408451,0.0,0.0,0.0,0.0
3.520000000000003,0.9139273528310763,0.37094282919754623,1.0,0.10512770088396486,-0.044913557795927775,-0.004752873044288377,0.9934326092044635,0.45733101742738497,-0.7192866977889525,0.11315144348864146,-0.1352751717057501,-0.20404657147467548,0.012293711529233094,0.0,0.0,0.0,0.0
3.540000000000003,0.9226479361921834,0.35581303194142117,1.0,0.10359082008521994,-0.04695052661357566,-0.004895468102982965,0.9934991819004343,0.439888134114137,-0.7605761900168239,0.11940037540381651,-0.17134903718155042,-0.20440702134002833,0.01626939846563087,0.0,0.0,0.0,0.0
3.560000000000003,0.9309886356028594,0.3398556900130835,1.0,0.10168762919864059,-0.048992037141647266,-0.005013990535256889,0.9935966315681548,0.4215982038465216,-0.8013440168575306,0.12489054513221311,-0.2084266026022594,-0.20450725114639648,0.020643027112048448,0.0,0.0,0.0,0.0
3.580000000000003,0.9389332064440917,0.3230864031253046,1.0,0.09940814721867923,-0.05103554155834235,-0.005105390210217211,0.9937239701019582,0.4024401401623551,-0.841453377711294,0.12950616674829946,-0.24641597997973597,-0.2043228487503731,0.02541709508055967,0.0,0.0,0.0,0.0
3.600000000000003,0.9464654765214314,0.3055238375938959,1.0,0.09674331295386043,-0.053078192249552424,-0.005166581490727801,0.9938796422816651,0.3823923809634959,-0.8807603429491052,0.13313498138637253,-0.2852131674247732,-0.2038264567082102,0.030590340084026404,0.0,0.0,0.0,0.0
3.620000000000003,0.9535693731694168,0.28718978358084213,1.0,0.09368511653663548,-0.055116803435000354,-0.005194471552027561,0.9940614942667882,0.36143326613337456,-0.9191136142148288,0.13567023697646816,-0.32470083547975603,-0.20298783540899518,0.03615718216516462,0.0,0.0,0.0,0.0
3.6400000000000032,0.9602289509968164,0.26810920102864405,1.0,0.09022674565301159,-0.05714781381957069,-0.005185993869150774,0.9942667485197821,0.3395415022711616,-0.9563543735732447,0.13701280079540817,-0.364747101060495,-0.20177403104756525,0.04210712802108737,0.0,0.0,0.0,0.0
3.6600000000000033,0.966428420225683,0.24831025348952535,1.0,0.08636274658888847,-0.059167251675807254,-0.005138147346341009,0.9944919867814936,0.31669671881922085,-0.9923162534812444,0.13707338674069527,-0.40520433917207743,-0.20014966575452037,0.04842414956001732,0.0,0.0,0.0,0.0
3.6800000000000033,0.9721521755738682,0.22782432908407318,1.0,0.08208919956698148,-0.061170704001054024,-0.005048041441351583,0.9947331428901292,0.29288011747223874,-1.0268254625217634,0.13577487244141248,-0.4459080941189456,-0.1980773665706967,0.0550860544158875,0.0,0.0,0.0,0.0
3.7000000000000033,0.9773848256273551,0.20668604786160738,1.0,0.07740390708334718,-0.0631532916206502,-0.0049129474554273685,0.9949855073683284,0.26807521347095997,-1.0597011039240571,0.13305467341616808,-0.486676163430957,-0.19551834806278368,0.062063872409210546,0.0,0.0,0.0,0.0
3.7200000000000033,0.9821112226455504,0.18493325487926726,1.0,0.0723065930474732,-0.0651096523078864,-0.0047303559081461905,0.995243745778488,0.24226866310777187,-1.0907557246816308,0.12886713258187027,-0.5273079383461443,-0.19243315988391174,0.06932128860903329,0.0,0.0,0.0,0.0
3.7400000000000033,0.9863164927395422,0.1626069983684779,1.0,0.0667991094974361,-0.06703393413798348,-0.004498039590703442,0.9955019328379903,0.21545116647200596,-1.1197961320965728,0.12318587374371057,-0.5675840933587246,-0.1887826051702855,0.07681416030009894,0.0,0.0,0.0,0.0
3.7600000000000033,0.9899860663602966,0.13975149241610868,1.0,0.060885646528699086,-0.06891980135834816,-0.004214121492285634,0.9957536041649844,0.187618428196017,-1.146624511323146,0.11600605764434538,-0.6072667227488187,-0.18452882808871274,0.08449016120093708,0.0,0.0,0.0,0.0
3.7800000000000034,0.9931057090308538,0.11641406365319891,1.0,0.05457293988623572,-0.07076045500875897,-0.003877146329730367,0.9959918272633891,0.1587721519065011,-1.1710398714656347,0.10734646928145686,-0.6461000226582714,-0.17963655901474462,0.09228860095200273,0.0,0.0,0.0,0.0
3.8000000000000034,0.995661552253797,0.09264508151645559,1.0,0.04787046948888316,-0.07254867033009078,-0.0034861538977313594,0.9962092929275711,0.12892103656681475,-1.1928398385931676,0.09725135626178145,-0.683811611595009,-0.17407449385291965,0.10014047029707308,0.0,0.0,0.0,0.0
3.8200000000000034,0.9976401245226317,0.06849787172665435,1.0,0.04079064106643524,-0.0742768526287485,-0.0030407519232205035,0.9963984276345973,0.09808173541213303,-1.2118228014092058,0.08579193085960123,-0.7201145687521917,-0.16781677032886136,0.10796876153637536,0.0,0.0,0.0,0.0
3.8400000000000034,0.9990283823632394,0.04402861271328679,1.0,0.0333489421966274,-0.07593711269375657,-0.002541185592497264,0.9965515266888543,0.06627973139798356,-1.2277903992414523,0.07306744423115556,-0.7547102470497109,-0.16084448945066457,0.11568910878427485,0.0,0.0,0.0,0.0
3.8600000000000034,0.9998137413292721,0.019296214805999894,1.0,0.025564063446833662,-0.07752136208505778,-0.0019884004731258453,0.9966609069006982,0.03355007781883419,-1.2405503228200474,0.059205741002503864,-0.787291885754333,-0.15314721592330993,0.12321078253874876,0.0,0.0,0.0,0.0
3.8800000000000034,0.99998410687325,-0.005637817889808791,1.0,0.01745797517468508,-0.07902142763502064,-0.0013840952325654627,0.9967190764491821,-6.205008781386395e-05,-1.2499193767224452,0.04436320724531993,-0.8175490061978741,-0.14472437860902387,0.13043805763819993,0.0,0.0,0.0,0.0
3.9000000000000035,0.9995279050132249,-0.030709542914022163,1.0,0.009055950935602452,-0.08042918336384978,-0.0007307604229447557,0.9967189183542572,-0.034501046252852836,-1.2557267295746608,0.028724035541926495,-0.8451725248954267,-0.13558648290854886,0.13727195295545033,0.0,0.0,0.0,0.0
3.9200000000000035,0.9984341127131982,-0.055852752043723926,1.0,0.00038652947281989363,-0.08173669676419128,-3.169971326782269e-05,0.9966538827457471,-0.06970085672100848,-1.2578172557529863,0.012498747930556626,-0.8698604639642766,-0.12575604305242316,0.1436123159727351,0.0,0.0,0.0,0.0
3.9400000000000035,0.996692287894036,-0.08099916081984386,1.0,-0.008518591024576267,-0.08293638514829765,0.0007089696494465515,0.9965181819653495,-0.10558529436854287,-1.2560548524392163,-0.004078058975848987,-0.8913240831404703,-0.11526814538203561,0.1493601973018112,0.0,0.0,0.0,0.0
3.9600000000000035,0.9942925989904267,-0.10607861465859571,1.0,-0.01762473032571583,-0.08402117658204258,0.001486339658633564,0.9963069815880716,-0.14206871147584393,-1.2503256006642205,-0.02075075310935639,-0.9092942059527349,-0.1041705649381448,0.15442043164043376,0.0,0.0,0.0,0.0
3.9800000000000035,0.9912258539684933,-0.13101931108143888,1.0,-0.02689447617290113,-0.08498466897647583,0.0022947591447414783,0.9960165798172296,-0.17905703816773005,-1.240540630613981,-0.03724646295185634,-0.923527470463139,-0.0925233774568914,0.15870431557998832,0.0,0.0,0.0,0.0
4.0000000000000036,0.9874835287179997,-0.1557480374791379,1.0,-0.03628800442953903,-0.08582128029104909,0.0031279063844850594,0.9956445674965424,-0.21644917350627915,-1.2266385518229024,-0.05327956683967856,-0.9338122080851556,-0.08039803654232498,0.16213225236809936,0.0,0.0,0.0,0.0
4.020000000000003,0.983057794732707,-0.18019042370641036,1.0,-0.04576346323200657,-0.08652638262687398,0.003978885523413479,0.9951899612699638,-0.2541386932532488,-1.2085873191523815,-0.06855677584850753,-0.9399736471832802,-0.06787591955251912,0.16463622228805824,0.0,0.0,0.0,0.0
4.040000000000004,0.977941545992337,-0.204271208684438,1.0,-0.05527741141562602,-0.08709641332230826,0.004840344124298826,0.9946533032380356,-0.2920158160574464,-1.1863854259436868,-0.08278267739890188,-0.9418781546018309,-0.055046382748709,0.1661619371609952,0.0,0.0,0.0,0.0
4.060000000000004,0.9721284249598039,-0.2279145200701844,1.0,-0.06478529823588941,-0.08752895702618131,0.005704607748305817,0.9940367217889055,-0.3299695503075915,-1.1600623456480665,-0.09566557948772852,-0.9394362687066902,-0.042004402853093384,0.16667054984578833,0.0,0.0,0.0,0.0
4.080000000000004,0.9656128476078767,-0.25104416593491213,1.0,-0.07424196880243383,-0.08782279407717337,0.006563826293719752,0.993343950046107,-0.36788992925856046,-1.1296781806627825,-0.10692347668741753,-0.9326043399575012,-0.028847914383470473,0.16613981423506755,0.0,0.0,0.0,0.0
4.100000000000003,0.9583900273902638,-0.2735839372804836,1.0,-0.08360217793471338,-0.08797791226457488,0.007410125983934747,0.9925803004447759,-0.40567023400082797,-1.0953225191605147,-0.11628995063908262,-0.921384674682262,-0.015674976268151484,0.1645646262222167,0.0,0.0,0.0,0.0
4.120000000000004,0.9504559980732346,-0.29545792011207883,1.0,-0.09282109450565647,-0.08799548103969758,0.008235760504507457,0.9917525961550474,-0.44320910341312614,-1.057112543858966,-0.1235198206074794,-0.9058241675345289,-0.0025809144208297167,0.16195691808894466,0.0,0.0,0.0,0.0
4.140000000000004,0.9418076353453588,-0.3165908156807162,1.0,-0.10185477883166201,-0.08787778931132063,0.009033254882730341,0.9908690622282704,-0.48041243755698315,-1.0151904771888864,-0.12839437356693928,-0.8860114996914552,0.010344412349341945,0.15834492338947237,0.0,0.0,0.0,0.0
4.160000000000004,0.9324426771247191,-0.33690826740955554,1.0,-0.1106606172511938,-0.08762814990729709,0.009795536272173382,0.9899391812644601,-0.5171950152704573,-0.9697204817009661,-0.13072602695265806,-0.8620730645309315,0.023019087477400585,0.15377187197023534,0.0,0.0,0.0,0.0
4.180000000000003,0.922359742485053,-0.3563371929253552,1.0,-0.11919770056030024,-0.08725077544840262,0.010516046785841037,0.9889735199310381,-0.5534817664320791,-0.9208851600393858,-0.13036230841651192,-0.8341678526222256,0.035371239843404075,0.14829421090051864,0.0,0.0,0.0,0.0
4.200000000000004,0.9115583491247055,-0.3748061195316037,1.0,-0.1274271362078719,-0.08675063162826267,0.011188834809128653,0.9879835336915146,-0.5892086623737391,-0.8688818136812683,-0.1271890728168504,-0.8024815776974883,0.04734069265506866,0.14197947342520234,0.0,0.0,0.0,0.0
4.220000000000004,0.9000389293050215,-0.39224552138372354,1.0,-0.13531228780954824,-0.08613327464603344,0.011808622685175803,0.9869813575730679,-0.6243232118619285,-0.8139186233788479,-0.12113291413014514,-0.7672203517555617,0.058880110574649834,0.13490393262169753,0.0,0.0,0.0,0.0
4.240000000000004,0.8878028441878668,-0.408588156560276,1.0,-0.14281893931441592,-0.08540467977594039,0.012370850160507877,0.9859795907176683,-0.6587845726703576,-0.7562109075018093,-0.11216276599630351,-0.7286042203381522,0.06995563306897173,0.12715017886726623,0.0,0.0,0.0,0.0
4.260000000000003,0.8748523965053344,-0.4237694021681123,1.0,-0.1499153847706189,-0.08457106781467907,0.012871694378908578,0.9849910818792109,-0.6925633081391289,-0.6959775988964413,-0.10029071663417205,-0.6868608506689206,0.08054701431716407,0.11880475159034642,0.0,0.0,0.0,0.0
4.280000000000004,0.861190841498392,-0.43772758557470615,1.0,-0.15657244785210195,-0.08363873550371759,0.013308068412718026,0.9840287220462939,-0.7256408329324875,-0.6334380587595128,-0.08557208998924407,-0.6422196300518126,0.09064731658160939,0.10995593830518163,0.0,0.0,0.0,0.0
4.300000000000004,0.8468223960651683,-0.4504043098282808,1.0,-0.16276343796360726,-0.08261389508700229,0.013677601253902695,0.9831052491085377,-0.7580086017977758,-0.5688093199780269,-0.06810486407254286,-0.594906385166039,0.10026222302184999,0.10069183049685304,0.0,0.0,0.0,0.0
4.320000000000004,0.8317522460638826,-0.4617447713063052,1.0,-0.16846405174578566,-0.08150252705651738,0.01397860282020334,0.9822330680729446,-0.7896670994516726,-0.5023038249823414,-0.04802850915357876,-0.5451388804715953,0.109409046872884,0.09109869959125279,0.0,0.0,0.0,0.0
4.340000000000003,0.8159865517199111,-0.47169806762623373,1.0,-0.17365223013937622,-0.08031024897594291,0.014210017866364374,0.9814240888980058,-0.8206246892583985,-0.43412769664839057,-0.025522333077305587,-0.4931232012009752,0.11811551705963816,0.08125972980992208,0.0,0.0,0.0,0.0
4.360000000000004,0.7995324510913331,-0.4802174938592605,1.0,-0.17830798188065292,-0.07904220215865268,0.014371372756106964,0.9806895826512406,-0.8508963739678077,-0.3644795569066505,-0.0008034192825319697,-0.4390510777873298,0.12641841673128618,0.07125412041960798,0.0,0.0,0.0,0.0
4.380000000000004,0.7823980615523186,-0.4872608251088984,1.0,-0.18241318447828905,-0.07770295698999002,0.014462718894515694,0.9800400554904272,-0.8805025144973311,-0.29354988761460643,0.02587576378167737,-0.38309816716336775,0.13436214238316885,0.061156549258774465,0.0,0.0,0.0,0.0
4.400000000000004,0.7645924792590165,-0.4927905835514836,1.0,-0.18595137347898866,-0.07629643687898444,0.014484576298999225,0.979485138973679,-0.9094675436627268,-0.22152091247598482,0.05423001396774228,-0.3254232739437951,0.14199723887012866,0.05103697324013156,0.0,0.0,0.0,0.0
4.4200000000000035,0.7461257765680921,-0.4967742880854537,1.0,-0.18890753029096355,-0.07482586023023548,0.014437880356647982,0.9790334944479587,-0.9378187019066291,-0.14856696736420333,0.08394425312494244,-0.2661684716076991,0.14937895132850643,0.04096072990849703,0.0,0.0,0.0,0.0
4.440000000000004,0.7270089973837797,-0.4991846848004201,1.0,-0.19126787812071575,-0.0732936994499214,0.01432393432735672,0.9786927287588936,-0.9655848123079868,-0.07485531892773523,0.11467655195334057,-0.20546006986973311,0.1565658202282687,0.030988896669284956,0.0,0.0,0.0,0.0
4.460000000000004,0.707254150415169,-0.4999999565555661,1.0,-0.19301969479474565,-0.07170165583136295,0.014144369646084978,0.9784693182617935,-0.9927951031623444,-0.0005473871161002571,0.14606129856063627,-0.14341036814981795,0.16361833161518236,0.021178860239277994,0.0,0.0,0.0,0.0
4.480000000000004,0.6868742003314954,-0.49920391004946957,1.0,-0.1941511504664099,-0.07005064918384797,0.013901115582311175,0.9783685380811559,-1.0194780787012363,0.07419967462605477,0.17771250293722107,-0.080120134564965,0.17059762190827882,0.01158504726352489,0.0,0.0,0.0,0.0
4.5000000000000036,0.665883056809358,-0.49678613886971673,1.0,-0.1946511775056892,-0.0683408212450022,0.013596379345651732,0.9783943937471722,-1.0456604324096745,0.14923108827706708,0.2092272445608086,-0.015681752996700014,0.17756422595599014,0.002259766895423751,0.0,0.0,0.0,0.0
4.520000000000004,0.6442955614720898,-0.4927421611301297,1.0,-0.19450937926426864,-0.0665715522192561,0.013232637287366435,0.9785495527175764,-1.0713659931263235,0.22439229621074877,0.240189284211091,0.04981701480608067,0.18457684881832936,-0.006745883485463603,0.0,0.0,0.0,0.0
4.5400000000000045,0.6221274727278535,-0.48707353043543095,1.0,-0.19371598389987973,-0.06474149017815715,0.012812637431367643,0.9788352738603495,-1.0966146918195478,0.2995265899175086,0.27017287342328306,0.11628870181703169,0.19169113620079822,-0.015381098137393072,0.0,0.0,0.0,0.0
4.560000000000004,0.5993954485194916,-0.4797879190569635,1.0,-0.1922618490042266,-0.06284859350640423,0.01233941316060286,0.9792513337211212,-1.121421536737068,0.37447257238181464,0.29874680542637433,0.18364129285387365,0.19895841584915402,-0.023594477883925394,0.0,0.0,0.0,0.0
4.580000000000004,0.5761170270056241,-0.47089917235778467,1.0,-0.1901385223531881,-0.06089018704256632,0.01181630746487347,0.9797959493267785,-1.1457955866343015,0.4490615084502018,0.3254787593914817,0.25177292187232037,0.2064243828069584,-0.031333231572906385,0.0,0.0,0.0,0.0
4.600000000000004,0.552310605198973,-0.46042733367005473,1.0,-0.18733836360510148,-0.05886303300383066,0.01124700670094415,0.9804656983839983,-1.1697389161099234,0.5231146247554234,0.34993999468126047,0.32056617865455705,0.214127705587151,-0.038542518808563894,0.0,0.0,0.0,0.0
4.6200000000000045,0.5279954155943886,-0.4483986390010623,1.0,-0.18385473110815295,-0.056763418152985495,0.010635582302367426,0.9812554390156661,-1.1932455738280372,0.5964404311787639,0.3717104526365938,0.38988211730422867,0.222098538445055,-0.045164992985410074,0.0,0.0,0.0,0.0
4.640000000000004,0.5031915008254626,-0.43484548112522386,1.0,-0.17968223701477629,-0.05458725890878552,0.009986538286187601,0.982158232628149,-1.2163005436611969,0.6688321495300634,0.39038431908782206,0.4595540931512506,0.23035693754995612,-0.05114060828860481,0.0,0.0,0.0,0.0
4.660000000000004,0.47791968639501514,-0.41980634280671286,1.0,-0.1748170724978797,-0.052330226155047205,0.009304861727081757,0.9831652750896325,-1.2388787305274276,0.7400653518174746,0.4055760897975822,0.5293816004679073,0.2389111963546266,-0.05640675819327368,0.0,0.0,0.0,0.0
4.680000000000004,0.4522015515310069,-0.4033256990896032,1.0,-0.16925740287311047,-0.04998789129862327,0.008596072611774488,0.9842658430687411,-1.2609440067106144,0.8098959293787322,0.4169271617960157,0.5991243402972537,0.2477561380661806,-0.060898814500452786,0.0,0.0,0.0,0.0
4.700000000000005,0.4260593982255911,-0.3854538887881159,1.0,-0.1630038297142641,-0.04755589458653425,0.007866268674090262,0.9854472640409048,-1.2824483702369687,0.8780585338304493,0.42411294437095026,0.668496813476779,0.2568714305882076,-0.06455113301724522,0.0,0.0,0.0,0.0
4.720000000000004,0.3995162185210606,-0.3662469555072714,1.0,-0.15605991349859405,-0.04503013574548044,0.007122159997971668,0.986694919978064,-1.3033312834849489,0.9442656490827241,0.4268504428487048,0.7371638041417368,0.2662200206410317,-0.06729858217507455,0.0,0.0,0.0,0.0
4.740000000000004,0.37259566011225764,-0.3457664587223547,1.0,-0.14843274588913422,-0.04240698559518493,0.006371087449640595,0.9879922959037942,-1.3235192761253243,1.0082074675549855,0.42490621535844736,0.804737186356335,0.27574681690315905,-0.06907863158737654,0.0,0.0,0.0,0.0
4.760000000000004,0.3453219903407215,-0.3240792556426459,1.0,-0.14013355550544862,-0.03968351538559234,0.00562101848410689,0.9893210850776628,-1.3429259095713184,1.0695527494050623,0.4181045377278334,0.8707745406621243,0.2853777835213292,-0.06983400644058234,0.0,0.0,0.0,0.0
4.780000000000005,0.3177200586612118,-0.301257254779113,1.0,-0.13117832514423583,-0.036857738246488914,0.00488051372127242,0.9906613622875997,-1.3614522075821194,1.1279508366315427,0.40633553642031994,0.9347800948972752,0.29501963026173356,-0.06951586922368919,0.0,0.0,0.0,0.0
4.800000000000004,0.28981525766653,-0.2773771423258456,1.0,-0.12158839225562393,-0.03392885442511444,0.004158658079525338,0.9919918352834712,-1.3789876562532237,1.1830349697330493,0.38956296820967556,0.9962084891350649,0.3045602975773056,-0.06808743281253826,0.0,0.0,0.0,0.0
4.820000000000004,0.26163348276138637,-0.25252008264909453,1.0,-0.11139099862816865,-0.03089748913131365,0.003464951364138887,0.9932901815189978,-1.3954118629966845,1.2344270091328409,0.3678312450811714,1.0544717923118367,0.31387042679610755,-0.06552784101700276,0.0,0.0,0.0,0.0
4.840000000000004,0.23320109058077287,-0.22677139435463098,1.0,-0.10061975044891708,-0.027765909129516705,0.002809155170412065,0.9945334729193571,-1.410596935436521,1.2817435942152806,0.3412712335333476,1.1089500550133686,0.3228059706303303,-0.06183608025845991,0.0,0.0,0.0,0.0
4.860000000000005,0.2045448562526,-0.20022020357204884,1.0,-0.0893149470974594,-0.024538202132739568,0.0022010958310628983,0.9956986853653134,-1.4244105959393525,1.3246036796108176,0.3101043113618742,1.1590054625654331,0.33121203236488567,-0.05703461844428291,0.0,0.0,0.0,0.0
4.880000000000004,0.17569192960834668,-0.1729590762522902,1.0,-0.07752373716482773,-0.021220402049877497,0.0016504268369160059,0.9967632822310903,-1.4367199865566835,1.36263727508148,0.27464415568727313,1.2039998595017691,0.33892792250772863,-0.05117241670111775,0.0,0.0,0.0,0.0
4.900000000000004,0.14666979044913567,-0.14508363142073394,1.0,-0.06530006411369714,-0.017820543691514635,0.0011663584431173314,0.997705853173804,-1.4473960463268716,1.3954950902740846,0.2352957761284144,1.243315069537248,0.3457932944155936,-0.044326940206114177,0.0,0.0,0.0,0.0
4.920000000000004,0.11750620297794616,-0.11669213746139082,1.0,-0.05270437226683828,-0.014348633022902717,0.0007573666103567659,0.9985067812840082,-1.456318265462619,1.4228586615574819,0.19255140565360312,1.2763750692627118,0.3516550776990219,-0.03660481849987621,0.0,0.0,0.0,0.0
4.940000000000005,0.08822916951157152,-0.08788509362692569,1.0,-0.03980305647165293,-0.01081652361778757,0.00043089743515110294,0.9991489047382981,-1.4633795492998904,1.4444504315561566,0.146983021087001,1.3026687377967443,0.35637478923971705,-0.02814088134907059,0.0,0.0,0.0,0.0
4.960000000000004,0.058866883588456494,-0.058764799073388475,1.0,-0.026667655221779996,-0.00723769644656065,0.0001930861263851717,0.9996181344057677,-1.4684908711527511,1.460043180666088,0.09923147858481751,1.321771655277266,0.3598356902909715,-0.019095423418490284,0.0,0.0,0.0,0.0
4.980000000000004,0.029447682590674058,-0.02943491180676878,1.0,-0.013373805882829456,-0.003626947987893289,4.851075597633636e-05,0.9999039874964036,-1.4715853691501393,1.469468189876767,0.04999249928212886,1.3333653146361195,0.3619491985867127,-0.0096497193868444,0.0,0.0,0.0,0.0
5.000000000000004,1.2246467991473532e-16,-1.2246467991473532e-16,1.0,7.243045216718656e-16,7.243045216718656e-16,5.2461704011431e-31,1.0,-1.4726215563702154,1.4726215563702154,-4.266505807961628e-15,1.3372521830244086,0.3626599755536835,1.3212460103433987e-15,0.0,0.0,0.0,0.0
5.020000000000005,-0.029447682590675147,0.029434911806769867,1.0,0.01337380588283018,0.0036269479878940124,4.851075597634867e-05,0.9999039874964035,-1.4715853691501386,1.4694681898767663,-0.049992499282133084,1.333365314636083,0.3619491985867126,0.009649719386847163,0.0,0.0,0.0,0.0
5.0400000000000045,-0.05886688358845669,0.05876479907338868,1.0,0.026667655221780717,0.007237696446562096,0.00019308612638521553,0.9996181344057677,-1.4684908711527507,1.4600431806660876,-0.09923147858482384,1.3217716552773195,0.3598356902909713,0.01909542341849413,0.0,0.0,0.0,0.0
5.060000000000004,-0.08822916951157128,0.08788509362692545,1.0,0.03980305647165473,0.010816523617788287,0.000430897435151151,0.999148904738298,-1.463379549299888,1.4444504315561544,-0.14698302108700814,1.302668737796529,0.3563747892394653,0.028140881349064346,0.0,0.0,0.0,0.0
5.0800000000000045,-0.11750620297794723,0.11669213746139187,1.0,0.0527043722668347,0.014348633022899139,0.0007573666103565254,0.9985067812840084,-1.4563182654626203,1.4228586615574816,-0.19255140565358234,1.2763750692624618,0.35165507769891513,0.03660481849986502,0.0,0.0,0.0,0.0
5.100000000000005,-0.146669790449135,0.14508363142073327,1.0,0.06530006411369395,0.01782054369151322,0.0011663584431171816,0.9977058531738042,-1.4473960463268742,1.3954950902740877,-0.2352957761284017,1.243315069537498,0.34579329441584394,0.044326940206120664,0.0,0.0,0.0,0.0
5.1200000000000045,-0.17569192960834554,0.17295907625228915,1.0,0.07752373716482912,0.021220402049878902,0.0016504268369161455,0.9967632822310902,-1.4367199865566824,1.3626372750814801,-0.2746441556872812,1.2039998595019994,0.3389279225079056,0.05117241670112886,0.0,0.0,0.0,0.0
5.140000000000004,-0.2045448562525993,0.2002202035720482,1.0,0.0893149470974608,0.024538202132741674,0.002201095831063122,0.9956986853653131,-1.4244105959393514,1.3246036796108176,-0.31010431136188416,1.1590054625653277,0.33121203236485053,0.05703461844428108,0.0,0.0,0.0,0.0
5.160000000000005,-0.23320109058077262,0.22677139435463076,1.0,0.1006197504489164,0.027765909129517416,0.0028091551704121183,0.9945334729193571,-1.4105969354365193,1.2817435942152802,-0.3412712335333475,1.108950055013315,0.32280597063013594,0.06183608025845848,0.0,0.0,0.0,0.0
5.180000000000005,-0.26163348276138526,0.2525200826490936,1.0,0.11139099862816901,0.0308974891313119,0.0034649513641387014,0.993290181518998,-1.3954118629966854,1.2344270091328415,-0.3678312450811675,1.0544717923118634,0.3138704267959847,0.06552784101700179,0.0,0.0,0.0,0.0
5.200000000000005,-0.2898152576665315,0.27737714232584687,1.0,0.12158839225562376,0.0339288544251127,0.004158658079525121,0.9919918352834713,-1.3789876562532246,1.1830349697330471,-0.3895629682096696,0.9962084891348963,0.3045602975772925,0.0680874328125227,0.0,0.0,0.0,0.0
5.220000000000004,-0.31772005866121156,0.3012572547791128,1.0,0.13117832514423283,0.03685773824648692,0.004880513721272042,0.9906613622876002,-1.3614522075821225,1.1279508366315456,-0.40633553642030795,0.9347800948973405,0.29501963026187095,0.06951586922369285,0.0,0.0,0.0,0.0
5.240000000000005,-0.34532199034072164,0.32407925564264606,1.0,0.14013355550544976,0.03968351538559333,0.005621018484107077,0.9893210850776626,-1.3429259095713182,1.0695527494050616,-0.4181045377278387,0.8707745406622347,0.28537778352150056,0.0698340064405909,0.0,0.0,0.0,0.0
5.260000000000005,-0.3725956601122574,0.3457664587223545,1.0,0.14843274588913338,0.04240698559518631,0.0063710874496407666,0.9879922959037943,-1.323519276125323,1.0082074675549866,-0.4249062153584495,0.8047371863562855,0.2757468169031261,0.06907863158737432,0.0,0.0,0.0,0.0
5.280000000000005,-0.3995162185210604,0.3662469555072712,1.0,0.1560599134985942,0.04503013574548078,0.007122159997971729,0.986694919978064,-1.3033312834849484,0.9442656490827245,-0.42685044284870616,0.7371638041418912,0.2662200206409923,0.06729858217508988,0.0,0.0,0.0,0.0
5.300000000000004,-0.42605939822559086,0.3854538887881157,1.0,0.16300382971426633,0.04755589458653483,0.007866268674090467,0.9854472640409044,-1.2824483702369676,0.8780585338304482,-0.4241129443709559,0.6684968134765865,0.25687143058812956,0.06455113301722576,0.0,0.0,0.0,0.0
5.320000000000005,-0.4522015515310075,0.4033256990896036,1.0,0.1692574028731068,0.049987891298622106,0.008596072611774098,0.9842658430687418,-1.260944006710615,0.8098959293787328,-0.41692716179600586,0.5991243402968784,0.2477561380660594,0.060898814500413984,0.0,0.0,0.0,0.0
5.340000000000005,-0.47791968639501375,0.41980634280671203,1.0,0.1748170724978745,0.05233022615504547,0.009304861727081164,0.9831652750896335,-1.2388787305274311,0.7400653518174809,-0.4055760897975713,0.5293816004684422,0.2389111963547566,0.05640675819333148,0.0,0.0,0.0,0.0
5.360000000000005,-0.5031915008254616,0.4348454811252233,1.0,0.17968223701478322,0.054587258908786816,0.009986538286188236,0.9821582326281477,-1.2163005436611956,0.6688321495300625,-0.3903843190878359,0.45955409315202883,0.23035693755021494,0.05114060828869152,0.0,0.0,0.0,0.0
5.380000000000004,-0.5279954155943895,0.4483986390010628,1.0,0.18385473110816306,0.05676341815298868,0.01063558230236863,0.981255439015664,-1.1932455738280332,0.5964404311787567,-0.3717104526366132,0.3898821173037685,0.22209853844499905,0.045164992985356575,0.0,0.0,0.0,0.0
5.400000000000005,-0.552310605198975,0.46042733367005567,1.0,0.1873383636050993,0.05886303300383094,0.01124700670094407,0.9804656983839988,-1.1697389161099212,0.5231146247554181,-0.34993999468125603,0.3205661786537676,0.21412770558686436,0.03854251880847011,0.0,0.0,0.0,0.0
5.420000000000005,-0.5761170270056243,0.4708991723577847,1.0,0.19013852235318277,0.06089018704256407,0.011816307464872685,0.9797959493267796,-1.1457955866343035,0.4490615084502033,-0.3254787593914712,0.2517729218725057,0.20642438280698233,0.031333231572930026,0.0,0.0,0.0,0.0
5.440000000000005,-0.5993954485194921,0.47978791905696366,1.0,0.1922618490042281,0.06284859350640495,0.012339413160603099,0.9792513337211208,-1.121421536737067,0.3744725723818127,-0.2987468054263765,0.18364129285381448,0.1989584158491674,0.02359447788391575,0.0,0.0,0.0,0.0
5.460000000000004,-0.622127472727854,0.48707353043543106,1.0,0.19371598389987318,0.06474149017815517,0.012812637431366796,0.978835273860351,-1.0966146918195485,0.2995265899175085,-0.2701728734232737,0.11628870181681786,0.19169113620069475,0.015381098137365531,0.0,0.0,0.0,0.0
5.480000000000005,-0.6442955614720886,0.4927421611301295,1.0,0.19450937926426592,0.06657155221925484,0.013232637287365992,0.978549552717577,-1.071365993126326,0.22439229621075346,-0.2401892842110889,0.04981701480668327,0.18457684881854264,0.006745883485546306,0.0,0.0,0.0,0.0
5.500000000000005,-0.6658830568093578,0.49678613886971673,1.0,0.1946511775056945,0.06834082124500424,0.013596379345652524,0.9783943937471709,-1.0456604324096739,0.14923108827706705,-0.2092272445608151,-0.015681752996288264,0.17756422595623683,-0.0022597668953665707,0.0,0.0,0.0,0.0
5.520000000000005,-0.6868742003314955,0.49920391004946957,1.0,0.19415115046641523,0.07005064918385143,0.013901115582312265,0.9783685380811545,-1.0194780787012345,0.07419967462605392,-0.17771250293722896,-0.0801201345654371,0.1705976219081174,-0.011585047263593915,0.0,0.0,0.0,0.0
5.5400000000000045,-0.70725415041517,0.4999999565555661,1.0,0.19301969479474165,0.07170165583136197,0.014144369646084478,0.9784693182617943,-0.9927951031623418,-0.0005473871161042796,-0.14606129856063202,-0.14341036815043068,0.16361833161478495,-0.02117886023936756,0.0,0.0,0.0,0.0
5.560000000000005,-0.7270089973837789,0.49918468480042016,1.0,0.1912678781207091,0.07329369944991725,0.01432393432735539,0.9786927287588952,-0.9655848123079882,-0.07485531892773266,-0.11467655195333452,-0.20546006986939164,0.1565658202283715,-0.030988896669231554,0.0,0.0,0.0,0.0
5.580000000000005,-0.7461257765680916,0.49677428808545376,1.0,0.18890753029096632,0.07482586023023642,0.014437880356648385,0.979033494447958,-0.9378187019066301,-0.14856696736420122,-0.08394425312494434,-0.2661684716072976,0.149378951328769,-0.04096072990843602,0.0,0.0,0.0,0.0
5.600000000000005,-0.7645924792590164,0.49279058355148364,1.0,0.18595137347898985,0.07629643687898531,0.014484576298999493,0.9794851389736787,-0.9094675436627269,-0.22152091247598393,-0.05423001396774364,-0.3254232739439966,0.14199723887000137,-0.051036973240163375,0.0,0.0,0.0,0.0
5.6200000000000045,-0.7823980615523184,0.48726082510889845,1.0,0.1824131844782878,0.07770295698998851,0.014462718894515312,0.9800400554904276,-0.8805025144973314,-0.2935498876146061,-0.02587576378167565,-0.38309816716336065,0.1343621423831432,-0.0611565492587726,0.0,0.0,0.0,0.0
5.640000000000005,-0.7995324510913319,0.48021749385926105,1.0,0.1783079818806543,0.07904220215865307,0.01437137275610715,0.9806895826512403,-0.8508963739678105,-0.3644795569066453,0.0008034192825300268,-0.439051077787174,0.12641841673144066,-0.0712541204195831,0.0,0.0,0.0,0.0
5.6600000000000055,-0.8159865517199112,0.4716980676262337,1.0,0.17365223013937808,0.0803102489759444,0.014210017866364794,0.9814240888980054,-0.8206246892583988,-0.4341276966483904,0.025522333077304865,-0.4931232012011037,0.1181155170595308,-0.08125972980994395,0.0,0.0,0.0,0.0
5.680000000000005,-0.8317522460638822,0.4617447713063054,1.0,0.16846405174578455,0.0815025270565157,0.013978602820202949,0.982233068072945,-0.7896670994516728,-0.50230382498234,0.048028509153579646,-0.5451388804715491,0.10940904687293213,-0.0910986995912447,0.0,0.0,0.0,0.0
5.700000000000005,-0.8468223960651684,0.45040430982828067,1.0,0.16276343796361,0.08261389508700472,0.013677601253903337,0.983105249108537,-0.7580086017977773,-0.5688093199780266,0.06810486407254245,-0.5949063851659377,0.10026222302208576,-0.100691830496838,0.0,0.0,0.0,0.0
5.720000000000005,-0.8611908414983923,0.43772758557470587,1.0,0.15657244785210273,0.08363873550372047,0.013308068412718558,0.9840287220462935,-0.7256408329324868,-0.6334380587595132,0.08557208998924132,-0.6422196300522942,0.09064731658130212,-0.10995593830526597,0.0,0.0,0.0,0.0
5.7400000000000055,-0.874852396505335,0.4237694021681117,1.0,0.1499153847706121,0.08457106781467556,0.012871694378907445,0.9849910818792122,-0.6925633081391246,-0.6959775988964458,0.10029071663416839,-0.6868608506691429,0.08054701431686492,-0.11880475159038184,0.0,0.0,0.0,0.0
5.760000000000005,-0.8878028441878659,0.40858815656027714,1.0,0.14281893931441236,0.08540467977593745,0.012370850160507131,0.9859795907176689,-0.6587845726703577,-0.7562109075018061,0.11216276599630029,-0.7286042203377782,0.06995563306907271,-0.1271501788671967,0.0,0.0,0.0,0.0
5.780000000000005,-0.9000389293050213,0.392245521383724,1.0,0.13531228780954893,0.08613327464603181,0.011808622685175638,0.9869813575730679,-0.6243232118619287,-0.8139186233788458,0.12113291413014769,-0.7672203517552658,0.05888011057478687,-0.13490393262164305,0.0,0.0,0.0,0.0
5.800000000000005,-0.9115583491247045,0.37480611953160536,1.0,0.12742713620787427,0.0867506316282624,0.011188834809128825,0.9879835336915141,-0.5892086623737429,-0.868881813681263,0.12718907281685315,-0.8024815776974699,0.04734069265524665,-0.14197947342519907,0.0,0.0,0.0,0.0
5.820000000000006,-0.9223597424850529,0.3563371929253554,1.0,0.11919770056030124,0.0872507754484045,0.010516046785841357,0.9889735199310378,-0.5534817664320807,-0.9208851600393853,0.13036230841651153,-0.8341678526223161,0.03537123984348971,-0.1482942109005369,0.0,0.0,0.0,0.0
5.840000000000005,-0.9324426771247185,0.3369082674095567,1.0,0.1106606172511943,0.08762814990729852,0.009795536272173586,0.9899391812644599,-0.5171950152704595,-0.9697204817009629,0.13072602695265662,-0.8620730645308801,0.02301908747740844,-0.1537718719702292,0.0,0.0,0.0,0.0
5.860000000000005,-0.9418076353453589,0.31659081568071606,1.0,0.10185477883166405,0.08787778931132269,0.009033254882730737,0.99086906222827,-0.480412437556984,-1.015190477188886,0.12839437356694158,-0.8860114996913853,0.010344412349245062,-0.15834492338946224,0.0,0.0,0.0,0.0
5.880000000000005,-0.9504559980732346,0.29545792011207905,1.0,0.09282109450565838,0.0879954810396971,0.008235760504507578,0.9917525961550473,-0.4432091034131267,-1.0571125438589641,0.12351982060748366,-0.9058241675348218,-0.0025809144212138504,-0.1619569180889948,0.0,0.0,0.0,0.0
5.900000000000006,-0.9583900273902639,0.27358393728048325,1.0,0.08360217793470955,0.08797791226456934,0.007410125983933938,0.9925803004447766,-0.4056702340008251,-1.0953225191605178,0.11628995063907913,-0.9213846746825405,-0.015674976268294782,-0.16456462622225923,0.0,0.0,0.0,0.0
5.920000000000005,-0.9656128476078758,0.2510441659349152,1.0,0.07424196880243018,0.08782279407717006,0.006563826293719176,0.9933439500461075,-0.36788992925856284,-1.1296781806627796,0.10692347668741028,-0.9326043399569077,-0.02884791438281946,-0.16613981423495966,0.0,0.0,0.0,0.0
5.940000000000005,-0.9721284249598034,0.22791452007018617,1.0,0.06478529823589751,0.08752895702618863,0.005704607748307016,0.9940367217889042,-0.32996955030759906,-1.1600623456480628,0.09566557948774165,-0.9394362687064535,-0.04200440285272516,-0.16667054984575347,0.0,0.0,0.0,0.0
5.960000000000005,-0.9779415459923373,0.2042712086844368,1.0,0.05527741141562706,0.08709641332231223,0.00484034412429914,0.9946533032380352,-0.2920158160574461,-1.1863854259436888,0.0827826773989026,-0.9418781546024364,-0.05504638274919086,-0.1661619371611085,0.0,0.0,0.0,0.0
5.980000000000006,-0.983057794732707,0.1801904237064102,1.0,0.04576346323200248,0.08652638262687179,0.003978885523413021,0.9951899612699643,-0.25413869325324634,-1.2085873191523817,0.06855677584849884,-0.9399736471831643,-0.06787591955253944,-0.16463622228803998,0.0,0.0,0.0,0.0
6.000000000000005,-0.9874835287179997,0.15574803747913812,1.0,0.03628800442954243,0.08582128029105267,0.0031279063844854827,0.995644567496542,-0.2164491735062813,-1.2266385518229013,0.053279566839685176,-0.9338122080850606,-0.08039803654229621,-0.16213225236808396,0.0,0.0,0.0,0.0
6.020000000000005,-0.9912258539684936,0.13101931108143633,1.0,0.026894476172899147,0.08498466897647419,0.002294759144741266,0.9960165798172298,-0.17905703816772583,-1.240540630613983,0.037246462951852716,-0.9235274704634505,-0.0925233774573823,-0.15870431558003928,0.0,0.0,0.0,0.0
6.040000000000005,-0.9942925989904265,0.10607861465859703,1.0,0.017624730325712958,0.0840211765820364,0.001486339658633211,0.9963069815880722,-0.14206871147584405,-1.2503256006642187,0.020750753109350692,-0.9092942059525104,-0.10417056493780466,-0.1544204316403917,0.0,0.0,0.0,0.0
6.060000000000006,-0.9966922878940359,0.08099916081984519,1.0,0.00851859102457843,0.08293638514830276,0.0007089696494467755,0.996518181965349,-0.10558529436854547,-1.2560548524392157,0.004078058975852998,-0.8913240831402649,-0.11526814538170803,-0.14936019730177835,0.0,0.0,0.0,0.0
6.080000000000005,-0.9984341127131983,0.05585275204372196,1.0,-0.00038652947281863037,0.08173669676419161,-3.1699713267719216e-05,0.9966538827457471,-0.06970085672100647,-1.2578172557529863,-0.012498747930553113,-0.8698604639645007,-0.1257560430524139,-0.1436123159727769,0.0,0.0,0.0,0.0
6.100000000000005,-0.9995279050132247,0.030709542914023294,1.0,-0.009055950935604433,0.08042918336385516,-0.0007307604229449648,0.9967189183542567,-0.03450104625285314,-1.255726729574661,-0.02872403554193204,-0.8451725248954438,-0.13558648290851052,-0.1372719529554588,0.0,0.0,0.0,0.0
6.120000000000005,-0.99998410687325,0.005637817889803262,1.0,-0.017457975174684174,0.07902142763502173,-0.0013840952325654106,0.996719076449182,-6.205008780729281e-05,-1.2499193767224437,-0.04436320724531656,-0.8175490061976952,-0.14472437860975507,-0.13043805763817062,0.0,0.0,0.0,0.0
6.140000000000006,-0.9998137413292723,-0.01929621480599832,1.0,-0.025564063446832413,0.07752136208504848,-0.001988400473125509,0.996660906900699,0.03355007781883069,-1.2405503228200487,-0.059205741002501734,-0.7872918857544853,-0.15314721592319935,-0.12321078253876655,0.0,0.0,0.0,0.0
6.1600000000000055,-0.9990283823632394,-0.04402861271328633,1.0,-0.03334894219662955,0.07593711269375988,-0.0025411855924975385,0.9965515266888539,0.06627973139798427,-1.2277903992414514,-0.07306744423116043,-0.7547102470494886,-0.16084448945052443,-0.11568910878423813,0.0,0.0,0.0,0.0
6.180000000000005,-0.9976401245226316,-0.06849787172665499,1.0,-0.04079064106642917,0.07427685262874209,-0.003040751923219786,0.9963984276345981,0.09808173541213046,-1.2118228014092067,-0.0857919308595877,-0.7201145687520235,-0.16781677032909664,-0.10796876153634505,0.0,0.0,0.0,0.0
6.2000000000000055,-0.9956615522537974,-0.0926450815164512,1.0,-0.04787046948888193,0.07254867033008938,-0.0034861538977312024,0.9962092929275712,0.12892103656680892,-1.1928398385931718,-0.09725135626177997,-0.6838116115953321,-0.1740744938523664,-0.1001404702971189,0.0,0.0,0.0,0.0
6.220000000000006,-0.9931057090308538,-0.1164140636531991,1.0,-0.05457293988623642,0.0707604550087635,-0.0038771463297306665,0.9959918272633886,0.15877215190650265,-1.1710398714656347,-0.10734646928145707,-0.6461000226582185,-0.17963655901488612,-0.09228860095199673,0.0,0.0,0.0,0.0
6.2400000000000055,-0.9899860663602968,-0.13975149241610715,1.0,-0.0608856465286968,0.06891980135834394,-0.004214121492285216,0.9957536041649848,0.18761842819601374,-1.14662451132315,-0.11600605764434234,-0.6072667227489824,-0.1845288280888817,-0.08449016120095826,0.0,0.0,0.0,0.0
6.260000000000005,-0.9863164927395427,-0.16260699836847534,1.0,-0.06679910949743982,0.06703393413798471,-0.004498039590703776,0.9955019328379899,0.21545116647200435,-1.1197961320965737,-0.12318587374371906,-0.5675840933588042,-0.1887826051699902,-0.07681416030011057,0.0,0.0,0.0,0.0
6.280000000000006,-0.9821112226455505,-0.18493325487926685,1.0,-0.07230659304747249,0.06510965230788808,-0.004730355908146266,0.9952437457784878,0.2422686631077716,-1.0907557246816313,-0.12886713258186805,-0.5273079383461652,-0.19243315988374177,-0.06932128860903741,0.0,0.0,0.0,0.0
6.300000000000006,-0.9773848256273554,-0.20668604786160574,1.0,-0.07740390708335156,0.06315329162065474,-0.004912947455428,0.9949855073683278,0.26807521347096075,-1.0597011039240587,-0.1330546734161756,-0.48667616343152476,-0.195518348062577,-0.062063872409286874,0.0,0.0,0.0,0.0
6.320000000000006,-0.9721521755738676,-0.22782432908407574,1.0,-0.08208919956699215,0.061170704001059756,-0.005048041441352718,0.9947331428901279,0.2928801174722461,-1.0268254625217565,-0.13577487244143005,-0.44590809411861365,-0.19807736657106578,-0.05508605441585168,0.0,0.0,0.0,0.0
6.340000000000005,-0.9664284202256822,-0.2483102534895282,1.0,-0.08636274658888606,0.05916725167580456,-0.005138147346340629,0.994491986781494,0.3166967188192225,-0.9923162534812396,-0.13707338674069083,-0.4052043391712396,-0.20014966575501078,-0.048424149559915676,0.0,0.0,0.0,0.0
6.360000000000006,-0.9602289509968162,-0.26810920102864483,1.0,-0.0902267456530055,0.057147813819566726,-0.005185993869150062,0.9942667485197829,0.33954150227116,-0.9563543735732456,-0.13701280079539888,-0.3647471010604447,-0.20177403104757924,-0.04210712802107829,0.0,0.0,0.0,0.0
6.380000000000006,-0.9535693731694168,-0.2871897835808421,1.0,-0.0936851165366322,0.055116803434997294,-0.005194471552027087,0.9940614942667887,0.36143326613337284,-0.9191136142148294,-0.13567023697646427,-0.3247008354801476,-0.2029878354087049,-0.03615718216520648,0.0,0.0,0.0,0.0
6.400000000000006,-0.9464654765214319,-0.30552383759389484,1.0,-0.09674331295386215,0.05307819224955421,-0.005166581490728068,0.9938796422816649,0.38239238096349515,-0.8807603429491059,-0.13313498138637464,-0.2852131674244952,-0.20382645670815622,-0.030590340083998073,0.0,0.0,0.0,0.0
6.420000000000005,-0.9389332064440913,-0.3230864031253056,1.0,-0.09940814721867026,0.051035541558340496,-0.00510539021021656,0.9937239701019592,0.4024401401623544,-0.8414533777112954,-0.12950616674828538,-0.2464159799793904,-0.20432284875066903,-0.025417095080521854,0.0,0.0,0.0,0.0
6.440000000000006,-0.9309886356028608,-0.3398556900130804,1.0,-0.10168762919863542,0.04899203714164319,-0.005013990535256214,0.9935966315681556,0.4215982038465166,-0.8013440168575408,-0.12489054513221029,-0.208426602603256,-0.20450725114607418,-0.020643027112145065,0.0,0.0,0.0,0.0
6.460000000000006,-0.9226479361921842,-0.3558130319414199,1.0,-0.10359082008523092,0.046950526613580006,-0.004895468102983944,0.993499181900433,0.4398881341141377,-0.7605761900168226,-0.11940037540383008,-0.17134903718199057,-0.20440702133969,-0.016269398465675593,0.0,0.0,0.0,0.0
6.480000000000006,-0.9139273528310762,-0.37094282919754656,1.0,-0.10512770088396849,0.044913557795930405,-0.0047528730442888195,0.993432609204463,0.45733101742738647,-0.7192866977889507,-0.11315144348864406,-0.13527517170559775,-0.20404657147470245,-0.012293711529218954,0.0,0.0,0.0,0.0
6.500000000000005,-0.9048431761431244,-0.3852324809403354,1.0,-0.10630905503999472,0.04288341694435471,-0.004589196292920098,0.9933973709674618,0.47394716821706656,-0.6776055118034162,-0.10626122787175862,-0.10028594240270342,-0.20344739307861104,-0.008710221294046338,0.0,0.0,0.0,0.0
6.520000000000006,-0.8954117170611385,-0.39867230781889545,1.0,-0.10714636425120745,0.04086216587308389,-0.004407349955812327,0.99339343429191,0.48975590682727826,-0.6356561104005745,-0.09884721814513037,-0.06645241535268313,-0.20262815347202803,-0.0055103991351751,0.0,0.0,0.0,0.0
6.540000000000006,-0.8856492818932369,-0.41125546579074407,1.0,-0.10765171626897671,0.0388516772242189,-0.0042101511857565044,0.9934203187916996,0.5047754044227278,-0.5935558289876866,-0.09102539076609494,-0.03383676757990011,-0.2016048491124643,-0.002683347485203514,0.0,0.0,0.0,0.0
6.560000000000006,-0.8755721481836654,-0.42297785199471244,1.0,-0.10783772332783347,0.03685366730472763,-0.004000309029227451,0.9934771412374482,0.5190225873507771,-0.5514162078112503,-0.08290884337108649,-0.0024931554383314245,-0.20039100260278864,-0.00021616730751753104,0.0,0.0,0.0,0.0
6.580000000000005,-0.8651965413983728,-0.4338380035332368,1.0,-0.10771744976851501,0.03486972606889439,-0.003780413770589301,0.9935626611799433,0.5325130935749387,-0.5093433233742769,-0.07460658686107063,0.02753153525326759,-0.19899789162296624,0.0019057181153407645,0.0,0.0,0.0,0.0
6.600000000000006,-0.8545386124617934,-0.44383699001326493,1.0,-0.10730434740676763,0.03290134395673147,-0.003552928352452952,0.9936753269018864,0.5452612740865367,-0.46743809295107885,-0.06622249289796284,0.05619705744819466,-0.19743479956834875,0.003698278546717156,0.0,0.0,0.0,0.0
6.620000000000006,-0.8436144161680961,-0.45297830068410616,1.0,-0.10661219724114941,0.030949935411342434,-0.0033201815154396855,0.9938133211484703,0.5572802325854019,-0.42579654458336347,-0.057854393296987806,0.08346928512856377,-0.19570927905602103,0.005178626244071143,0.0,0.0,0.0,0.0
6.640000000000006,-0.8324398904867715,-0.46126772699531265,1.0,-0.10565505617676647,0.029016858993797287,-0.003084362365032279,0.9939746061681957,0.5685818971480286,-0.3845100475650809,-0.04959332695249116,0.1093198017593691,-0.1938274207063549,0.006364794276663073,0.0,0.0,0.0,0.0
6.6600000000000055,-0.8210308367791791,-0.4687132413780416,1.0,-0.10444720755588505,0.027103434094087452,-0.00284751613517028,0.9941569676595067,0.5791771180366379,-0.343665500742597,-0.04152292929414866,0.13372558450831062,-0.19179412073187363,0.007275538661151076,0.0,0.0,0.0,0.0
6.680000000000006,-0.8094029009395356,-0.4753248730297981,1.0,-0.10300311442425382,0.02521095430411523,-0.002611540975555246,0.9943580572689663,0.5890757862237372,-0.30334547797845174,-0.033718958757975696,0.15666877186555642,-0.18961334181734485,0.00793015964916187,0.0,0.0,0.0,0.0
6.700000000000006,-0.7975715554706861,-0.4811145814554938,1.0,-0.10133737461548872,0.023340697575550517,-0.0023781856405705954,0.9945754333260931,0.5982869676038316,-0.2636283318626495,-0.02624895430837628,0.17813650105263729,-0.1872883626172518,0.008348338051705184,0.0,0.0,0.0,0.0
6.720000000000006,-0.7855520825020338,-0.4860961284876387,1.0,-0.09946467689868481,0.02149393333313112,-0.002149048001157178,0.9948065995317884,0.6068190482346341,-0.22458825821812153,-0.019172017619469496,0.19812080094990725,-0.18482201195293713,0.008549983141736862,0.0,0.0,0.0,0.0
6.7400000000000055,-0.7733595577539811,-0.4902849494757556,1.0,-0.09739975760061764,0.01967192675390478,-0.0019255743362945202,0.9950490413444985,0.6146798862984958,-0.18629532514781674,-0.012538713087237537,0.21661852612546564,-0.18221688447109108,0.008555089389151439,0.0,0.0,0.0,0.0
6.760000000000006,-0.761008835450521,-0.4936980242999763,1.0,-0.09515735727873023,0.017875940455879133,-0.0017090593877047953,0.9953002598334612,0.6218769668079689,-0.14881547132197862,-0.006391078385335491,0.23363131779706164,-0.17947553512763287,0.008383600008431585,0.0,0.0,0.0,0.0
6.7800000000000065,-0.7485145341788465,-0.4963537488268284,1.0,-0.09275217718108089,0.01610723386659325,-0.0015006471802029356,0.9955578027936784,0.6284175554067963,-0.11221047891455746,-0.0007627377948035904,0.24916557827167832,-0.17660065046833945,0.008055276008733852,0.0,0.0,0.0,0.0
6.800000000000006,-0.7358910236921773,-0.4982718073867105,1.0,-0.09019883537843919,0.014367060562256239,-0.0013013326209971065,0.9958192929445498,0.6343088479483143,-0.07653792707824827,0.004320889958629816,0.263232446433152,-0.17359519524878952,0.007589570095458711,0.0,0.0,0.0,0.0
6.820000000000006,-0.7231524126496884,-0.4994730468128158,1.0,-0.08751182259127419,0.012656663882970336,-0.0011119638950737492,0.9960824530642044,0.6395581128744622,-0.04185113210951233,0.008842298119669226,0.2758477631299042,-0.17046253347467297,0.007005505357775301,0.0,0.0,0.0,0.0
6.840000000000006,-0.7103125372848034,-0.4999793525408019,1.0,-0.08470545785545573,0.010977271137971516,-0.0009332456712694296,0.996345127945321,0.6441728237772819,-0.008199080508949802,0.012791521798986408,0.28703201691246366,-0.1672065235234319,0.006321559174138833,0.0,0.0,0.0,0.0
6.8600000000000065,-0.6973849509910958,-0.4998135272274308,1.0,-0.08179384427338039,0.00933008671688667,-0.0007657431257968598,0.996605303095615,0.6481607799021188,0.02437363899441401,0.01616570099242336,0.29681026226683493,-0.16383158752701724,0.005555553158539849,0.0,0.0,0.0,0.0
6.880000000000006,-0.6843829148127676,-0.4989991723052258,1.0,-0.07879082518122911,0.0077162844195399665,-0.00060988677806909,0.9968611201467011,0.6515302127490576,0.05582689869866558,0.018968586704387592,0.3052120043077218,-0.1603427557081772,0.004724550250323791,0.0,0.0,0.0,0.0
6.900000000000006,-0.6713193888248071,-0.497560572849081,1.0,-0.07570994112603163,0.006136999306883025,-0.00046597811873343197,0.9971108889780479,0.6542898773420459,0.08612508517338613,0.021210000388462085,0.31227104581126364,-0.15674568686647977,0.00384476021811473,0.0,0.0,0.0,0.0
6.920000000000006,-0.6582070243858932,-0.4955225860900257,1.0,-0.07256438808796714,0.004593319360102579,-0.00033419599316667257,0.9973530966070708,0.6564491271584694,0.1152371377978816,0.022905257024969455,0.3180252943638281,-0.15304666665168887,0.0029314549045297406,0.0,0.0,0.0,0.0
6.940000000000007,-0.6450581572455523,-0.4929105338712393,1.0,-0.0693669774041433,0.003086277214070737,-0.00021460368645185077,0.9975864129407681,0.6580179721368093,0.14313656859687712,0.024074562118556915,0.32251652916351925,-0.14925258563952315,0.001998894490937024,0.0,0.0,0.0,0.0
6.960000000000006,-0.6318848014854185,-0.4897500993021669,1.0,-0.06613009785225335,0.0016168422061193027,-0.00010715663918273124,0.9978096935271709,0.6590071195972981,0.1698014601515935,0.02474239270932836,0.32579012869707247,-0.14537089955896437,0.0010602659244235548,0.0,0.0,0.0,0.0
6.980000000000006,-0.618698644272905,-0.4860672278283619,1.0,-0.06286568033516782,0.00018591295153786265,-1.1710708202616349e-05,0.9980219794850363,0.6594279983094312,0.195214439184124,0.024936872143208937,0.3278947620680813,-0.14140957427268921,0.00012763443662607569,0.0,0.0,0.0,0.0
7.000000000000006,-0.6055110414043257,-0.48188803289772,1.0,-0.059585165574264326,-0.0012056893748398551,7.196912652571661e-05,0.9982224948262104,0.6592927663102393,0.21936262424901198,0.024689147845638817,0.32888204798876397,-0.13737701825938714,-0.0007880911872637552,0.0,0.0,0.0,0.0
7.020000000000007,-0.5923330136133395,-0.4772387063682147,1.0,-0.056299475173109605,-0.002557226905624365,0.0001441997177444491,0.9984106414157589,0.6586143034092017,0.2422375467901858,0.024032780697226433,0.3288061864938012,-0.13328200544034424,-0.0016771792400507924,0.0,0.0,0.0,0.0
7.040000000000006,-0.5791752436193696,-0.47214543376816276,1.0,-0.05301898635517087,-0.0038680499861234066,0.00020537048497707293,0.9985859918395306,0.6574061896008652,0.2638350456081747,0.02300315383627904,0.3277235692414298,-0.1291335911773483,-0.0025310816038641194,0.0,0.0,0.0,0.0
7.060000000000006,-0.566048073889842,-0.4666343144876975,1.0,-0.04975351061362788,-0.005137601041962608,0.0002559340456140388,0.9987482804665636,0.6556826708387259,0.28415513550828164,0.021636907833361686,0.32569237475403023,-0.12494102418582997,-0.0033424264500264717,0.0,0.0,0.0,0.0
7.080000000000006,-0.5529615050891453,-0.4607312869494472,1.0,-0.0465122764409445,-0.006365417366785109,0.0002963968614788471,0.9988973930043707,0.6534586137996974,0.30320185154744655,0.01997140822144823,0.3227721552052439,-0.1207136569498189,-0.004104997749774352,0.0,0.0,0.0,0.0
7.100000000000007,-0.539925195186548,-0.45446205877760115,1.0,-0.04330391623302921,-0.007551132818810793,0.0003273100156899086,0.9990333548486703,0.6507494513856242,0.3209830708507929,0.018044250350007306,0.31902342137098283,-0.11646085699378596,-0.00481370250175441,0.0,0.0,0.0,0.0
7.120000000000006,-0.5269484591946986,-0.44785204195758876,1.0,-0.04013645739070072,-0.008694478443405828,0.0003492602279621331,0.9991563185257925,0.6475711207683039,0.3375103144195363,0.015892805490312,0.31450723211472476,-0.11219192110811571,-0.005464526824265263,0.0,0.0,0.0,0.0
7.140000000000006,-0.514040269509936,-0.44092629295360897,1.0,-0.0370173175724134,-0.00979528206374867,0.0003628612072302411,0.999266550516317,0.6439399957895139,0.3527985316947296,0.013553811080558238,0.3092847943782897,-0.10791599431716167,-0.006054482253578502,0.0,0.0,0.0,0.0
7.160000000000006,-0.5012092568250416,-0.43370945772804,1.0,-0.03395330398778051,-0.010853466902638005,0.00036874542912227853,0.9993644177332487,0.6398728154833507,0.36686587087703787,0.011063006988676754,0.30341707910444204,-0.10364199504731503,-0.006581543729935368,0.0,0.0,0.0,0.0
7.180000000000007,-0.48846371158505036,-0.42622572158572736,1.0,-0.030950616563804195,-0.011869049315327226,0.0003675564129303833,0.9994503739080565,0.6353866104003582,0.37973343813369503,0.00845481871147449,0.2969644577950356,-0.09937854762316874,-0.00704458083736078,0.0,0.0,0.0,0.0
7.200000000000006,-0.4758115859564466,-0.41849876374688233,1.0,-0.028014854766441614,-0.012842135726044477,0.0003599415588922999,0.9995249461141443,0.6304986282897098,0.3914250488589099,0.005762087540994915,0.2899863636513945,-0.0951339228997294,-0.007443283895358066,0.0,0.0,0.0,0.0
7.220000000000006,-0.4632604962800216,-0.410551716535029,1.0,-0.02515102781869456,-0.013772918869644251,0.0003465455923410949,0.9995887216308645,0.6252262605442033,0.40196697410204063,0.0030158469274166634,0.2825409804616591,-0.09091598751566071,-0.007778086483758075,0.0,0.0,0.0,0.0
7.240000000000006,-0.450817725977624,-0.40240712905097814,1.0,-0.022363568024080332,-0.014661673444524648,0.00032800464709964374,0.9996423353229844,0.6195869706419389,0.41138768515144636,0.00024514356480201394,0.27468496157698585,-0.0867321619713258,-0.008050085921287958,0.0,0.0,0.0,0.0
7.260000000000007,-0.43849022888331507,-0.39408693519033194,1.0,-0.019656346880837932,-0.0155087512845643,0.00030494100684831595,0.9996864576815453,0.6135982256356334,0.4197175990734832,-0.002523098872476204,0.2664731805012928,-0.08258938749068546,-0.008260963120670987,0.0,0.0,0.0,0.0
7.2800000000000065,-0.426284632969543,-0.38561242585017985,1.0,-0.017032693657809055,-0.01631457615621731,0.00027795851042996893,0.9997217836431638,0.6072774315530189,0.4269888277698014,-0.0052641759044834945,0.2579585139043178,-0.07849410139650273,-0.008412903118222851,0.0,0.0,0.0,0.0
7.300000000000006,-0.41420724443904144,-0.37700422516044607,1.0,-0.014495416095311775,-0.017079638282694008,0.0002476386154409389,0.9997490222768274,0.6006418733861192,0.43323493284504444,-0.007955661276730882,0.24919165718811354,-0.07445222055516845,-0.008508517429605546,0.0,0.0,0.0,0.0
7.3200000000000065,-0.4022640521539815,-0.3682822705672547,1.0,-0.012046822895028994,-0.01780448869103362,0.00021453710422523412,0.9997688874006919,0.5937086601688812,0.4384906882831474,-0.010577432071526543,0.24022097208971047,-0.07046913230766641,-0.008550769222541919,0.0,0.0,0.0,0.0
7.340000000000007,-0.3904607323737738,-0.35946579658847094,1.0,-0.009688747669678227,-0.018489733470030748,0.0001791814076405566,0.9997820891668463,0.5864946754759315,0.4427918526268009,-0.013111663305566986,0.23109236533875965,-0.06654969220586285,-0.008542902133345184,0.0,0.0,0.0,0.0
7.3600000000000065,-0.3788026537737895,-0.3505733220565005,1.0,-0.007422574034487887,-0.01913602801827683,0.00014206851474449095,0.9997893266298272,0.5790165335235873,0.44617495204965263,-0.01554279551374832,0.22184919693588306,-0.06269822780177853,-0.008488373387890973,0.0,0.0,0.0,0.0
7.380000000000006,-0.36729488271767824,-0.3416226406594219,1.0,-0.005249261539420502,-0.019744071351865563,0.00010366343087596318,0.9997912812950693,0.5712905409196172,0.44867707541410773,-0.017857478832634492,0.2125322162626885,-0.05891854769494018,-0.008390791726917101,0.0,0.0,0.0,0.0
7.400000000000007,-0.35594218875651445,-0.33263081458889354,1.0,-0.0031693721603634145,-0.02031460053150279,6.439814239201932e-05,0.9997886116265947,0.5633326639924603,0.4503356821260091,-0.020044497043067287,0.20317952402121797,-0.055213955058273576,-0.008253860486280375,0.0,0.0,0.0,0.0
7.420000000000007,-0.3447490503287678,-0.323614171102013,1.0,-0.0011830970894267025,-0.020848385259258615,2.467104347802761e-05,0.9997819484791162,0.5551585015333467,0.45118842333566306,-0.02209467491992975,0.1938265578050744,-0.051587264861864365,-0.0080813260440196,0.0,0.0,0.0,0.0
7.440000000000007,-0.3337196606356407,-0.314588301803985,1.0,0.0007097164117558033,-0.02134622268540441,-1.5153221148762037e-05,0.9997718914082652,0.546783262706342,0.4512729767971568,-0.024000772077785934,0.1845060990010355,-0.048040824046636975,-0.007876931722535757,0.0,0.0,0.0,0.0
7.460000000000006,-0.3228579336672798,-0.3055680644594944,1.0,0.0025095383074368607,-0.02180893245707432,-5.474354432179459e-05,0.999759005803754,0.5382217498207669,0.45062689548651214,-0.025757366306113968,0.1752482987032598,-0.044576533966342244,-0.0076443771275722045,0.0,0.0,0.0,0.0
7.480000000000007,-0.3121675103557764,-0.29656758714220677,1.0,0.004217129419250282,-0.022237352032252314,-9.380182153856169e-05,0.9997438207837412,0.5294883456160919,0.44928746989544777,-0.02736072916584554,0.16608072033062993,-0.04119587445614767,-0.007387282814239811,0.0,0.0,0.0,0.0
7.500000000000007,-0.30165176483215533,-0.2876002745349159,1.0,0.005833515556818753,-0.02263233227497213,-0.000132062138120023,0.9997268277842879,0.5205970046802664,0.4472916037609221,-0.028808696378247237,0.15702839669313892,-0.03789992896830945,-0.007109160095040489,0.0,0.0,0.0,0.0
7.520000000000007,-0.291313810764955,-0.27867881619600654,1.0,0.007359962287252625,-0.02299473334135198,-0.0001692897215754509,0.9997084797753195,0.5115612486062601,0.4446757028612951,-0.030100535286869998,0.14811389936649813,-0.034689410277154616,-0.00681338574592342,0.0,0.0,0.0,0.0
7.540000000000006,-0.28115650775905493,-0.26981519661226105,1.0,0.008797950461307533,-0.023325420860058153,-0.0002052796999872951,0.9996891910337063,0.5023941644866152,0.44147557640543045,-0.03123681141866131,0.13935741835129528,-0.03156468632344027,-0.006503181320814016,0.0,0.0,0.0,0.0
7.560000000000007,-0.2711824677943761,-0.2610207068629535,1.0,0.010149152593195685,-0.02362526240623849,-0.0002398557045249638,0.9996693374046828,0.4931084063506077,0.43772635046042624,-0.03221925591818422,0.13077685012599777,-0.028525805842044918,-0.00618159675223213,0.0,0.0,0.0,0.0
7.580000000000007,-0.2613940616847331,-0.2523059577253476,1.0,0.011415410171879322,-0.023895124263765374,-0.00027286835124722765,0.9996492569846135,0.48371619916049186,0.4334623928039358,-0.033050635382834134,0.12238789237023026,-0.025572523477133954,-0.005851497895269696,0.0,0.0,0.0,0.0
7.600000000000007,-0.25179342553829887,-0.24368089405779683,1.0,0.012598711964458827,-0.024135868467609563,-0.0003041936342722631,0.999629251160841,0.4742293450018836,0.42871724854655513,-0.03373462539189285,0.11420414379742141,-0.022704324163676286,-0.005515557661335059,0.0,0.0,0.0,0.0
7.620000000000006,-0.2423824672018112,-0.23515481030267427,1.0,0.01370117335658534,-0.024348350115765333,-0.0003337312592562064,0.9996095859478037,0.4646592311254601,0.42352358584514005,-0.034275688799981316,0.10623720767648893,-0.019920446579291397,-0.00517625038445063,0.0,0.0,0.0,0.0
7.640000000000007,-0.23316287267175081,-0.226736366958087,1.0,0.014725016760660554,-0.024533414937908952,-0.0003614029429885852,0.9995904935626366,0.45501683952325794,0.41791315101781895,-0.034678959657781644,0.09849679779887519,-0.0172199055500894,-0.004835849068022404,0.0,0.0,0.0,0.0
7.660000000000007,-0.224136112456697,-0.21843360787421656,1.0,0.01567255311067084,-0.024691897107410307,-0.00038715070188257697,0.9995721741878194,0.44531275775024,0.41191673237263204,-0.03495013343324605,0.09099084579670921,-0.014601513332562852,-0.004496425169713792,0.0,0.0,0.0,0.0
7.680000000000007,-0.21530344787568192,-0.21025397823687944,1.0,0.016546164451547468,-0.02482461728205945,-0.00041093514919814236,0.9995547978730555,0.43555719073015875,0.40556413207243536,-0.035095364032422895,0.08372560884592284,-0.012063899701893269,-0.004159850595391076,0.0,0.0,0.0,0.0
7.700000000000006,-0.20666593727874294,-0.20220434310850013,1.0,0.017348287621795706,-0.0249323808586531,-0.00043273381806193794,0.9995385065332667,0.4257599733135476,0.3988841453770288,-0.035121167963408424,0.0767057769410279,-0.009605530848273952,-0.0038278015913400234,0.0,0.0,0.0,0.0
7.720000000000007,-0.19822444217647245,-0.19429100640367816,1.0,0.018081399020425194,-0.025015976426900507,-0.0004525395247552707,0.9995234160042732,0.4159305833833255,0.391904546627277,-0.03503433584886938,0.06993457904009209,-0.007224727086684184,-0.0035017642429901953,0.0,0.0,0.0,0.0
7.740000000000007,-0.18997963326638342,-0.1865197301839485,1.0,0.01874800044246819,-0.025076174408087293,-0.00047035878432205683,0.9995096181223462,0.40607815533033753,0.38465208136402873,-0.03484185137070295,0.06341388748364482,-0.004919679395191329,-0.0031830413090397722,0.0,0.0,0.0,0.0
7.760000000000007,-0.18193199634486168,-0.17889575416370737,1.0,0.019350605961908844,-0.025113725864534305,-0.00048621028833663934,0.9994971827982626,0.39621149374644204,0.37715246400551056,-0.03455081762529901,0.05714432020819367,-0.0026884648410109317,-0.0028727601424665032,0.0,0.0,0.0,0.0
7.7800000000000065,-0.17408183809435318,-0.17142381532654707,1.0,0.019891729836561185,-0.02512936146681828,-0.0005001234526677944,0.9994861600607141,0.38633908720611065,0.36943038053931493,-0.03416839077838755,0.05112534035216505,-0.0005290609445747516,-0.0025718814712890367,0.0,0.0,0.0,0.0
7.800000000000007,-0.16642929173623022,-0.1641081675583745,1.0,0.020373875405613223,-0.02512379060618655,-0.0005121370412484775,0.9994765820479158,0.37646912202885235,0.361509495718221,-0.03370172083253377,0.045355352926263096,0.001560640963518271,-0.0022812088334502566,0.0,0.0,0.0,0.0
7.820000000000007,-0.1589743225408739,-0.15695260121100907,1.0,0.020799524947834238,-0.025097700640648618,-0.000522297870243493,0.9994684649299505,0.366609495934317,0.35341246428240874,-0.033157899258432794,0.03983179829788583,0.0035828233190502885,-0.0020013984818152393,0.0,0.0,0.0,0.0
7.840000000000007,-0.15171673318711137,-0.14996046251668751,1.0,0.021171130466237635,-0.025051756264080446,-0.0005306595955661465,0.9994618107477945,0.35676783151892233,0.34516094576300965,-0.032543913191048955,0.03455124230179696,0.005539730761989929,-0.0017329695957811406,0.0,0.0,0.0,0.0
7.8600000000000065,-0.1446561689641538,-0.14313467278087683,1.0,0.021491105363569324,-0.024986598988700377,-0.0005372815854364835,0.9994566091580603,0.34695148949823457,0.3367756224536217,-0.031866605852856854,0.02950946282856034,0.007433659371709327,-0.001476314654726336,0.0,0.0,0.0,0.0
7.880000000000007,-0.1377921228099891,-0.13647774728741713,1.0,0.021761816971606486,-0.024902846731951506,-0.0005422278785601313,0.9994528390752947,0.33716758167217287,0.3282762201662423,-0.031132642836923317,0.024701532782995313,0.00926694664098214,-0.0012317098465691703,0.0,0.0,0.0,0.0
7.9000000000000075,-0.13112394018083984,-0.1299918138563048,1.0,0.021985579896665754,-0.024801093499725924,-0.0005455662275594581,0.9994504702061611,0.3274229835817508,0.31968153141701017,-0.030348483862397763,0.02012189936931745,0.011041962106947483,-0.0009993254030599623,0.0,0.0,0.0,0.0
7.920000000000007,-0.12465082374732224,-0.12367863100087852,1.0,0.022164650143634345,-0.024681909158981715,-0.0005473672264908317,0.999449464472015,0.3177243468351481,0.31100944071356973,-0.02952035960270238,0.015764459656365554,0.012761098593889625,-0.0007792357674290087,0.0,0.0,0.0,0.0
7.940000000000007,-0.11837183791341842,-0.11753960563687739,1.0,0.02230121998018963,-0.024545839292943787,-0.0005477035205701716,0.9994497773183272,0.30807811108896094,0.30227695164113394,-0.02865425318004306,0.011622632419303423,0.01442676401382215,-0.0005714295153149169,0.0,0.0,0.0,0.0
7.960000000000007,-0.11228591315533727,-0.11157581030180547,1.0,0.02239741350364443,-0.024393405133341414,-0.0005466490956885109,0.9994513589110346,0.29849051567690044,0.2935002154676561,-0.027755885920576807,0.007689426286187813,0.016041373661410854,-0.0003758189636286419,0.0,0.0,0.0,0.0
7.9800000000000075,-0.10639185017797562,-0.1057879998484564,1.0,0.02245528287283956,-0.024225103564432186,-0.0005442786448195838,0.9994541552213139,0.288967610882983,0.28469456100981416,-0.026830706968902537,0.00395750420609552,0.017607342978177006,-0.00019224941253603893,0.0,0.0,0.0,0.0
8.000000000000007,-0.10068832388715393,-0.1001766275814702,1.0,0.02247680516803168,-0.02404140719402403,-0.0005406670080502683,0.9994581090014508,0.27951526886049055,0.27587452552179115,-0.02588388636951678,0.0004192442985616133,0.019127080738551846,-2.0507977980293976e-05,0.0,0.0,0.0,0.0
8.020000000000007,-0.09517388717694206,-0.09474186081124368,1.0,0.022463879842556347,-0.023842764487418667,-0.000535888682688921,0.9994631606554273,0.2701391942005858,0.26705388638691496,-0.02492031123546813,-0.002933202856436232,0.02060298262226181,0.00013966801873426958,0.0,0.0,0.0,0.0
8.040000000000006,-0.08984697453150946,-0.08948359580372876,1.0,0.022418326730547118,-0.02362959996039293,-0.0005300173996845391,0.9994692490086277,0.2608449341566427,0.25824569340937836,-0.02394458463928452,-0.006107860420206106,0.022037425150929536,0.0002885831291733564,0.0,0.0,0.0,0.0
8.060000000000008,-0.08470590544172818,-0.08440147210928926,1.0,0.02234188457597805,-0.023402314427748542,-0.0005231257624493848,0.9994763119816573,0.2516378885315268,0.24946230151878365,-0.022961026878624557,-0.009112874911972107,0.023432759965464338,0.00042657634094616216,0.0,0.0,0.0,0.0
8.080000000000007,-0.07974888763768828,-0.07949488625833008,1.0,0.02223621004896326,-0.023161285304152953,-0.0005152849440819668,0.9994842871737126,0.24252331923582615,0.2407154037147782,-0.021973678787811327,-0.01195646915587387,0.024791308422348585,0.0005540141361312751,0.0,0.0,0.0,0.0
8.100000000000007,-0.07497402013792381,-0.07476300481444448,1.0,0.022102877216372684,-0.022906866954351766,-0.0005065644389561631,0.9994931123612422,0.2335063595251758,0.23201606409247955,-0.02098630678659857,-0.014646898472833746,0.026115356499373295,0.0006712840495443759,0.0,0.0,0.0,0.0
8.120000000000008,-0.07037929611787562,-0.07020477678069517,1.0,0.021943377434494465,-0.022639391089753966,-0.0004970318646338959,0.9995027259178326,0.22459202292460342,0.22337475080172514,-0.02000240937799839,-0.017192410027526178,0.02740714999733309,0.0007787887263132399,0.0,0.0,0.0,0.0
8.140000000000008,-0.06596260559944113,-0.06581894535691461,1.0,0.02175911963267165,-0.022359167208809302,-0.0004867528101109505,0.999513067161326,0.21578521184747754,0.21480136880504117,-0.019025224828425478,-0.019601205232993597,0.028668890026470766,0.0008769404736178705,0.0,0.0,0.0,0.0
8.160000000000007,-0.061721737964713495,-0.06160405904986701,1.0,0.021551430957653092,-0.02206648307845316,-0.00047579072646746986,0.9995240766341802,0.20709072591568659,0.20630529230979217,-0.018057739784414398,-0.021881405128031738,0.029902728781464143,0.0009661562984132942,0.0,0.0,0.0,0.0
8.180000000000007,-0.05765438429716733,-0.05755848214077546,1.0,0.02132155774933354,-0.02176160525399812,-0.0004642068560914927,0.9995356963230007,0.19851326998717775,0.1978953967605784,-0.017102698601273975,-0.02404101863269749,0.031110765599676127,0.001046853419434184,0.0,0.0,0.0,0.0
8.200000000000006,-0.053758139553845515,-0.05368040451731071,1.0,0.02107066681955577,-0.0214447796348742,-0.0004520601967619892,0.9995478698230362,0.19005746189575595,0.18958009028732317,-0.016162613179707276,-0.02608791357825075,0.032295043293549056,0.0011194452388635589,0.0,0.0,0.0,0.0
8.220000000000008,-0.05003050457263752,-0.04996785087976841,1.0,0.020799847006754458,-0.02111623205378838,-0.0004394074970185944,0.9995605424532312,0.18172783990744443,0.18136734451402634,-0.015239773126685043,-0.028029790428007004,0.033457544767058145,0.0011843377578749088,0.0,0.0,0.0,0.0
8.240000000000007,-0.04646888791897208,-0.04641868933329893,1.0,0.020510110979809704,-0.02077616889650797,-0.0004263032793769825,0.9995736613272148,0.17352886989633795,0.1732647246414822,-0.01433625607594606,-0.029874158603903453,0.03460018992420581,0.0012419264185027654,0.0,0.0,0.0,0.0
8.260000000000007,-0.0430706075767878,-0.04303063938031005,1.0,0.020202397265611356,-0.020424777749670324,-0.0004127998881154005,0.9995871753853445,0.16546495224264277,0.16527941872629345,-0.013453938022347438,-0.03162831530642435,0.035724832850378134,0.0012925933518630195,0.0,0.0,0.0,0.0
8.280000000000008,-0.039832892488400225,-0.03980127932845926,1.0,0.019877572475962575,-0.020062228074192903,-0.0003989475585301128,0.9996010353926248,0.15754042845413083,0.1574182660859417,-0.012594503542064173,-0.03329932676222862,0.03683325929370336,0.0013367050137657109,0.0,0.0,0.0,0.0
8.300000000000008,-0.036752883948861496,-0.03672805313199375,1.0,0.019536433709646226,-0.019688671901125,-0.0003847945046972366,0.9996151939070692,0.14975958751205953,0.14968778476793804,-0.011759455786955364,-0.034894011805568406,0.03792718444219677,0.001374610186878481,0.0,0.0,0.0,0.0
8.320000000000007,-0.03382763685995128,-0.033808276684943794,1.0,0.019179711107165678,-0.019304244547575487,-0.00037038702298345863,0.9996296052227276,0.1421266719418661,0.14209419802848938,-0.010950126157747517,-0.03641892769536564,0.03900825098710929,0.001406638327991071,0.0,0.0,0.0,0.0
8.340000000000007,-0.031054120849607188,-0.03103914358638819,1.0,0.01880807053595068,-0.01890906534972506,-0.00035576960869541767,0.9996442252913283,0.13464588360834015,0.1346434597732374,-0.010167683575014207,-0.03788035810992158,0.04007802750092412,0.0014330982403256399,0.0,0.0,0.0,0.0
8.360000000000007,-0.028429221262443106,-0.028417730398745525,1.0,0.018422116384701672,-0.018503238409961396,-0.0003409850834312882,0.9996590116261772,0.12732138923497377,0.1273412789200437,-0.009413143280766756,-0.039284303220106696,0.041138007114412206,0.0014542770490836902,0.0,0.0,0.0,0.0
8.380000000000008,-0.025949740027424124,-0.025941001421215186,1.0,0.018022394446646363,-0.018086853355428804,-0.0003260747308777165,0.9996739231916468,0.12015732564675079,0.12019314265044087,-0.008687375116336906,-0.0406364717640712,0.04218960649717805,0.0014704394593939008,0.0,0.0,0.0,0.0
8.400000000000007,-0.02361239640857594,-0.023605813000914574,1.0,0.01760939487192131,-0.017659986104914507,-0.0003110784389473594,0.9996889202813162,0.1131578047356798,0.11320433852316886,-0.007991111233765495,-0.041942275058151,0.043234165155061496,0.0014818272764179903,0.0,0.0,0.0,0.0
8.420000000000007,-0.021413827644987934,-0.021408917405121883,1.0,0.01718355517015714,-0.01722269964106704,-0.0002960348463183614,0.9997039643875368,0.10632691814846458,0.1063799754297586,-0.007324953208741173,-0.043206822855543225,0.044272945032319745,0.0014886591667480598,0.0,0.0,0.0,0.0
8.440000000000008,-0.01935058948606867,-0.019346966278090745,1.0,0.01674526324524818,-0.016775044785083328,-0.00028098149160027684,0.9997190180649297,0.09966874169590273,0.09972500337848009,-0.006689378533014351,-0.04443492098485277,0.04530713042487161,0.001491130641318627,0.0,0.0,0.0,0.0
8.460000000000008,-0.01741915662830826,-0.017416513706436796,1.0,0.016294860444742196,-0.016317060970707738,-0.0002659549634941791,0.9997340447900741,0.09318733948381662,0.09324423209903804,-0.00608474647297571,-0.04563107070280353,0.0463378282105772,0.0014894142404613267,0.0,0.0,0.0,0.0
8.480000000000008,-0.015615923059864268,-0.015614018917283824,1.0,0.015832644607143145,-0.015848777014533726,-0.000250991050469048,0.9997490088194037,0.08688676776596325,0.08694234846662172,-0.005511303289216782,-0.04679946967022171,0.04736606837569485,0.001483659901266881,0.0,0.0,0.0,0.0
8.500000000000007,-0.013937202318760927,-0.01393584863284843,1.0,0.015358873091380908,-0.01537021187984521,-0.00023612488862838666,0.9997638750470875,0.08077107851966198,0.0808239327495064,-0.00496918681915005,-0.047944014492645265,0.048392804847797344,0.001473995488937526,0.0,0.0,0.0,0.0
8.520000000000007,-0.012379227670985158,-0.01237827910555171,1.0,0.014873765772913187,-0.0148813754307595,-0.0002213911065643777,0.9997786088644822,0.07484432274554112,0.07489347369007723,-0.004458430430975449,-0.04906830476300558,0.04941891663972393,0.0014605274740372063,0.0,0.0,0.0,0.0
8.540000000000008,-0.010938152214508902,-0.010937497857312376,1.0,0.014377507991964003,-0.014382269173795531,-0.0002068239661441386,0.9997931760225214,0.06911055349365036,0.06915538243474498,-0.003978966363074892,-0.050175648506798814,0.05044520927191696,0.001443341736806048,0.0,0.0,0.0,0.0
8.560000000000008,-0.009610048914796589,-0.00960960514593389,1.0,0.01387025344035681,-0.01387288698426294,-0.00019245749831047764,0.9998075424982218,0.0635738286187309,0.06361400533324384,-0.003530628467867174,-0.051269068972404866,0.05147241648248049,0.0014225044814895889,0.0,0.0,0.0,0.0
8.580000000000007,-0.008390910577900989,-0.008390615181685207,1.0,0.013352126973593175,-0.013353215814389665,-0.00017832563309104623,0.9998216743663161,0.058238213268243355,0.05827363563280349,-0.0031131543832102395,-0.052351312695872114,0.05250120222108297,0.0013980632435922802,0.0,0.0,0.0,0.0
8.600000000000009,-0.007276649766348298,-0.007276457115835057,1.0,0.01282322733605002,-0.012823236380644802,-0.000164462323148651,0.9998355376768513,0.053107782107825775,0.05313852409769183,-0.0027261871581704,-0.053424858743343476,0.05353216289782604,0.0013700479726330042,0.0,0.0,0.0,0.0
8.620000000000008,-0.006263098663527904,-0.006262975822901288,1.0,0.012283629787884286,-0.01228292382773664,-0.0001509016603238256,0.999849098339427,0.048186621289371,0.04821288858878437,-0.002369276362857858,-0.05449192906060976,0.054565829885760954,0.0013384721742208069,0.0,0.0,0.0,0.0
8.640000000000008,-0.00534600889135813,-0.005345932496850254,1.0,0.011733388622928144,-0.011732248366753559,-0.00013767798473540385,0.9998623220146146,0.04347883016810788,0.04350092264237077,-0.002041878714355143,-0.055554499842235594,0.05560267226080641,0.0013033340952260976,0.0,0.0,0.0,0.0
8.660000000000007,-0.004521051286725911,-0.0045210050815609965,1.0,0.011172539567917068,-0.01117117588524114,-0.00012482598612494576,0.9998751740129452,0.03898852277571084,0.039006803091115184,-0.0017433582525629857,-0.05661431382371046,0.05664309975651216,0.0012646179361015548,0.0,0.0,0.0,0.0
8.680000000000007,-0.0037838156408129013,-0.0037837885537782665,1.0,0.01060110205426591,-0.010599668527122698,-0.0001123807972411222,0.9998876192017314,0.03471982905751076,0.0347346967738958,-0.0014729861009973298,-0.05767289340421512,0.057687465918448505,0.0012222950750783886,0.0,0.0,0.0,0.0
8.700000000000008,-0.003129810406282584,-0.0031297950768825206,1.0,0.010019081354583893,-0.010017685240550338,-0.00010037807916856356,0.9998996219198569,0.03067689588252583,0.030688766384338626,-0.0012299398482540978,-0.058731554498666336,0.05873607143798859,0.0011763252893315286,0.0,0.0,0.0,0.0
8.720000000000008,-0.002554462376114083,-0.002554454041811875,1.0,0.009426470577172302,-0.00942518229199065,-8.885409861084894e-05,0.9999111459005593,0.026863887836029894,0.026873175510972975,-0.0010133025860634163,-0.05979142100445073,0.05978916763646546,0.001126657958613789,0.0,0.0,0.0,0.0
8.740000000000007,-0.0020531163383268637,-0.0020531120110853073,1.0,0.008823252512987484,-0.008822113745204254,-7.784579724043332e-05,0.9999221542021112,0.023284987804912144,0.023292092924238283,-0.0008220616395761661,-0.060853439763365366,0.060846960070895996,0.0010732332375771865,0.0,0.0,0.0,0.0
8.760000000000009,-0.0016210347099279193,-0.0016210325800866787,1.0,0.008209401330703761,-0.008208431903994248,-6.739085332278479e-05,0.9999326091462073,0.01994439736687813,0.01994969616776889,-0.0006551070247844428,-0.06191839590369275,0.061909612242555714,0.0010159831839710838,0.0,0.0,0.0,0.0
8.780000000000008,-0.001253397153577611,-0.0012533961690309873,1.0,0.0075848841166609345,-0.0075840877177527485,-5.7527735910163286e-05,0.9999424722637728,0.016846336994950827,0.016850174512805304,-0.0005112296668046891,-0.0629869284213617,0.06297724936996553,0.0009548328304409017,0.0,0.0,0.0,0.0
8.800000000000008,-0.0009453001799462643,-0.0009452997575896275,1.0,0.0069496622581504824,-0.006949031149444669,-4.829575198967755e-05,0.9999517042478111,0.013995046089445703,0.013997731335902854,-0.00038911941124226306,-0.06405954584713097,0.06404996218265671,0.0008897011887094406,0.0,0.0,0.0,0.0
8.820000000000007,-0.0006917567382278663,-0.000691756572715575,1.0,0.006303692669887434,-0.006303211505930052,-3.973508704382838e-05,0.9999602649128404,0.011394782849551855,0.011396585980238084,-0.0002873628589190069,-0.06513664186103492,0.06512781071375048,0.0008205021765585616,0.0,0.0,0.0,0.0
8.840000000000007,-0.0004876957976666532,-0.00048769573966811193,1.0,0.005646928864896239,-0.005646577730702483,-3.1886839545922344e-05,0.9999681131603925,0.009049823997173835,0.009050975161049052,-0.00020444105202433057,-0.06621851067842924,0.06621082804034287,0.0007471454590411355,0.0,0.0,0.0,0.0
8.860000000000008,-0.00032796192165906817,-0.0003279619040214359,1.0,0.004979321873169041,-0.004979078659965003,-2.479304997512074e-05,0.9999752069499953,0.006964464365513148,0.006965153974794743,-0.00013872703727430788,-0.0673053620254441,0.06729902392253653,0.0006695371971584624,0.0,0.0,0.0,0.0
8.880000000000008,-0.00020731483656645242,-0.00020731483211131442,1.0,0.00430082101296822,-0.004300663243107066,-1.849672497448994e-05,0.9999815032750131,0.005143016364717895,0.005143396570173905,-8.848332892654885e-05,-0.06839733553322125,0.06839238831236347,0.0005875806994726936,0.0,0.0,0.0,0.0
8.900000000000007,-0.00012042899642896864,-0.00012042899555566915,1.0,0.003611374521541222,-0.003611280729080986,-1.3041857305177909e-05,0.9999869581426905,0.003589809336625794,0.0035899965369952944,-5.1859291633590886e-05,-0.06949451432915368,0.06949089466197678,0.0005011769739000076,0.0,0.0,0.0,0.0
8.920000000000009,-6.189314514573882e-05,-6.18931450271899e-05,1.0,0.0029109300545540383,-0.002910880821158593,-8.473442266759348e-06,0.999991526557732,0.0023091888101015876,0.0023092670659362845,-2.6888460165416796e-05,-0.0705969376082495,0.07059450297511669,0.000410225179782359,0.0,0.0,0.0,0.0
8.940000000000008,-2.6209876760405416e-05,-2.620987675140288e-05,1.0,0.0021994350653471396,-0.00219941380269161,-4.837491242169943e-06,0.9999951625087576,0.0013055156673614642,0.0013055409280653995,-1.1485810037232263e-05,-0.07170461197937208,0.07170316256762299,0.00031462298340631566,0.0,0.0,0.0,0.0
8.960000000000008,-7.795194567338797e-06,-7.79519456710196e-06,1.0,0.0014768370774211823,-0.0014768306370447455,-2.1810429988077872e-06,0.9999978189570012,0.0005831652309935717,0.0005831703186074886,-3.444990198138554e-06,-0.07281752132323374,0.07281681445543067,0.00021426682302539866,0.0,0.0,0.0,0.0
8.980000000000008,-9.780698315925122e-07,-9.780698315920444e-07,1.0,0.0007430838665180816,-0.0007430830459636289,-5.521733278340707e-07,0.9999994478266722,0.00014652627980116166,0.0001465266034331017,-4.3552622012828095e-07,-0.05517124999389658,0.055171023962347986,0.00010208048204589197,0.0,0.0,0.0,0.0
9.000000000000007,-2.4492935982947064e-16,-2.4492935982947064e-16,1.0,0.00037341163197589775,-0.00037341152784221507,-1.3943622745263642e-07,0.9999998605637725,0.0,0.0,0.0,-0.03715418819662136,0.03715415742642188,2.7608674050623823e-05,0.0,0.0,0.0,0.0
9.020000000000008,-2.4492935982947064e-16,-2.4492935982947064e-16,1.0,0.0,0.0,0.0,1.0,0.0,0.0,0.0,-0.01867057899543899,0.01867057378875558,6.971810400508583e-06,0.0,0.0,0.0,0.0
9.040000000000008,-2.4492935982947064e-16,-2.4492935982947064e-16,1.0,0.0,0.0,0.0,1.0,0.0,0.0,0.0,0.0,0.0,0.0,0.0,0.0,0.0,0.0
9.060000000000008,-2.4492935982947064e-16,-2.4492935982947064e-16,1.0,0.0,0.0,0.0,1.0,0.0,0.0,0.0,0.0,0.0,0.0,0.0,0.0,0.0,0.0
9.080000000000009,-2.4492935982947064e-16,-2.4492935982947064e-16,1.0,0.0,0.0,0.0,1.0,0.0,0.0,0.0,0.0,0.0,0.0,0.0,0.0,0.0,0.0
9.100000000000009,-2.4492935982947064e-16,-2.4492935982947064e-16,1.0,0.0,0.0,0.0,1.0,0.0,0.0,0.0,0.0,0.0,0.0,0.0,0.0,0.0,0.0
9.120000000000008,-2.4492935982947064e-16,-2.4492935982947064e-16,1.0,0.0,0.0,0.0,1.0,0.0,0.0,0.0,0.0,0.0,0.0,0.0,0.0,0.0,0.0
9.140000000000008,-2.4492935982947064e-16,-2.4492935982947064e-16,1.0,0.0,0.0,0.0,1.0,0.0,0.0,0.0,0.0,0.0,0.0,0.0,0.0,0.0,0.0
9.160000000000007,-2.4492935982947064e-16,-2.4492935982947064e-16,1.0,0.0,0.0,0.0,1.0,0.0,0.0,0.0,0.0,0.0,0.0,0.0,0.0,0.0,0.0
9.180000000000009,-2.4492935982947064e-16,-2.4492935982947064e-16,1.0,0.0,0.0,0.0,1.0,0.0,0.0,0.0,0.0,0.0,0.0,0.0,0.0,0.0,0.0
9.200000000000008,-2.4492935982947064e-16,-2.4492935982947064e-16,1.0,0.0,0.0,0.0,1.0,0.0,0.0,0.0,0.0,0.0,0.0,0.0,0.0,0.0,0.0
9.220000000000008,-2.4492935982947064e-16,-2.4492935982947064e-16,1.0,0.0,0.0,0.0,1.0,0.0,0.0,0.0,0.0,0.0,0.0,0.0,0.0,0.0,0.0
9.240000000000009,-2.4492935982947064e-16,-2.4492935982947064e-16,1.0,0.0,0.0,0.0,1.0,0.0,0.0,0.0,0.0,0.0,0.0,0.0,0.0,0.0,0.0
9.260000000000009,-2.4492935982947064e-16,-2.4492935982947064e-16,1.0,0.0,0.0,0.0,1.0,0.0,0.0,0.0,0.0,0.0,0.0,0.0,0.0,0.0,0.0
9.280000000000008,-2.4492935982947064e-16,-2.4492935982947064e-16,1.0,0.0,0.0,0.0,1.0,0.0,0.0,0.0,0.0,0.0,0.0,0.0,0.0,0.0,0.0
9.300000000000008,-2.4492935982947064e-16,-2.4492935982947064e-16,1.0,0.0,0.0,0.0,1.0,0.0,0.0,0.0,0.0,0.0,0.0,0.0,0.0,0.0,0.0
9.320000000000007,-2.4492935982947064e-16,-2.4492935982947064e-16,1.0,0.0,0.0,0.0,1.0,0.0,0.0,0.0,0.0,0.0,0.0,0.0,0.0,0.0,0.0
9.340000000000009,-2.4492935982947064e-16,-2.4492935982947064e-16,1.0,0.0,0.0,0.0,1.0,0.0,0.0,0.0,0.0,0.0,0.0,0.0,0.0,0.0,0.0
9.360000000000008,-2.4492935982947064e-16,-2.4492935982947064e-16,1.0,0.0,0.0,0.0,1.0,0.0,0.0,0.0,0.0,0.0,0.0,0.0,0.0,0.0,0.0
9.380000000000008,-2.4492935982947064e-16,-2.4492935982947064e-16,1.0,0.0,0.0,0.0,1.0,0.0,0.0,0.0,0.0,0.0,0.0,0.0,0.0,0.0,0.0
9.40000000000001,-2.4492935982947064e-16,-2.4492935982947064e-16,1.0,0.0,0.0,0.0,1.0,0.0,0.0,0.0,0.0,0.0,0.0,0.0,0.0,0.0,0.0
9.420000000000009,-2.4492935982947064e-16,-2.4492935982947064e-16,1.0,0.0,0.0,0.0,1.0,0.0,0.0,0.0,0.0,0.0,0.0,0.0,0.0,0.0,0.0
9.440000000000008,-2.4492935982947064e-16,-2.4492935982947064e-16,1.0,0.0,0.0,0.0,1.0,0.0,0.0,0.0,0.0,0.0,0.0,0.0,0.0,0.0,0.0
9.460000000000008,-2.4492935982947064e-16,-2.4492935982947064e-16,1.0,0.0,0.0,0.0,1.0,0.0,0.0,0.0,0.0,0.0,0.0,0.0,0.0,0.0,0.0
9.480000000000008,-2.4492935982947064e-16,-2.4492935982947064e-16,1.0,0.0,0.0,0.0,1.0,0.0,0.0,0.0,0.0,0.0,0.0,0.0,0.0,0.0,0.0
9.500000000000009,-2.4492935982947064e-16,-2.4492935982947064e-16,1.0,0.0,0.0,0.0,1.0,0.0,0.0,0.0,0.0,0.0,0.0,0.0,0.0,0.0,0.0
9.520000000000008,-2.4492935982947064e-16,-2.4492935982947064e-16,1.0,0.0,0.0,0.0,1.0,0.0,0.0,0.0,0.0,0.0,0.0,0.0,0.0,0.0,0.0
9.540000000000008,-2.4492935982947064e-16,-2.4492935982947064e-16,1.0,0.0,0.0,0.0,1.0,0.0,0.0,0.0,0.0,0.0,0.0,0.0,0.0,0.0,0.0
9.56000000000001,-2.4492935982947064e-16,-2.4492935982947064e-16,1.0,0.0,0.0,0.0,1.0,0.0,0.0,0.0,0.0,0.0,0.0,0.0,0.0,0.0,0.0
9.580000000000009,-2.4492935982947064e-16,-2.4492935982947064e-16,1.0,0.0,0.0,0.0,1.0,0.0,0.0,0.0,0.0,0.0,0.0,0.0,0.0,0.0,0.0
9.600000000000009,-2.4492935982947064e-16,-2.4492935982947064e-16,1.0,0.0,0.0,0.0,1.0,0.0,0.0,0.0,0.0,0.0,0.0,0.0,0.0,0.0,0.0
9.620000000000008,-2.4492935982947064e-16,-2.4492935982947064e-16,1.0,0.0,0.0,0.0,1.0,0.0,0.0,0.0,0.0,0.0,0.0,0.0,0.0,0.0,0.0
9.640000000000008,-2.4492935982947064e-16,-2.4492935982947064e-16,1.0,0.0,0.0,0.0,1.0,0.0,0.0,0.0,0.0,0.0,0.0,0.0,0.0,0.0,0.0
9.660000000000009,-2.4492935982947064e-16,-2.4492935982947064e-16,1.0,0.0,0.0,0.0,1.0,0.0,0.0,0.0,0.0,0.0,0.0,0.0,0.0,0.0,0.0
9.680000000000009,-2.4492935982947064e-16,-2.4492935982947064e-16,1.0,0.0,0.0,0.0,1.0,0.0,0.0,0.0,0.0,0.0,0.0,0.0,0.0,0.0,0.0
9.700000000000008,-2.4492935982947064e-16,-2.4492935982947064e-16,1.0,0.0,0.0,0.0,1.0,0.0,0.0,0.0,0.0,0.0,0.0,0.0,0.0,0.0,0.0
9.72000000000001,-2.4492935982947064e-16,-2.4492935982947064e-16,1.0,0.0,0.0,0.0,1.0,0.0,0.0,0.0,0.0,0.0,0.0,0.0,0.0,0.0,0.0
9.740000000000009,-2.4492935982947064e-16,-2.4492935982947064e-16,1.0,0.0,0.0,0.0,1.0,0.0,0.0,0.0,0.0,0.0,0.0,0.0,0.0,0.0,0.0
9.760000000000009,-2.4492935982947064e-16,-2.4492935982947064e-16,1.0,0.0,0.0,0.0,1.0,0.0,0.0,0.0,0.0,0.0,0.0,0.0,0.0,0.0,0.0
9.780000000000008,-2.4492935982947064e-16,-2.4492935982947064e-16,1.0,0.0,0.0,0.0,1.0,0.0,0.0,0.0,0.0,0.0,0.0,0.0,0.0,0.0,0.0
9.800000000000008,-2.4492935982947064e-16,-2.4492935982947064e-16,1.0,0.0,0.0,0.0,1.0,0.0,0.0,0.0,0.0,0.0,0.0,0.0,0.0,0.0,0.0
9.82000000000001,-2.4492935982947064e-16,-2.4492935982947064e-16,1.0,0.0,0.0,0.0,1.0,0.0,0.0,0.0,0.0,0.0,0.0,0.0,0.0,0.0,0.0
9.840000000000009,-2.4492935982947064e-16,-2.4492935982947064e-16,1.0,0.0,0.0,0.0,1.0,0.0,0.0,0.0,0.0,0.0,0.0,0.0,0.0,0.0,0.0
9.860000000000008,-2.4492935982947064e-16,-2.4492935982947064e-16,1.0,0.0,0.0,0.0,1.0,0.0,0.0,0.0,0.0,0.0,0.0,0.0,0.0,0.0,0.0
9.88000000000001,-2.4492935982947064e-16,-2.4492935982947064e-16,1.0,0.0,0.0,0.0,1.0,0.0,0.0,0.0,0.0,0.0,0.0,0.0,0.0,0.0,0.0
9.90000000000001,-2.4492935982947064e-16,-2.4492935982947064e-16,1.0,0.0,0.0,0.0,1.0,0.0,0.0,0.0,0.0,0.0,0.0,0.0,0.0,0.0,0.0
9.920000000000009,-2.4492935982947064e-16,-2.4492935982947064e-16,1.0,0.0,0.0,0.0,1.0,0.0,0.0,0.0,0.0,0.0,0.0,0.0,0.0,0.0,0.0
9.940000000000008,-2.4492935982947064e-16,-2.4492935982947064e-16,1.0,0.0,0.0,0.0,1.0,0.0,0.0,0.0,0.0,0.0,0.0,0.0,0.0,0.0,0.0
9.960000000000008,-2.4492935982947064e-16,-2.4492935982947064e-16,1.0,0.0,0.0,0.0,1.0,0.0,0.0,0.0,0.0,0.0,0.0,0.0,0.0,0.0,0.0
9.98000000000001,-2.4492935982947064e-16,-2.4492935982947064e-16,1.0,0.0,0.0,0.0,1.0,0.0,0.0,0.0,0.0,0.0,0.0,0.0,0.0,0.0,0.0
10.000000000000009,-2.4492935982947064e-16,-2.4492935982947064e-16,1.0,0.0,0.0,0.0,1.0,0.0,0.0,0.0,0.0,0.0,0.0,nan,nan,nan,nan
