time,px,py,pz,qx,qy,qz,qw,vx_b,vy_b,vz_b,wx_b,wy_b,wz_b,ref_px,ref_py,ref_pz,ref_qx,ref_qy,ref_qz,ref_qw,ref_vx_b,ref_vy_b,ref_vz_b,ref_wx_b,ref_wy_b,ref_wz_b,u0,u1,u2,u3,u4,u5,cmd_wx,cmd_wy,cmd_wz,cmd_thrust_norm,solve_ms
0.02,-4.7722603994360195,4.2408973473756575,5.1882527136485095,0.0006547394759490862,-0.0007150273174272937,0.019535769821696723,0.9998086885747832,-0.015637661704148494,0.015879742394878903,0.0018494224606452503,-0.007266983899596746,0.011071031602122455,-0.0017982682484533215,-4.997925200212436,4.494685993880268,5.201978773185093,0.15942732618051728,0.06061242107671775,0.009808181625336143,0.9852983617419416,0.023056171293490784,-0.06277551587337353,0.05316556656101257,-0.08911259819236186,-0.015128310120215442,-0.010902723017051598,0.0,0.0,0.0,0.0,nan,nan,0.0,0.0,0.0,0.0,0.0
0.04,-4.772587242804904,4.241198797334783,5.188293061251592,0.0005605007428423005,-0.0006001244791595586,0.019516646651063986,0.9998091948932178,-0.01582235576961235,0.015545624391898686,0.0021828914378709467,-0.011041888062058277,0.012153025486962033,-0.001991468116467176,-4.995851393766212,4.489375109629982,5.203966946673679,0.1586081838200607,0.06048219093780254,0.009735916889832169,0.9854392728763043,0.04611234258698157,-0.12555103174674706,0.10633113312202513,-0.0955809597770784,-0.016222633400477957,-0.011658449131059203,0.0,0.0,0.0,0.0,nan,nan,0.0,0.0,0.0,0.0,0.0
0.06,-4.772903965489866,4.241488077977571,5.188669036039701,0.002939360051937535,0.00033282785141779456,0.01949230188561392,0.9998056308879776,-0.01639022922997834,0.01669498795162492,0.04808749346525415,0.6856217196076364,0.22737887965507583,-0.004183220004999432,-4.993778582894512,4.48406736298615,5.205964514988435,0.15778892836685623,0.06035191767313552,0.009663645212305607,0.9855794813606992,0.06916851388047236,-0.1883265476201206,0.1594966996830377,-0.10204932136179491,-0.017316956680740472,-0.012414175245066807,0.0,0.0,0.0,0.0,nan,nan,0.0,0.0,0.0,0.0,0.0
0.08,-4.773244806322173,4.241797375586267,5.190618925208914,0.016886693626395353,0.00516943510883622,0.01942447196172326,0.9996553438100715,-0.01751589840252749,0.019554249614366574,0.14850158527640173,2.0350850278873738,0.667616256571222,-0.010550060322982429,-4.991706769827686,4.478762769676832,5.207971472625238,0.15696956040505947,0.06022160137560573,0.009591366644288498,0.9857189870951533,0.09222468517396314,-0.2511020634934941,0.21266226624405027,-0.10851768294651144,-0.018411279961002988,-0.013169901359074412,0.0,0.0,0.0,0.0,nan,nan,0.0,0.0,0.0,0.0,0.0
0.1,-4.773541874815962,4.2419325009106625,5.195313602180521,0.043089527902851116,0.01472832299352047,0.019281516379466,0.9987765476887294,-0.018939409491454923,0.022313032951637137,0.2922859065244498,2.8132618143732393,0.9935514496557559,-0.019105292894549437,-4.989635956793235,4.473461345421093,5.209987814053188,0.1561500805189061,0.06009124213813286,0.009519081237317787,0.9858577899801942,0.11528085646745395,-0.3138775793668677,0.2658278328050629,-0.11498604453122799,-0.019505603241265504,-0.013925627473082016,0.0,0.0,0.0,0.0,nan,nan,0.0,0.0,0.0,0.0,0.0
0.12,-4.773631107729091,4.241523944719593,5.202564801956931,0.07230711504720977,0.02605166982312071,0.019061841376120603,0.9968598887588607,-0.02005512919421101,0.02303451139499036,0.41828757915645903,3.0212231445111284,1.1366635005823356,-0.02899415336676968,-4.9875661460158085,4.46816310592896,5.212013533714621,0.1553304892927118,0.05996084005366729,0.009446789042935303,0.9859958899168514,0.13833702776094473,-0.3766530952402412,0.3189933993660754,-0.12145440611594449,-0.02059992652152802,-0.01468135358708962,0.0,0.0,0.0,0.0,nan,nan,0.0,0.0,0.0,0.0,0.0
0.14,-4.773432705077608,4.240391406182373,5.211242735869771,0.10066740484366644,0.0375027144498089,0.018777827232500606,0.994035720291461,-0.01944354529669868,0.01854913282304102,0.4892763445335879,3.0095798906320295,1.148177273044197,-0.03757742936972948,-4.985497339717197,4.462868066901378,5.214048626025125,0.1545107873108714,0.05983039521518989,0.009374490112687707,0.9861332868066548,0.16139319905443553,-0.43942861111361486,0.372158965927088,-0.12792276770066102,-0.021694249801790532,-0.015437079701097225,0.0,0.0,0.0,0.0,nan,nan,0.0,0.0,0.0,0.0,0.0
0.16,-4.772791178959454,4.238037839334404,5.222107226157323,0.13305444116022477,0.05065584306339859,0.018336981088820502,0.9896434996379377,-0.014748939725384956,0.0029236813036697396,0.510738765406306,2.9619506314479374,1.1369646242442883,-0.04659193639263435,-4.979648914439083,4.4480691082166866,5.219432253088435,0.15284533810668738,0.05956498373252822,0.009232659751648581,0.9864101952666073,0.1842826544742766,-0.49916569160666935,0.41751954597785934,-0.1352700660500901,-0.022929293659051938,-0.016243814959349547,0.0,0.0,0.0,0.0,nan,nan,0.0,0.0,0.0,0.0,0.0
0.18,-4.771930928091088,4.235279715757665,5.2306678617900975,0.15868716031117155,0.0610558100139336,0.01788483548448973,0.9852769691186392,-0.006490802973098821,-0.021047079528748264,0.49060195252023997,2.851436731279635,1.0784627550175476,-0.0533798728963773,-4.973532213038443,4.432599397672167,5.225113970317479,0.15111813418884132,0.05928961079700447,0.009085762439188537,0.9866942284678276,0.20716002781080428,-0.5586825733351807,0.46231449004441216,-0.14268106191665406,-0.024174535691795913,-0.017054246906567462,0.0,0.0,0.0,0.0,nan,nan,0.0,0.0,0.0,0.0,0.0
0.2,-4.770610579854905,4.231321417878861,5.239208332265332,0.18576346907443994,0.07190607379059291,0.017276198500643943,0.97980762554433,0.007780973775906488,-0.060478775856653705,0.45844839835343776,2.7056889183815667,1.017226500606657,-0.06024694988821242,-4.967421414682861,4.417148651849232,5.230853350771773,0.1493904525386222,0.05901405042820796,0.008938836403750445,0.9869751424155067,0.23003740114733195,-0.6181994550636921,0.507109434110965,-0.15009205778321802,-0.02541977772453989,-0.017864678853785378,0.0,0.0,0.0,0.0,nan,nan,0.0,0.0,0.0,0.0,0.0
0.22,-4.768540254020618,4.225419512119059,5.247643743069055,0.2144006813502287,0.08345331963117526,0.0164917156274105,0.9730343851040204,0.030263406537198223,-0.12150531015535176,0.44643415571773354,2.4260965761852162,0.9127594742357328,-0.06763412532035795,-4.961316548572313,4.40171707385951,5.236650324253343,0.14766229861777994,0.05873830349727246,0.00879188210981412,0.987252936221586,0.25291477448385963,-0.6777163367922034,0.5519043781775179,-0.157503053649782,-0.026665019757283866,-0.018675110801003293,0.0,0.0,0.0,0.0,nan,nan,0.0,0.0,0.0,0.0,0.0
0.24,-4.7664851027015676,4.219777484315988,5.253371646051042,0.23315012184657577,0.09097716526953609,0.015842600938028764,0.968046067125922,0.05038258382401147,-0.17516272040580574,0.48278823050043745,2.1698663008991845,0.8109001927867406,-0.07261987870941519,-4.955217643831764,4.3863048665722415,5.242504819835936,0.1459336778895574,0.0584623708759215,0.008644900021948725,0.9875276090078715,0.27579214782038736,-0.7372332185207149,0.5966993222440707,-0.16491404951634597,-0.027910261790027844,-0.01948554274822121,0.0,0.0,0.0,0.0,nan,nan,0.0,0.0,0.0,0.0,0.0
0.26,-4.7631110081020696,4.210771096114373,5.260532301709295,0.2530444978160699,0.09903427366171413,0.01499976565020499,0.9622555283269351,0.07822514774120157,-0.24879823578968574,0.5734699832513535,1.8037076114224844,0.6751117880196857,-0.07797460313832216,-4.949124729510795,4.3709122326117225,5.248416765865919,0.14420459581867326,0.05818625343646568,0.008497890604811263,0.9877991599060353,0.29866952115691503,-0.7967501002492263,0.6414942663106236,-0.17232504538290996,-0.029155503822771822,-0.020295974695439128,0.0,0.0,0.0,0.0,nan,nan,0.0,0.0,0.0,0.0,0.0
0.28,-4.759068824375727,4.200211353026028,5.267610376971301,0.26772079949157623,0.1049679235212347,0.014187188224669413,0.9576565314566121,0.10586216705053697,-0.3208806827460027,0.689941502898062,1.466288873653474,0.5455575994529746,-0.08187462151988634,-4.943037834583236,4.355539374354738,5.25438608996318,0.14247505787130457,0.057909952051799836,0.00835085432314516,0.9880675880576187,0.32154689449344276,-0.8562669819777378,0.6862892103771765,-0.17973604124947395,-0.0304007458555158,-0.02110640664265704,0.0,0.0,0.0,0.0,nan,nan,0.0,0.0,0.0,0.0,0.0
0.3,-4.753114793521601,4.184878035301986,5.2765542788352455,0.2805698691852927,0.11027193221866925,0.01323720608012944,0.9533862941354366,0.14083049719606605,-0.4113944276348509,0.8172548941937517,1.0209791417282037,0.37781967323839344,-0.0850594021909286,-4.933615156698163,4.332124572733275,5.262861180115934,0.14063090670993514,0.05761521183719911,0.008201224228995526,0.9883502291010215,0.3442075531597669,-0.9125728454183007,0.7238912283402733,-0.1822889715781378,-0.03083935177891787,-0.021290835559071908,0.0,0.0,0.0,0.0,nan,nan,0.0,0.0,0.0,0.0,0.0
0.32,-4.74724028365466,4.169886058279483,5.284201737259865,0.2874769320793786,0.113159715220151,0.01244396105173735,0.950997918087556,0.1724140715446391,-0.4922422857915214,0.9062253647236496,0.634207601689536,0.23011494253598586,-0.08652418400620593,-4.9236796505920575,4.30748107848459,5.271815157455397,0.1387684057902052,0.057317409950566285,0.008051163199462287,0.9886319956597294,0.36683434646335333,-0.9683769324956066,0.76036922894261,-0.18408274632452942,-0.031151907055104094,-0.02137744082703124,0.0,0.0,0.0,0.0,nan,nan,0.0,0.0,0.0,0.0,0.0
0.34,-4.739328625476647,4.1498123552368025,5.293045441791878,0.2911452470461831,0.11478743993528719,0.011522921846436392,0.9496975892501995,0.21311728451311412,-0.5956156334397116,0.9817754023359655,0.14778815847983706,0.042372888178409514,-0.08698715017515944,-4.913753828180389,4.28286986465154,5.2808681129772745,0.13690539704661364,0.05701939831050802,0.007901072706646231,0.9889101443133754,0.3894611397669397,-1.0241810195729122,0.7968472295449468,-0.185876521070921,-0.03146446233129032,-0.021464046094990568,0.0,0.0,0.0,0.0,nan,nan,0.0,0.0,0.0,0.0,0.0
0.36,-4.731244763677073,4.129387978937271,5.300727478861848,0.2904292897250131,0.1146638877195509,0.01070907869318734,0.9499412277380143,0.2533884490600998,-0.6972569924707493,1.037233839222412,-0.26279135971860634,-0.11222983054401546,-0.08593443352595584,-4.903837744216756,4.25829130611796,5.290019918252881,0.1350418872968528,0.0567211780075998,0.007750953299804464,0.9891846740440728,0.412087933070526,-1.0799851066502177,0.8333252301472835,-0.1876702958173126,-0.031777017607476546,-0.021550651362949896,0.0,0.0,0.0,0.0,nan,nan,0.0,0.0,0.0,0.0,0.0
0.38,-4.7203234576170034,4.101883991172299,5.309517299988562,0.28480702260457225,0.1127033487861294,0.009786313047202202,0.951886097768243,0.3057819368077181,-0.8291645651416664,1.0931046806406657,-0.7129204829420643,-0.27181032338296807,-0.08296061368581358,-4.893931453312203,4.233745777289668,5.299270443406567,0.13317788336044845,0.05642275013318072,0.00760080552829991,0.9894555838471782,0.4347147263741124,-1.1357891937275235,0.8698032307496203,-0.1894640705637042,-0.03208957288366277,-0.021637256630909228,0.0,0.0,0.0,0.0,nan,nan,0.0,0.0,0.0,0.0,0.0
0.4,-4.710341133795057,4.076810606356159,5.316552372930549,0.27691261037135584,0.10987650663078223,0.009094874751641188,0.9545490258552409,0.3511366782239849,-0.9431321847047531,1.1440106136795443,-1.0027944803416564,-0.37774361804754186,-0.0790059576998258,-4.884035009934424,4.209233652088999,5.308619557117622,0.13131339205873477,0.05612411577934946,0.007450629941599291,0.9897228727312957,0.45734151967769876,-1.191593280804829,0.9062812313519569,-0.19125784531009582,-0.032402128159849,-0.02172386189886856,0.0,0.0,0.0,0.0,nan,nan,0.0,0.0,0.0,0.0,0.0
0.42,-4.699473478347949,4.049569190224309,5.323603906190602,0.2664306834613361,0.10610359138172738,0.008476658050613732,0.9579586969564594,0.3978524783551527,-1.06049959529892,1.1943660449370324,-1.275387853412264,-0.46945497735924935,-0.07439130821452423,-4.874148468406964,4.184755303949322,5.318067126622191,0.12944842021482958,0.05582527603896037,0.007300427089271122,0.9899865397182797,0.4799683129812852,-1.2473973678821348,0.9427592319542936,-0.1930516200564874,-0.032714683436035216,-0.02181046716682789,0.0,0.0,0.0,0.0,nan,nan,0.0,0.0,0.0,0.0,0.0
0.44,-4.687056437843846,4.018505092970134,5.331355896301791,0.2529566616581276,0.10118647135031139,0.007892541514152512,0.9621392483039529,0.4481455193382916,-1.1863602952406955,1.249284730706434,-1.5209619634995075,-0.5661941777326042,-0.0688159723936122,-4.861347403783892,4.153602319960402,5.329306877020274,0.12748788482607043,0.05550794935977145,0.007149633113125506,0.9902598595958514,0.5023178205959434,-1.299859971733245,0.9727607030296852,-0.1947212164331109,-0.03304125620950687,-0.021863189137113586,0.0,0.0,0.0,0.0,nan,nan,0.0,0.0,0.0,0.0,0.0
0.46,-4.67366616047065,3.985068293065081,5.3396213948031015,0.2368938035578038,0.09530945397566186,0.0073913909125933284,0.9668209767889582,0.4992835760568487,-1.3144172321130814,1.2897662722936722,-1.7851104065372234,-0.6554569062126564,-0.06294494475703055,-4.847815557675436,4.120787347967761,5.341113712095643,0.12550264941359374,0.05518574680357904,0.006998666366085302,0.9905325017428737,0.5245968235032528,-1.3514729453784662,1.001115403870743,-0.19635923830023333,-0.033371393175374055,-0.021907295689864652,0.0,0.0,0.0,0.0,nan,nan,0.0,0.0,0.0,0.0,0.0
0.48,-4.659352690333556,3.94939077772394,5.348555477784129,0.21846749053441347,0.08853646652397149,0.006968594339157983,0.9717945710735276,0.5506471195824317,-1.442871486273877,1.317700510164453,-2.013891934315849,-0.7352417145899863,-0.05684028061015586,-4.834296929494824,4.088017817430739,5.353061061633312,0.12351689415673985,0.05486331566256939,0.006847670629877338,0.9908010410063802,0.5468758264105622,-1.4030859190236875,1.0294701047118011,-0.1979972601673558,-0.03370153014124125,-0.02195140224261572,0.0,0.0,0.0,0.0,nan,nan,0.0,0.0,0.0,0.0,0.0
0.5,-4.644976275804263,3.913618487284415,5.357696485225254,0.19880491386495608,0.08138153400824523,0.006658823985589422,0.9766316154050827,0.598876910071394,-1.5639766029024993,1.3215603995311624,-2.2105086543032164,-0.8030228233380152,-0.05136994280358777,-4.820791604149698,4.055294294098303,5.365148733390587,0.12153062728070324,0.05454065727228416,0.006696646529940875,0.9910654762740548,0.5691548293178716,-1.4546988926689088,1.0578248055528592,-0.19963528203447828,-0.034031667107108435,-0.021995508795366783,0.0,0.0,0.0,0.0,nan,nan,0.0,0.0,0.0,0.0,0.0
0.52,-4.629110098503301,3.8742140041435253,5.368047936171387,0.17652168637200047,0.07320008623121325,0.006387926915797473,0.9815503227068118,0.6480783128427348,-1.6867933298828754,1.3089523229661466,-2.340159467540632,-0.8461149520505168,-0.04577429602764625,-4.807299666327294,4.022617342957159,5.377376532799859,0.1195438570127977,0.0542177729692063,0.006545594691832659,0.9913258064505804,0.5914338322251811,-1.5063118663141304,1.0861795063939172,-0.20127330390160075,-0.034361804072975635,-0.022039615348117853,0.0,0.0,0.0,0.0,nan,nan,0.0,0.0,0.0,0.0,0.0
0.54,-4.611754305631441,3.8312003555973924,5.379689275151002,0.15187017321495705,0.06420331453213701,0.006179552961076328,0.9862936672289586,0.6966037333025147,-1.8076767132004268,1.2701610831508765,-2.410722183364236,-0.8789791586034346,-0.040622134383934944,-4.7938212004930385,3.989987528222384,5.389744262971835,0.11755659158242196,0.05389466409075451,0.006394515741224335,0.9915820304576438,0.6137128351324905,-1.5579248399593517,1.1145342072349753,-0.20291132576872323,-0.03469194103884282,-0.022083721900868915,0.0,0.0,0.0,0.0,nan,nan,0.0,0.0,0.0,0.0,0.0
0.56,-4.5946693867570385,3.7889569617472754,5.391485697193879,0.12819280669616073,0.055471285578901346,0.0060126148390330005,0.9901784633339498,0.738648706158394,-1.9110282231036004,1.2193161754299529,-2.3858619001308607,-0.8622610459784674,-0.036046324870365964,-4.780356290889147,3.9574054133280825,5.402251724698793,0.11556883922102588,0.053571331975277685,0.006243410303899844,0.9918341472339397,0.6359918380398,-1.609537813604573,1.1428889080760334,-0.20454934763584567,-0.035022078004710015,-0.022127828453619984,0.0,0.0,0.0,0.0,nan,nan,0.0,0.0,0.0,0.0,0.0
0.58,-4.577149945682497,3.745743882002344,5.403885904708731,0.10504603110766371,0.04695403741340567,0.0058854327358166016,0.9933408334507449,0.7755520727317111,-2.000580516353901,1.1533844692074793,-2.2760764008499184,-0.8352400758531863,-0.03176705778090084,-4.764372984677737,3.919405204545161,5.415946428991649,0.11350009353269452,0.05323016703297641,0.006093369409559149,0.9920923086764405,0.657930247492847,-1.657732240431132,1.1655390406646173,-0.2061033219890357,-0.0353600291032294,-0.022144197011876487,0.0,0.0,0.0,0.0,nan,nan,0.0,0.0,0.0,0.0,0.0
0.6,-4.5601899429493,3.7040181491965476,5.416179118579847,0.08448710527907106,0.039320607945768034,0.005779068384896245,0.9956316694445496,0.8051845402369014,-2.0707989694836746,1.0890059470343303,-2.090052962095508,-0.7587870840048812,-0.027819107575210215,-4.747467698154043,3.8794363890804573,5.430204927923249,0.11140100718704783,0.052882236395876754,0.005943704690287269,0.9923497150934425,0.6797424949053089,-1.7046603750342757,1.1860760969084174,-0.2076261636069041,-0.03570087469930436,-0.022150290909996734,0.0,0.0,0.0,0.0,nan,nan,0.0,0.0,0.0,0.0,0.0
0.62,-4.542088595921322,3.659603750700645,5.429564634282738,0.064957030238474,0.032106041036710345,0.005690842414517469,0.997355202856114,0.8304460117952337,-2.129040044997166,1.0185734364493357,-1.835757774266942,-0.6736446353572705,-0.02370978070100425,-4.730578805489731,3.83952571411242,5.444644562338677,0.10930140662807586,0.05253406166088865,0.0057940125356067676,0.9926025409464109,0.7015547423177708,-1.751588509637419,1.2066131531522173,-0.2091490052247725,-0.036041720295379304,-0.022156384808116977,0.0,0.0,0.0,0.0,nan,nan,0.0,0.0,0.0,0.0,0.0
0.64,-4.52288545099016,3.6126282271042878,5.444073220648385,0.04760111756550906,0.02570466914436341,0.00561280546659441,0.9985198545875228,0.8504499838666869,-2.173041763081199,0.9567152037557101,-1.4983686268204235,-0.5330505273350674,-0.019390996394964083,-4.713706425977873,3.7996739487803586,5.45926507270625,0.10720130154727611,0.05218564443514377,0.005644293636478185,0.9928507850683324,0.7233669897302326,-1.7985166442405627,1.2271502093960174,-0.21067184684264093,-0.036382565891454256,-0.022162478706237228,0.0,0.0,0.0,0.0,nan,nan,0.0,0.0,0.0,0.0,0.0
0.66,-4.505395668686815,3.569975212219342,5.457538475550591,0.035005354787307014,0.021234428388472056,0.0055621947863089775,0.9991460284544941,0.8632324449642658,-2.199540459635857,0.9094961518741876,-1.174264746199232,-0.4035048236096646,-0.015469565579632817,-4.696850678606649,3.759881861135905,5.474066196154686,0.10510070163847492,0.05183698632689311,0.005494548683985518,0.9930944463133429,0.7451792371426946,-1.8454447788437065,1.2476872656398172,-0.21219468846050932,-0.03672341148752921,-0.02216857260435747,0.0,0.0,0.0,0.0,nan,nan,0.0,0.0,0.0,0.0,0.0
0.68,-4.485984408833349,3.5227943954293957,5.472800425518216,0.02489821679916647,0.01784590419963185,0.005521454593860626,0.9995154406224485,0.8722276569693823,-2.2157772126485127,0.8789054725773815,-0.7791631149297258,-0.24032473787806932,-0.011061286202545113,-4.680011682057154,3.7201502181288344,5.489047666477956,0.10299961659778273,0.05148808894549956,0.005344778369333019,0.993333523556732,0.7669914845551564,-1.8923729134468499,1.2682243218836173,-0.21371753007837774,-0.03706425708360416,-0.022174666502477722,0.0,0.0,0.0,0.0,nan,nan,0.0,0.0,0.0,0.0,0.0
0.7,-4.467450705283987,3.4779122053444484,5.487675945179572,0.01900465158331251,0.016195597205846235,0.0054964031376459705,0.9996731042705367,0.8767197711919088,-2.2211004800197096,0.8655387617673704,-0.42111254841255147,-0.09250048242495454,-0.007079437120034102,-4.663189554701205,3.680479785592903,5.504209214140198,0.10089805612354918,0.05113895390143043,0.005194983383842008,0.9935680156949488,0.7888037319676182,-1.939301048049993,1.288761378127417,-0.2152403716962461,-0.037405102679679114,-0.02218076040059797,0.0,0.0,0.0,0.0,nan,nan,0.0,0.0,0.0,0.0,0.0
0.72,-4.449815696203813,3.4353714455197872,5.502166252720751,0.01681492247945343,0.016056873403468525,0.005479190321769595,0.9997146661282572,0.8778771342013924,-2.2183762515552243,0.8757732208019593,-0.06568565070471015,0.05576242805937783,-0.003647324991964671,-4.644220009065294,3.6365316390341684,5.520061356234142,0.09872765554690727,0.05077313171662966,0.0050476295892743555,0.9938055446421229,0.8102158322560505,-1.9827947309598815,1.304390841943615,-0.21669927061508215,-0.037749281405586,-0.02216292387696329,0.0,0.0,0.0,0.0,nan,nan,0.0,0.0,0.0,0.0,0.0
0.74,-4.430295319856822,3.38848536130728,5.51857836045619,0.01798367632328424,0.01743477358800221,0.005463334213295892,0.9996713300055716,0.8765765523605963,-2.208965525251729,0.902212287079631,0.26860791752126856,0.19554798434534063,-0.00033508916203823375,-4.624164649699255,3.5904371509672677,5.53638745868837,0.09652187116344264,0.05039866086462258,0.0049015084620063565,0.9940419903530018,0.8314237467461307,-2.0245358928124473,1.317516075146519,-0.2181255410573738,-0.03809516095035393,-0.02213287621403134,0.0,0.0,0.0,0.0,nan,nan,0.0,0.0,0.0,0.0,0.0
0.76,-4.41166363139713,3.343951931659504,5.534655608605353,0.0223444566369739,0.020123264603005682,0.005443946552632868,0.9995329624005641,0.8732665684061441,-2.194774305019142,0.9494690888983237,0.5781970883200015,0.326523731694316,0.002012164163094494,-4.604128386123677,3.5444128097654324,5.55293342646495,0.09431559616209417,0.05002393383767769,0.004755362420512387,0.9942733833771484,0.852631661236211,-2.066277054665013,1.3306413083494228,-0.21955181149966546,-0.03844104049512186,-0.022102828551099386,0.0,0.0,0.0,0.0,nan,nan,0.0,0.0,0.0,0.0,0.0
0.78,-4.392969407087847,3.2994976212816294,5.5511414801822125,0.029364025540225082,0.023983021434994607,0.0054162660449178215,0.9992663472513483,0.868674760889193,-2.177436398326372,1.0060679957600438,0.8125149384422299,0.4305543287846656,0.003591697783869526,-4.584111375606702,3.4984595940782155,5.5696989311923355,0.09210884175729389,0.0496489525405216,0.00460919220764855,0.9944997225383986,0.8738395757262913,-2.1080182165175785,1.3437665415523268,-0.22097808194195712,-0.0387869200398898,-0.02207278088816743,0.0,0.0,0.0,0.0,nan,nan,0.0,0.0,0.0,0.0,0.0
0.8,-4.375119976816687,3.257282152906516,5.5672139650004775,0.03814241973205243,0.02861469542030643,0.005377429985639164,0.998848055646972,0.8633062106097783,-2.158556420211742,1.074828940908494,1.0173945248313092,0.5254909314718209,0.004310336237305784,-4.564113775025022,3.4525784811090547,5.586683640035387,0.08990161916591079,0.04927371887917348,0.004462998566393823,0.9947210066862769,0.8950474902163715,-2.1497593783701445,1.3568917747552307,-0.22240435238424877,-0.03913279958465773,-0.022042733225235478,0.0,0.0,0.0,0.0,nan,nan,0.0,0.0,0.0,0.0,0.0
0.82,-4.356197445460215,3.212785674495304,5.58450808126646,0.048978824674596654,0.03423883823155259,0.005322891129649651,0.998198599237682,0.8574470471662617,-2.138056732324893,1.1489389516843236,1.1459281282027332,0.5812599150867583,0.004547687560994322,-4.544135740860685,3.406770446595408,5.603887215702139,0.0876939396071935,0.04889823476093513,0.004316782239846257,0.9949372346960024,0.9162554047064516,-2.1915005402227097,1.3700170079581344,-0.22383062282654043,-0.03947867912942566,-0.02201268556230352,0.0,0.0,0.0,0.0,nan,nan,0.0,0.0,0.0,0.0,0.0
0.84,-4.337087521743282,3.168133022080682,5.602195768718457,0.06104962569788841,0.040350029118478514,0.005247803508525598,0.9973050079642743,0.851774676192807,-2.1172470878903615,1.233591235401142,1.2610649944152938,0.6251611651951785,0.004187121849505596,-4.524177429197921,3.3610364647889104,5.621309316450657,0.08548581430271349,0.04852250209438151,0.00417054397121922,0.9951484054684944,0.9374633191965319,-2.2332417020752757,1.3831422411610383,-0.22525689326883208,-0.03982455867419359,-0.02198263789937157,0.0,0.0,0.0,0.0,nan,nan,0.0,0.0,0.0,0.0,0.0
0.86,-4.3167653371038375,3.1209686598389292,5.6211267873308834,0.07441657756604322,0.04702739308523876,0.005148191233959394,0.9961044590854828,0.8468573789736146,-2.0971023039524366,1.3197845667880483,1.2913627310259856,0.6333498691606798,0.0031428371261734735,-4.5024172855373115,3.312045125825897,5.639031128020208,0.08321963614312608,0.048131589489585604,0.004027857897188338,0.9953600447145604,0.9582210683387478,-2.271599967008508,1.3921590907322023,-0.22662912361632306,-0.040170330913693306,-0.021931471740400152,0.0,0.0,0.0,0.0,nan,nan,0.0,0.0,0.0,0.0,0.0
0.88,-4.298096588316415,3.0779404444585623,5.638583990514661,0.08670043555577506,0.05309817893477854,0.005037951373993696,0.9948056277053334,0.8436189681127457,-2.0809010894461024,1.403889735075322,1.299698947259415,0.6329778248162121,0.001719747077203751,-4.479435693085745,3.2608606203490136,5.6570569447593995,0.08091371315918047,0.04773023121964837,0.003887586673804891,0.9955700290388247,0.9786718378364394,-2.3076513451529523,1.3983743249573093,-0.22796450259537654,-0.04051602997889551,-0.0218659043210078,0.0,0.0,0.0,0.0,nan,nan,0.0,0.0,0.0,0.0,0.0
0.9,-4.277097283390827,3.02987820218606,5.658165446376911,0.0998398845648384,0.05956604346013699,0.004900650648674862,0.9932068603970697,0.8423882489730463,-2.0675914971872746,1.4880980814568248,1.2222435605876185,0.5910805484880897,-4.6578144166791596e-05,-4.456475317495035,3.20975738086444,5.6753385565196846,0.07860734174021368,0.04732860842214947,0.0037472939048768857,0.9957744957759014,0.9991226073341313,-2.343702723297397,1.4045895591824162,-0.22929988157443004,-0.04086172904409771,-0.021800336901615446,0.0,0.0,0.0,0.0,nan,nan,0.0,0.0,0.0,0.0,0.0
0.92,-4.257717295826076,2.985835246099458,5.676122261672067,0.11099354867783835,0.06500452780925631,0.004761291208390823,0.9916814879900828,0.8437604628509051,-2.0602227210831736,1.564512913159784,1.1433980930759187,0.5507300346617706,-0.0018766653569400674,-4.433536356637965,3.158736594916741,5.693875566465056,0.07630053466845604,0.04692672332293815,0.0036069803679263045,0.995973443792607,1.0195733768318227,-2.3797541014418413,1.410804793407523,-0.23063526055348352,-0.04120742810929992,-0.021734769482223092,0.0,0.0,0.0,0.0,nan,nan,0.0,0.0,0.0,0.0,0.0
0.94,-4.236889132064522,2.938819511534865,5.695170540857551,0.1215507441458466,0.07018469557110851,0.0046116964827271996,0.9900900248768961,0.8483508964421442,-2.059122820511066,1.6324984782622904,0.9966188733542802,0.4847364474508127,-0.003945845976783734,-4.410619007912586,3.1077994482226092,5.712667572097712,0.0739933047285523,0.04652457814931739,0.0034666468405902336,0.9961668719863447,1.0400241463295143,-2.4158054795862856,1.41702002763263,-0.231970639532537,-0.041553127174502116,-0.02166920206283074,0.0,0.0,0.0,0.0,nan,nan,0.0,0.0,0.0,0.0,0.0
0.96,-4.215579695061184,2.891045629121211,5.714345408468927,0.1306580915857987,0.07470217610504537,0.004463050062056474,0.9885990740297461,0.8562768269108154,-2.065039195481657,1.698789338619246,0.8503328274371342,0.42012627508049644,-0.005979829788296604,-4.387723468237839,3.0569471246445756,5.731714165266966,0.07168566470749076,0.046122175130031494,0.0033262941006165416,0.9963547792851078,1.060474915827206,-2.45185685773073,1.4232352618577366,-0.23330601851159047,-0.04189882623970432,-0.02160363464343839,0.0,0.0,0.0,0.0,nan,nan,0.0,0.0,0.0,0.0,0.0
0.98,-4.193758395253169,2.8424490635936794,5.733585061431995,0.13807424084380204,0.07845078678417734,0.0043221432231240735,0.9873005100506685,0.8680429053589871,-2.0791045330457476,1.7527062730131664,0.6629903077087442,0.3321408486502553,-0.007763155750775946,-4.364849934049193,3.006180806164772,5.751014932178307,0.06937762739453254,0.04571951649525383,0.0031859229258595838,0.9965371646474886,1.0809256853248976,-2.4879082358751745,1.4294504960828434,-0.23464139749064394,-0.04224452530490652,-0.021538067224046033,0.0,0.0,0.0,0.0,nan,nan,0.0,0.0,0.0,0.0,0.0
1.0,-4.171387730332911,2.7929572496409514,5.7529217412608915,0.14371804798402446,0.08133626941097379,0.0041858449205953744,0.9862616349956376,0.8836521686680783,-2.10088575818727,1.8059311671057332,0.48906261467650225,0.24824813122572187,-0.00926568489899064,-4.340494261172732,2.9530544363095945,5.770326105883731,0.0670214662682207,0.04530345302929455,0.003049936410190424,0.9967178227014776,1.1008910170585444,-2.5207007479188985,1.432338772270367,-0.23592768707606557,-0.04258741024811986,-0.021453870326115492,0.0,0.0,0.0,0.0,nan,nan,0.0,0.0,0.0,0.0,0.0
1.02,-4.147286669223187,2.7399849974017014,5.773291988849972,0.14756677311592076,0.08336899468838462,0.004055645397395869,0.9855238251494547,0.904523728707033,-2.1329748038837235,1.8454693385815406,0.2652095508164952,0.14133551328392366,-0.010521258573389078,-4.314810724291766,2.8978210213179456,5.789699033387402,0.064622060281277,0.044875318334375164,0.002917883460554661,0.9968960232067846,1.120420621488888,-2.550568112718081,1.4322407821199785,-0.23716991418696992,-0.04292776924490671,-0.02135295167094516,0.0,0.0,0.0,0.0,nan,nan,0.0,0.0,0.0,0.0,0.0
1.04,-4.124922365324131,2.6911347223871216,5.7918021868050555,0.1491257152524117,0.08429020970253517,0.003953887506677287,0.9852111694313782,0.9270872531006346,-2.169582035127614,1.8792620610485549,0.07762288842780356,0.05532499001319325,-0.011532917438200556,-4.289149856437145,2.842678928205705,5.809360008606522,0.062222267231339286,0.044446914852372885,0.0027858130338421286,0.9970682526619922,1.1399502259192316,-2.580435477517263,1.4321427919695897,-0.23841214129787422,-0.04326812824169356,-0.021252033015774826,0.0,0.0,0.0,0.0,nan,nan,0.0,0.0,0.0,0.0,0.0
1.06,-4.100799805112499,2.6387518566155093,5.811380395674898,0.14881624471970245,0.08436886855293499,0.0038705604651324685,0.9852515608149571,0.9543778576432229,-2.2157129137591003,1.9008673199012862,-0.12499458404348072,-0.03717510033956051,-0.012404449999646766,-4.263511897415651,2.7876295455639686,5.829308568614553,0.05982210149230831,0.04401824514927115,0.0026537259211073774,0.9972345100355072,1.1594798303495752,-2.610302842316445,1.4320448018192011,-0.23965436840877857,-0.0436084872384804,-0.021151114360604496,0.0,0.0,0.0,0.0,nan,nan,0.0,0.0,0.0,0.0,0.0
1.08,-4.076075718678527,2.5853768094141683,5.8311036183443665,0.14667158215344384,0.08359832105065967,0.0038100687477961017,0.985639006473594,0.9846301678005558,-2.2680665168083927,1.9177005125906312,-0.3025345326631308,-0.11856301799973543,-0.013011103950649243,-4.237897086485202,2.7326742597626246,5.849544243594847,0.057421577440317166,0.04358931179264792,0.0025216229135049013,0.997394794331508,1.1790094347799187,-2.640170207115627,1.431946811668812,-0.24089659551968284,-0.04394884623526725,-0.021050195705434163,0.0,0.0,0.0,0.0,nan,nan,0.0,0.0,0.0,0.0,0.0
1.1,-4.049484149625914,2.528299438815518,5.85194049520891,0.14246929109304837,0.0819101867871529,0.0037771033031602282,0.9863969565477052,1.0192852023118464,-2.329344152611681,1.9179348723217347,-0.4963588345702313,-0.20154578543716026,-0.013429053051071642,-4.212305662349122,2.677814454917142,5.870066556851908,0.05502070945364504,0.043160117351660345,0.0023895048022843945,0.9975491045899486,1.1985390392102624,-2.6700375719148095,1.4318488215184233,-0.24213882263058717,-0.0442892052320541,-0.020949277050263827,0.0,0.0,0.0,0.0,nan,nan,0.0,0.0,0.0,0.0,0.0
1.12,-4.023570979100989,2.472988918849887,5.871946091732001,0.13677725158706353,0.07958192292304231,0.0037803763675256104,0.9873927332863454,1.054072383686871,-2.3918574715562713,1.9120045633454272,-0.6505438377617399,-0.2683118648524993,-0.013562809346424242,-4.186737863150422,2.623051512855402,5.8908750248228,0.05261951191263123,0.04273066439702942,0.002257372378786023,0.9976974398865662,1.2180686436406059,-2.6999049367139913,1.4317508313680345,-0.24338104974149147,-0.04462956422884094,-0.020848358395093494,0.0,0.0,0.0,0.0,nan,nan,0.0,0.0,0.0,0.0,0.0
1.1400000000000001,-3.9984473368771383,2.4196400699601623,5.891083512406479,0.12998953370014416,0.07675443681102606,0.003809829176752905,0.9885327322652928,1.0883871995595933,-2.4539667532308846,1.8927940921955946,-0.78526818246425,-0.32649153786640633,-0.013505678349509737,-4.159980976875583,2.5667001567765126,5.911500510905143,0.05017946831531878,0.04228976809671891,0.0021301553243572263,0.9978422014087255,1.2370967957922205,-2.726713198592675,1.4290700136240548,-0.24457710452320056,-0.04496503767820931,-0.02073129653945865,0.0,0.0,0.0,0.0,nan,nan,0.0,0.0,0.0,0.0,0.0
1.16,-3.9701271960387636,2.3598202297205675,5.912464634572656,0.12123864732750549,0.07310758369137581,0.003872628260695188,0.9899199333033757,1.1265399502357532,-2.5232755157778013,1.8683407698700494,-0.893966315508551,-0.3724941747607814,-0.01329965007390474,-4.131820181217645,2.508462974111972,5.931882410457065,0.04769376878823594,0.04183544089133406,0.0020087247341658183,0.9979834995274943,1.2555348828814845,-2.7499217764493915,1.42334995089167,-0.24571882775740017,-0.04529476224385654,-0.02059523878133681,0.0,0.0,0.0,0.0,nan,nan,0.0,0.0,0.0,0.0,0.0
1.18,-3.944037552901428,2.304998147781852,5.932020774846007,0.11242726568226616,0.06939124414856895,0.003947200630937676,0.9912262026267779,1.1609399312216706,-2.585402459833214,1.8342341812903746,-0.9716696975100884,-0.4078057989170449,-0.01299822374889785,-4.103682777395188,2.45032594141731,5.952580082348556,0.04520776307546116,0.041380845109702434,0.0018872812483113454,0.9981183907659499,1.273972969970749,-2.773130354306109,1.4176298881592853,-0.24686055099159987,-0.04562448680950379,-0.02045918102321497,0.0,0.0,0.0,0.0,nan,nan,0.0,0.0,0.0,0.0,0.0
1.2,-3.9161307234237226,2.246653792669996,5.952855628684316,0.10253218960000378,0.06524239296962048,0.0040444121531369205,0.9925795801777116,1.1959379706068385,-2.6482694330902667,1.7951648469791028,-1.0219499221688852,-0.42399200258885206,-0.012834945217980578,-4.075569046844013,2.392290632785764,5.973593002009398,0.04272146713671833,0.04092598367024982,0.0017658256464398428,0.9982468742581141,1.2924110570600131,-2.796338932162826,1.4119098254269002,-0.2480022742257995,-0.04595421137515103,-0.020323123265093126,0.0,0.0,0.0,0.0,nan,nan,0.0,0.0,0.0,0.0,0.0
1.22,-3.8863895576394243,2.184799397412683,5.974948829371948,0.09168850539031811,0.060726513472348344,0.004161159887826734,0.9939256477670603,1.2309888844072092,-2.7105428082205822,1.7410811207186132,-1.051903925626476,-0.43053342786192716,-0.012688224166187902,-4.047479270392006,2.33435861969837,5.9949206367740455,0.0402348969335945,0.04047085949310745,0.0016443587082751285,0.9983689491791453,1.3108491441492776,-2.819547510019543,1.406189762694515,-0.24914399745999916,-0.04628393594079827,-0.02018706550697129,0.0,0.0,0.0,0.0,nan,nan,0.0,0.0,0.0,0.0,0.0
1.24,-3.8576908803834793,2.125426304138424,5.996194730850665,0.08128661956290686,0.05649600144553498,0.004283357005387002,0.9950790622626253,1.261719871928778,-2.764365810051065,1.689611714561597,-1.0413193200426858,-0.41595568859179033,-0.012684261469968122,-4.019413728251927,2.2765314709836106,6.016562445895295,0.03774806842943745,0.04001547550009331,0.0015228812136137985,0.9984846147453436,1.329287231238542,-2.8427560878762606,1.4004696999621302,-0.2502857206941988,-0.04661366050644552,-0.020051007748849443,0.0,0.0,0.0,0.0,nan,nan,0.0,0.0,0.0,0.0,0.0
1.26,-3.8301276608843944,2.06869099857282,6.01655571792835,0.07167117675813715,0.05265434058261276,0.004398739075235552,0.9960278178517215,1.2882924807821332,-2.809600646169931,1.637941251193876,-0.9944703460267417,-0.38945264211810443,-0.012572578399576026,-3.9913727000142227,2.218810752777132,6.038517880558186,0.0352609975892532,0.03955983461469335,0.0014013939423202179,0.9985938702141562,1.3477253183278062,-2.8659646657329776,1.3947496372297454,-0.2514274439283985,-0.04694338507209276,-0.019914949990727602,0.0,0.0,0.0,0.0,nan,nan,0.0,0.0,0.0,0.0,0.0
1.28,-3.79936268987461,2.0057029207515638,6.039276937201269,0.0617050855071043,0.04876875863824218,0.0045185432315188664,0.9968920068746218,1.3142742701146253,-2.851916523891335,1.5853971664866537,-0.9187731228767468,-0.3519580332973287,-0.012271434546422356,-3.9624080366130703,2.1601451282923345,6.06018576941324,0.03274373730070048,0.039094815950879644,0.0012850274629345924,0.9986980483298087,1.365668740092819,-2.8863904920140744,1.387133748204338,-0.25252560047809536,-0.04726679975200258,-0.01976535571268626,0.0,0.0,0.0,0.0,nan,nan,0.0,0.0,0.0,0.0,0.0
1.3,-3.769809663086136,1.94553133450716,6.0610664869279125,0.05294521253320193,0.04540192333049617,0.004620565787348941,0.9975540688100623,1.3361274669211058,-2.885214417133294,1.5335244987784609,-0.840610820059941,-0.3151528501175704,-0.01187480803034751,-3.9319949830234076,2.0999523059425673,6.081252196792406,0.03017975208288597,0.03861537424910998,0.001176614309677958,0.9987976026275709,1.3828443928359908,-2.9024972153572994,1.376575351129119,-0.2535561372673084,-0.047580420871371494,-0.01959475143020718,0.0,0.0,0.0,0.0,nan,nan,0.0,0.0,0.0,0.0,0.0
1.32,-3.741533050951134,1.888272944827438,6.0819289024375065,0.04551066406898669,0.04264496650650324,0.004703398543713981,0.9980421155090592,1.353897937254625,-2.9099618977180803,1.4938944573477817,-0.7370676373223952,-0.2657531880960173,-0.01149708128493324,-3.901605289690236,2.0398670787483018,6.102656777277182,0.02761556087169443,0.03813566897621074,0.001068193125382684,0.9988903395833426,1.4000200455791627,-2.9186039387005236,1.3660169540539,-0.2545866740565215,-0.047894041990740405,-0.0194241471477281,0.0,0.0,0.0,0.0,nan,nan,0.0,0.0,0.0,0.0,0.0
1.34,-3.7085810523798397,1.8219376980742699,6.1062261141703065,0.03810193457252587,0.04002274063514696,0.004777730984094779,0.9984606131943945,1.3713577212782646,-2.9312152132018636,1.4486471456954626,-0.6158461081932923,-0.20469441313567605,-0.011133350550074826,-3.871239277446068,1.9798911827854593,6.124398931205469,0.025051181169138636,0.03765570340643378,0.0009597646500828779,0.9989762585641433,1.4171956983223346,-2.9347106620437486,1.355458556978681,-0.25561721084573463,-0.04820766311010933,-0.019253542865249024,0.0,0.0,0.0,0.0,nan,nan,0.0,0.0,0.0,0.0,0.0
1.3599999999999999,-3.6799631579180625,1.764674136722088,6.1273231831108435,0.032914183135373025,0.03843188718177919,0.004820189318591834,0.9987073707403541,1.383399812318642,-2.943033280096242,1.4196923116148816,-0.4907795557278486,-0.13370723593680253,-0.0110666373173702,-3.840897266476872,1.9200263511449849,6.14647806969869,0.022486630478517997,0.037175480815807634,0.0008513296238624136,0.9990553589835288,1.434371351065506,-2.9508173853869724,1.344900159903462,-0.2566477476349477,-0.04852128422947824,-0.019082938582769948,0.0,0.0,0.0,0.0,nan,nan,0.0,0.0,0.0,0.0,0.0
1.38,-3.6496998741848494,1.7044704276434413,6.149561955906252,0.028615278747760122,0.03741387880645585,0.00484259051527189,0.9988783293334305,1.393689272896489,-2.9501984202206266,1.3914903848041202,-0.3761872084961495,-0.069705610118538,-0.010906176517624546,-3.8105795763133288,1.860274313885526,6.168893594677856,0.019921926304298856,0.03669500448211509,0.0007428887868498738,0.9991276403015952,1.451547003808678,-2.966924108730197,1.334341762828243,-0.2576782844241608,-0.04883490534884715,-0.018912334300290868,0.0,0.0,0.0,0.0,nan,nan,0.0,0.0,0.0,0.0,0.0
1.4,-3.619302606071152,1.6443772947374784,6.171851930705753,0.02555206520613177,0.03709696098385256,0.004839511766278475,0.9989732161451219,1.4015718374896933,-2.9520284700146946,1.376384810004757,-0.24818715304007247,0.0010551885166796982,-0.01080425504262926,-3.7802865258221097,1.8006367979862046,6.191644898879915,0.017357086151995316,0.03621427768487095,0.0006344428792135088,0.999193102024983,1.4687226565518499,-2.9830308320734216,1.323783365753024,-0.25870882121337385,-0.04914852646821607,-0.018741730017811792,0.0,0.0,0.0,0.0,nan,nan,0.0,0.0,0.0,0.0,0.0
1.42,-3.5887771736318586,1.5844200420870909,6.194155364535163,0.023633103021835394,0.037399000566775836,0.004811611609561639,0.9990093290815077,1.4077930840436204,-2.9498111054883225,1.365880474384268,-0.14070138301773433,0.05775726045207409,-0.010551312849246895,-3.7493065897958537,1.7405672973472213,6.2140844270621995,0.014770012555656943,0.035726253985014805,0.0005309813610132531,0.9992523202695595,1.4854354723500378,-2.996705586652698,1.311938884126786,-0.25969914975361474,-0.04945511884749383,-0.018560316837322094,0.0,0.0,0.0,0.0,nan,nan,0.0,0.0,0.0,0.0,0.0
1.44,-3.559654805431958,1.5276007904010351,6.215419905106237,0.02289964760186318,0.038263309074884656,0.004759426901002308,0.998993930499042,1.4121392605113163,-2.9438685385304364,1.370610154745731,-0.022636011854740304,0.1185813462794608,-0.010423386014472838,-3.7168664829120814,1.6794691204083245,6.23552389252922,0.012136748392707133,0.035223286451506575,0.00043791228007861155,0.9993056727862812,1.5011837638392422,-3.0053122648458097,1.2974142797784745,-0.2606056867254087,-0.0497470637558795,-0.018356378564577877,0.0,0.0,0.0,0.0,nan,nan,0.0,0.0,0.0,0.0,0.0
1.46,-3.528863884766805,1.4679443916868766,6.237882163755437,0.02316443007156127,0.03969730439881422,0.004678649674574219,0.9989322516768344,1.4157766967817729,-2.934888998062224,1.379451155333919,0.07051171731244113,0.16421996961645582,-0.010167925542298116,-3.6844489671418525,1.6184844560978464,6.257317786849054,0.009503396862587112,0.03472006536088706,0.0003448400468040292,0.999351831736326,1.5169320553284464,-3.013918943038921,1.2828896754301629,-0.2615122236972026,-0.05003900866426515,-0.018152440291833657,0.0,0.0,0.0,0.0,nan,nan,0.0,0.0,0.0,0.0,0.0
1.48,-3.497920869967069,1.4084423714175591,6.260457855023872,0.02435704377953335,0.04159679125447139,0.00457381814155213,0.9988270729026432,1.4186285482338157,-2.9235040355744935,1.3979213723088046,0.1590079097734708,0.2069631699886393,-0.009908185242131285,-3.6520543983439184,1.5576151710032775,6.2794654838821735,0.006869976921648609,0.03421659433562591,0.00025176533117601157,0.9993907967874155,1.5326803468176502,-3.022525621232032,1.2683650710818513,-0.2624187606689966,-0.05033095357265081,-0.017948502019089436,0.0,0.0,0.0,0.0,nan,nan,0.0,0.0,0.0,0.0,0.0
1.5,-3.466816760667797,1.34908453357936,6.28304768205401,0.026202127591088645,0.04377083639176074,0.004452931306713549,0.9986880062331998,1.421602276575055,-2.9112914399864103,1.4134283687904996,0.20772641562340904,0.22463705123017438,-0.009383995691387734,-3.61968313171629,1.4968631283898548,6.301966347301579,0.00423650752673581,0.03371287699999197,0.00015868880319893394,0.9994225676590573,1.5484286383068544,-3.0311322994251433,1.2538404667335397,-0.2633252976407905,-0.050622898481036474,-0.017744563746345216,0.0,0.0,0.0,0.0,nan,nan,0.0,0.0,0.0,0.0,0.0
1.52,-3.4355343510504888,1.2898549385592013,6.305655042768147,0.028558690997867047,0.046192603593842405,0.004318967112719752,0.9985148927606385,1.4245131986736708,-2.8982237000054214,1.436889963560905,0.25995365851286273,0.25444386466605123,-0.009282821586548739,-3.587335521786011,1.4362301881469117,6.324819730611124,0.0016030076350489002,0.0332089169800271,6.561113289021762e-05,0.9994471441225468,1.5641769297960586,-3.0397389776182546,1.239315862385228,-0.2642318346125845,-0.050914843389422135,-0.017540625473600996,0.0,0.0,0.0,0.0,nan,nan,0.0,0.0,0.0,0.0,0.0
1.54,-3.4024782097030757,1.2277807244780987,6.329372552841938,0.03140574382904493,0.048935791756618496,0.004168564770991988,0.998299349197147,1.4280377627018421,-2.8847069790981337,1.4596142196438033,0.28306800086696254,0.2635039519713428,-0.008996490269379202,-3.5550119223989487,1.375718206734323,6.348024977164137,-0.0010305037959924043,0.03270471790352021,-2.7467009724493115e-05,0.9994645260009687,1.5799252212852628,-3.048345655811366,1.2247912580369167,-0.2651383715843784,-0.051206788297807795,-0.017336687200856776,0.0,0.0,0.0,0.0,nan,nan,0.0,0.0,0.0,0.0,0.0
1.56,-3.3707706434666727,1.1687488104314951,6.351999500726586,0.034369458881573264,0.05165461638807292,0.004018350779555298,0.9980653253965901,1.4318144449151986,-2.8718558400189624,1.4895762819262246,0.30677242152864437,0.2742125688239503,-0.008842262936047878,-3.5222083255344065,1.315154040977909,6.370964714487472,-0.00367914168841272,0.03219522210941469,-0.00011604271827248007,0.9994748211555153,1.595268151505922,-3.054939938052983,1.2094932220012966,-0.2660094684048831,-0.05149175192270825,-0.017124705629184785,0.0,0.0,0.0,0.0,nan,nan,0.0,0.0,0.0,0.0,0.0
1.58,-3.3388214770817712,1.10977591994349,6.37466224957565,0.03739514966588274,0.05436463699123148,0.0038670413643353873,0.9978131764099752,1.4365751613270992,-2.860056610632113,1.5174538268179618,0.3017268571644368,0.2640308030056612,-0.00851169645767173,-3.4879664359369533,1.2542022380546984,6.392477948351834,-0.006371576873326887,0.031670831396908315,-0.0001915799893290552,0.9994780261435884,1.6094372360517752,-3.0557067215497398,1.1919554815060858,-0.2667779375904023,-0.05175649913805108,-0.01688943226229161,0.0,0.0,0.0,0.0,nan,nan,0.0,0.0,0.0,0.0,0.0
1.6,-3.3066018582146532,1.0508338086513,6.397441973503812,0.04041457964723156,0.056961528941313996,0.00371563864004626,0.9975511214980924,1.4423573089986623,-2.849051292690785,1.5515224549044024,0.30038976525328837,0.2504398865494492,-0.008064811269154527,-3.4537456936666415,1.1933682056057455,6.414355101013125,-0.009063964080847038,0.0311462022059237,-0.0002671158178057453,0.9994737051530814,1.6236063205976285,-3.0564735050464975,1.1744177410108747,-0.2675464067759215,-0.052021246353393905,-0.016654158895398438,0.0,0.0,0.0,0.0,nan,nan,0.0,0.0,0.0,0.0,0.0
1.62,-3.275727224435288,0.9948451242546142,6.419153903773475,0.04307076674061324,0.0592166947780816,0.0035790904042151198,0.9973091206961928,1.449376543002554,-2.84056186124904,1.5758764587671594,0.2610770926014817,0.22301738219056658,-0.007820574718145415,-3.419546483013619,1.1326539017274935,6.43659551039304,-0.011756283037542522,0.03062133848687091,-0.00034264963492463597,0.9994618582165311,1.6377754051434819,-3.057240288543255,1.156880000515664,-0.2683148759614407,-0.05228599356873674,-0.01641888552850527,0.0,0.0,0.0,0.0,nan,nan,0.0,0.0,0.0,0.0,0.0
1.6400000000000001,-3.241285389254683,0.9329462324780342,6.443190751585706,0.04551774009201911,0.06143289378632499,0.0034459287626204278,0.9970668284889015,1.4587396743179628,-2.8337222550431997,1.5995693748530353,0.20493245791781375,0.1965008432855043,-0.0079088981944523,-3.385369187619509,1.0720612809102117,6.459198503472136,-0.014448513470496605,0.030096244191925994,-0.00041818087192295835,0.9994424854231438,1.6519444896893352,-3.058007072040012,1.1393422600204532,-0.26908334514696,-0.052550740784079564,-0.0161836121616121,0.0,0.0,0.0,0.0,nan,nan,0.0,0.0,0.0,0.0,0.0
1.6600000000000001,-3.2098325339049767,0.876913809969863,6.464865760474186,0.04706204521631042,0.06312088789687205,0.0033514129614201616,0.9968900066919772,1.4690477474326031,-2.830803134674522,1.6084752233794721,0.12575622677951104,0.15843544472786916,-0.008021685700096499,-3.351214190465858,1.0115922939791258,6.482163396310097,-0.017140635107459137,0.02957092327500121,-0.0004937089600573714,0.9994155869187952,1.6661135742351885,-3.0587738555367694,1.1218045195252422,-0.2698518143324792,-0.052815487999422386,-0.015948338794718925,0.0,0.0,0.0,0.0,nan,nan,0.0,0.0,0.0,0.0,0.0
1.6800000000000002,-3.176416103191871,0.8178910005414503,6.487572731114346,0.04790481699660891,0.06453961027252912,0.0032821729617869017,0.9967592460343874,1.4815204393609978,-2.8306224886438094,1.6150431951541335,0.04709739034104767,0.12429092659148613,-0.008387304542241668,-3.3170818738625973,0.9512488880356627,6.505489494066343,-0.01983262767699918,0.02904537969171524,-0.0005692333306082449,0.999381162906028,1.6802826587810418,-3.0595406390335267,1.1042667790300313,-0.2706202835179984,-0.05308023521476522,-0.015713065427825756,0.0,0.0,0.0,0.0,nan,nan,0.0,0.0,0.0,0.0,0.0
1.7,-3.142678730115665,0.7588211967468239,6.510122605590771,0.04787854487419442,0.0655326885723694,0.003246581213274962,0.9966958269099115,1.495914268959742,-2.8336512917454804,1.6112670722784157,-0.04585862325114349,0.07609432494111158,-0.008519940753350472,-3.2826454760206687,0.891097331838103,6.528655781966786,-0.022533678174740893,0.028516358618710054,-0.0006410692224635241,0.9993391014411966,1.694128221993015,-3.0587740196566737,1.0863526398470942,-0.2713598633117004,-0.05333884555686177,-0.015472411869743923,0.0,0.0,0.0,0.0,nan,nan,0.0,0.0,0.0,0.0,0.0
1.72,-3.106893740417008,0.6967432818457401,6.53370659335719,0.04696504652580033,0.06609325044229943,0.0032435579533725617,0.9967022855309422,1.512649071348248,-2.8391421983172087,1.608988185890292,-0.1253146154729436,0.030525872863782826,-0.008555784689413908,-3.246826982671762,0.8313443992326686,6.549954980570473,-0.02527403449129476,0.02797314492828868,-0.0006971029134690942,0.9992888673406113,1.7065865731893541,-3.0514323937243932,1.0668245583129008,-0.2719755696316736,-0.05357114188682328,-0.015208688841176739,0.0,0.0,0.0,0.0,nan,nan,0.0,0.0,0.0,0.0,0.0
1.74,-3.074191972376359,0.64053379020164,6.554996949372941,0.045372328258055754,0.06615024866075914,0.0032707941223416846,0.9967721897888063,1.529313059298185,-2.8461621093717424,1.6002992730264045,-0.2057707897340603,-0.014987973055642548,-0.00854033800822036,-3.2110276283758226,0.7717117199859095,6.571620231082331,-0.028014193410130468,0.02742971275929474,-0.0007531311598938046,0.9992308284970887,1.7190449243856931,-3.0440907677921127,1.0472964767787074,-0.2725912759516467,-0.05380343821678478,-0.014944965812609554,0.0,0.0,0.0,0.0,nan,nan,0.0,0.0,0.0,0.0,0.0
1.76,-3.037681792514212,0.5783694937771698,6.578553215008678,0.04278322773475074,0.06578159790937542,0.003335426030009097,0.9969108544570493,1.5488436000109183,-2.8554758745711166,1.5892340656689097,-0.28708206922365787,-0.05553432664722526,-0.008690456141150726,-3.17524781711084,0.7122012980493319,6.5936508477025555,-0.030754133529792782,0.02688606635609494,-0.0008091535241404052,0.9991649853639296,1.7315032755820323,-3.036749141859832,1.027768395244514,-0.2732069822716199,-0.05403573454674628,-0.014681242784042368,0.0,0.0,0.0,0.0,nan,nan,0.0,0.0,0.0,0.0,0.0
1.78,-3.004327620848589,0.5221117248139915,6.599835019170836,0.0396304192964389,0.0650147108860568,0.0034281896763104355,0.9970911516758806,1.5677511188753157,-2.8656058802400612,1.5666398712195673,-0.37457469036109803,-0.10247003991609538,-0.008771824417688742,-3.1394879522442563,0.6528151335549865,6.616046133216896,-0.033493833450535346,0.026342209964729194,-0.0008651695686575872,0.9990913384553883,1.7439616267783715,-3.0294075159275513,1.0082403137103209,-0.273822688591593,-0.054268030876707785,-0.014417519755475183,0.0,0.0,0.0,0.0,nan,nan,0.0,0.0,0.0,0.0,0.0
1.8,-2.967120270983494,0.45994609333750175,6.623288066090385,0.035210104356410886,0.06371020592250792,0.003571044154747811,0.99734071703514,1.5894779293761665,-2.8779117550347166,1.5356763726428295,-0.46671544299502665,-0.14459338347162415,-0.009118592360110332,-3.1037484365203674,0.5935552227529816,6.638805379018435,-0.036233271774487825,0.025798147832877497,-0.000921178855943401,0.9990098883466692,1.7564199779747105,-3.0220658899952704,0.9887122321761275,-0.2744383949115661,-0.05450032720666929,-0.014153796726907997,0.0,0.0,0.0,0.0,nan,nan,0.0,0.0,0.0,0.0,0.0
1.8199999999999998,-2.933164797880055,0.40374627595836915,6.644378705876176,0.030392048816085978,0.06212064515045646,0.0037359709421151575,0.9975988128180443,1.6098032699893785,-2.889701802366438,1.4962203619979635,-0.5426921189094186,-0.18449456531627365,-0.00928077844915487,-3.0680296720477376,0.5344235579491179,6.661927865129726,-0.038972427105823,0.02525388420982674,-0.0009771809485486715,0.9989206356739216,1.7688783291710495,-3.01472426406299,0.9691841506419343,-0.2750541012315392,-0.05473262353663079,-0.013890073698340815,0.0,0.0,0.0,0.0,nan,nan,0.0,0.0,0.0,0.0,0.0
1.8399999999999999,-2.8953260861076506,0.3417228909434865,6.6675774039998945,0.02439107617380201,0.06001892916627381,0.003947421540712304,0.9978913875808315,1.6321454689926895,-2.901767006041303,1.4524674448194546,-0.6012070211164078,-0.21364830135873975,-0.009544121341157688,-3.0321508243472852,0.4755892667636918,6.685043582012439,-0.041715819956730474,0.02470768256915142,-0.001030606863073557,0.9988234371683983,1.7811160807569204,-3.0063746073384725,0.9495451006558386,-0.2756494206620567,-0.05496040130972556,-0.013623355702661375,0.0,0.0,0.0,0.0,nan,nan,0.0,0.0,0.0,0.0,0.0
1.8599999999999999,-2.859005296940145,0.28278850952974055,6.689566881789714,0.018142741022831182,0.05770959601991018,0.0041710743599000415,0.9981598296936625,1.653204067891047,-2.9118550072009266,1.4048591615187778,-0.6444537041934081,-0.24021454437631481,-0.009816394837669981,-2.9949806477531307,0.4180877637903285,6.705851612250483,-0.04449170983797607,0.024148702891683495,-0.001065459601667393,0.9987172736566539,1.7917593756485657,-2.990739074445561,0.9291039894575392,-0.2760973871017959,-0.05515551971760607,-0.013334990590964897,0.0,0.0,0.0,0.0,nan,nan,0.0,0.0,0.0,0.0,0.0
1.88,-2.8242546573431073,0.22696963392897468,6.710455233301848,0.011983370386624712,0.05539654550211717,0.004389964041727833,0.9983828673391392,1.6722005188388942,-2.918821193681095,1.3652338052695248,-0.6558761259852046,-0.24389416705677783,-0.010313785785950332,-2.9578271921172226,0.36070712764187773,6.727020039781442,-0.04726724242817577,0.02358952928785615,-0.001100303784079036,0.9986030899375367,1.802402670540211,-2.9751035415526492,0.9086628782592399,-0.2765453535415351,-0.05535063812548657,-0.013046625479268416,0.0,0.0,0.0,0.0,nan,nan,0.0,0.0,0.0,0.0,0.0
1.9,-2.787435817018079,0.16843976693189183,6.732452471921965,0.005354052623222175,0.05286369156907576,0.004622937291909772,0.9985766834274635,1.6913250786352991,-2.9235800757964907,1.3187872618377723,-0.6686521374757027,-0.2526849842333875,-0.010794008423739246,-2.9206908704747234,0.3034493571838426,6.748548168628685,-0.05004239543839201,0.02303016624811766,-0.00113513913049199,0.9984808869280002,1.8130459654318565,-2.959468008659738,0.8882217670609405,-0.27699331998127424,-0.05554575653336709,-0.012758260367571939,0.0,0.0,0.0,0.0,nan,nan,0.0,0.0,0.0,0.0,0.0
1.92,-2.7503908798421284,0.11019596812897911,6.754500454882245,-0.0012842528087659696,0.05041203018367887,0.004848190180981544,0.9987159120387799,1.7088766720695605,-2.924997757163692,1.2751548765224359,-0.6663306591495896,-0.2366864143220839,-0.011759885200223467,-2.8835720953104174,0.24631644733503943,6.770435291261272,-0.05281714658273548,0.02247061826443756,-0.0011699653611607149,0.9983506656093967,1.8236892603235015,-2.943832475766826,0.8677806558626412,-0.27744128642101346,-0.05574087494124759,-0.01246989525587546,0.0,0.0,0.0,0.0,nan,nan,0.0,0.0,0.0,0.0,0.0
1.94,-2.7112837409535895,0.04939868766600531,6.77757356629508,-0.008335869095615223,0.04785469430661433,0.005081319176915907,0.998806598754065,1.7262466506839567,-2.923623297427676,1.218130557618248,-0.6757845674707164,-0.2435866595057191,-0.01225339249428195,-2.8464712785454602,0.1893103890035146,6.792680688616671,-0.055591473578544,0.021910889830270598,-0.001204782196412876,0.9982124270274694,1.8343325552151468,-2.9281969428739143,0.8473395446643419,-0.2778892528607526,-0.05593599334912809,-0.01218153014417898,0.0,0.0,0.0,0.0,nan,nan,0.0,0.0,0.0,0.0,0.0
1.96,-2.673866223853384,-0.008112059823949833,6.799396371002219,-0.014985150954691561,0.04544642842284769,0.00529455937201765,0.9988403451180414,1.7414076240335412,-2.9186840715488427,1.1643364851225155,-0.660514070504842,-0.2343607618305087,-0.012750408747406808,-2.80938883152415,0.13243316902259494,6.815283630123862,-0.058365354146561604,0.021350985440520626,-0.0012395893566515886,0.9980661722923445,1.844975850106792,-2.9125614099810027,0.8268984334660425,-0.27833721930049177,-0.0561311117570086,-0.011893165032482503,0.0,0.0,0.0,0.0,nan,nan,0.0,0.0,0.0,0.0,0.0
1.98,-2.636305761452024,-0.06519614893964754,6.820993548489067,-0.021500612922456388,0.04309311439552859,0.005496682350661049,0.9988245559750665,1.7553215215908367,-2.9103188586789517,1.1070768880042003,-0.6409026835298779,-0.2270201128609714,-0.013101860400139116,-2.7722577102314805,0.07581754634716967,6.838067357466009,-0.0611401156117847,0.02079031301550763,-0.0012731764506532359,0.9979118338658082,1.8555173561139207,-2.8964732826435227,0.8064680990561083,-0.2787753065278701,-0.056324012195337954,-0.011603724036261424,0.0,0.0,0.0,0.0,nan,nan,0.0,0.0,0.0,0.0,0.0
2.0,-2.6005062841936137,-0.11898256692435338,6.841347389800097,-0.02731416595141577,0.041065195217451306,0.005664018383435075,0.9987669923339895,1.766802040324041,-2.898329346381241,1.0619642972240655,-0.5889201254573855,-0.19552322710522393,-0.013458836062126368,-2.733960349827089,0.021619294710294716,6.858116903740547,-0.0639380404414349,0.020219013664107006,-0.0012855392499119633,0.9977481976229259,1.8642744410758627,-2.872450899462131,0.7862266882997665,-0.27904020515483974,-0.05647803027864927,-0.011295422130059855,0.0,0.0,0.0,0.0,nan,nan,0.0,0.0,0.0,0.0,0.0
2.02,-2.5627150377062557,-0.17508744963809234,6.862625512180692,-0.03292607956459799,0.039197235524865245,0.00581022587480725,0.9986719638034292,1.7773740092848511,-2.8819478862590353,1.0178554591671098,-0.5359118872130838,-0.1722918247104482,-0.013476906861839014,-2.6956770746637506,-0.03245941515624469,6.878513143153524,-0.06673544214947791,0.019647548886883963,-0.0012978915312794027,0.9975763981076458,1.873031526037805,-2.84842851628074,0.7659852775434247,-0.2793051037818094,-0.056632048361960605,-0.010987120223858286,0.0,0.0,0.0,0.0,nan,nan,0.0,0.0,0.0,0.0,0.0
2.04,-2.5248248927829113,-0.2306174655636366,6.8838314988188465,-0.03793031337568269,0.03765389740012259,0.005920474616941517,0.9985531649932886,1.7862666769841031,-2.8616688533443027,0.9841180105241434,-0.47237928334041435,-0.13271422039859856,-0.013682568945026403,-2.6574082947674706,-0.08641664387447058,6.8992553839811634,-0.06953229784842349,0.019075923359389575,-0.0013102331936929443,0.9973964367255794,1.881788610999747,-2.824406133099349,0.745743866787083,-0.27957000240877905,-0.05678606644527193,-0.010678818317656717,0.0,0.0,0.0,0.0,nan,nan,0.0,0.0,0.0,0.0,0.0
2.06,-2.484950245666347,-0.28827049889193107,6.905978312163759,-0.04263912297104767,0.03639437105262259,0.005999897157514386,0.9984094131076906,1.794357169513909,-2.837352379688573,0.9474479655266446,-0.43023496888242596,-0.10321977011238127,-0.013902276704394437,-2.619154419689872,-0.1402504560420847,6.920342923176201,-0.07232858465524868,0.0185041417584901,-0.0013225641361768582,0.9972083149491162,1.8905456959616895,-2.800383749917958,0.7255024560307413,-0.2798349010357487,-0.056940084528583255,-0.010370516411455147,0.0,0.0,0.0,0.0,nan,nan,0.0,0.0,0.0,0.0,0.0
2.08,-2.446900719376609,-0.3425254758459148,6.926930718118514,-0.046692236968000574,0.03554384196548477,0.006041333277194597,0.9982584698350875,1.8008394467571407,-2.8114309009389835,0.9178350388199646,-0.3855602950016604,-0.06494755311589813,-0.014284914421719232,-2.5809158584947927,-0.19395892029580714,6.9417750463908865,-0.075124279691585,0.017932208762328754,-0.0013348842578431224,0.9970120343174113,1.8993027809236316,-2.7763613667365665,0.7052610452743995,-0.28009979966271836,-0.057094102611894584,-0.010062214505253578,0.0,0.0,0.0,0.0,nan,nan,0.0,0.0,0.0,0.0,0.0
2.1,-2.4106967741694185,-0.39346039266626237,6.94664411456603,-0.05017911538217258,0.035012425276232405,0.006052789636508584,0.9981079852367454,1.806328261305487,-2.7848435276215686,0.8883039348124383,-0.3511023261685663,-0.04385608291593226,-0.014383304138675407,-2.5426930197448967,-0.24754010937458443,6.963551028000367,-0.07791936008390567,0.017360129050287422,-0.0013471934578922471,0.996807596436373,1.9080598658855736,-2.7523389835551755,0.6850196345180578,-0.280364698289688,-0.057248120695205906,-0.00975391259905201,0.0,0.0,0.0,0.0,nan,nan,0.0,0.0,0.0,0.0,0.0
2.12,-2.372531488929754,-0.44641017115416987,6.967210012727733,-0.05340759498212869,0.034722755608807616,0.006034506954114481,0.9979506720108848,1.811274035450592,-2.754491525369707,0.8654337953166991,-0.29681943123885196,-0.011434256264751334,-0.014478751742610133,-2.504486311488303,-0.30099210018265987,6.985670131126436,-0.08071380296371272,0.016787907302948376,-0.0013594916356141,0.9965950029786499,1.9168169508475157,-2.728316600373784,0.6647782237617161,-0.2806295969166576,-0.057402138778517235,-0.00944561069285044,0.0,0.0,0.0,0.0,nan,nan,0.0,0.0,0.0,0.0,0.0
2.14,-2.3343118807954664,-0.4986565016417912,6.987580290585568,-0.056107327574679164,0.034694892240675484,0.005985600620839382,0.9978037907474814,1.8157374313682637,-2.7221810804503304,0.8446167770434568,-0.24615371015203155,0.009182488468503293,-0.014126731604739318,-2.465299416860114,-0.3508844098301263,7.004749325515955,-0.08351900825854867,0.016208131776297742,-0.0013488046792572022,0.996373450293497,1.923680452085192,-2.6960276972997974,0.645843992106777,-0.28069772148739613,-0.05751281948660346,-0.009123100695052481,0.0,0.0,0.0,0.0,nan,nan,0.0,0.0,0.0,0.0,0.0
2.16,-2.296035184454095,-0.5501688125025924,7.007839168879788,-0.0582371261280797,0.0349370472433,0.005904851097759066,0.9976737806536639,1.8195005235015522,-2.687718853178966,0.8362306565119212,-0.1834930456885495,0.04013619841293747,-0.013819223307398789,-2.4261102583476952,-0.4006130632068914,7.024106841529871,-0.08632368170043171,0.015628120127131735,-0.0013377896170031441,0.996143661405279,1.93051782766133,-2.663624741544619,0.6269277955238209,-0.28076313117823426,-0.05762290227151228,-0.008800394669063426,0.0,0.0,0.0,0.0,nan,nan,0.0,0.0,0.0,0.0,0.0
2.18,-2.257699057823681,-0.6009307060251342,7.028009018876807,-0.05986322059133656,0.03542617206650283,0.0057959151373373225,0.9975609197040892,1.8230667823134754,-2.6520355824621604,0.8280032977825649,-0.14750266410745982,0.0593982984509151,-0.013488966032059839,-2.386932944501964,-0.4502236536325559,7.043788557289861,-0.08912764249449365,0.01504797945953721,-0.0013267635105855744,0.9959056488222897,1.937355203237468,-2.631221785789441,0.608011598940865,-0.2808285408690725,-0.057732985056421104,-0.008477688643074372,0.0,0.0,0.0,0.0,nan,nan,0.0,0.0,0.0,0.0,0.0
2.2,-2.219300590843002,-0.6509360990896111,7.048075270337356,-0.06122677645446392,0.036115803285815165,0.0056677126883008955,0.9974541631728739,1.8264716737886555,-2.615517332296408,0.822848395165044,-0.12720604612825157,0.07836683392077053,-0.013293017547829548,-2.347767869067479,-0.499714360751885,7.063793789426649,-0.0919308674925495,0.014467714562883373,-0.0013157264510308543,0.9956594145094497,1.9441925788136056,-2.598818830034263,0.5890954023579089,-0.28089395055991057,-0.05784306784132992,-0.008154982617085318,0.0,0.0,0.0,0.0,nan,nan,0.0,0.0,0.0,0.0,0.0
2.22,-2.1808386970907407,-0.700193657121413,7.067944908015416,-0.06243929479413038,0.03691052762766103,0.005531870490275844,0.9973506634202126,1.8301850098468238,-2.578742135540699,0.8115276619589323,-0.11532020687536708,0.08315996862898475,-0.012728540636407559,-2.308615425384661,-0.5490833681684378,7.0841218438877895,-0.09473333355248868,0.013887330227565003,-0.0013046785294557703,0.9954049604995538,1.9510299543897438,-2.566415874279085,0.5701792057749528,-0.28095936025074875,-0.05795315062623874,-0.007832276591096265,0.0,0.0,0.0,0.0,nan,nan,0.0,0.0,0.0,0.0,0.0
2.24,-2.142309497068153,-0.7487051173017585,7.087574953650638,-0.0635300431561795,0.037786917808922856,0.005391372198028483,0.9972497257783016,1.8339997441815739,-2.5414573411960464,0.802798018691674,-0.10282162404885495,0.09251734269634763,-0.012233971566661629,-2.2694760063768054,-0.5983288635045476,7.104772015960576,-0.0975350175384661,0.013306831244962913,-0.0012936198370667804,0.995142288893255,1.9578673299658818,-2.5340129185239064,0.5512630091919968,-0.2810247699415869,-0.058063233411147566,-0.00750957056510721,0.0,0.0,0.0,0.0,nan,nan,0.0,0.0,0.0,0.0,0.0
2.26,-2.1017764644283092,-0.7988421212969556,7.107884026565216,-0.06460125639250677,0.03872190242975891,0.005247416429149967,0.9971458050684209,1.838428415614927,-2.5021253857118966,0.7907988312078701,-0.10213943749701464,0.08852381405550863,-0.01146898280321276,-2.2303500045371063,-0.6474490384611694,7.125743590295314,-0.10033589632109295,0.012726222407404392,-0.001282550465159261,0.9948714018590465,1.9647047055420195,-2.5016099627687294,0.5323468126090412,-0.28109017963242505,-0.05817331619605639,-0.007186864539118164,0.0,0.0,0.0,0.0,nan,nan,0.0,0.0,0.0,0.0,0.0
2.2800000000000002,-2.0650264764382023,-0.8434852406017966,7.126048762959256,-0.06557842094801883,0.03956879888511144,0.005122903989212971,0.9970494153829447,1.8425358588759746,-2.4661482901810436,0.7863518688996218,-0.10185577224261505,0.09058364828246465,-0.010968043473759105,-2.1905315987328438,-0.6922633760513691,7.143794219513843,-0.10313318551781459,0.012141992665263071,-0.0012497070319831844,0.9945926584745127,1.969784347451969,-2.4616067501894094,0.5156705041735211,-0.28095446976321103,-0.058241683862076954,-0.006856689876431073,0.0,0.0,0.0,0.0,nan,nan,0.0,0.0,0.0,0.0,0.0
2.3,-2.0243138385370405,-0.8920225389901943,7.145931405556719,-0.06663536526832267,0.040468166939346226,0.004994374304416852,0.9969438859762539,1.847454183855813,-2.426168267248142,0.7813874690761291,-0.09770547184894161,0.08496170448084743,-0.01012611877090325,-2.1506600505764766,-0.7365968213693366,7.161854528256768,-0.10592938045875105,0.011557352171538313,-0.0012149303567090904,0.9943057466949673,1.9747086827857667,-2.4209320081924472,0.49919210362691135,-0.28080098974436085,-0.05830636574087453,-0.00652585531377371,0.0,0.0,0.0,0.0,nan,nan,0.0,0.0,0.0,0.0,0.0
2.32,-1.985437378927062,-0.9374455108571278,7.16475702060543,-0.06765103649602107,0.041314868432385056,0.0048790462590034365,0.9968413182723874,1.8523055083362256,-2.387817331109056,0.781146400119094,-0.10641039812559673,0.08311755432694057,-0.009651668449596643,-2.1107979151293152,-0.7808176604788566,7.18020928306523,-0.10872470211380311,0.010972616398557965,-0.0011801436655024316,0.9940106378206239,1.9796330181195643,-2.3802572661954837,0.48271370308030115,-0.28064750972551056,-0.05837104761967207,-0.006195020751116338,0.0,0.0,0.0,0.0,nan,nan,0.0,0.0,0.0,0.0,0.0
2.34,-1.9484083669324235,-0.9798758904823658,7.18250048688714,-0.06877569174726236,0.042008761599475614,0.00478917151598444,0.9967357884664093,1.8574989982042842,-2.3516764218783472,0.7745628001487094,-0.13066428865624874,0.06632754174965477,-0.009090187824167786,-2.070945557376341,-0.8249242423018864,7.198857835273217,-0.11151912743823139,0.010387790166906228,-0.0011453472451460286,0.9937073342843716,1.9845573534533623,-2.339582524198521,0.4662353025336911,-0.2804940297066604,-0.05843572949846964,-0.005864186188458968,0.0,0.0,0.0,0.0,nan,nan,0.0,0.0,0.0,0.0,0.0
2.36,-1.9073689409155345,-1.0259571780862948,7.20191227248523,-0.0703780049468697,0.042630618133407815,0.004717683959412421,0.9965978678862008,1.8636867811032873,-2.311999333756982,0.7652401207456339,-0.17240383482897786,0.05257175254424021,-0.008981084982835293,-2.031103341980104,-0.8689149195281433,7.217799526526424,-0.11431263339468621,0.00980287829791304,-0.001110541382502909,0.9933958385866563,1.9894816887871603,-2.2989077822015576,0.44975690198708096,-0.2803405496878102,-0.058500411377267206,-0.005533351625801598,0.0,0.0,0.0,0.0,nan,nan,0.0,0.0,0.0,0.0,0.0
2.38,-1.870136221243356,-1.0669179083791693,7.219223691628391,-0.07218584086312463,0.043003606779841205,0.0046846283545911305,0.9964526824892328,1.869882943943399,-2.2763576844503435,0.7497866546181207,-0.20558691478414154,0.030822162742308545,-0.008536381597724067,-1.9912716332686995,-0.9127880486694235,7.237033688803971,-0.11710519695339702,0.009217885613614332,-0.0010757263645139409,0.9930761532954605,1.994406024120958,-2.2582330402045945,0.43327850144047086,-0.28018706966895995,-0.05856509325606477,-0.005202517063144227,0.0,0.0,0.0,0.0,nan,nan,0.0,0.0,0.0,0.0,0.0
2.4,-1.8288689923394588,-1.1113697659941797,7.238082583349903,-0.07450003254464778,0.04325774724372836,0.004677114123279011,0.9962713671774984,1.8769300208465958,-2.23664997570312,0.7345163081743213,-0.23317389891521328,0.019225092361201505,-0.008129779898749804,-1.9514507952237523,-0.9565419901138001,7.256559644440426,-0.11989679509236247,0.008632816936712277,-0.0010409024781954715,0.9927482810462822,1.999330359454756,-2.217558298207631,0.41680010089386077,-0.2800335896501097,-0.05862977513486233,-0.004871682500486856,0.0,0.0,0.0,0.0,nan,nan,0.0,0.0,0.0,0.0,0.0
2.42,-1.7914266556862457,-1.15083471708068,7.254893191962889,-0.07681819334203922,0.04333258622507132,0.0046971088845734294,0.9960919582602995,1.8835913220942775,-2.20038542277819,0.7183656134107688,-0.25403902941588175,0.0009591682789757633,-0.007471902643776134,-1.9111910680874336,-0.9953823641887256,7.2733416890666405,-0.12267120368393909,0.008047577843548604,-0.0009859978860992293,0.992414248227903,2.0026662643947533,-2.170021868719228,0.40330863090510166,-0.2597056075506924,-0.08460239222421387,-0.004548251403926051,0.0,0.0,0.0,0.0,nan,nan,0.0,0.0,0.0,0.0,0.0
2.44,-1.7519007300917215,-1.1915739899103868,7.272411924074259,-0.07942618547489039,0.04327632676061318,0.004741822990481004,0.9958896302892927,1.890526167189661,-2.1614247613675133,0.7077716558890333,-0.26691871063591127,-0.010272285539193057,-0.006873177318967909,-1.8708601151168287,-1.0332800974338168,7.289853512146711,-0.12544178172634252,0.007462255842343947,-0.0009275775981982237,0.9920724841133652,2.005724586714987,-2.121286340298125,0.3903391353210992,-0.2358520752214297,-0.11510249289514887,-0.004226114083612818,0.0,0.0,0.0,0.0,nan,nan,0.0,0.0,0.0,0.0,0.0
2.46,-1.7122582739273668,-1.2314692630877357,7.289775969251195,-0.08217293266871543,0.043033316126414534,0.004814554806575315,0.9956769370141106,1.8976995413733424,-2.121902643373613,0.6937260330100046,-0.285526547704262,-0.03358975957912605,-0.006178308406478553,-1.8305365882646658,-1.0710726854740804,7.306622463380542,-0.12821133880809796,0.006876873106434671,-0.0008691497608171912,0.9917226456000722,2.0087829090352205,-2.072550811877021,0.3773696397370967,-0.21199854289216696,-0.14560259356608385,-0.0039039767632995832,0.0,0.0,0.0,0.0,nan,nan,0.0,0.0,0.0,0.0,0.0
2.48,-1.6725017529526722,-1.2705039531965274,7.306985450643272,-0.08519547785733927,0.04261315750310775,0.004917303610509841,0.9954404399488084,1.9048782005960352,-2.0818161615689914,0.6795938490129397,-0.3199855318556808,-0.04807587790943313,-0.006043411833848388,-1.7902208115354803,-1.1087586966863765,7.32364794310036,-0.13097985238800147,0.006291434400204133,-0.0008107148494956359,0.9913647355353317,2.0118412313554543,-2.0238152834559173,0.3644001441530942,-0.18814501056290422,-0.17610269423701885,-0.0035818394429863497,0.0,0.0,0.0,0.0,nan,nan,0.0,0.0,0.0,0.0,0.0
2.5,-1.6306432434789115,-1.310559861891452,7.324809917402528,-0.08872380785028998,0.0419381220029209,0.005063201089244264,0.9951601096497702,1.9126524847306479,-2.0392087967836154,0.656368737441649,-0.3531930891931079,-0.07415497659467277,-0.005699249230080618,-1.7499131086814972,-1.146336702917238,7.340929343286951,-0.13374729993334192,0.005705944488491231,-0.0007522733398306364,0.990998756832145,2.0148995536756877,-1.9750797550348134,0.3514306485690917,-0.16429147823364149,-0.20660279490795386,-0.0032597021226731153,0.0,0.0,0.0,0.0,nan,nan,0.0,0.0,0.0,0.0,0.0
2.52,-1.5926778356715905,-1.3459669245644905,7.340683862677187,-0.09221284691608493,0.04116503641378925,0.005222572443123514,0.9948743415013568,1.9195186765533452,-1.9998144736162042,0.6350351009835832,-0.38217046742926547,-0.08639556501110146,-0.0057820473842839434,-1.7096138031920924,-1.1838052795293668,7.358466047589454,-0.13651365892008474,0.005120408136551618,-0.0006938257074729749,0.990624712469184,2.017957875995921,-1.9263442266137099,0.33846115298508916,-0.1404379459043788,-0.23710289557888883,-0.002937564802359882,0.0,0.0,0.0,0.0,nan,nan,0.0,0.0,0.0,0.0,0.0
2.54,-1.5526272993543007,-1.382368594430358,7.35708864207548,-0.09612970406183353,0.040172291623071635,0.005418003649928103,0.9945430670509874,1.926662664182188,-1.9573547430930327,0.6082578708350628,-0.4030843723534517,-0.1054057117924259,-0.005566424716639831,-1.6693232182832596,-1.2211630054480136,7.376257431345423,-0.13927890683305488,0.004534830110018925,-0.0006353724281232657,0.9902426054907656,2.021016198316155,-1.8776086981926061,0.3254916574010867,-0.11658441357511606,-0.26760299624982387,-0.0026154274820466474,0.0,0.0,0.0,0.0,nan,nan,0.0,0.0,0.0,0.0,0.0
2.56,-1.510484856618959,-1.4195935319946673,7.374023142795492,-0.10040063230562085,0.039017427095508206,0.005641210906433747,0.9941657458165553,1.9335907364585445,-1.9111830912831373,0.5854600918276633,-0.4123544565262326,-0.11204894993557087,-0.005529380729043673,-1.6286823261074763,-1.2531303364366801,7.39118912941543,-0.13944181258823807,0.000603980018851139,-9.876324054837666e-05,0.9902300774850589,2.024494470018318,-1.8212601455836956,0.3098650324492831,-0.11707501768517949,-0.2584323373026991,-0.0014052311798004205,0.0,0.0,0.0,0.0,nan,nan,0.0,0.0,0.0,0.0,0.0
2.58,-1.4702719732084515,-1.4540621976454706,7.389902560370321,-0.10448051926320559,0.03780816272994258,0.005867290985385046,0.9937906916559291,1.939781235718744,-1.8656557243373546,0.5642914920689177,-0.40815832422863146,-0.1238981575328774,-0.005229441361586318,-1.5879904214054243,-1.2835455338160957,7.405600504789402,-0.13888350929920637,-0.004250328054049117,0.0005698405964009315,0.990299439986646,2.028088668311028,-1.762810025557796,0.29350490969629833,-0.12428579536536888,-0.23831060638156748,5.011288170081712e-05,0.0,0.0,0.0,0.0,nan,nan,0.0,0.0,0.0,0.0,0.0
2.6,-1.4320058672477594,-1.4858767634992913,7.404833019546616,-0.10832067667549455,0.03659201234370796,0.006089257162763746,0.9934236641958991,1.9450767954829111,-1.820895981079103,0.5497739145848436,-0.4054583193117433,-0.1308479498119146,-0.0051525530230723884,-1.5473547206894096,-1.313868269730671,7.4203610804574645,-0.13832182727276016,-0.009104532725598895,0.0012384305703527314,0.9903447106303418,2.031682866603739,-1.7043599055318965,0.27714478694331357,-0.13149657304555826,-0.21818887546043592,0.0015054569432020547,0.0,0.0,0.0,0.0,nan,nan,0.0,0.0,0.0,0.0,0.0
2.62,-1.3916684472221292,-1.5183623450127077,7.420378579388917,-0.11231389463306568,0.03510226253576481,0.006347133016227534,0.993032292596619,1.9504328854987794,-1.772431283095284,0.5314898539056013,-0.40164958028921255,-0.16305414940967206,-0.004693404217885215,-1.5067787608100855,-1.3440990919577858,7.4354704135805125,-0.13775678017341636,-0.01395851590342694,0.0019069904159493035,0.9903658883148088,2.0352770648964498,-1.645909785505997,0.26078466419032875,-0.13870735072574764,-0.1980671445393043,0.0029608010047032923,0.0,0.0,0.0,0.0,nan,nan,0.0,0.0,0.0,0.0,0.0
2.64,-1.3492631097431969,-1.5513334055526071,7.436523956520787,-0.11651954737161886,0.0331962293096568,0.006660506469285521,0.9926111238010111,1.9555858610457346,-1.7200187576815584,0.5144145827106974,-0.40520927540203977,-0.19773894652158058,-0.004425385445704991,-1.4662660728046764,-1.3742385572190154,7.450928027381572,-0.13718838174755713,-0.018812159500550464,0.002575503868565888,0.9903629725248392,2.03887126318916,-1.5874596654800972,0.24442454143734396,-0.14591812840593704,-0.17794541361817268,0.00441614506620453,0.0,0.0,0.0,0.0,nan,nan,0.0,0.0,0.0,0.0,0.0
2.66,-1.3108657827645558,-1.5801411454410539,7.45094810727262,-0.12030671687241536,0.031087200267516026,0.006992369149440219,0.9922252701017981,1.9599251863188194,-1.6713033701510918,0.49574001524887296,-0.399215708920743,-0.24088062763827903,-0.00392970540731491,-1.4258201815533682,-1.404287231125956,7.466733411192188,-0.13661664582309493,-0.023665345438247942,0.0032439546647063658,0.990335963331368,2.0424654614818705,-1.5290095454541979,0.2280644186843592,-0.1531289060861264,-0.15782368269704108,0.005871489127705767,0.0,0.0,0.0,0.0,nan,nan,0.0,0.0,0.0,0.0,0.0
2.68,-1.2684103829395001,-1.6108110881347109,7.466727780462955,-0.1243694918713431,0.028342056962186318,0.007410868798995192,0.9918034262506156,1.9639015876693218,-1.6157927608329954,0.47969702873941333,-0.3813578092294034,-0.27853195116244706,-0.003405721865322911,-1.385444605436301,-1.434245688125184,7.482886020502127,-0.13604158630913668,-0.028517955648931725,0.0039123265423989155,0.990284861391471,2.0460596597745813,-1.470559425428298,0.21170429593137438,-0.1603396837663158,-0.1377019517759095,0.007326833189207005,0.0,0.0,0.0,0.0,nan,nan,0.0,0.0,0.0,0.0,0.0
2.7,-1.2279818171977706,-1.6388479997907144,7.481611001540366,-0.12797919900835056,0.02533648810375847,0.0078576648797743,0.9914220312734564,1.9668745349837418,-1.5613767711795898,0.46430728710779634,-0.3515068006468071,-0.3170850462278633,-0.002749683488979124,-1.3463220530083082,-1.4588276485273293,7.49892296138008,-0.13859073830038926,-0.028288992515933784,0.003920846546083495,0.9899378602327262,2.0281851007976432,-1.4230106247171916,0.23563580255706032,-0.19519981183297147,-0.0663994415486355,0.006231699460163896,0.0,0.0,0.0,0.0,nan,nan,0.0,0.0,0.0,0.0,0.0
2.7199999999999998,-1.1896003165020417,-1.664377857850688,7.4957015146819925,-0.13111533245638238,0.022246727036578165,0.008309518686442039,0.9910826426843585,1.9685065047610733,-1.5082375424200634,0.4572511240304739,-0.31752473372275203,-0.33217003458437117,-0.0023606002034895768,-1.3076444809842576,-1.4812409736157954,7.514829553590801,-0.14237702266468838,-0.026045070987221603,0.0036677174083179043,0.9894629783591815,2.001798980932058,-1.379783790198588,0.2755414362573584,-0.24102187525480745,0.025194337237927744,0.004125396489384955,0.0,0.0,0.0,0.0,nan,nan,0.0,0.0,0.0,0.0,0.0
2.74,-1.1492504114479982,-1.6900474751441974,7.510549956034195,-0.13396081317927794,0.018790344086464936,0.008808728899003464,0.9907693120987562,1.9690356167555718,-1.4508891076746513,0.4553251063519059,-0.26578556999856284,-0.36067297165958334,-0.0015739947751921557,-1.2689280928137157,-1.503584503693835,7.530739907000924,-0.14616050779417242,-0.02380063739365427,0.003414516160586313,0.9889686429308032,1.9754128610664718,-1.3365569556799826,0.31544706995765814,-0.2868439386766455,0.11678811602449507,0.0020190935186059204,0.0,0.0,0.0,0.0,nan,nan,0.0,0.0,0.0,0.0,0.0
2.76,-1.1089793931886247,-1.7143834980487482,7.525689100305514,-0.1363645649016076,0.014982096521802329,0.009354266708074746,0.9905012568984257,1.9680975259870708,-1.3921573872556021,0.4739763029591373,-0.2269666043103971,-0.4060682619642989,-0.0009994561847845168,-1.2301727807098466,-1.5258582645694363,7.546653321315373,-0.14994111930279827,-0.02155573586241303,0.0031612477810076477,0.988454863666582,1.9490267412008866,-1.2933301211613792,0.3553527036579562,-0.3326660020984814,0.2083818948110584,-8.720945217302123e-05,0.0,0.0,0.0,0.0,nan,nan,0.0,0.0,0.0,0.0,0.0
2.7800000000000002,-1.0668154570955128,-1.7384096406622915,7.54214866633023,-0.13841995983924418,0.01039313116413217,0.010008415249317936,0.9902685136703602,1.966061766096138,-1.3294696361878182,0.5009121313431255,-0.17937656116175535,-0.4691556473009923,-0.00043673930990814624,-1.1913784399468816,-1.5480622875374166,7.562569095998361,-0.15371878286102086,-0.019310410529878707,0.0029079172490206495,0.9879216506677878,1.9226406213353002,-1.2501032866427737,0.395258337358256,-0.37848806552031944,0.2999756735976257,-0.002193512422952056,0.0,0.0,0.0,0.0,nan,nan,0.0,0.0,0.0,0.0,0.0
2.8,-1.0248236601657608,-1.760783976817153,7.559431057519479,-0.13993754632180966,0.005229892716940772,0.010741092005600717,0.990088258840659,1.9627281397768064,-1.2657947117682031,0.5390602294705222,-0.11754660908706387,-0.5191018976297358,-0.0002136548059970822,-1.152544968868371,-1.5701966093769517,7.578486530328474,-0.15749342419725348,-0.017064705540764797,0.002654529545286065,0.9873690144177728,1.896254501469715,-1.2068764521241702,0.435163971058554,-0.4243101289421555,0.39156945238418894,-0.004299815393730996,0.0,0.0,0.0,0.0,nan,nan,0.0,0.0,0.0,0.0,0.0
2.82,-0.9890090566574697,-1.7786453146417098,7.574882545171823,-0.14056970503341193,0.000398035045424154,0.011426505354138038,0.990004764923035,1.9590903142314275,-1.2105372546672335,0.5652654837934727,-0.03860293944304855,-0.5587081743516928,3.8858015870363305e-05,-1.1136722688951641,-1.5922612723486915,7.594404923453779,-0.16126496909932891,-0.01481866504724873,0.0024010896515886415,0.9867969657817635,1.8698683816041293,-1.1636496176055657,0.4750696047588529,-0.4701321923639924,0.48316323117075427,-0.006406118364509984,0.0,0.0,0.0,0.0,nan,nan,0.0,0.0,0.0,0.0,0.0
2.84,-0.9494550384171707,-1.7970923447994522,7.592653973111012,-0.1403961724088075,-0.005222985619498686,0.012224254605653182,0.9900061630078426,1.9537329234464955,-1.1483936194170252,0.5917040038263973,0.05835359836529919,-0.5753738751357274,-0.00026521052756711683,-1.0750682646635499,-1.6065110700731542,7.610627812608918,-0.16620861293220482,-0.00941325722385174,0.0013374178643000476,0.9860447752962572,1.8696996734053086,-1.0953214893073375,0.5030976859244503,-0.46522083427060534,0.503183731257313,-0.006654538159289993,0.0,0.0,0.0,0.0,nan,nan,0.0,0.0,0.0,0.0,0.0
2.86,-0.9101961722638123,-1.814143135235428,7.610839195573054,-0.1392113104970131,-0.010987781684515573,0.013046306571645452,0.9901157879602749,1.9470519909701072,-1.0858137346314434,0.6034846920840997,0.1592661213243569,-0.5873080741188543,-0.0005954585305615046,-1.0364888455626415,-1.6165727767514007,7.626680198513753,-0.17177699598516763,-0.002295078249123209,-0.00016543866089114144,0.9851331731782214,1.8837400125746293,-1.013389215914632,0.5246884914074482,-0.4328134899746003,0.4844136703126004,-0.005896041238271235,0.0,0.0,0.0,0.0,nan,nan,0.0,0.0,0.0,0.0,0.0
2.88,-0.8693354710035555,-1.830647872679455,7.630105585686676,-0.13714703543714452,-0.01678586015382707,0.013872342652856333,0.9903113064481394,1.9377426146627674,-1.0203420921755921,0.6047289626634471,0.21105830095318606,-0.5252959128320337,-0.002548195195114733,-0.9977501180659625,-1.6266658054331724,7.642324059183273,-0.17733081836829798,0.004823295267816476,-0.001668281162681205,0.9841380662882374,1.8977803517439504,-0.9314569425219265,0.5462792968904462,-0.40040614567859517,0.46564360936788785,-0.005137544317252476,0.0,0.0,0.0,0.0,nan,nan,0.0,0.0,0.0,0.0,0.0
2.9,-0.8327089203754892,-1.844471622083144,7.647353763877476,-0.13513511660390545,-0.021166655010704402,0.014473576241974248,0.9904953248586662,1.9268375507152637,-0.9623529786410521,0.587783747613414,0.19107630835846584,-0.40239412638496563,-0.006499087139974935,-0.9588577966560244,-1.6367956221730686,7.657557665481275,-0.18286960931207535,0.01194125993833586,-0.0031709822526887516,0.9830595389764992,1.9118206909132711,-0.8495246691292209,0.567870102373444,-0.3679988013825901,0.4468735484231753,-0.004379047396233717,0.0,0.0,0.0,0.0,nan,nan,0.0,0.0,0.0,0.0,0.0
2.92,-0.7945152323042389,-1.858022115878265,7.664945848395379,-0.13373301971107174,-0.02397591931890729,0.014789400937487677,0.9906169332045972,1.9119971998386125,-0.9034483815198936,0.5580180001541748,0.07932013935409568,-0.16739923006635013,-0.013093090459315122,-0.9198176478917628,-1.6469676805525997,7.672379427369394,-0.1883928993211186,0.019058212408459327,-0.004673414554519156,0.9818976826643285,1.9258610300825922,-0.7675923957365152,0.5894609078564419,-0.3355914570865851,0.4281034874784628,-0.003620550475214959,0.0,0.0,0.0,0.0,nan,nan,0.0,0.0,0.0,0.0,0.0
2.94,-0.7548022252261138,-1.8712716417989546,7.682433539988715,-0.1337637165125879,-0.02419825294962279,0.014636548529071569,0.9906096527624201,1.8931167703068137,-0.8440209629199837,0.5171214507139281,-0.08804679785927765,0.12329422260851405,-0.020962295253998467,-0.8806354884533679,-1.657187419831136,7.686787894446196,-0.19390022021398268,0.026173549410010374,-0.006175450714561606,0.980652595836427,1.9399013692519134,-0.6856601223438097,0.6110517133394399,-0.30318411279058,0.4093334265337502,-0.0028620535541962005,0.0,0.0,0.0,0.0,nan,nan,0.0,0.0,0.0,0.0,0.0
2.96,-0.7192026528389627,-1.882457542098572,7.697203215693919,-0.13565033102318574,-0.021574296866861884,0.013996018580483157,0.9904229646327348,1.8737209874254483,-0.7920132635032984,0.48304071144892186,-0.29752217201877934,0.43019228199597825,-0.028077756245237784,-0.8413171831701256,-1.6674602631017137,7.700781756438951,-0.199391105162844,0.03328666781174767,-0.007676963412784241,0.9793243840325272,1.953941708421234,-0.603727848951104,0.6326425188224378,-0.270776768494575,0.39056336558903765,-0.002103556633177442,0.0,0.0,0.0,0.0,nan,nan,0.0,0.0,0.0,0.0,0.0
2.98,-0.6820478346164824,-1.893426155108829,7.711599045108154,-0.1398779330938006,-0.015807041935316388,0.0127887095480666,0.9899599740225646,1.8523449923369582,-0.7382384321496429,0.45399878350955897,-0.5308634154520808,0.7373929634281293,-0.034496657467936565,-0.8018686430319301,-1.6777916154523194,7.714359843647876,-0.20486508873307097,0.040396964670489324,-0.009177825373526405,0.9779131598384465,1.9679820475905552,-0.5217955755583985,0.6542333243054357,-0.23836942419856988,0.3717933046443251,-0.0013450597121586832,0.0,0.0,0.0,0.0,nan,nan,0.0,0.0,0.0,0.0,0.0
3.0,-0.6451914513964,-1.9035239883438866,7.724898154016171,-0.1464855202874388,-0.007025981604707624,0.011058557238195696,0.9891260466899142,1.8309836596245146,-0.6844790076962207,0.44219218389673504,-0.7658945921822958,1.04050212526036,-0.038579118383476996,-0.7622958231851484,-1.688186862133281,7.727521127342731,-0.2103217069226768,0.04750383728222151,-0.010677909376287192,0.9764190428765447,1.9820223867598759,-0.43986330216569286,0.6758241297884335,-0.20596207990256485,0.3530232436996125,-0.0005865627911399245,0.0,0.0,0.0,0.0,nan,nan,0.0,0.0,0.0,0.0,0.0
3.02,-0.6067618992338125,-1.9131026263601436,7.737832247887714,-0.15567682250938963,0.005045368220454831,0.008777381340314343,0.9877561585582277,1.8100810288727838,-0.62703089099059,0.44648691678232777,-0.9632972243278339,1.2913251271398523,-0.03859812953230457,-0.7226047209135116,-1.6986513667313854,7.740264720111612,-0.21576049720165036,0.054606683233186466,-0.012177088266509262,0.9748421597955828,1.996062725929197,-0.3579310287729872,0.6974149352714315,-0.17355473560655976,0.3342531827549,0.0001719341298788341,0.0,0.0,0.0,0.0,nan,nan,0.0,0.0,0.0,0.0,0.0
3.04,-0.5721638244291892,-1.9207583171385543,7.748792765133297,-0.1655106861725732,0.018000521192284652,0.0064126642540703205,0.9860228555853331,1.7931986040743664,-0.5735321208923168,0.4674987854370155,-1.093880547289385,1.483826711043164,-0.035263903467408264,-0.6800475904278178,-1.6970030127333549,7.749357554445508,-0.21523828953188143,0.05574240675811811,-0.012317369965926453,0.9748915556128922,2.0150880419763135,-0.27634202324808665,0.7038280375304579,-0.13490513041863775,0.29911179608865474,0.002201913949873697,0.0,0.0,0.0,0.0,nan,nan,0.0,0.0,0.0,0.0,0.0
3.06,-0.535830449615581,-1.9276815302050134,7.759654835014173,-0.1768092590204903,0.033351476218079795,0.003703888846348243,0.983672936583148,1.77826644752964,-0.515184830069761,0.4991766573246278,-1.170342496570102,1.6376553536605991,-0.028102167875960316,-0.6366942014781558,-1.6918605125827666,7.757536099457031,-0.21299819960410726,0.055156869473634476,-0.012065666214021189,0.9754198616052931,2.035551735819416,-0.1948520650991779,0.7058617270366075,-0.09445436753554684,0.2592465858248349,0.004598770651085086,0.0,0.0,0.0,0.0,nan,nan,0.0,0.0,0.0,0.0,0.0
3.08,-0.49765599794514565,-1.933605024756508,7.770329788751612,-0.18916028467006882,0.050694127713662676,0.0007482325672470191,0.9806364934403139,1.766476349029063,-0.45137169513235054,0.5407366494148002,-1.2015210250086676,1.7233502149532915,-0.017761814160564438,-0.5933528373606938,-1.6867339360970308,7.765788045269897,-0.2107568948796977,0.054571017611940414,-0.011813893647775011,0.9759426044672629,2.056015429662518,-0.11336210695026921,0.7078954165427572,-0.05400360465245596,0.21938137556101509,0.006995627352296476,0.0,0.0,0.0,0.0,nan,nan,0.0,0.0,0.0,0.0,0.0
3.1,-0.4611563091081031,-1.937903152696322,7.77973032620302,-0.20079557584278684,0.06774192954290148,-0.0020590430647465566,0.9772860011508532,1.7596939530478322,-0.3877376472016534,0.5825404202879776,-1.17202320246663,1.7501472202759683,-0.005364435698284098,-0.5500235740990813,-1.6816236274652785,7.774113303861623,-0.2085143881415281,0.053984854514335864,-0.011562053703127136,0.9764597812174325,2.07647912350562,-0.03187214880136047,0.7099291060489068,-0.013552841769365068,0.17951616529719527,0.009392484053507864,0.0,0.0,0.0,0.0,nan,nan,0.0,0.0,0.0,0.0,0.0
3.12,-0.42624169344756957,-1.9407129279858084,7.787920498991739,-0.21139018300294604,0.08379470525585571,-0.004601790964270347,0.9737923091814734,1.7577881955918764,-0.32461198461229945,0.6271132200199014,-1.1219171447221443,1.694182430665319,0.007832581647342574,-0.5067064874409071,-1.6765299305055186,7.782511785537221,-0.20627069217932933,0.05339838352389585,-0.011310147816401052,0.976971388906178,2.0969428173487223,0.04961780934754825,0.7119627955550565,0.026897921113725812,0.13965095503337546,0.011789340754719253,0.0,0.0,0.0,0.0,nan,nan,0.0,0.0,0.0,0.0,0.0
3.14,-0.38912050001581655,-1.9422598317416213,7.7957401059652005,-0.22172466178473088,0.09984804546538974,-0.0070188496385405206,0.9699583897894485,1.7610676404415193,-0.25518371567390286,0.6773401496572413,-1.0285894197733112,1.5920294016765772,0.022887981303270688,-0.4634016528559731,-1.6714531886567938,7.79098339893125,-0.20402581978961468,0.0528116079854514,-0.011058177424296335,0.9774774246156375,2.1174065111918248,0.13110776749645697,0.713996485061206,0.0673486839968167,0.09978574476955565,0.014186197455930642,0.0,0.0,0.0,0.0,nan,nan,0.0,0.0,0.0,0.0,0.0
3.16,-0.35149135725900205,-1.9422527481338794,7.802796476814962,-0.2310758899140831,0.11472192125829188,-0.009110984118055864,0.9661054827769179,1.7695932648399573,-0.1829459564879922,0.7367880883250858,-0.9364278762308004,1.4417492208284282,0.0379634206678065,-0.4201091455345709,-1.6663937449713455,7.799528051009896,-0.20177978377560707,0.05222453124557044,-0.01080614396388046,0.9779778854597283,2.1378702050349268,0.21259772564536572,0.7160301745673557,0.10779944687990756,0.059920534505735826,0.01658305415714203,0.0,0.0,0.0,0.0,nan,nan,0.0,0.0,0.0,0.0,0.0
3.18,-0.31322135791740463,-1.9405792528032584,7.809162348917458,-0.23930182412945164,0.1278456868633437,-0.010763180786312656,0.9624314371726009,1.7838841984537572,-0.10792126374289782,0.8009027247583743,-0.81005623717502,1.2507034067637246,0.053055954458055166,-0.3768290403857681,-1.6613519421067884,7.808145647073097,-0.19953259694716596,0.05163715665253882,-0.010554048872580601,0.9784727685841625,2.1583338988780287,0.2940876837942744,0.7180638640735054,0.14825020976299846,0.020055324241916014,0.01897991085835342,0.0,0.0,0.0,0.0,nan,nan,0.0,0.0,0.0,0.0,0.0
3.2,-0.27219975026747184,-1.9368869952811856,7.815225023403374,-0.2465580358621103,0.13966806882638041,-0.01203608594642902,0.9589353983127423,1.804638154787685,-0.02624071117211789,0.8764641790165129,-0.6772781859446964,1.0458068249079848,0.06775927131911283,-0.3335614120356975,-1.6563281223182926,7.8168360907567,-0.19728427212071414,0.05104948755634104,-0.01030189358817543,0.9789620711664639,2.1787975927211307,0.37557764194318316,0.720097553579655,0.18870097264608934,-0.019809886021903797,0.02137676755956481,0.0,0.0,0.0,0.0,nan,nan,0.0,0.0,0.0,0.0,0.0
3.22,-0.2322167954853759,-1.9314323470948398,7.820463678308042,-0.2520550795803602,0.14880483799535693,-0.01277054643295008,0.9561183348261437,1.8304180610099787,0.054428469275202854,0.947972540391942,-0.5202452662828736,0.8197778291347767,0.08077931842404665,-0.29030633482585655,-1.6513226274507755,7.825599284034664,-0.19503482211916495,0.05046152730864136,-0.010049679548786921,0.979445790415984,2.1992612865642327,0.4570676000920919,0.7221312430858046,0.22915173552918022,-0.05967509628572361,0.0237736242607762,0.0,0.0,0.0,0.0,nan,nan,0.0,0.0,0.0,0.0,0.0
3.24,-0.1933155368398356,-1.9244227719629836,7.825007676007771,-0.2558505952823411,0.15550511215686155,-0.013058708047104534,0.9540377891524497,1.860249093181966,0.13383214458906043,1.0166705220370391,-0.36850572529448294,0.6061913926393743,0.0915702686276594,-0.24360565016091928,-1.6338770705465107,7.828455620656396,-0.19271337768125318,0.049853675330834256,-0.009816849112554584,0.9799386687911604,2.2183114069587773,0.530955957382588,0.7162668395868741,0.23365294426775784,-0.06366010037674251,0.023786392855860997,0.0,0.0,0.0,0.0,nan,nan,0.0,0.0,0.0,0.0,0.0
3.26,-0.15134057013533267,-1.9150840728889942,7.829339118286599,-0.25824549051255924,0.16036577574029212,-0.012937316429810353,0.9525884265750539,1.8976825526874928,0.22058172801040973,1.0819368297890857,-0.185744328663504,0.36725646669597783,0.10129693759312451,-0.19654765152422493,-1.6150931536379651,7.830816696056577,-0.19038320223174116,0.049243429538482104,-0.00958603260394182,0.9804271665627144,2.237210756041293,0.60403353024861,0.7095600279017169,0.2343197845476373,-0.06381813264253297,0.023544875342135063,0.0,0.0,0.0,0.0,nan,nan,0.0,0.0,0.0,0.0,0.0
3.2800000000000002,-0.10828876009248539,-1.9037425175031553,7.83316392400427,-0.25892929569350415,0.16301029587390403,-0.012423665188605633,0.9519605642115905,1.9412596764463597,0.3106598720403503,1.133634218535786,-0.007698352064380055,0.1380777473757803,0.10899858925220808,-0.14950131127992278,-1.5962989667437626,7.83332385695428,-0.1880518665824471,0.04863288365549409,-0.009355157677817385,0.9809096895876969,2.256110105123809,0.6771111031146351,0.7028532162165593,0.23498662482751673,-0.06397616490832342,0.023303357828409116,0.0,0.0,0.0,0.0,nan,nan,0.0,0.0,0.0,0.0,0.0
3.3,-0.06420127633103412,-1.8904976867327528,7.836315008200689,-0.2578721400560772,0.1634325517008422,-0.011543779112424232,0.9521861696072118,1.9910519405835339,0.40406213160158794,1.1629664700254896,0.1792752117081011,-0.09274123500915585,0.11483103813802797,-0.1024668095810431,-1.5774952116745822,7.835977136509843,-0.18571938494058643,0.04802204140255146,-0.009124225741138612,0.9813862349256008,2.275009454206324,0.7501886759806569,0.6961464045314021,0.2356534651073961,-0.06413419717411387,0.02306184031468318,0.0,0.0,0.0,0.0,nan,nan,0.0,0.0,0.0,0.0,0.0
3.32,-0.016874082138710483,-1.8746870678166534,7.838689507197361,-0.25502707022376586,0.16166814800965135,-0.010279409114318006,0.9532675055410585,2.048970100925386,0.5049016593657684,1.1702560588094728,0.34426108036965125,-0.30508886590651046,0.11828045710739019,-0.055444326292031665,-1.5586825904743353,7.8387765643218055,-0.18338577152035773,0.04741090650214145,-0.008893238201210229,0.9818567996723478,2.29390880328884,0.8232662488466804,0.6894395928462447,0.23632030538727555,-0.06429222943990431,0.022820322800957235,0.0,0.0,0.0,0.0,nan,nan,0.0,0.0,0.0,0.0,0.0
3.34,0.029116845945915994,-1.8579269273904562,7.839934809892308,-0.25086364293497737,0.15806929216158966,-0.008793099565721238,0.9549891166547152,2.1081722209448066,0.6025462599626499,1.159742087987996,0.48233446511063555,-0.4888598388557856,0.11926960389095459,-0.008434040984377389,-1.539861805403056,7.841722166426192,-0.18105104054285703,0.04679948267853475,-0.00866219646567582,0.9823213809603049,2.3128081523713555,0.8963438217127038,0.6827327811610873,0.23698714566715495,-0.06445026170569476,0.022578805287231295,0.0,0.0,0.0,0.0,nan,nan,0.0,0.0,0.0,0.0,0.0
3.36,0.07360615137835498,-1.8405021119269722,7.840216877004677,-0.24599383367107813,0.15321020762845441,-0.007165354416900419,0.957059205990064,2.1662744840506427,0.6951708956882151,1.1433167992450082,0.5555309078539741,-0.6248194998059217,0.1170038534657385,0.03856386706777132,-1.5210335589197808,7.844813965295869,-0.17871520623599063,0.046187773657762755,-0.008431101942509244,0.9827799759583025,2.331707501453871,0.9694213945787272,0.6760259694759299,0.23765398594703435,-0.06460829397148521,0.022337287773505354,0.0,0.0,0.0,0.0,nan,nan,0.0,0.0,0.0,0.0,0.0
3.38,0.12367975467288925,-1.8195111952379617,7.839669780110449,-0.23986241382645643,0.14647027371732554,-0.005179494004398096,0.9596799748834899,2.2310438309054037,0.7964480287321052,1.1245462207994417,0.6247342554929787,-0.7498292008794006,0.11152451923699128,0.08554921889197392,-1.5021985536654263,7.848051979840008,-0.1763782828343887,0.04557578316759485,-0.008199956040006047,0.983232581871652,2.350606850536387,1.0424989674447507,0.6693191577907724,0.23832082622691378,-0.06476632623727566,0.02209577025977941,0.0,0.0,0.0,0.0,nan,nan,0.0,0.0,0.0,0.0,0.0
3.4,0.16981140130727443,-1.7988868913184433,7.838638662789205,-0.23400639789801708,0.13951031446002207,-0.0032826396110528736,0.9621679178704955,2.2885632676380805,0.885994716071429,1.1128199200239473,0.6386660623785423,-0.8217050718490153,0.10393308783005961,0.13252183582186183,-1.483357492445661,7.8514362254036145,-0.1740402845793181,0.04496351493751569,-0.007968760166774875,0.9836791959421619,2.3695061996189026,1.1155765403107742,0.662612346105615,0.23898766650679318,-0.0649243585030661,0.02185425274605347,0.0,0.0,0.0,0.0,nan,nan,0.0,0.0,0.0,0.0,0.0
3.42,0.22170913335093456,-1.7742259329227896,7.837174797241966,-0.22710942724022748,0.13092461701168567,-0.001121816369435474,0.9650278722643157,2.350619349540949,0.9830785037294805,1.1014505149995815,0.6974341689229543,-0.9102093518694292,0.09467628602328265,0.17958575412174108,-1.4641396512927929,7.854753068757362,-0.17169971668049216,0.04435038457520551,-0.007738323132651021,0.984120098887816,2.3883442110032327,1.1883680055359538,0.6556658609430535,0.2396458901957097,-0.06508122098348247,0.021611341121546796,0.0,0.0,0.0,0.0,nan,nan,0.0,0.0,0.0,0.0,0.0
3.44,0.26945699855446753,-1.7502065086862943,7.835743702690397,-0.22038693466655124,0.12248027888393885,0.0008340740993591659,0.9676918335054764,2.4047417558104014,1.0692603596697903,1.0892767611428114,0.7484594117215787,-0.9713622017722552,0.08536608061324744,0.22987805209392972,-1.433355811125682,7.851609686052032,-0.1693111759111601,0.04371869796149263,-0.0075329339413014096,0.9845636881717545,2.405275695638448,1.252266540531774,0.6412697337293538,0.24003628901276344,-0.06520172365300941,0.021325097099944894,0.0,0.0,0.0,0.0,nan,nan,0.0,0.0,0.0,0.0,0.0
3.46,0.32046564480194856,-1.7232052753736498,7.834228578071735,-0.21257197456617005,0.11289338103812183,0.0028614996072467646,0.9705977807345422,2.459403104014786,1.1586747019634371,1.0678242437852843,0.8342556422314321,-1.0363935135946223,0.07571361642754604,0.28016132473390226,-1.4025362759390025,7.848678875740693,-0.166921561182219,0.04308673403521891,-0.007327496967714468,0.9850010322587774,2.4222071802736633,1.3161650755275947,0.6268736065156542,0.2404266878298172,-0.06532222632253637,0.021038853078342995,0.0,0.0,0.0,0.0,nan,nan,0.0,0.0,0.0,0.0,0.0
3.48,0.3721417569876241,-1.694538606110755,7.832691213531948,-0.2040607519415386,0.1028595499466399,0.004804317232561888,0.9735276272596263,2.510733851680962,1.2461253329818816,1.0292574015889244,0.8928521229996382,-1.0634460962132035,0.06575413860072929,0.3304352917787843,-1.3716820834637165,7.84596079740151,-0.1645308876512608,0.0424544968050018,-0.007122013514999752,0.9854321283747625,2.439138664908879,1.3800636105234152,0.6124774793019545,0.24081708664687088,-0.06544272899206333,0.020752609056741096,0.0,0.0,0.0,0.0,nan,nan,0.0,0.0,0.0,0.0,0.0
3.5,0.42697222625065223,-1.6628427441371396,7.830835551773386,-0.1943887862074726,0.09205113315831183,0.0067159303082254,0.9765728262455142,2.5602067986232817,1.3352777689142858,0.9631929770849742,0.9652520492367298,-1.0782072831666087,0.0556651724509567,0.38069967320180653,-1.3407942723101234,7.843455605215125,-0.16213917048259335,0.04182199028119233,-0.0069164848865616475,0.9858569737852192,2.456070149544094,1.4439621455192357,0.5980813520882549,0.24120748546392462,-0.06556323166159027,0.020466365035139197,0.0,0.0,0.0,0.0,nan,nan,0.0,0.0,0.0,0.0,0.0
3.52,0.4795966078733916,-1.6313396609198763,7.828576665275024,-0.1846656387233619,0.08177041680000657,0.008385069520178624,0.9793578975126448,2.6018705529039785,1.4163606515595704,0.8792879944390833,0.9984563692752882,-1.0614939740568046,0.04630852834492666,0.43095418921941026,-1.3098738819415099,7.8411634479607475,-0.15974642484714455,0.04118921847584968,-0.006710912386091087,0.9862755657953058,2.473001634179309,1.5078606805150563,0.5836852248745552,0.24159788428097834,-0.06568373433111722,0.02018012101353729,0.0,0.0,0.0,0.0,nan,nan,0.0,0.0,0.0,0.0,0.0
3.54,0.5325063467166125,-1.5987118931180588,7.8256566142644095,-0.1745633734673566,0.07164438636917295,0.009897842380350776,0.981986121725605,2.63745223263404,1.4928422547740745,0.7822569490239722,1.0255525071656606,-1.0318036978158132,0.03704597601912987,0.48119856029834546,-1.2789219526477758,7.839084469012378,-0.15735266592236594,0.04055618540271573,-0.006505297317557293,0.9866879017498466,2.4899331188145246,1.5717592155108768,0.5692890976608556,0.24198828309803205,-0.06580423700064418,0.019893876991935393,0.0,0.0,0.0,0.0,nan,nan,0.0,0.0,0.0,0.0,0.0
3.56,0.5829565990287477,-1.5667789943254011,7.822198437100881,-0.16512675985221786,0.06255563354790611,0.011160397940091167,0.9842232426690334,2.664703395353296,1.559892635645031,0.6873897086813694,0.9641815268288003,-0.948090504770372,0.027950508279714792,0.531432507162764,-1.247939525519039,7.83721880633517,-0.15495790889213648,0.039922895077189664,-0.006299640985199503,0.987093979033349,2.50686460344974,1.6356577505066974,0.554892970447156,0.2423786819150858,-0.06592473967017112,0.019607632970333494,0.0,0.0,0.0,0.0,nan,nan,0.0,0.0,0.0,0.0,0.0
3.58,0.6388610829990324,-1.5304875220528644,7.817673677774096,-0.15553785480909932,0.05346859814116947,0.012338761905906326,0.9863046383794569,2.68722295223666,1.6271246051803905,0.593488302479394,0.862490272654899,-0.8354898760887679,0.017311604422873966,0.5816557508013047,-1.2169276424192212,7.835566592481934,-0.15256216894666622,0.0392893515163024,-0.006093944693518694,0.9874937950700196,2.5237960880849553,1.699556285502518,0.5404968432334564,0.24276908073213951,-0.06604524233969808,0.01932138894873159,0.0,0.0,0.0,0.0,nan,nan,0.0,0.0,0.0,0.0,0.0
3.6,0.6895239430048362,-1.4967696881705725,7.813118690802353,-0.14810948735394666,0.0464841924459278,0.013170985012266559,0.9877901218185002,2.70096507636744,1.6819444009983664,0.5270511181620539,0.7070233109970103,-0.6854942675316098,0.007035245121621347,0.6318680124741733,-1.1858873459596122,7.834127954589765,-0.15016546128239985,0.038655558738691156,-0.005888209747269303,0.9878873473237805,2.540727572720171,1.7634548204983385,0.5261007160197567,0.24315947954919326,-0.06616574500922504,0.01903514492712969,0.0,0.0,0.0,0.0,nan,nan,0.0,0.0,0.0,0.0,0.0
3.62,0.7428968936223461,-1.4603682667155407,7.808100195114118,-0.1419540509766079,0.04063863875740944,0.013785861152205103,0.9889426163754738,2.709597349503051,1.7344627973004043,0.4816545777037453,0.5397933859064104,-0.5264416926550696,-0.0037955876558806306,0.682520201957596,-1.153223186298579,7.831796331414206,-0.14776380762115282,0.03801927359519704,-0.005687080390782429,0.9882752901440071,2.5572867649146374,1.8257997466576623,0.5106967405971294,0.24351438409707424,-0.06627838904982171,0.018744353174510935,0.0,0.0,0.0,0.0,nan,nan,0.0,0.0,0.0,0.0,0.0
3.64,0.7989467972378238,-1.4211425163967397,7.802812890134239,-0.13711468399720197,0.0361639809115525,0.014144844035320401,0.9897937428091736,2.713675116625853,1.7855448857983,0.4564293863473572,0.4008640214003074,-0.35935123256152585,-0.013509006042242172,0.7355564459142018,-1.112051802774662,7.823845349350888,-0.14534003830405517,0.03737083344258843,-0.005510524110979607,0.9886603705002059,2.571872645263753,1.8799098703215773,0.48995073135562534,0.24368115358193926,-0.06634937893938286,0.018429456469701948,0.0,0.0,0.0,0.0,nan,nan,0.0,0.0,0.0,0.0,0.0
3.66,0.8523037990119453,-1.3828395477012736,7.7978953194871075,-0.13351272691160995,0.03330439302808879,0.01424247776792257,0.9903849357621949,2.7142415152941703,1.8317329198748646,0.44617113507473066,0.32576880140592646,-0.2318846451782264,-0.02070960922544835,0.7885878833245248,-1.0708229110961092,7.816164903581115,-0.1429153279696049,0.03672215132910544,-0.005333932152785125,0.9890390496845369,2.5864585256128687,1.9340199939854923,0.46920472211412123,0.24384792306680433,-0.06642036882894403,0.01811455976489296,0.0,0.0,0.0,0.0,nan,nan,0.0,0.0,0.0,0.0,0.0
3.68,0.9056117434230442,-1.3436656970170933,7.793036496864757,-0.13069854442086629,0.03173084779371478,0.014123764936618837,0.9908135864271211,2.7127294967497106,1.876255681742953,0.4358746132114929,0.24719919272401697,-0.09712907856211923,-0.026867577830056506,0.8416141455062076,-1.029537842220062,7.8087552668147975,-0.1404896923168106,0.03607323145469966,-0.005157305659559746,0.9894113252452074,2.601044405961985,1.9881301176494073,0.4484587128726172,0.24401469255166935,-0.0664913587185052,0.017799663060083973,0.0,0.0,0.0,0.0,nan,nan,0.0,0.0,0.0,0.0,0.0
3.7,0.9561923012239439,-1.3057202804523003,7.7882685170771735,-0.1286427453893438,0.03135800775548846,0.0138302499287622,0.9910986043755724,2.7101862435114095,1.9175061954713337,0.4213474459017995,0.19428624497019314,0.011814506989330743,-0.031359982666888324,0.8946348639109221,-0.9881979285585578,7.801616704748345,-0.1380631470506718,0.03542407802086208,-0.004980645774887834,0.9897771947718847,2.6156302863111005,2.0422402413133223,0.427712703631113,0.2441814620365344,-0.06656234860806635,0.017484766355274985,0.0,0.0,0.0,0.0,nan,nan,0.0,0.0,0.0,0.0,0.0
3.7199999999999998,1.00936103758849,-1.2650995939089156,7.782793679859568,-0.12707791440174215,0.03205414726476841,0.01335650153003685,0.9912846912876796,2.707064176565488,1.9600865216630148,0.3979421655617134,0.13165945579644706,0.12378956502924027,-0.03500441409062897,0.9476496701339141,-0.946804503944022,7.794749476057787,-0.13563570788207754,0.034774695230595946,-0.004803953642569953,0.9901366558957136,2.6302161666602157,2.0963503649772357,0.4069666943896093,0.2443482315213994,-0.06663333849762751,0.017169869650466005,0.0,0.0,0.0,0.0,nan,nan,0.0,0.0,0.0,0.0,0.0
3.74,1.0651074873151025,-1.2217746795335276,7.776287326618862,-0.12602073439143738,0.03380773816926394,0.012712995764398858,0.9913698558469568,2.703750672304038,2.0039607317154786,0.3719581318687486,0.07917979647344182,0.21216529539210224,-0.03763726646951304,1.0006581959235494,-0.9053589035947205,7.7881538323920765,-0.13320739052770425,0.034125087288389366,-0.004627230406615436,0.9904897062893302,2.644802047009332,2.150460488641152,0.3862206851481048,0.24451500100626444,-0.06670432838718868,0.01685497294565701,0.0,0.0,0.0,0.0,nan,nan,0.0,0.0,0.0,0.0,0.0
3.76,1.1154836261662167,-1.182006859372681,7.769665383487088,-0.12545473569315513,0.036002020443025286,0.01204713364478202,0.9913727000412739,2.7009931691053466,2.0429254236618313,0.35423553735035457,0.04800117573283502,0.2582306818968956,-0.039013343593065256,1.053660073190838,-0.8638624640801902,7.781830018366565,-0.13077821070991458,0.033475258400188355,-0.004450477211235032,0.9908363436668772,2.6593879273584475,2.2045706123050657,0.36547467590660115,0.24468177049112946,-0.06677531827674983,0.01654007624084803,0.0,0.0,0.0,0.0,nan,nan,0.0,0.0,0.0,0.0,0.0
3.7800000000000002,1.1711139092571907,-1.1374158660064053,7.76161047785561,-0.12541810065398898,0.03894879311427643,0.011252014709753453,0.9912752814976568,2.6982964106507548,2.0849616657003978,0.3454761009970211,-0.04215099994777785,0.3206423456300129,-0.04027011542265428,1.1066549340189855,-0.8223165232866092,7.775778271556675,-0.12834818415665503,0.032825212773369354,-0.004273695200833433,0.9911765657840195,2.673973807707563,2.258680735968982,0.34472866666509655,0.2448485399759945,-0.066846308166311,0.01622517953603904,0.0,0.0,0.0,0.0,nan,nan,0.0,0.0,0.0,0.0,0.0
3.8,1.2240712934881262,-1.0943004889399257,7.7533674790500555,-0.12667880616972094,0.042530309261406746,0.010434577919153847,0.9909766760349067,2.6958407011227323,2.12366505745076,0.3567618952313339,-0.18599180955842814,0.4053759273883712,-0.041044097978232,1.1596424106729017,-0.7807224203821636,7.769998822491743,-0.1259173266013546,0.0321749546167122,-0.0040968855200019276,0.9915103704379578,2.688559688056679,2.3127908596328957,0.32398265742359295,0.24501530946085953,-0.06691729805587217,0.01591028283123006,0.0,0.0,0.0,0.0,nan,nan,0.0,0.0,0.0,0.0,0.0
3.82,1.2770417688484663,-1.0504910052129228,7.744820009838266,-0.12907726538391504,0.046732466623461304,0.009582776096941055,0.9904863989609214,2.6936632576120942,2.1615718307685685,0.39076310145326215,-0.2748458087639404,0.45205948366680515,-0.04056071244059395,1.2132882819898008,-0.7367295795755379,7.762491333261551,-0.12348416381072,0.03152209977844923,-0.00392908697154199,0.9918379811184359,2.702382841142441,2.363973957113372,0.30185760733785166,0.24512610530845555,-0.06697234246601916,0.015590821935377749,0.0,0.0,0.0,0.0,nan,nan,0.0,0.0,0.0,0.0,0.0
3.84,1.3300688371663723,-1.0059202178323365,7.736192670196928,-0.13227832992165614,0.0513625381887375,0.008723630165343195,0.9898425285774937,2.692046363466358,2.1990717163250526,0.441535407080386,-0.3394332087216242,0.4872905754522255,-0.038690156111883714,1.2685928900750687,-0.686806952926598,7.75029779446256,-0.1210464845787664,0.030863085598741635,-0.0037837957877641165,0.9921597156747918,2.714304346415033,2.4078593307438463,0.27629430332870447,0.24509734649474332,-0.0669876312682119,0.015259981501473714,0.0,0.0,0.0,0.0,nan,nan,0.0,0.0,0.0,0.0,0.0
3.86,1.3831985862485165,-0.9605308346282241,7.727627932616705,-0.13579750001507926,0.0561430110045937,0.00788547683161853,0.9891131485124088,2.691563783718017,2.236832812912439,0.49824651069165626,-0.35330585600860387,0.49073866586858456,-0.03558683820947864,1.3238982943909403,-0.6368085475367371,7.7384225080506015,-0.11860801839911918,0.0302038707718685,-0.0036384800047640615,0.992475000000043,2.726225851687625,2.451744704374321,0.25073099931955733,0.24506858768103115,-0.06700292007040466,0.014929141067569682,0.0,0.0,0.0,0.0,nan,nan,0.0,0.0,0.0,0.0,0.0
3.88,1.4364637322253913,-0.9143180842175117,7.719038422005393,-0.13940794649304075,0.06095532223414487,0.0070835698245023575,0.9883317743472919,2.692824138233669,2.275372765325015,0.5467853631646126,-0.3574411632392893,0.49360746053158694,-0.03166093551125114,1.379204055035072,-0.5867359296325538,7.726865843686147,-0.11616878112474048,0.029544459583518822,-0.003493140567269142,0.9927838320444623,2.7381473569602175,2.4956300780047944,0.22516769531041014,0.24503982886731895,-0.0670182088725974,0.014598300633665648,0.0,0.0,0.0,0.0,nan,nan,0.0,0.0,0.0,0.0,0.0
3.9,1.489884713054528,-0.8673115619966121,7.710199926896442,-0.1427996937348034,0.06563292877075476,0.006331473705253908,0.987552772549872,2.6963396935921526,2.315237258965869,0.5820488782048467,-0.3186353957003763,0.46454906207976654,-0.027068849232589454,1.4345097320958533,-0.5365906673705245,7.715628162743983,-0.11372878861360552,0.028884856320658202,-0.0033477784201604533,0.9930862098002702,2.7500688622328098,2.5395154516352685,0.19960439130126298,0.24501107005360678,-0.06703349767479017,0.014267460199761616,0.0,0.0,0.0,0.0,nan,nan,0.0,0.0,0.0,0.0,0.0
3.92,1.5434700166091309,-0.8195651528544562,7.700813054960075,-0.14583335996248048,0.07003029157320026,0.005641295080227086,0.9868113118393221,2.702463111166878,2.356651361370496,0.5995290319452844,-0.2847702802539502,0.43548959369323825,-0.022677647398646764,1.4898148856638476,-0.48637433079622705,7.704709818303803,-0.11128805672859933,0.028225065271500916,-0.003202394508466732,0.9933821313016475,2.761990367505402,2.583400825265743,0.17404108729211584,0.2449823112398946,-0.06704878647698292,0.013936619765857583,0.0,0.0,0.0,0.0,nan,nan,0.0,0.0,0.0,0.0,0.0
3.94,1.5972302683887005,-0.7711145903747231,7.690670302104962,-0.14840704752222658,0.07402615805519416,0.005023802860238439,0.9861390559014203,2.7110563846996807,2.3994458893497757,0.6068360478839682,-0.23331227714470334,0.3837263222699379,-0.01824523613755387,1.5451190758432314,-0.43608849180350834,7.694111155141031,-0.10884660133741389,0.027565090725482116,-0.003056989777358211,0.9936715946247487,2.7739118727779943,2.6272861988962166,0.14847778328296865,0.24495355242618239,-0.06706407527917568,0.01360577933195355,0.0,0.0,0.0,0.0,nan,nan,0.0,0.0,0.0,0.0,0.0
3.96,1.6484786376694534,-0.7244469287436913,7.680240295553905,-0.15049068068793447,0.07736527060708706,0.004517087016364069,0.9855692597960131,2.7212905569895725,2.4409920830109475,0.6081724380095513,-0.206372660332067,0.3365786469049775,-0.01475364818819333,1.6004218627632343,-0.38573472409361065,7.6838325097178535,-0.10640443831244484,0.026904936973229914,-0.002911565172140476,0.9939545978877145,2.785833378050587,2.671171572526691,0.12291447927382149,0.24492479361247022,-0.06707936408136843,0.013274938898049517,0.0,0.0,0.0,0.0,nan,nan,0.0,0.0,0.0,0.0,0.0
3.98,1.702641952169608,-0.6746141649534088,7.66851886197256,-0.15237377810652328,0.08032445310310694,0.004079474467506046,0.9850449593126701,2.7336237862441997,2.48505136912834,0.6156784516139551,-0.17680790785171197,0.2738478197624499,-0.011349912895843917,1.6557228065895768,-0.3353146031342468,7.673874210174467,-0.1039615835306882,0.026244608306537416,-0.002766121638248314,0.9942311392506827,2.797754883323179,2.7150569461571648,0.09735117526467432,0.24489603479875804,-0.06709465288356119,0.012944098464145484,0.0,0.0,0.0,0.0,nan,nan,0.0,0.0,0.0,0.0,0.0
4.0,1.7597986455567283,-0.6214418336497654,7.655597397913413,-0.15424271248535118,0.0828724160451383,0.0037339230286065365,0.984544263160788,2.7478822922644524,2.5311765819749565,0.6324171543244962,-0.17630946222174143,0.22219759614211498,-0.00795405594219746,1.7110214675359092,-0.2848297061186298,7.664236576320552,-0.1015180528736373,0.025584109018334945,-0.0026206601212395743,0.9945012169158026,2.809676388595771,2.7589423197876393,0.07178787125552714,0.24486727598504585,-0.06710994168575393,0.01261325803024145,0.0,0.0,0.0,0.0,nan,nan,0.0,0.0,0.0,0.0,0.0
4.02,1.8145594539672467,-0.5699031518510049,7.642997283101686,-0.15585925759115865,0.08470818365309067,0.003517154660668619,0.9841341600962848,2.7624286170176973,2.574915778222057,0.6608461297942426,-0.1504640458500031,0.15688174683626804,-0.0048098927073899275,1.7670625984688986,-0.2316342859462241,7.652069496461643,-0.09907913896182324,0.024922633636461043,-0.002488766835993974,0.9947642899676498,2.82039744769454,2.7984922538810153,0.04491465243713574,0.2447655287205015,-0.0671013027786848,0.01228042969070246,0.0,0.0,0.0,0.0,nan,nan,0.0,0.0,0.0,0.0,0.0
4.04,1.866914853614086,-0.5200657108849734,7.630958345773167,-0.15718670218873262,0.08591400099731622,0.0034088209810589627,0.9838188375037261,2.7772043652421017,2.6165228176766155,0.6915551678907456,-0.12296932906862498,0.10178668069523121,-0.00161763198857285,1.8241638660146342,-0.17460587359884167,7.636209293897781,-0.09664706030564922,0.024259850382648166,-0.002376101289769657,0.995020180466883,2.8294180510274693,2.8319009520580636,0.016185913364099497,0.24456039187068151,-0.06705876979784128,0.011944785443484594,0.0,0.0,0.0,0.0,nan,nan,0.0,0.0,0.0,0.0,0.0
4.06,1.922402641291615,-0.46663817756285675,7.618342948225266,-0.15798654049673733,0.08648851476711356,0.003388558731656937,0.9836404360867714,2.7940274264491176,2.6610380191588257,0.7210691132514899,-0.04274261418693022,0.020895372887232415,0.0018977708893510251,1.881272410491026,-0.1174872946612266,7.620703724463079,-0.09421435997096111,0.023596911078276793,-0.0022634204593647935,0.9952696705369104,2.8384386543603983,2.8653096502351114,-0.01254282570893546,0.24435525502086156,-0.06701623681699777,0.011609141196266746,0.0,0.0,0.0,0.0,nan,nan,0.0,0.0,0.0,0.0,0.0
4.08,1.981067589969872,-0.409503954683412,7.6050396011551005,-0.15802502532252652,0.0863550391118149,0.0034537945643087035,0.9836457542707737,2.8134765474251195,2.709134091942285,0.730124276327858,0.03642435652283458,-0.0461134612773157,0.005559053794938895,1.938387742041227,-0.060280283337537904,7.6055532342769006,-0.09178105360601038,0.022933819987678534,-0.0021507250695944995,0.9955127585728967,2.8474592576933277,2.89871834841216,-0.0412715647819717,0.2441501181710416,-0.06697370383615425,0.011273496949048879,0.0,0.0,0.0,0.0,nan,nan,0.0,0.0,0.0,0.0,0.0
4.1,2.037285483126528,-0.3541808915451675,7.592064222836561,-0.1571383361163984,0.08554450744145028,0.0035831285855827456,0.9838581410745703,2.8335363035866297,2.7562818747047033,0.7164321182809436,0.13622487224794638,-0.11746413682722037,0.009149532484105216,1.995509370633751,-0.00298657610729125,7.590758260322499,-0.08934715686294725,0.0222705813761615,-0.0020380158453675626,0.9957494430111873,2.8564798610262567,2.9321270465892075,-0.07000030385500666,0.24394498132122164,-0.06693117085531074,0.010937852701831032,0.0,0.0,0.0,0.0,nan,nan,0.0,0.0,0.0,0.0,0.0
4.12,2.0909625819380824,-0.30088906970242607,7.579192504543203,-0.15548089711564284,0.08420935826775106,0.0037563622161398184,0.984235929213697,2.8536822027566986,2.8019317418189154,0.6807118794012326,0.21398668466566007,-0.17015343928249144,0.011967059176612178,2.0526368060751,0.054392088319337784,7.576319230435754,-0.08691268539771912,0.02160719950998261,-0.0019252935116817443,0.9959797223293188,2.865500464359186,2.9655357447662563,-0.09872904292804291,0.24373984447140168,-0.06688863787446722,0.010602208454613168,0.0,0.0,0.0,0.0,nan,nan,0.0,0.0,0.0,0.0,0.0
4.14,2.1505605512503005,-0.24122258532708657,7.564168685687405,-0.15271928530864487,0.08215298443220453,0.0039913329139900896,0.9848409903660937,2.8762524683687722,2.8524235177863924,0.6272232187518317,0.3062681082899269,-0.22934168722307052,0.014667430790257455,2.1097695580223568,0.11185396904623174,7.562236563294179,-0.08447765486997064,0.020943678656320356,-0.0018125587936191469,0.996203595046028,2.8745210676921156,2.998944442943303,-0.12745778200107785,0.24353470762158172,-0.06684610489362372,0.010266564207395319,0.0,0.0,0.0,0.0,nan,nan,0.0,0.0,0.0,0.0,0.0
4.16,2.2075614054721266,-0.18369165275184415,7.549019461309816,-0.14946886676693955,0.07975322202967301,0.004251206779187193,0.985535594833699,2.897250447849867,2.899426146007244,0.5686027845046582,0.3451112501349878,-0.26282110638749867,0.015843184182601493,2.166907135995821,0.16939732303614452,7.548510668406144,-0.08204208094294227,0.02028002308324717,-0.001699812416341518,0.9964210597212626,2.883541671025045,3.0323531411203524,-0.1561865210741141,0.24332957077176176,-0.0668035719127802,0.009930919960177455,0.0,0.0,0.0,0.0,nan,nan,0.0,0.0,0.0,0.0,0.0
4.18,2.2647966626222362,-0.12546044443348678,7.533201179001515,-0.14588163178431526,0.07706310691556896,0.004537046716957093,0.9862855784546143,2.9167834416973024,2.944329551843181,0.5172972717875661,0.3703299512133,-0.28594067402180307,0.01656628113601334,2.2240490493916107,0.22702040515552807,7.535141946100336,-0.07960597928337018,0.019616237059702182,-0.001587055105085622,0.9966321149561892,2.8925622743579735,3.0657618392973998,-0.18491526014714904,0.2431244339219418,-0.06676103893193669,0.009595275712959605,0.0,0.0,0.0,0.0,nan,nan,0.0,0.0,0.0,0.0,0.0
4.2,2.319390238239765,-0.0694706942151769,7.517747626636167,-0.14244500857345982,0.0744059115365189,0.004825747800458126,0.9869903201243128,2.933717716847903,2.984679135252091,0.47760141360143515,0.364724851865484,-0.29327493836838947,0.016792785725151117,2.2811948074943027,0.2847214682194558,7.522130787515463,-0.07716936556138482,0.018952324855463484,-0.0014742875851585346,0.996836759393203,2.901582877690903,3.0991705374744485,-0.21364399922018532,0.24291929707212184,-0.06671850595109319,0.009259631465741741,0.0,0.0,0.0,0.0,nan,nan,0.0,0.0,0.0,0.0,0.0
4.22,2.3799891586826094,-0.006786100179846355,7.500485835167541,-0.1386699300953529,0.07141424722380081,0.005156383770582889,0.9877469653141021,2.9505027067742122,3.026730982655321,0.4461995317155909,0.3581055167603624,-0.290087529177744,0.016926012336791134,2.3390311272355166,0.3449937701228,7.5058701587507155,-0.07474800806871164,0.01829076571465223,-0.0013793924137879684,0.9970337408813708,2.908957005963151,3.1268727290141523,-0.24316350474561388,0.2426277610768143,-0.06664526887137576,0.008926786420441863,0.0,0.0,0.0,0.0,nan,nan,0.0,0.0,0.0,0.0,0.0
4.24,2.435044375385648,0.05066048798800736,7.484863203846768,-0.13536954979739815,0.06881510203518948,0.005448256336794867,0.9883875167273335,2.9641037747682293,3.062751397570754,0.4243994295099973,0.34854565715823377,-0.2770222224495583,0.016805483870282106,2.397461519684213,0.4074757515563075,7.486927399937396,-0.0723395238032083,0.017631187813508954,-0.0012996375404327268,0.9972233678842837,2.9149362848497122,3.1497405216202847,-0.2733529263400343,0.24226303004935282,-0.0665460201049495,0.008596312783715917,0.0,0.0,0.0,0.0,nan,nan,0.0,0.0,0.0,0.0,0.0
4.26,2.4961360855554213,0.11496385160652188,7.467741895141537,-0.13150843066722542,0.06594116824568078,0.005755734051051512,0.9891027077707208,2.977730931786589,3.1008913411085235,0.4025425674319215,0.3876640824968601,-0.2832621622985325,0.016852207483606878,2.455905974176386,0.47005828888170187,7.468363762415274,-0.06993058537869401,0.01697149922097046,-0.0012198745077467512,0.9974067341606287,2.9209155637362736,3.172608314226416,-0.30354234793445334,0.24189829902189136,-0.06644677133852328,0.008265839146989988,0.0,0.0,0.0,0.0,nan,nan,0.0,0.0,0.0,0.0,0.0
4.28,2.554518550458076,0.1769330306774289,7.451459845751569,-0.1275433711763548,0.0632323577322022,0.006026561665299866,0.9897969680490498,2.9899381342717026,3.1360857277946255,0.366044837598837,0.4124931751601125,-0.2769941739427062,0.017011234989614148,2.5143639741715016,0.5327395512714239,7.450179745839519,-0.06752120791886627,0.01631170407866637,-0.0011401038164950126,0.9975838385592034,2.926894842622835,3.1954761068325475,-0.33373176952887373,0.24153356799442988,-0.06634752257209703,0.007935365510264043,0.0,0.0,0.0,0.0,nan,nan,0.0,0.0,0.0,0.0,0.0
4.3,2.613053951488214,0.23952839640807322,7.434983828181596,-0.12317609210339234,0.060520589495764034,0.0062760611842283265,0.9905178037961931,3.0013425539935032,3.1699855886678363,0.31532783230383565,0.45976831044836897,-0.27791001689931344,0.017454177779109206,2.5728350027888536,0.5955177054186624,7.432375840332043,-0.06511140655017938,0.015651806528895352,-0.0010603259674905768,0.9977546799681181,2.9328741215093963,3.218343899438679,-0.3639211911232928,0.24116883696696845,-0.0662482738056708,0.007604891873538114,0.0,0.0,0.0,0.0,nan,nan,0.0,0.0,0.0,0.0,0.0
4.32,2.6716996548223455,0.3026577674170074,7.418046210768398,-0.11850015382182115,0.05790574057840823,0.006496823100446597,0.9912428713700151,3.011923893334386,3.2022598865535334,0.248125917796008,0.4793689376506311,-0.2641737359939873,0.017428985438061782,2.631318542820562,0.6583909155834133,7.414952526469173,-0.06270119640174857,0.014991810714598899,-0.0009805414615914354,0.9979192573148036,2.938853400395958,3.241211692044811,-0.39411061271771325,0.24080410593950696,-0.06614902503924457,0.007274418236812168,0.0,0.0,0.0,0.0,nan,nan,0.0,0.0,0.0,0.0,0.0
4.34,2.7274886398464653,0.36306698498508594,7.401401795985399,-0.11382859827703588,0.05548012246579252,0.006683492885396779,0.9919275866454752,3.020785209977051,3.2307494484905472,0.17976594113154487,0.5017673292922967,-0.25901296094937465,0.016942281805287687,2.689814076744544,0.7213573436385567,7.397910275269596,-0.06029059260525588,0.014331720779335535,-0.0009007507996973846,0.9980775695660169,2.944832679282519,3.264079484650942,-0.4243000343121323,0.24043937491204553,-0.06604977627281833,0.006943944600086239,0.0,0.0,0.0,0.0,nan,nan,0.0,0.0,0.0,0.0,0.0
4.36,2.7862720476425515,0.4270681806417534,7.3832385338972735,-0.10892507727587718,0.053133554767112054,0.00684920564510368,0.9926052796959551,3.028721534071269,3.2581167636167776,0.10630939765398617,0.478187595735668,-0.22498771771680778,0.015914758676755174,2.748321086737529,0.784415149116043,7.381249548182528,-0.05787961029485427,0.013671540867254573,-0.0008209544827468558,0.9982296157278484,2.9508119581690804,3.286947277257074,-0.45448945590655276,0.24007464388458408,-0.06595052750639209,0.006613470963360294,0.0,0.0,0.0,0.0,nan,nan,0.0,0.0,0.0,0.0,0.0
4.38,2.84804911402216,0.49470802625894883,7.363591814290076,-0.10407080958902372,0.051004092239509524,0.006987582661450483,0.9932366399075592,3.03513170468203,3.2835305038163507,0.043252704756887694,0.4418134281073358,-0.18947626545084972,0.014377833128218533,2.806839054688041,0.8475624892530859,7.364970797076124,-0.05546826460707356,0.013011275123070341,-0.0007411530117137988,0.9983753948457288,2.9567912370556417,3.3098150698632054,-0.4846788775009718,0.23970991285712262,-0.06585127873996585,0.006282997326634365,0.0,0.0,0.0,0.0,nan,nan,0.0,0.0,0.0,0.0,0.0
4.4,2.90398374369393,0.5562798865291786,7.345436550061913,-0.10024364942302488,0.049557235133201274,0.0070764272319366,0.9937027801983536,3.0395703114527817,3.30400936638351,-0.0013070136312423042,0.3747556725735132,-0.13271520296978898,0.012874361123857352,2.865367462209433,0.9107975190384618,7.349074464226126,-0.053056570680724446,0.012350927692035897,-0.0006613468876045057,0.9985149060044329,2.962770515942203,3.3326828624693374,-0.5148682990953922,0.23934518182966114,-0.06575202997353961,0.00595252368990842,0.0,0.0,0.0,0.0,nan,nan,0.0,0.0,0.0,0.0,0.0
4.42,2.962908647597203,0.6214884657525827,7.326216204438919,-0.09667192119995761,0.04846260038543413,0.007132574019234382,0.9941101761893653,3.042838603020474,3.323159041429191,-0.026492781829044687,0.34456915293545154,-0.09738656296592857,0.011198139503652501,2.9243999130179477,0.9760265783877995,7.3293391715161125,-0.050673878035652264,0.011697780411761685,-0.000603098385254575,0.9986465622484282,2.9666886936456764,3.3485780189776637,-0.5448999327755484,0.23888503728126456,-0.06561732770155908,0.005631336966374509,0.0,0.0,0.0,0.0,nan,nan,0.0,0.0,0.0,0.0,0.0
4.44,3.0218830193468476,0.6871031125774372,7.307079012637666,-0.09349276969566053,0.0477773997329353,0.007149378875797915,0.9944472376506879,3.0453143700498035,3.340566982087565,-0.04101610373242981,0.29538617388175076,-0.050319527362139724,0.009244940526561232,2.983696088167746,1.0423048498206158,7.307904108248912,-0.04830539601600065,0.011048164026288028,-0.0005555182812234108,0.9987713543082946,2.96958672292349,3.3610220476150072,-0.5748534688379643,0.2383776675146364,-0.06546507760700093,0.005314746829339982,0.0,0.0,0.0,0.0,nan,nan,0.0,0.0,0.0,0.0,0.0
4.46,3.0838615917039536,0.7564277688073657,7.287235800562499,-0.0905532465402844,0.04745247395454466,0.0071273809883104135,0.9947349258455015,3.047379195075019,3.3574133289935357,-0.04632628390123439,0.2688987658867371,-0.01953764453227993,0.007308851455058626,3.0430128359038746,1.108690133715817,7.286860698141522,-0.04593662177066046,0.01039848080444398,-0.000507934816559158,0.9988901042554587,2.9724847522013036,3.3734660762523494,-0.6048070049003789,0.23787029774800822,-0.06531282751244279,0.004998156692305467,0.0,0.0,0.0,0.0,nan,nan,0.0,0.0,0.0,0.0,0.0
4.48,3.1399772612897046,0.8194884230364865,7.269381180756285,-0.08816246300377495,0.04746940397066408,0.007076159664250819,0.9949492267287732,3.0496424888922435,3.3722665642778566,-0.0610630928329049,0.24310209782804829,0.014188299325426715,0.006026339416969794,3.1023496361440435,1.1751805731384297,7.266209470782532,-0.04356756962963892,0.009748734676517662,-0.00046034827912014466,0.9990028113715372,2.975382781479117,3.3859101048896925,-0.6347605409627948,0.2373629279813801,-0.06516057741788463,0.00468156655527094,0.0,0.0,0.0,0.0,nan,nan,0.0,0.0,0.0,0.0,0.0
4.5,3.1990757517160873,0.8861653547255592,7.250469648042836,-0.08571702032830346,0.04772017390942504,0.006995260968748793,0.9951514677435143,3.052475082052288,3.387381142479324,-0.08451539493617122,0.24697274949040524,0.03084633182096394,0.005193045268239532,3.161705968320717,1.2417743086088986,7.245950946270432,-0.041198253924624874,0.00909892957317787,-0.000412758956783296,0.9991094749747037,2.9782808107569307,3.3983541335270355,-0.6647140770252093,0.23685555821475193,-0.0650083273233265,0.004364976418236427,0.0,0.0,0.0,0.0,nan,nan,0.0,0.0,0.0,0.0,0.0
4.52,3.2611480424352584,0.9564454417566299,7.230183463344091,-0.08321348047517547,0.04820191740522518,0.006883893345567295,0.9953415011130975,3.0562629413930344,3.402821941625894,-0.12353249435666835,0.23666492834143685,0.051660904566087316,0.004057137647167017,3.221081311393733,1.308469478148106,7.226085635201038,-0.03882868898890123,0.008449069425450073,-0.00036516713744237834,0.9992100944196916,2.9811788400347448,3.4107981621643786,-0.6946676130876239,0.23634818844812377,-0.06485607722876835,0.0040483862812019135,0.0,0.0,0.0,0.0,nan,nan,0.0,0.0,0.0,0.0,0.0
4.54,3.32027788209879,1.023597698161482,7.210301121509446,-0.08085812014035512,0.04873089957476601,0.006759525455875083,0.9955107094600305,3.060158022828436,3.416549066159776,-0.16292630073636016,0.23265536144067817,0.05127313319568961,0.0024479998665604442,3.2804751438628994,1.3752642173224177,7.2066140386551245,-0.03645888915725867,0.007799158164692748,-0.0003175731090062637,0.9993046690977989,2.9840768693125583,3.4232421908017217,-0.7246211491500398,0.23584081868149565,-0.0647038271342102,0.0037317961441673863,0.0,0.0,0.0,0.0,nan,nan,0.0,0.0,0.0,0.0,0.0
4.5600000000000005,3.3794203555204,1.0909371696953736,7.189801287105932,-0.07873867569478173,0.04932443078741465,0.006623089883570875,0.9956522767300457,3.06423659850408,3.429345997118383,-0.20225671686661206,0.19663052473288384,0.061483647823161916,0.0004914349731883864,3.33988694378061,1.4421566592887918,7.187536648186308,-0.034088868765909094,0.007149199722573631,-0.00026997715939719214,0.9993931984368919,2.986974898590372,3.435686219439065,-0.7545746852124556,0.23533344891486746,-0.06455157703965204,0.003415206007132859,0.0,0.0,0.0,0.0,nan,nan,0.0,0.0,0.0,0.0,0.0
4.58,3.4356270624751413,1.155081579235113,7.169880135376458,-0.07700862127507534,0.04991441066504012,0.006486993126707007,0.9957590786819108,3.067731012871964,3.440271999484533,-0.22677914854119852,0.1698432688736171,0.061836504015384944,-0.0013225504396197109,3.3993161887644807,1.509144934839961,7.168853945809149,-0.03171864215239868,0.0064991980310458875,-0.00022237957654902646,0.9994756819014083,2.9898729278681855,3.4481302480764078,-0.7845282212748703,0.23482607914823933,-0.0643993269450939,0.0030986158700983452,0.0,0.0,0.0,0.0,nan,nan,0.0,0.0,0.0,0.0,0.0
4.6,3.4977876584005307,1.226175973399089,7.147532813530749,-0.07554976352460768,0.05067478918128605,0.006331480685637992,0.9958334254909982,3.0713755125326463,3.4513904951272427,-0.24204635188057977,0.11518565696564378,0.0784381518439412,-0.0031637196160304755,3.4587623560099923,1.5762271724496688,7.150566403987485,-0.029348223655520946,0.005849157022324268,-0.00017478064840550534,0.9995521189923608,2.992770957145999,3.46057427671375,-0.8144817573372849,0.23431870938161117,-0.06424707685053577,0.002782025733063832,0.0,0.0,0.0,0.0,nan,nan,0.0,0.0,0.0,0.0,0.0
4.62,3.5570451754610812,1.2940938247461626,7.12619818641281,-0.07459367340773247,0.05143188244758014,0.0061841246068921555,0.9958676126666061,3.0743945802396246,3.4610380575109168,-0.23846681511305923,0.07967169351460272,0.07379493551355432,-0.004981543966315283,3.5183956666089955,1.6443014177640183,7.128028673977606,-0.0270229608046838,0.005212358572844035,-0.00015151485377757959,0.9996212122352675,2.9932595740109855,3.464941488774717,-0.8429457141479881,0.23371186522088408,-0.06405716461287587,0.0024822576254021214,0.0,0.0,0.0,0.0,nan,nan,0.0,0.0,0.0,0.0,0.0
4.64,3.6163735267123207,1.3622230128990498,7.104975765016589,-0.07408436685268392,0.05220709299276871,0.0060410669137722535,0.9958661715008823,3.077363136581311,3.470415132842802,-0.22723072004602396,0.03216309789554794,0.07706055737137428,-0.00658488787749615,3.5780982853977363,1.7127150245609843,7.104696210401349,-0.024709126160605204,0.004578923053653133,-0.00013446666790920434,0.9996841873645712,2.993132477418653,3.467244710199671,-0.8710290163284827,0.23307960086941704,-0.06385762800032037,0.002186788304369525,0.0,0.0,0.0,0.0,nan,nan,0.0,0.0,0.0,0.0,0.0
4.66,3.6728143745122295,1.427149310052733,7.085039112133536,-0.07384619462859235,0.05283712952200851,0.005913379608341754,0.9958513991677466,3.0801555212814415,3.4792194183061285,-0.21148882788925927,0.023132007337178816,0.058062534891290124,-0.007525344172976935,3.6378271863738423,1.7812383764162376,7.081756359040685,-0.02239514920856869,0.003945461162943253,-0.00011741770760320637,0.9997414049849188,2.9930053808263213,3.469547931624625,-0.8991123185089787,0.23244733651795002,-0.06365809138776486,0.0018913189833369166,0.0,0.0,0.0,0.0,nan,nan,0.0,0.0,0.0,0.0,0.0
4.68,3.7323054377429,1.495691060479361,7.064152608533149,-0.07366625150374427,0.05336843298537204,0.005786839717340523,0.9958371384097697,3.083766828924332,3.4891020650740225,-0.20881395872372432,0.020695480864440573,0.047508051983155,-0.007790098713622382,3.6975818670115967,1.8498696557110148,7.059209656710118,-0.02008104327552631,0.003311976549029146,-0.00010036807105013867,0.9997928647667753,2.9928782842339894,3.4718511530495793,-0.9271956206894731,0.23181507216648295,-0.06345855477520937,0.0015958496623043213,0.0,0.0,0.0,0.0,nan,nan,0.0,0.0,0.0,0.0,0.0
4.7,3.7918705462751214,1.564416180749449,7.043180045811463,-0.07324689836609595,0.05366642822810806,0.005666078715212768,0.9958527511198518,3.0877775589687557,3.4991528118815816,-0.21583289957423646,0.06558487766893771,0.013648987762391408,-0.007395587034023552,3.757361824191401,1.9186070423402097,7.037056631167066,-0.01776682168917253,0.002678472860356315,-8.33178564444459e-05,0.9998385664137668,2.992751187641657,3.4741543744745322,-0.955278922869969,0.23118280781501588,-0.06325901816265385,0.0013003803412717121,0.0,0.0,0.0,0.0,nan,nan,0.0,0.0,0.0,0.0,0.0
4.72,3.8514975923556416,1.6332992034278222,7.0218928605727475,-0.0724368303423315,0.053692474280195614,0.00554837525164919,0.995911260779641,3.0923691036552197,3.5094172122156917,-0.24164576073188715,0.09764914526653763,-0.008922319850590346,-0.007089557980729157,3.8171665542113424,1.9874487137542804,7.015297801099713,-0.015452497777868347,0.002044953745480241,-6.626716198390496e-05,0.9998785096626824,2.9926240910493247,3.476457595899486,-0.9833622250504634,0.23055054346354886,-0.06305948155009836,0.0010049110202391164,0.0,0.0,0.0,0.0,nan,nan,0.0,0.0,0.0,0.0,0.0
4.74,3.914163191172479,1.705774591814241,6.999051865914536,-0.07117288799324499,0.05338311866774696,0.005428433639489356,0.996019675892112,3.0970513209826422,3.519562547348417,-0.2755302100567909,0.13895576438786464,-0.04649778870296544,-0.007126437667139742,3.8769955527988205,2.0563928450012585,6.99393367611504,-0.01313808487056365,0.0014114228530451342,-4.9216085869053416e-05,0.9999126942834763,2.9924969944569924,3.47876081732444,-1.0114455272309593,0.2299182791120818,-0.06285994493754285,0.0007094416992065077,0.0,0.0,0.0,0.0,nan,nan,0.0,0.0,0.0,0.0,0.0
4.76,3.9738934478049073,1.7749252692669846,6.976782310519762,-0.06970234046835766,0.052819033268973616,0.005319083567418644,0.9961543257988529,3.101130428328364,3.5283928589256974,-0.31219637967534486,0.15671170006648033,-0.06798214847241262,-0.0071193574261421855,3.936848315122142,2.125437608768769,6.972964756727107,-0.010823596296721298,0.0007778838317631432,-3.216472630262984e-05,0.9999411200792676,2.992369897864661,3.4810640387493934,-1.0395288294114537,0.22928601476061475,-0.06266040832498734,0.00041397237817391186,0.0,0.0,0.0,0.0,nan,nan,0.0,0.0,0.0,0.0,0.0
4.78,4.033674271964809,1.8441987639339057,6.954135746710306,-0.0680285243908161,0.051999763709821324,0.005216648937799461,0.9963136709978391,3.104286431987959,3.535854137242386,-0.3427605755834289,0.17470796095930655,-0.09327004596746702,-0.007187557143092431,3.9967243358021722,2.194581175426148,6.952391534345505,-0.008509045386239531,0.0001443403303931287,-1.5113181489002321e-05,0.999963786886343,2.9922428012723286,3.483367260174347,-1.0676121315919496,0.2286537504091477,-0.06246087171243184,0.00011850305714130311,0.0,0.0,0.0,0.0,nan,nan,0.0,0.0,0.0,0.0,0.0
4.8,4.0935053566184,1.9135907395448186,6.931220459389695,-0.06635082969785919,0.05105986069208131,0.005121609293806203,0.9964759039448734,3.106676580881733,3.5422190573410255,-0.36952289536688154,0.16531207633573788,-0.09806597545667087,-0.007212889235895218,4.056623108923958,2.263821713066572,6.9322144912640535,-0.006194445469376009,-0.0004892040022801402,1.9384503663910924e-06,0.9999806945741571,2.992115704679996,3.4856704815993007,-1.0956954337724443,0.2280214860576807,-0.06226133509987633,-0.00017696626389129266,0.0,0.0,0.0,0.0,nan,nan,0.0,0.0,0.0,0.0,0.0
4.82,4.153392314982254,1.9831063277464502,6.908261458190995,-0.06465620852962925,0.049992202392064596,0.005034917107277529,0.9966418634636449,3.1079583610557497,3.5471706200187576,-0.3839193237389442,0.17366497728950542,-0.11454211732009563,-0.007027902415249332,4.116268329031775,2.33263976549988,6.907598185060283,-0.0039428249876327474,-0.0011026722462057202,-7.017659484239038e-06,0.9999916190627733,2.989323104409025,3.478996829310863,-1.1206390530293207,0.22729062541213046,-0.062024649425311086,-0.00044774337934741276,0.0,0.0,0.0,0.0,nan,nan,0.0,0.0,0.0,0.0,0.0
4.84,4.2133339989823035,2.0527423246340417,6.885393416206981,-0.06298662900361757,0.04888958178280926,0.00495604306381411,0.9968038578361403,3.1085706190664686,3.5511698785043873,-0.39483333035367774,0.1648923097171315,-0.10893117974112426,-0.006369296149376334,4.175921739908709,2.4015253767794746,6.882967010726413,-0.0016963649205816718,-0.0017144838382711972,-1.811239879475978e-05,0.9999970912773525,2.986311314638085,3.4715849914118455,-1.1453244901138722,0.22655165700346894,-0.06178490891184561,-0.0007164900071936888,0.0,0.0,0.0,0.0,nan,nan,0.0,0.0,0.0,0.0,0.0
4.86,4.270327904008926,2.1190050967929883,6.863878201823425,-0.06135395380401548,0.047812030047876763,0.004888163155272251,0.9969582779616623,3.1085923347891544,3.5540666849958686,-0.40120732008563165,0.18131297783006833,-0.1198819766387484,-0.005488713365597829,4.235605913908687,2.4705200543970656,6.858718599354383,0.0005501043425473612,-0.0023262861360352975,-2.9207039917074278e-05,0.9999971424584044,2.9832995248671454,3.464173153512827,-1.1700099271984246,0.2258126885948074,-0.06154516839838013,-0.0009852366350399768,0.0,0.0,0.0,0.0,nan,nan,0.0,0.0,0.0,0.0,0.0
4.88,4.330358060568118,2.1888470804538813,6.841326070323541,-0.05945184546414593,0.0466100827318295,0.004823048380511451,0.9971307419104871,3.1086874829075017,3.556792388545973,-0.42240615837264106,0.20327854385819227,-0.12422909737606057,-0.004254446301012092,4.295320383658349,2.5396220770614164,6.834853474466934,0.002796570623533538,-0.0029380758228875516,-4.030152270658514e-05,0.9999917726056519,2.980287735096205,3.4567613156138095,-1.194695364282976,0.2250737201861459,-0.061305427884914665,-0.0012539832628862529,0.0,0.0,0.0,0.0,nan,nan,0.0,0.0,0.0,0.0,0.0
4.9,4.39040840828111,2.2587573477393796,6.818712838204972,-0.05714666687093305,0.04527439970636111,0.004760833079530706,0.9973273392749042,3.1084769503215264,3.558512972665269,-0.45295894422584115,0.25425324350089434,-0.14358947642006004,-0.0028188932282103268,4.355064681127411,2.608829721153617,6.811372151275565,0.005043021744172604,-0.0035498495822859637,-5.139578701955522e-05,0.999980981748205,2.977275945325265,3.449349477714791,-1.2193808013675285,0.22433475177748433,-0.06106568737144917,-0.001522729890732541,0.0,0.0,0.0,0.0,nan,nan,0.0,0.0,0.0,0.0,0.0
4.92,4.453461241163555,2.3322027055341286,6.794673930204868,-0.05430049367668498,0.04375967804295026,0.004697265732621936,0.9975542504839939,3.1080886113225596,3.5591929966902964,-0.5016983237814808,0.2876044683946321,-0.1497502311782323,-0.0015770249643196205,4.414838337638789,2.67814126076443,6.788275136669349,0.007289445526342095,-0.004161604097774771,-6.248977271342975e-05,0.9999647699445616,2.9742641555543248,3.441937639815773,-1.24406623845208,0.2235957833688228,-0.0608259468579837,-0.0017914765185788168,0.0,0.0,0.0,0.0,nan,nan,0.0,0.0,0.0,0.0,0.0
4.9399999999999995,4.51049562286139,2.398664610233605,6.772589286292126,-0.0513938881681275,0.04228035586838883,0.004640337852749369,0.9977722721298767,3.106965793444483,3.558055136817298,-0.5481043893691796,0.32033410127746637,-0.16349111686828716,-0.0007775591563760776,4.474640883878779,2.7475549677317423,6.765562929203951,0.00953582979206806,-0.0047733360530026175,-7.358341964716602e-05,0.9999431372826068,2.9712523657833847,3.4345258019167546,-1.2687516755366313,0.22285681496016127,-0.06058620634451822,-0.002060223146425093,0.0,0.0,0.0,0.0,nan,nan,0.0,0.0,0.0,0.0,0.0
4.96,4.570505343581721,2.468612300670469,6.7489549921815515,-0.04813844676186011,0.04067560205733255,0.0045823705118415055,0.9980015968028915,3.10510125222127,3.555171236762715,-0.6015804955376948,0.33027085774799836,-0.15996857170307036,-3.311117955493402e-05,4.534471849907229,2.817069111678024,6.743236019090812,0.01178216236359074,-0.005385042131740446,-8.467666768155752e-05,0.9999160838796121,2.968240576012445,3.4271139640177366,-1.2934371126211839,0.22211784655149971,-0.06034646583105274,-0.002328969774271381,0.0,0.0,0.0,0.0,nan,nan,0.0,0.0,0.0,0.0,0.0
4.98,4.633478064530148,2.5420240713992484,6.723837450028912,-0.04457413692073053,0.039024217320144695,0.004520883800495173,0.9982333486665251,3.101864221770545,3.549605540456444,-0.6472951377778992,0.343018718708139,-0.15678723486799462,0.0005028210339242754,4.59433076516772,2.8866819600478486,6.72129488818652,0.014028431063430439,-0.005996719017899417,-9.576945667955932e-05,0.9998836098822353,2.9652287862415045,3.419702126118718,-1.3181225497057363,0.22137887814283813,-0.060106725317587255,-0.002597716402117669,0.0,0.0,0.0,0.0,nan,nan,0.0,0.0,0.0,0.0,0.0
5.0,4.690412727684981,2.6083952043795757,6.700953474811333,-0.04140289534946575,0.03765588195575302,0.004465548801615354,0.9984227029093018,3.0982545622573165,3.54288714789246,-0.6843545512698495,0.32646950703938676,-0.13620157206372635,0.0008413635344956833,4.654175925377903,2.9562770058467165,6.699507487413243,0.01627061853037125,-0.006607027930449681,-0.00010816116305597727,0.9998457893373999,2.962078967822154,3.4118172012884704,-1.342561211911098,0.22063532585064594,-0.05986531529246802,-0.002864882262436549,0.0,0.0,0.0,0.0,nan,nan,0.0,0.0,0.0,0.0,0.0
5.02,4.7532914385584935,2.6816795597348437,6.675726695035188,-0.03798229993234412,0.036299446680949005,0.004402333746045338,0.9986091900839361,3.0931511967835363,3.5332580940718645,-0.7074619237280412,0.3232826631797179,-0.12687628224048142,0.0007011474649524993,4.7132936808935515,3.02386332172273,6.673817190747578,0.01843905515736901,-0.007192739611608842,-0.00014445239171704302,0.9998041032498765,2.9563904343503418,3.395230945776069,-1.3624610257862009,0.21980746371225834,-0.059593198494410894,-0.003102973591037252,0.0,0.0,0.0,0.0,nan,nan,0.0,0.0,0.0,0.0,0.0
5.04,4.813121826841341,2.7513803920946205,6.6518993049638,-0.034925924411348445,0.03516627855170046,0.004339814998751279,0.9987615724799455,3.087926980319632,3.5229591820927215,-0.726941146304097,0.29039912928611783,-0.10476020233440417,0.000219963185917783,4.772445569948363,3.091556568871206,6.648489562247984,0.020607398699768773,-0.0077784149821615335,-0.0001807428911491606,0.999757369920923,2.9507019008785296,3.378644690263668,-1.3823608396613047,0.2189796015738707,-0.059321081696353764,-0.003341064919637965,0.0,0.0,0.0,0.0,nan,nan,0.0,0.0,0.0,0.0,0.0
5.06,4.872891699399908,2.8209659354041103,6.628320971794284,-0.03210690340673705,0.03422429320718556,0.0042737338481066865,0.9988891728851077,3.0824435322861867,3.511791321724149,-0.7416700085466357,0.27614583673707543,-0.08597356940906799,-0.00015453240540094955,4.831631174219914,3.1593551708432903,6.623525102083334,0.02277563821127264,-0.00836405108548352,-0.0002170324781495258,0.9997055895864602,2.945013367406717,3.3620584347512663,-1.4022606535364077,0.2181517394354831,-0.05904896489829664,-0.003579156248238668,0.0,0.0,0.0,0.0,nan,nan,0.0,0.0,0.0,0.0,0.0
5.08,4.929606358513939,2.88694325378541,6.606001981777194,-0.029546912647443725,0.033543429504090484,0.004207272734964651,0.9989915500875082,3.077756864544718,3.500932223648022,-0.7659398484992165,0.2689577460547732,-0.0655226919680549,-0.00010994526249818136,4.89085007470498,3.227257549062726,6.598924303089084,0.024943762746108277,-0.008949644965148894,-0.0002533209695199468,0.999648762507887,2.9393248339349043,3.3454721792388646,-1.4221604674115116,0.21732387729709546,-0.05877684810023952,-0.0038172475768393816,0.0,0.0,0.0,0.0,nan,nan,0.0,0.0,0.0,0.0,0.0
5.1,4.9892275785695945,2.9562369200357392,6.582452458825772,-0.026741630010535446,0.032907199620624286,0.004130976284261923,0.99909205605512,3.072871845400355,3.488457747625062,-0.7955854477745634,0.291160744630893,-0.06335587647996181,-0.00012005348407235356,4.950101851727982,3.2952621228576993,6.574687650757321,0.027111761359083383,-0.009535193664944801,-0.00028960818206775666,0.9995868889720798,2.933636300463092,3.3288859237264634,-1.4420602812866146,0.21649601515870787,-0.058504731302182394,-0.004055338905440084,0.0,0.0,0.0,0.0,nan,nan,0.0,0.0,0.0,0.0,0.0
5.12,5.048760085043998,3.0253502007203146,6.558664493325957,-0.02379011719255719,0.032346415569311435,0.00404843271836822,0.9991853431252415,3.0683080489517494,3.4749895191751743,-0.8364453790684498,0.29937726645597373,-0.055079902779872784,-0.00013149644592478846,5.009386084949475,3.3633673094927823,6.550815623226947,0.029279623105641726,-0.010120694228886567,-0.0003258939326067503,0.9995199692913902,2.92794776699128,3.3122996682140613,-1.4619600951617184,0.21566815302032025,-0.05823261450412527,-0.004293430234040798,0.0,0.0,0.0,0.0,nan,nan,0.0,0.0,0.0,0.0,0.0
5.14,5.111168772441427,3.09770242151489,6.533384167109277,-0.02054661206459206,0.03173700699871571,0.003954230809202154,0.9992772203838823,3.0630509591576667,3.4590126751417456,-0.8770023536253342,0.31609062965752704,-0.06078479096826563,-0.0006281130363145031,5.068702353374624,3.431571524200873,6.527308691274043,0.03144733704191763,-0.010706143701232419,-0.00036217803795809706,0.9994480038036443,2.9222592335194673,3.2957134127016605,-1.4818599090368212,0.21484029088193263,-0.057960497706068155,-0.004531521562641501,0.0,0.0,0.0,0.0,nan,nan,0.0,0.0,0.0,0.0,0.0
5.16,5.167540937269991,3.1629526663852983,6.510228341692616,-0.01757629324862877,0.0312257783216228,0.0038624251091352968,0.9993503421504008,3.0581405013361667,3.4432392959861926,-0.9154530409754019,0.3082136293991761,-0.05187224708639597,-0.0011819218890969305,5.128050235361718,3.499873180215217,6.504167318302348,0.03361489222479197,-0.011291539126498603,-0.0003984603149512778,0.9993709928721404,2.916570700047655,3.2791271571892584,-1.5017597229119248,0.214012428743545,-0.057688380908011025,-0.004769612891242214,0.0,0.0,0.0,0.0,nan,nan,0.0,0.0,0.0,0.0,0.0
5.18,5.226783519202966,3.231397104153846,6.4856917698707495,-0.014504750218685539,0.03069945508027293,0.003759401587594016,0.9994163409603483,3.05224034645944,3.424929639402992,-0.9443696686398982,0.30530459817998773,-0.053655844920336426,-0.0020880005881302073,5.187429308630666,3.5682706888014257,6.48139196033391,0.03578227771194666,-0.011876877549474111,-0.0004347405804249967,0.9992889368856475,2.910882166575843,3.262540901676857,-1.521659536787028,0.2131845666051574,-0.0574162641099539,-0.005007704219842917,0.0,0.0,0.0,0.0,nan,nan,0.0,0.0,0.0,0.0,0.0
5.2,5.285924996604999,3.299572176506558,6.461085324681556,-0.011602415114877251,0.030268420910512597,0.003650728894655826,0.9994677977992206,3.046126696035894,3.405586565184643,-0.9694172517347297,0.2748472593349115,-0.03628269896291082,-0.003105839633777266,5.246610311955082,3.6360722647269648,6.458321913190047,0.03793418277855657,-0.012456938677796927,-0.0004749415216269291,0.999202480424389,2.9047600613378144,3.244423426109506,-1.540482467722391,0.2123437102888455,-0.057139783467679985,-0.005239879581097022,0.0,0.0,0.0,0.0,nan,nan,0.0,0.0,0.0,0.0,0.0
5.22,5.347914740178491,3.3708383558435986,6.435359078141522,-0.008851603760107449,0.029913809417386486,0.0035320150774238164,0.9995070474921663,3.039168958319949,3.384187301047375,-0.9808728888419431,0.2488580800780699,-0.03282200812404862,-0.0044484195334714444,5.304776062319653,3.700808778492704,6.432569426018316,0.04001578654852204,-0.0130130288488223,-0.0005331186559154471,0.9991141644935185,2.8966508998851643,3.219288380296063,-1.5543700520679382,0.21144330175070958,-0.056843303359466926,-0.005444942107527521,0.0,0.0,0.0,0.0,nan,nan,0.0,0.0,0.0,0.0,0.0
5.24,5.403903693638057,3.4350168000456085,6.412244185382164,-0.00670192143496773,0.02968448063847809,0.0034209937281770783,0.9995309963478948,3.032914217060527,3.364722059872172,-0.9895602855935514,0.20771214975020294,-0.02009180946542929,-0.005748499463963204,5.362977150417473,3.7656457122234723,6.407151583974429,0.04209720410523233,-0.013569058463785406,-0.0005912933093390662,0.9990211991900627,2.8885417384325143,3.1941533344826185,-1.5682576364134855,0.21054289321257358,-0.05654682325125385,-0.005650004633958027,0.0,0.0,0.0,0.0,nan,nan,0.0,0.0,0.0,0.0,0.0
5.26,5.462739833453561,3.502246454181849,6.388143505816153,-0.004725509096183276,0.029462977465791435,0.0033001082716972905,0.9995492543181788,3.0260907630121836,3.344005150134112,-0.9922818701472503,0.19236388877597305,-0.025496869941539643,-0.006836767048556038,5.421213214822853,3.830581666581744,6.382068841706118,0.04417842576282145,-0.01412502493520527,-0.0006494652111823329,0.9989235849466356,2.8804325769798638,3.1690182886691747,-1.5821452207590325,0.20964248467443758,-0.056250343143040796,-0.005855067160388524,0.0,0.0,0.0,0.0,nan,nan,0.0,0.0,0.0,0.0,0.0
5.28,5.524404645979996,3.5724673015428037,6.362969209123749,-0.0027678468534350392,0.029228089321656728,0.0031679323457530647,0.9995639159268674,3.019267430200015,3.322362139971945,-1.0055200592385354,0.18524207192044595,-0.02368261620397848,-0.00753057605845666,5.4794838934590695,3.895615240386839,6.357321647623592,0.046259441836335395,-0.014680925675894846,-0.0007076340907426085,0.9988213222174841,2.8723234155272133,3.14388324285573,-1.5960328051045802,0.20874207613630164,-0.055953863034827724,-0.006060129686819031,0.0,0.0,0.0,0.0,nan,nan,0.0,0.0,0.0,0.0,0.0
5.3,5.580094331267805,3.6356656930212603,6.340214700581096,-0.0009396736683527143,0.028935750740887885,0.0030409497689527724,0.9995762061828807,3.0129440269332544,3.3022023509358447,-1.0202856009414316,0.20037186338247662,-0.03710353940015125,-0.008001561830818741,5.53778882360508,3.960745030640983,6.332910443891174,0.048340242641776464,-0.015236758098972866,-0.0007657996773313087,0.9987144114784875,2.8642142540745636,3.1187481970422866,-1.6099203894501273,0.2078416675981657,-0.055657382926614665,-0.0062651922132495284,0.0,0.0,0.0,0.0,nan,nan,0.0,0.0,0.0,0.0,0.0
5.32,5.638606142721858,3.701841349987505,6.316138080892871,0.0011006424687169402,0.02857521589135244,0.0029010517675870815,0.9995868294058103,3.0064324926714194,3.280467137641496,-1.0461819854457302,0.20899571654362023,-0.03862828324255325,-0.008269341984592563,5.596127641902297,4.025969632555441,6.308835666419072,0.0504208184961491,-0.01579251961787609,-0.0008239617002751831,0.9986028532271545,2.856105092621913,3.0936131512288423,-1.623807973795675,0.2069412590600297,-0.0553609028184016,-0.006470254739680035,0.0,0.0,0.0,0.0,nan,nan,0.0,0.0,0.0,0.0,0.0
5.34,5.6999207364661775,3.7709277480302923,6.2906912877610806,0.0034022306676320686,0.028056649273852853,0.0027447034909938092,0.9995967766358367,2.9989851565071,3.256308696641245,-1.0714707298147808,0.22658947654323322,-0.058681965115174047,-0.008826404490088218,5.654499984361327,4.091287639576648,6.285097744855282,0.05250115971750415,-0.01634820764637111,-0.0008821198889175539,0.9984866479826207,2.847995931169263,3.068478105415399,-1.637695558141222,0.20604085052189378,-0.055064422710188535,-0.006675317266110533,0.0,0.0,0.0,0.0,nan,nan,0.0,0.0,0.0,0.0,0.0
5.36,5.755284014269189,3.8330710252554776,6.267495265949089,0.0055396970752652494,0.02752726210732824,0.002597554905250074,0.999602328081374,2.9919816785462685,3.2336318572133345,-1.0978830686054233,0.2239212653452494,-0.05405953736692363,-0.009108953240982307,5.712905486368774,4.156697643412413,6.261697102577568,0.054581256624984704,-0.016903819598566617,-0.0009402739726195971,0.9983657962856465,2.8398867697166126,3.0433430596019546,-1.6515831424867695,0.20514044198375778,-0.05476794260197546,-0.006880379792541039,0.0,0.0,0.0,0.0,nan,nan,0.0,0.0,0.0,0.0,0.0
5.38,5.813443684721356,3.8980919530281484,6.2429967898478,0.007774529853338518,0.026973865193063624,0.002439800611664134,0.9996029284946505,2.984051466929766,3.2085942639710883,-1.117223319531464,0.22026759740813215,-0.05566495884394627,-0.009507272884297896,5.771343782693998,4.222198234058109,6.238634156685597,0.05666109953887041,-0.01745935288892524,-0.0009984236807615804,0.9982402986986149,2.8317776082639625,3.0182080137885112,-1.6654707268323166,0.2042400334456218,-0.054471462493762404,-0.007085442318971536,0.0,0.0,0.0,0.0,nan,nan,0.0,0.0,0.0,0.0,0.0
5.4,5.87147924995385,3.9626939987980063,6.218431999195574,0.00985302339082278,0.02651165880432323,0.0022829188331357692,0.9995973380112135,2.9760508448284995,3.1830517043252615,-1.1340318947676886,0.20046413159373236,-0.04338393302819163,-0.009995995229481065,5.8292822092560215,4.2861154976199325,6.215055461869212,0.05871257645373634,-0.018005170545320713,-0.0010622197841666748,0.9981119771292839,2.8230134266731475,2.9906603021129112,-1.677190961764848,0.20332154578776082,-0.054169888373533016,-0.007280050810868542,0.0,0.0,0.0,0.0,nan,nan,0.0,0.0,0.0,0.0,0.0
5.42,5.932282706840815,4.030044767685712,6.192810915326842,0.011927320032252064,0.026009248581042317,0.0021135590535626583,0.9995883107025736,2.966876611911208,3.1551909965248495,-1.1372510290429558,0.1927770693347231,-0.05106782744150494,-0.010762608452364137,5.886051237008523,4.346342555840131,6.189859088297118,0.060700259638588244,-0.018529126955700023,-0.0011387875986894602,0.9979833931969372,2.812768317910333,2.9576578231346815,-1.684011062411506,0.20236218326501154,-0.053856797262649574,-0.00745102390150737,0.0,0.0,0.0,0.0,nan,nan,0.0,0.0,0.0,0.0,0.0
5.44,5.987174594149076,4.090540825200184,6.169823271961659,0.013642878073070656,0.025588415886620485,0.0019593589233853946,0.9995775436467678,2.9585743768449424,3.129896464234686,-1.1417373434964282,0.1714317409589802,-0.040523602602931794,-0.011213476345520394,5.942855081611263,4.406661290694219,6.164962266030835,0.0626876849801962,-0.019053004657845946,-0.0012153505758575088,0.9978505700195343,2.8025232091475174,2.9246553441564496,-1.6908311630581647,0.20140282074226218,-0.05354370615176612,-0.007621996992146205,0.0,0.0,0.0,0.0,nan,nan,0.0,0.0,0.0,0.0,0.0
5.46,6.044829181785777,4.153754588121823,6.145861635172809,0.01532129251591654,0.025165875833659687,0.0017962814437511025,0.999564260096439,2.949624979889452,3.1029424306986497,-1.1416985244231168,0.16888936537051175,-0.04606990363164004,-0.011534992815916382,5.99969344261541,4.467070502831402,6.140365394231049,0.06467484403635236,-0.01957680142642487,-0.0012919083904457398,0.997713508161283,2.792278100384703,2.8916528651782194,-1.697651263704823,0.2004434582195129,-0.05323061504088268,-0.007792970082785034,0.0,0.0,0.0,0.0,nan,nan,0.0,0.0,0.0,0.0,0.0
5.48,6.1052234383063295,4.219611428149662,6.120854198198459,0.017147544077444257,0.024688327239137206,0.0016230604236366513,0.9995468042593637,2.9404332441381116,3.0743999656447336,-1.1522823733479686,0.18184254515835843,-0.04731611189283184,-0.011280106340043833,6.056566018985669,4.52756899136358,6.116068866961916,0.06666172836598042,-0.02010051503644704,-0.001368460717251017,0.9975722082043962,2.782032991621887,2.858650386199988,-1.7044713643514817,0.19948409569676356,-0.052917523929999224,-0.007963943173423868,0.0,0.0,0.0,0.0,nan,nan,0.0,0.0,0.0,0.0,0.0
5.5,6.159735911883952,4.2787386304239865,6.09824176903763,0.01897699514245757,0.024216774846394663,0.0014645773635219175,0.9995255256793337,2.932095533872213,3.0477791917223636,-1.1671309714559652,0.20505045596766547,-0.055593543125004925,-0.010887721725404307,6.113472509105374,4.588155553885725,6.092073073184374,0.06864832952917059,-0.02062414326327586,-0.0014450072310935001,0.9974266707490894,2.7717878828590723,2.825647907221758,-1.71129146499814,0.19852473317401426,-0.05260443281911578,-0.008134916264062696,0.0,0.0,0.0,0.0,nan,nan,0.0,0.0,0.0,0.0,0.0
5.52,6.216980692230487,4.34050466353666,6.074357190978091,0.02116029042713606,0.02361058599824073,0.001293320590801546,0.9994964280374934,2.92308635426408,3.018614147677841,-1.188825310948941,0.23241775233580778,-0.06851625101368304,-0.010508484748802368,6.170412610781627,4.648828986496333,6.0683783967495275,0.07063463908721626,-0.0211476838826375,-0.0015215476068180518,0.9972768964135782,2.761542774096257,2.792645428243528,-1.718111565644798,0.19756537065126498,-0.05229134170823234,-0.008305889354701525,0.0,0.0,0.0,0.0,nan,nan,0.0,0.0,0.0,0.0,0.0
5.54,6.276933226580823,4.404816620726524,6.04925274989785,0.023806009975758397,0.022740703798125827,0.001103221813939157,0.9994573113352212,2.912532553320426,2.9859223987368613,-1.2072613625121575,0.2686687096183072,-0.0954156298860008,-0.010252939515104795,6.2273860212504335,4.709588083817867,6.044985216392127,0.07262064860264954,-0.021671134670630268,-0.0015980815192956099,0.9971228858340759,2.7512976653334418,2.759642949265296,-1.7249316662914569,0.19660600812851564,-0.05197825059734889,-0.00847686244534036,0.0,0.0,0.0,0.0,nan,nan,0.0,0.0,0.0,0.0,0.0
5.5600000000000005,6.333877984566109,4.465530555494082,6.0253431044679955,0.026608584614229547,0.021749834946137938,0.0009151600341890852,0.9994088704763205,2.9017934559537615,2.953130942972788,-1.2285840297553625,0.29168609789122474,-0.1048132362970174,-0.009942099681089531,6.284392437181833,4.770431639017242,6.021893905724135,0.07460634963927676,-0.022194493403734004,-0.0016746086434245577,0.9969646396647902,2.7410525565706263,2.7266404702870646,-1.7317517669381155,0.1956466456057663,-0.05166515948646543,-0.008647835535979195,0.0,0.0,0.0,0.0,nan,nan,0.0,0.0,0.0,0.0,0.0
5.58,6.390666734564203,4.525693268108197,6.001533998841314,0.029615807688143123,0.020627449852109514,0.0007204506031820597,0.999348234199924,2.8900474020751834,2.9184439790743477,-1.243843946141562,0.3070387341788871,-0.11784991847705306,-0.00989565562354806,6.341431554685064,4.831358443826325,5.9991048332283805,0.07659173376221473,-0.022717757858819583,-0.0017511286541321152,0.996802158577921,2.7308074478078113,2.6936379913088344,-1.738571867584774,0.194687283083017,-0.05135206837558198,-0.008818808626618022,0.0,0.0,0.0,0.0,nan,nan,0.0,0.0,0.0,0.0,0.0
5.6,6.444464060992378,4.58231702651,5.979022922984741,0.03254532143086331,0.019539327030939253,0.0005346674075025963,0.9992791055970816,2.8785155734889463,2.8843537579512426,-1.2608200714246596,0.3106983172345376,-0.11412368431641332,-0.009739916068970005,6.397559120887806,4.889315160662329,5.975836145248666,0.07853481560888374,-0.023226677141321362,-0.0018341218667503555,0.9966390721837216,2.719763055235617,2.657527928052686,-1.7419398233502774,0.19370630428623667,-0.051034891975385896,-0.008974926928710505,0.0,0.0,0.0,0.0,nan,nan,0.0,0.0,0.0,0.0,0.0
5.62,6.50374318410987,4.6442682476984745,5.954344816478405,0.035781792897234536,0.018298104484753386,0.0003265797823729065,0.9991920416091044,2.864975191724299,2.8452330541876814,-1.2723684234313386,0.30240511581784524,-0.12229518345408705,-0.01014371258068434,6.452489392319369,4.943376693305328,5.95181928442637,0.08042289060220456,-0.02371693843048032,-0.0019255521647909262,0.9964767723070775,2.7076771883082076,2.6173686531221123,-1.7408096017199497,0.1926971592801645,-0.0507123924046178,-0.009111689300979832,0.0,0.0,0.0,0.0,nan,nan,0.0,0.0,0.0,0.0,0.0
5.64,6.557204896505134,4.699726840318289,5.9321960646762015,0.03857583396487652,0.017154253619330772,0.00013630446993876177,0.999108411553906,2.852324476921878,2.8092731365238084,-1.2839136849723796,0.2890427843681637,-0.12339627990183487,-0.010568564344984814,6.507452322854601,4.997519334514319,5.928061247788091,0.08231065678094948,-0.024207108649345402,-0.002016975068934426,0.9963106460751581,2.6955913213807987,2.57720937819154,-1.7396793800896222,0.19168801427409232,-0.05038989283384971,-0.009248451673249152,0.0,0.0,0.0,0.0,nan,nan,0.0,0.0,0.0,0.0,0.0
5.66,6.613295336999995,4.757467472647394,5.909141930707934,0.04141592213233915,0.01585727924874745,-7.155624110407821e-05,0.9990161475013601,2.8381690463743405,2.770609589433664,-1.2911049927799172,0.28311771843561795,-0.13485688162429624,-0.011011327292656008,6.562447673248086,5.051742096740428,5.904562372779245,0.08419810689631543,-0.024697185915719812,-0.00210839022812751,0.9961406941258684,2.6835054544533894,2.5370501032609667,-1.7385491584592945,0.19067886926802013,-0.050067393263081614,-0.009385214045518477,0.0,0.0,0.0,0.0,nan,nan,0.0,0.0,0.0,0.0,0.0
5.68,6.669187215764002,4.814547420407599,5.886263821902024,0.04430508050039242,0.014537745169970358,-0.0002794950860595644,0.9989122262189625,2.8238032774621598,2.7312122019819984,-1.306607067518515,0.2986403300051725,-0.13037244667112063,-0.010405508129093365,6.6174752037564435,5.106043991204147,5.8813229928646455,0.08608523370071262,-0.02518716834776366,-0.0021997972913465583,0.9959669171118045,2.6714195875259805,2.496890828330395,-1.7374189368289672,0.189669724261948,-0.04974489369231353,-0.009521976417787799,0.0,0.0,0.0,0.0,nan,nan,0.0,0.0,0.0,0.0,0.0
5.7,6.727649813639577,4.873755090554825,5.862386729188131,0.04757541304079352,0.013142366632818994,-0.0004944334710041684,0.998781064001931,2.8081884655603204,2.688029850600154,-1.3220993586079022,0.32211136126732226,-0.13629173074049997,-0.009721432983628125,6.672534674142032,5.1604240279105476,5.858343437523391,0.08797202994779312,-0.025677054064001226,-0.002291195907599053,0.9957893157002499,2.659333720598571,2.456731553399821,-1.7362887151986395,0.1886605792558758,-0.04942239412154543,-0.009658738790057124,0.0,0.0,0.0,0.0,nan,nan,0.0,0.0,0.0,0.0,0.0
5.72,6.783106579532298,4.929440974728841,5.839702433349484,0.05088171903473221,0.011798767622804789,-0.0006952082363938381,0.9986347462591926,2.7930471589206634,2.6454079772682024,-1.343462806197248,0.34053578725081407,-0.13599899178035188,-0.009042429367604944,6.727625843676617,5.214881215664464,5.835624032243797,0.08985848839247784,-0.026166841183328134,-0.002382585725924896,0.9956078905731733,2.6472478536711623,2.4165722784692494,-1.7351584935683122,0.18765143424980363,-0.049099894550777345,-0.009795501162326444,0.0,0.0,0.0,0.0,nan,nan,0.0,0.0,0.0,0.0,0.0
5.74,6.835580923839789,4.98168471157576,5.818220929508694,0.05416188107861042,0.010477926342074503,-0.0008854322679782278,0.998476799784199,2.7779420396491097,2.6032093784865453,-1.3597029699028593,0.34666048779620484,-0.14032420333748405,-0.008701604199743213,6.7827484711450925,5.2694145620857356,5.813165098518397,0.09174460179098531,-0.026656527825018664,-0.0024739663953977893,0.9954226424272264,2.635161986743753,2.3764130035386755,-1.7340282719379845,0.18664228924373144,-0.04877739498000925,-0.00993226353459577,0.0,0.0,0.0,0.0,nan,nan,0.0,0.0,0.0,0.0,0.0
5.76,6.893330942246817,5.038659360386798,5.794541964463309,0.05775509420773913,0.00909188316720111,-0.0010864882483410424,0.9982887890269104,2.761021456945323,2.555412678499,-1.3791549707737576,0.3399022493137023,-0.12502954333553198,-0.00819119020249309,6.837902314849164,5.324023073624432,5.790966953839009,0.09363036290085855,-0.02714611210873284,-0.002565337565126549,0.9952335719737405,2.623076119816344,2.3362537286081038,-1.732898050307657,0.18563314423765925,-0.04845489540924117,-0.01006902590686509,0.0,0.0,0.0,0.0,nan,nan,0.0,0.0,0.0,0.0,0.0
5.78,6.948077624264991,5.092136116016056,5.772123438664858,0.0610600773050356,0.00789904681705766,-0.0012668982067867082,0.9981020323533153,2.7445891186878164,2.5087565585701914,-1.389458874241545,0.31949909325710096,-0.11445459370207553,-0.008153581020486654,6.893087132611079,5.378705755576133,5.7690299116918515,0.09551576448099369,-0.02763559215452382,-0.0026566988842564834,0.9950406799387242,2.610990252888935,2.29609445367753,-1.7317678286773293,0.1846239992315871,-0.04813239583847306,-0.010205788279134417,0.0,0.0,0.0,0.0,nan,nan,0.0,0.0,0.0,0.0,0.0
5.8,6.999850263841881,5.142209208828627,5.750943688906408,0.06394432748221436,0.0069175033044196295,-0.001426942627232978,0.9979284718684096,2.729155039067712,2.464252272268459,-1.3996798169964055,0.2913192713923014,-0.09389473094136513,-0.00815305604581568,6.946846078703991,5.428641495346483,5.746929939265306,0.0973440297655653,-0.028106202136920083,-0.0027545117832887406,0.994850035902535,2.5980333952678762,2.252317971752443,-1.7257693916538748,0.1835881055982913,-0.04780830186381096,-0.010323497360642402,0.0,0.0,0.0,0.0,nan,nan,0.0,0.0,0.0,0.0,0.0
5.82,7.0567952540221865,5.196694902964566,5.727725675056297,0.06678455021803097,0.0060381778650882454,-0.001590394564876886,0.9977478814336682,2.712135475093845,2.414869974482228,-1.4015072893883365,0.24951302730735447,-0.07366631394870837,-0.008539798201703162,6.9994982253548415,5.474887425430261,5.724723092406066,0.09912766576325785,-0.028562075201423367,-0.0028573558608161426,0.9946606201403575,2.584397071710086,2.205719681331818,-1.715973225726529,0.18253134517366779,-0.047482964083510874,-0.010426342836661466,0.0,0.0,0.0,0.0,nan,nan,0.0,0.0,0.0,0.0,0.0
5.84,7.108060949232967,5.245200842931798,5.706876927698165,0.068949545205182,0.005500226631831733,-0.0017211730222616037,0.9976035010395786,2.6973757939740532,2.3707638493000975,-1.4029520891912721,0.21181966788140144,-0.04375679245380728,-0.008704508622454577,7.052179413704959,5.521202447297285,5.702730143827891,0.10091096119468468,-0.02901785013712257,-0.0029601901215178562,0.9944677870894707,2.5707607481522965,2.159121390911195,-1.7061770597991837,0.18147458474904432,-0.0471576263032108,-0.010529188312680527,0.0,0.0,0.0,0.0,nan,nan,0.0,0.0,0.0,0.0,0.0
5.86,7.164435272635772,5.2979154016292,5.684058273428146,0.07101872494805966,0.005138803626427072,-0.001850663575697705,0.9974600284965662,2.6814235548278846,2.3221981928151965,-1.3953224918056164,0.18963864894846236,-0.02751528105808184,-0.008916842800615008,7.1048894628571,5.567585787144258,5.680951366389628,0.1026939099330975,-0.029473525378142375,-0.003063014212093126,0.9942715374123777,2.557124424594506,2.1125231004905696,-1.6963808938718377,0.1804178243244208,-0.046832288522910714,-0.010632033788699589,0.0,0.0,0.0,0.0,nan,nan,0.0,0.0,0.0,0.0,0.0
5.88,7.215179232860093,5.344788559917908,5.663612005737,0.07282444032510643,0.004963153013173465,-0.00195539418426394,0.9973305091277851,2.667523229666529,2.27815013258709,-1.3898874952124687,0.19527688324913614,-0.013702436894513614,-0.008587854676068478,7.157628191517395,5.6140366702290105,5.659387030006883,0.10447650585293893,-0.029929099358949923,-0.003165827779276118,0.9940718717833208,2.543488101036717,2.065924810069946,-1.686584727944492,0.17936106389979733,-0.046506950742610645,-0.010734879264718649,0.0,0.0,0.0,0.0,nan,nan,0.0,0.0,0.0,0.0,0.0
5.9,7.270974533602889,5.395668200904763,5.64128632168786,0.07497991575200763,0.004820347823464511,-0.0020655454214806284,0.997171254099713,2.6521857329996887,2.2283933035805212,-1.378502559073803,0.21546940433864376,-0.013218775051503989,-0.008368128790172128,7.2103954179978516,5.660554320881174,5.638037401648298,0.10625874282986399,-0.030384570514360304,-0.003268630469837172,0.9938687908882773,2.5298517774789273,2.019326519649321,-1.6767885620171459,0.17830430347517384,-0.04618161296231056,-0.01083772474073771,0.0,0.0,0.0,0.0,nan,nan,0.0,0.0,0.0,0.0,0.0
5.92,7.321194517850983,5.44085623117631,5.621310925693882,0.07710886250358522,0.004738386618488086,-0.0021596505544787562,0.9970090806633305,2.638645039899598,2.1825044244687994,-1.3725044602351557,0.231515918643624,-0.007220569837303299,-0.008165445696437615,7.2631909602188385,5.707137962512811,5.616902745331885,0.1080406147407606,-0.030839937279541818,-0.003371421930583977,0.993662295424959,2.5162154539211374,1.9727282292286978,-1.6669923960898005,0.17724754305055035,-0.04585627518201049,-0.01094057021675677,0.0,0.0,0.0,0.0,nan,nan,0.0,0.0,0.0,0.0,0.0
5.9399999999999995,7.373789587055242,5.4875370138305275,5.600535352245991,0.07945120232536153,0.004645954137270316,-0.0022609844480573835,0.9968253656024884,2.624306956189281,2.133238772798642,-1.362284778299113,0.23725408115378516,-0.0098155508457396,-0.008415744265829968,7.316014635711603,5.753786817629111,5.595983322121401,0.10982211546377113,-0.03129519809002146,-0.0034742018083628173,0.9934523861028082,2.502579130363348,1.9261299388080744,-1.657196230162455,0.17619078262592688,-0.04553093740171042,-0.01104341569277583,0.0,0.0,0.0,0.0,nan,nan,0.0,0.0,0.0,0.0,0.0
5.96,7.428720418752481,5.535567777435789,5.578950952744749,0.08195530223226169,0.004608634633953373,-0.002363220301915538,0.9966225484668878,2.609654513981803,2.0809027118242747,-1.3562340846835172,0.24027172895602053,-0.0004818167647160237,-0.00841801584899977,7.368866261620768,5.8005001078390634,5.575279390122753,0.11160323887831333,-0.03175035138169026,-0.003576969750059774,0.9932390636429965,2.4889428068055577,1.8795316483874491,-1.647400064235109,0.17513402220130336,-0.04520559962141033,-0.011146261168794894,0.0,0.0,0.0,0.0,nan,nan,0.0,0.0,0.0,0.0,0.0
5.98,7.480756770469494,5.580358520869908,5.55861433589994,0.08432882261448786,0.0045817039856932765,-0.0024633909086198276,0.9964244022354495,2.595729993415775,2.030406613905974,-1.3473644117323749,0.23518954866378086,-0.004201716479738484,-0.008978979970245816,7.421745654706843,5.847277053866155,5.554791204480458,0.11338397886510089,-0.03220539559080857,-0.0036797254026019223,0.9930223287784214,2.475306483247768,1.8329333579668237,-1.637603898307763,0.17407726177667987,-0.04488026184111025,-0.011249106644813957,0.0,0.0,0.0,0.0,nan,nan,0.0,0.0,0.0,0.0,0.0
6.0,7.52994192311908,5.622044676194985,5.539445537390704,0.08650356783690612,0.004568698652208288,-0.0025620944501979375,0.9962377705227499,2.5827505371752277,1.9822525490229241,-1.342835385477534,0.22363510338841758,-0.0010679892869122718,-0.009563258143092218,7.472588587288245,5.8871494319080995,5.534754476095719,0.11509151230777662,-0.03263740587660859,-0.0037881359259141485,0.9928113584959436,2.4607896454906335,1.7823845771011644,-1.6214509297322295,0.17298094796878596,-0.044557211956111224,-0.011328512214963758,0.0,0.0,0.0,0.0,nan,nan,0.0,0.0,0.0,0.0,0.0
6.02,7.581454269790845,5.664998171405306,5.519439753645167,0.08861764041663807,0.0045216487363868955,-0.0026772925348197323,0.9960518563831782,2.5689317234589004,1.931432551125119,-1.3333767241890024,0.20028122959515704,-0.008563673675554339,-0.010689001017569996,7.522526029725955,5.923938868227495,5.514997656746504,0.11676586910312675,-0.033058983068385395,-0.00389908916675015,0.9926014469840074,2.445875943516356,1.7300552363093051,-1.6024328313173495,0.17186680671131924,-0.044235193268312906,-0.011397352981161901,0.0,0.0,0.0,0.0,nan,nan,0.0,0.0,0.0,0.0,0.0
6.04,7.635255369267797,5.709067874054894,5.498601504042723,0.09061178360395392,0.0044303418242665395,-0.0028109632728988013,0.9958724693598617,2.5544216196705514,1.8783160187077381,-1.3247259881958473,0.1850660274483908,-0.011270509714333606,-0.011412712758820439,7.572487676328037,5.960784271116295,5.49540702512098,0.11843987121380417,-0.033480459841138364,-0.004010030563824139,0.9923885203742334,2.4309622415420775,1.6777258955174434,-1.5834147329024686,0.17075266545385248,-0.04391317458051459,-0.011466193747360048,0.0,0.0,0.0,0.0,nan,nan,0.0,0.0,0.0,0.0,0.0
6.06,7.686219927506231,5.750029572351825,5.478995850891891,0.09248182740978045,0.00427329256619668,-0.002949564334451957,0.9957008339053594,2.5402153552106075,1.827301612276374,-1.308945707757823,0.19587129944286732,-0.022268012631877845,-0.011661723870749218,7.622473399425417,5.997685073943817,5.475982789490401,0.12011351355490764,-0.03390183491460168,-0.0041209597801436845,0.9921725793134017,2.4160485395677993,1.625396554725584,-1.5643966344875884,0.16963852419638575,-0.043591155892716275,-0.01153503451355819,0.0,0.0,0.0,0.0,nan,nan,0.0,0.0,0.0,0.0,0.0
6.08,7.7369152899494855,5.7899838913491735,5.459687452551725,0.09461082270673261,0.003994407285275815,-0.0030994195934958835,0.9955014970030824,2.5256911504726456,1.7752272224070473,-1.2929364607004767,0.2302940278700231,-0.037051488312308346,-0.011389012603956474,7.6724830710564955,6.034640709406259,5.456725156104256,0.1217867910426291,-0.034323107008818424,-0.004231876478753371,0.9919536244574484,2.4011348375935206,1.573067213933722,-1.5453785360727075,0.16852438293891897,-0.04326913720491794,-0.011603875279756336,0.0,0.0,0.0,0.0,nan,nan,0.0,0.0,0.0,0.0,0.0
6.1,7.787338053917547,5.828895543265183,5.440783346718427,0.09704835298458656,0.0034940203910539137,-0.003270673897401215,0.9952681606967757,2.510385789810476,1.7217094846205137,-1.2721382969360266,0.25724991855427837,-0.06203475443912344,-0.011410440724686912,7.722516562968682,6.071650609533578,5.43763432918778,0.12345969859426843,-0.03474427484414452,-0.004342780322735792,0.9917316564714647,2.386221135619243,1.5207378731418626,-1.5263604376578273,0.16741024168145222,-0.04294711851711963,-0.01167271604595448,0.0,0.0,0.0,0.0,nan,nan,0.0,0.0,0.0,0.0,0.0
6.12,7.837485512797473,5.8667488502447185,5.422285176804763,0.09974734675644788,0.002797673140116115,-0.0034606724926012807,0.9950028460190198,2.4945919954991713,1.6670237147175586,-1.2558087136102007,0.282893168031173,-0.07902246585139479,-0.0112569670596528,7.772573746619973,6.108714205696412,5.418710510939458,0.12513223112824956,-0.03516533714125256,-0.004453670975212604,0.9915066760296941,2.371307433644964,1.468408532350001,-1.5073423392429461,0.16629610042398543,-0.042625099829321306,-0.011741556812152627,0.0,0.0,0.0,0.0,nan,nan,0.0,0.0,0.0,0.0,0.0
6.14,7.884866627459924,5.901713105116277,5.405086628825268,0.1024713009570372,0.0019540705404120463,-0.003660589255999597,0.9947273064387013,2.478963382462812,1.6140168571159166,-1.2401979520395696,0.29096383146502,-0.09752652150112398,-0.011487445258510587,7.822654493180494,6.145830928612966,5.399953901528572,0.1268043835641352,-0.035586292621135725,-0.0045645480993455135,0.9912786838155309,2.3563937316706864,1.4160791915581412,-1.488324240828066,0.16518195916651868,-0.042303081141522994,-0.01181039757835077,0.0,0.0,0.0,0.0,nan,nan,0.0,0.0,0.0,0.0,0.0
6.16,7.934465538901556,5.937469643422246,5.387292342410496,0.10537297621436932,0.0009510045386270983,-0.0038841914684772283,0.9944247304500877,2.462215237272858,1.557577805794058,-1.2306486503788974,0.2909018416093136,-0.10422492058663382,-0.011585219249261015,7.872758673534083,6.183000208355951,5.381364699092774,0.12847615082264296,-0.03600714000511166,-0.0046754113583373415,0.9910476805215176,2.341480029696408,1.3637498507662795,-1.469306142413185,0.16406781790905192,-0.04198106245372467,-0.011879238344548916,0.0,0.0,0.0,0.0,nan,nan,0.0,0.0,0.0,0.0,0.0
6.18,7.983776081822767,5.972144228675592,5.369763458994478,0.10817481208956176,-0.00013849436669074154,-0.004120236765235552,0.9941233396805935,2.44499973602928,1.5006493429747265,-1.220736881213802,0.27421365080845195,-0.11338143158569386,-0.012011940096010955,7.922886158279843,6.220221474359487,5.362943099735673,0.13014752782566016,-0.03642787801482634,-0.004786260415433008,0.9908136668493432,2.32656632772213,1.31142050997442,-1.450288043998305,0.1629536766515852,-0.04165904376592636,-0.011948079110747058,0.0,0.0,0.0,0.0,nan,nan,0.0,0.0,0.0,0.0,0.0
6.2,8.035236827857528,6.0073921321118435,5.351544565310751,0.11094045749365218,-0.001317123619074409,-0.004374490705272957,0.9938165544543623,2.4267256497953134,1.440710664962853,-1.215939467574029,0.25574215278419377,-0.11393741816837588,-0.012217351959237576,7.97027549311072,6.248010358681331,5.345896222066809,0.1317270922761106,-0.03682203235661348,-0.004901248214490819,0.9905897681984958,2.310810358607057,1.25497056947515,-1.4234097082898987,0.16058254397218907,-0.044997128511364524,-0.011928659137428431,0.0,0.0,0.0,0.0,nan,nan,0.0,0.0,0.0,0.0,0.0
6.22,8.083939709936844,6.039846874683688,5.334338852356193,0.11330752505630208,-0.0024617097441409813,-0.004624081931323016,0.9935461552525094,2.4089136266234292,1.3836045598843703,-1.2090017087453546,0.22144380953879778,-0.11498508127189552,-0.012802776230643798,8.017064673934515,6.273716219048021,5.329241578824876,0.1332858084362939,-0.037210152902257584,-0.005017154028866291,0.9903661575174734,2.2948655570426575,1.1975968093256084,-1.3947691432500404,0.15792959955220676,-0.049155791743856134,-0.01188945150908311,0.0,0.0,0.0,0.0,nan,nan,0.0,0.0,0.0,0.0,0.0
6.24,8.132335389693154,6.071205732751145,5.31725258049847,0.115432501810599,-0.0035509814410577037,-0.004870130440999442,0.9932970401073582,2.390920789034179,1.3266406367490249,-1.2006203715172643,0.21297835195872922,-0.10750554967823518,-0.012601798791569464,8.063872277705265,6.29946412384578,5.3127040618215355,0.13484417223284786,-0.0375981750765546,-0.00513304657954458,0.9901399286356262,2.2789207554782576,1.1402230491760643,-1.3661285782101806,0.15527665513222438,-0.05331445497634793,-0.011850243880737786,0.0,0.0,0.0,0.0,nan,nan,0.0,0.0,0.0,0.0,0.0
6.26,8.180411222560899,6.101426184048155,5.300410803929306,0.11761101157314746,-0.0046322249005288614,-0.005110587308403964,0.993035787042227,2.372408105383852,1.268979294835401,-1.1819238980522027,0.23123209057066157,-0.1105036018147547,-0.011890810306200615,8.110698223340853,6.325253699661612,5.2962838171387645,0.13640217954597378,-0.03798609785370215,-0.0052489255601440785,0.9899110821510289,2.262975953913858,1.0828492890265227,-1.337488013170322,0.1526237107122421,-0.05747311820883953,-0.011811036252392465,0.0,0.0,0.0,0.0,nan,nan,0.0,0.0,0.0,0.0,0.0
6.28,8.225775043059834,6.129040313646821,5.284756855408651,0.12001459462567866,-0.005662797729266382,-0.005326256441283363,0.992741688855179,2.3544681735032347,1.2129270168350135,-1.1594465905075877,0.2767769089041086,-0.10996308118934144,-0.010464210455668515,8.15754242956521,6.351084572641866,5.279980989618427,0.1379598262568151,-0.038373920208160606,-0.005364790664319061,0.9896796186686756,2.247031152349458,1.0254755288769786,-1.3088474481304622,0.14997076629225972,-0.06163178144133133,-0.011771828624047142,0.0,0.0,0.0,0.0,nan,nan,0.0,0.0,0.0,0.0,0.0
6.3,8.273187820183864,6.156900237003869,5.2687944062995165,0.12291734770489748,-0.00679489080966833,-0.005544781063171055,0.9923781590175389,2.335057890594558,1.1523290483427464,-1.1278272459383034,0.30515626978840865,-0.11700366083697722,-0.009539778962155465,8.204404814909157,6.376956368496181,5.2637957228607375,0.13951710824746866,-0.03876164111465582,-0.005480641585760477,0.9894455388004794,2.2310863507850582,0.9681017687274369,-1.2802068830906037,0.14731782187227743,-0.06579044467382293,-0.011732620995701819,0.0,0.0,0.0,0.0,nan,nan,0.0,0.0,0.0,0.0,0.0
6.32,8.322586819739113,6.184788883858823,5.252638462062853,0.12623320743454383,-0.008038584425390832,-0.005769481413184555,0.991951244560662,2.314401957076902,1.0874272596154007,-1.096865243673896,0.3267994960383948,-0.1205228131023996,-0.008711049245656112,8.251285297711288,6.402868712501459,5.247728159222742,0.14107402140099565,-0.039149259548181874,-0.005596478018196785,0.9892088431652704,2.2151415492206583,0.9107280085778928,-1.251566318050744,0.14466487745229503,-0.06994910790631473,-0.011693413367356496,0.0,0.0,0.0,0.0,nan,nan,0.0,0.0,0.0,0.0,0.0
6.34,8.366934557200153,6.208802646449453,5.238527249365794,0.1292614703664513,-0.009182006026293536,-0.005970578039746181,0.991550056851346,2.2954944189226945,1.0279580753210507,-1.0696891259170662,0.31597488540440294,-0.1185282663570117,-0.008523195270765518,8.298183796118813,6.428821229505814,5.23177843981682,0.142630561601432,-0.03953677448400368,-0.005712299655394729,0.988969532388793,2.199196747656259,0.8533542484283512,-1.2229257530108855,0.14201193303231274,-0.07410777113880633,-0.011654205739011176,0.0,0.0,0.0,0.0,nan,nan,0.0,0.0,0.0,0.0,0.0
6.36,8.413257629562455,6.232839989446501,5.224073642338433,0.13234612622925943,-0.010284299652171197,-0.006166868750554934,0.9911310235193864,2.275806418458259,0.9650266508747538,-1.0480057427520957,0.30484131583897345,-0.10224255792801731,-0.008202902184746938,8.345100228088443,6.454813543932541,5.215946704509179,0.1441867247338001,-0.039924184897659885,-0.005828106191160188,0.9887276071037066,2.183251946091859,0.7959804882788071,-1.1942851879710257,0.13935898861233034,-0.07826643437129813,-0.011614998110665851,0.0,0.0,0.0,0.0,nan,nan,0.0,0.0,0.0,0.0,0.0
6.38,8.463785877069979,6.257825991457766,5.208509079198812,0.13543238971984833,-0.01129394588905844,-0.006360697438417227,0.990701799801092,2.254484674126775,0.8957144776406967,-1.027026996175786,0.26383819581841605,-0.08111540129800338,-0.008651973065652668,8.392034511387234,6.480845279784097,5.200233091918393,0.14574250668411864,-0.040311489764965305,-0.005943897319338942,0.9884830679495809,2.1673071445274594,0.7386067281292654,-1.1656446229311672,0.13670604419234808,-0.08242509760378974,-0.011575790482320531,0.0,0.0,0.0,0.0,nan,nan,0.0,0.0,0.0,0.0,0.0
6.4,8.507065152559582,6.27819913638884,5.195213090920915,0.1377576127073371,-0.011948686652996013,-0.006505784535318903,0.9903725277874098,2.2365720560807483,0.836109169617464,-1.0137227327604996,0.22928425178798897,-0.060005345048748916,-0.009007860995516096,8.435321081072123,6.4946866949473,5.186855232106371,0.1469092841941689,-0.0414942261506273,-0.006180766224978218,0.9882599301512682,2.1492591205335603,0.6774168150441396,-1.1309516766170378,0.13751988427721162,-0.07973090598584279,-0.011875762957898661,0.0,0.0,0.0,0.0,nan,nan,0.0,0.0,0.0,0.0,0.0
6.42,8.550011472879808,6.297457929653514,5.181995914031479,0.1396741757138738,-0.012433010234627702,-0.006638560022597007,0.99009720452892,2.218940128147729,0.7769431230811118,-0.9989239142396129,0.18227878982399953,-0.04412890129895956,-0.009775935966353507,8.478432616493235,6.5078077704486805,5.173741092219551,0.1480527587111756,-0.042723666135061525,-0.006424744552677526,0.9880353190283346,2.1310873023911157,0.6160022859617947,-1.095902491525682,0.13853777678655949,-0.07663336029586851,-0.012195699328678708,0.0,0.0,0.0,0.0,nan,nan,0.0,0.0,0.0,0.0,0.0
6.44,8.59485646230002,6.316518622462043,5.168163352420305,0.14143004846505586,-0.012786294742036157,-0.006763709996473811,0.989842565403724,2.2005814484646633,0.714986718530935,-0.9788997428463659,0.17891427773351276,-0.0308448998420947,-0.009747421041564982,8.52158520702146,6.520926854129797,5.160760670511413,0.14919579957688076,-0.04395298098050083,-0.006668704062092998,0.9878078139181098,2.1129154842486706,0.5545877568794474,-1.0608533064343248,0.13955566929590735,-0.07353581460589409,-0.012515635699458773,0.0,0.0,0.0,0.0,nan,nan,0.0,0.0,0.0,0.0,0.0
6.46,8.641531634963561,6.3351266059128815,5.1539299023451495,0.14341306066151638,-0.013114579577242462,-0.0068840990657263335,0.9895520759486393,2.181025114624329,0.6493506139487433,-0.9424672414026931,0.20947190772231017,-0.035444459345877456,-0.009210448310093461,8.564778531186366,6.534043603439993,5.147914059722242,0.15033840344328075,-0.0451821670862423,-0.0069126440386593465,0.9875774154869638,2.094743666106227,0.4931732277971026,-1.0258041213429692,0.1405735618052552,-0.07043826891591981,-0.012835572070238822,0.0,0.0,0.0,0.0,nan,nan,0.0,0.0,0.0,0.0,0.0
6.48,8.683383927987999,6.35064390062028,5.141538387973083,0.1456978631731556,-0.013499596569685817,-0.0069904029121338335,0.9892123269684614,2.162925808208892,0.5887598130186071,-0.8989499121251753,0.26797025353323967,-0.046497104286043686,-0.008274842525217718,8.608012267040287,6.54715767585596,5.135201351024568,0.15148056696365206,-0.046411220851960325,-0.00715656376786854,0.9873441244097407,2.076571847963782,0.43175869871475503,-0.9907549362516119,0.14159145431460313,-0.0673407232259454,-0.013155508441018884,0.0,0.0,0.0,0.0,nan,nan,0.0,0.0,0.0,0.0,0.0
6.5,8.727037668253423,6.3655452730156865,5.129202392799015,0.14843585114422062,-0.014045896558523464,-0.007113684435768193,0.988796696181124,2.143413768236994,0.5238879201306883,-0.844359711158519,0.27966359572441124,-0.06136479080780794,-0.00828672755430979,8.651286092162083,6.560268728885754,5.122622634022111,0.15262228679256087,-0.04764013867771672,-0.00740046253527181,0.9871079413697578,2.058400029821337,0.37034416963241024,-0.9557057511602562,0.14260934682395096,-0.06424317753597113,-0.013475444811798935,0.0,0.0,0.0,0.0,nan,nan,0.0,0.0,0.0,0.0,0.0
6.52,8.772424488080501,6.3795710123387215,5.117085819182209,0.15134401864096023,-0.01475535164656929,-0.00726475314856642,0.9883443180294412,2.122728517124933,0.4553368447691647,-0.7884413599532136,0.27624025859368523,-0.07271683427741872,-0.008590825124314201,8.694599683660924,6.5733764200728055,5.110177996748729,0.1537635595858731,-0.048868916963971616,-0.007644339626481819,0.9868688670588028,2.0402282116788935,0.3089296405500655,-0.9206565660689006,0.1436272393332988,-0.06114563184599685,-0.013795381182578982,0.0,0.0,0.0,0.0,nan,nan,0.0,0.0,0.0,0.0,0.0
6.54,8.815221543490004,6.391386313605434,5.1062706720719175,0.1539038397320239,-0.015513238826832849,-0.007431264267025543,0.9879360929980415,2.102986613911753,0.39002093386291214,-0.7399135994541806,0.24243594859251222,-0.07856128342764156,-0.009496934102148904,8.737952718180079,6.586480406999935,5.097867525667387,0.15490438200076395,-0.050097552111593856,-0.007888194327174716,0.9866269021771321,2.0220563935364484,0.24751511146771799,-0.8856073809775433,0.1446451318426467,-0.05804808615602243,-0.014115317553359047,0.0,0.0,0.0,0.0,nan,nan,0.0,0.0,0.0,0.0,0.0
6.5600000000000005,8.855496300587328,6.401249564248256,5.096497102999763,0.15603987509296322,-0.016243954631177653,-0.007603801007491349,0.9875879067349655,2.0843959465667345,0.32820460180011823,-0.7028188782886559,0.21191253130391266,-0.07642012836837528,-0.01024022563071655,8.781344871900686,6.599580347293359,5.0856913056691395,0.15604475069572776,-0.05132604052187146,-0.008132025923092211,0.9863820474334686,2.0038845753940033,0.18610058238537053,-0.8505581958861861,0.14566302435199457,-0.05495054046604802,-0.014435253924139111,0.0,0.0,0.0,0.0,nan,nan,0.0,0.0,0.0,0.0,0.0
6.58,8.897494794968745,6.410243698676832,5.086556670936735,0.1578493989072882,-0.016971853856577464,-0.007796301713087633,0.9872865547149304,2.0650292249807705,0.26353073303476326,-0.6714369800259032,0.15773953945229358,-0.07186640087255297,-0.011326009492205118,8.82440801685411,6.611636824325478,5.0739753234146505,0.15722923967979893,-0.0524499583633745,-0.008362363366226911,0.9861328708324876,1.9852730898580258,0.124569176139581,-0.8137410081639631,0.14646655949595008,-0.0512048928415145,-0.014719048994051903,0.0,0.0,0.0,0.0,nan,nan,0.0,0.0,0.0,0.0,0.0
6.6,8.939094742357872,6.417864257844478,5.076792409362869,0.159196721062405,-0.017642163422598132,-0.007997312677964129,0.9870568378075703,2.0459016530673835,0.19942689458359017,-0.6483465526565664,0.11641621022979316,-0.06613623145875795,-0.012136115286727287,8.862744296316531,6.610308135764373,5.066513856885157,0.15898812199658197,-0.05222709010653278,-0.008418958878312108,0.9858621755876474,1.9609915629070325,0.061530497881020475,-0.7541232937565369,0.1445056978316269,-0.03910118895865911,-0.014536758391650063,0.0,0.0,0.0,0.0,nan,nan,0.0,0.0,0.0,0.0,0.0
6.62,8.980300233054564,6.424144399624797,5.067090230071316,0.16007655209478694,-0.018270869711837362,-0.008210639759167183,0.9869013416670196,2.0268348371302305,0.1359377555568488,-0.6275119014353809,0.06784562512767593,-0.06485063054237288,-0.013181671511382533,8.901077772362687,6.6090113809418725,5.059032395782312,0.16074649240082914,-0.05200405368805857,-0.008475527282896855,0.9855883060477719,1.9367100359560383,-0.001508180377542856,-0.6945055793491081,0.1425448361673036,-0.02699748507580319,-0.014354467789248215,0.0,0.0,0.0,0.0,nan,nan,0.0,0.0,0.0,0.0,0.0
6.64,9.0231335290629,6.429274032571779,5.0570380031762,0.16089368538209048,-0.018992214150055284,-0.008449548382140624,0.9867528175475281,2.006381483955122,0.06967828251704647,-0.5936768759588444,0.09345200468554572,-0.08182367734718607,-0.012715793982870503,8.939408432601091,6.607746630520178,5.051531055159264,0.1625043452309108,-0.051780849826088195,-0.008532068397841283,0.9853112630946709,1.912428509005045,-0.0645468586361034,-0.6348878649416819,0.14058397450298038,-0.014893781192947809,-0.014172177186846375,0.0,0.0,0.0,0.0,nan,nan,0.0,0.0,0.0,0.0,0.0
6.66,9.061480359590025,6.43251685667029,5.048383823529953,0.16194824624041965,-0.019909388963266317,-0.008695441356821902,0.9865600696715694,1.98700470907212,0.009461689297108944,-0.5430698919148769,0.13464327962735653,-0.11707508118480965,-0.011818784311449372,8.97773626467653,6.6065139547492935,5.044009950325195,0.16426167482686407,-0.051557479239297044,-0.008588582041093393,0.9850310476203714,1.8881469820540508,-0.12758553689466678,-0.575270150534253,0.13862311283865708,-0.002790077310091881,-0.013989886584444527,0.0,0.0,0.0,0.0,nan,nan,0.0,0.0,0.0,0.0,0.0
6.68,9.101392529293443,6.434354411305396,5.040140869822002,0.1637148854722483,-0.021307214714683418,-0.008996441815034777,0.9862365349704805,1.965584429987404,-0.054537774435424236,-0.47100390014585247,0.21414731717385227,-0.16458824731506055,-0.010094692231109946,9.016061256270211,6.605313423466129,5.036469196843837,0.16601847553041038,-0.05133394264689738,-0.00864506803068964,0.984747660527116,1.8638654551030578,-0.1906242151532273,-0.5156524361268269,0.1366622511743339,0.009313626572763512,-0.013807595982042686,0.0,0.0,0.0,0.0,nan,nan,0.0,0.0,0.0,0.0,0.0
6.7,9.140810987097643,6.434481174724653,5.033033331353006,0.16590175006345026,-0.023148364194932724,-0.00934908264954489,0.9858262307397764,1.943417918356329,-0.11915279890748809,-0.39321322215840754,0.2265301478556646,-0.20391777079830928,-0.009315232670800075,9.054383395099928,6.604145106093593,5.02890891053198,0.1677747416849745,-0.05111024076863594,-0.00870152618475552,0.9844611027273592,1.8395839281520634,-0.25366289341179066,-0.4560347217193981,0.1347013895100106,0.02141733045561943,-0.013625305379640837,0.0,0.0,0.0,0.0,nan,nan,0.0,0.0,0.0,0.0,0.0
6.72,9.1816500195074,6.432753560986555,5.026794442449468,0.16823775175195638,-0.025431652606346614,-0.009769609588608487,0.9853699024527,1.9196999611593757,-0.1872042175942789,-0.3173551535151909,0.21889821571921306,-0.2319690756315864,-0.00875533755744437,9.092702668920209,6.6030090716397085,5.021329207457982,0.16953046763570198,-0.05088637432479166,-0.008757956321506144,0.9841713751437643,1.8153024012010703,-0.31670157167035123,-0.3964170073119718,0.13274052784568738,0.033521034338474816,-0.013443014777238999,0.0,0.0,0.0,0.0,nan,nan,0.0,0.0,0.0,0.0,0.0
6.74,9.218108911604038,6.429595082680107,5.0220457735820165,0.17000088460014623,-0.027689364933456192,-0.010191400575211222,0.985002098301859,1.898062168600994,-0.24881357433222662,-0.26197314719671716,0.16178694146739805,-0.2481159234123383,-0.008962344496603242,9.131019065522493,6.601905388696714,5.013730203940277,0.17128564772947807,-0.05066234403617335,-0.00881435825924685,0.9838784787092008,1.7910208742500764,-0.37974024992891453,-0.3367992929045431,0.13077966618136408,0.045624738221330736,-0.01326072417483715,0.0,0.0,0.0,0.0,nan,nan,0.0,0.0,0.0,0.0,0.0
6.76,9.25786694408898,6.424438660546276,5.017469295173548,0.17133664848140737,-0.03027972057098249,-0.0106938122071081,0.984689054366799,1.8739628463259321,-0.3167039032717164,-0.21809756180331982,0.10028284517419545,-0.25014379784086316,-0.009052288458641686,9.169332572735264,6.600834125440188,5.006112016545872,0.1730402763149452,-0.05043815062411738,-0.008870731816373757,0.9835824143667413,1.766739347299083,-0.44277892818747505,-0.27718157849711694,0.12881880451704086,0.05772844210418611,-0.01307843357243531,0.0,0.0,0.0,0.0,nan,nan,0.0,0.0,0.0,0.0,0.0
6.78,9.295212780730036,6.418008260257528,5.01344985149565,0.1719487111811855,-0.03270601526021851,-0.011187994221573301,0.9844992565127847,1.8507966875357975,-0.381081780183766,-0.1919637821587235,0.04052689064412966,-0.24447855431384077,-0.009047157027057426,9.206729537421124,6.596853246065105,4.999313613655108,0.17457938193639025,-0.050016397114159145,-0.008878486998620599,0.9833318727118744,1.7445109899352014,-0.5077436070592648,-0.22158492025405963,0.12278374496395797,0.06696623700831862,-0.012509398391151397,0.0,0.0,0.0,0.0,nan,nan,0.0,0.0,0.0,0.0,0.0
6.8,9.330226493389011,6.410609293095082,5.009709921831455,0.17224802329323025,-0.03494463085677365,-0.011650732622172588,0.9843646436535728,1.8284530415739262,-0.44192099235304766,-0.17648012667920843,0.02800751566225977,-0.23677438522436184,-0.008224137282087457,9.240462902905932,6.5811011535993025,4.995813878821853,0.17525556249647453,-0.048802513239993774,-0.008691266308896464,0.9832742569626505,1.7305204408659352,-0.5804358618345034,-0.1821217027320696,0.10040202735954137,0.06470531845754236,-0.010388651300724834,0.0,0.0,0.0,0.0,nan,nan,0.0,0.0,0.0,0.0,0.0
6.82,9.366590559228705,6.4015155261003605,5.005721726035208,0.1724212846921954,-0.0372068756028347,-0.012117872031618605,0.9842457549669155,1.8044284669558763,-0.5057111364042576,-0.16423597853446825,0.018465360160959503,-0.22355387890433448,-0.007264216469576507,9.274201601486864,6.565382830084259,4.992215124616919,0.17593139795988938,-0.04758853326853741,-0.008504028505153152,0.9832147050428058,1.716529891796668,-0.6531281166097451,-0.1426584852100778,0.0780203097551238,0.06244439990676599,-0.008267904210298178,0.0,0.0,0.0,0.0,nan,nan,0.0,0.0,0.0,0.0,0.0
6.84,9.404213668378159,6.390541983868342,5.001455635030888,0.17289347145575332,-0.03933177137939465,-0.012536839116003683,0.9840750413221122,1.7785345702331679,-0.5724007012171468,-0.14808981017055822,0.0758726778776198,-0.18780431421233104,-0.005323203814949225,9.30794537599067,6.5496984139159355,4.988517384823326,0.1766068869958436,-0.04637445959024464,-0.008316773956081642,0.9831532170696048,1.7025393427274018,-0.7258203713849837,-0.10319526768808773,0.05563859215070723,0.06018348135598972,-0.006147157119871616,0.0,0.0,0.0,0.0,nan,nan,0.0,0.0,0.0,0.0,0.0
6.86,9.439490038988975,6.3787164926369355,4.997381999883941,0.17392540909538715,-0.040930934618862984,-0.012817150791744234,0.9838243396601907,1.753348136751404,-0.6359642736539093,-0.12558997129598243,0.14007892948539236,-0.1354140727419801,-0.0034069419774646614,9.341693969204126,6.534048043223224,4.984720694003741,0.17728202827422807,-0.04516029459575435,-0.008129503030405858,0.9830897931641235,1.6885487936581347,-0.7985126261602254,-0.0637320501660959,0.033256874546289644,0.05792256280521335,-0.004026410029444958,0.0,0.0,0.0,0.0,nan,nan,0.0,0.0,0.0,0.0,0.0
6.88,9.472479930379905,6.366209552787354,4.993589421185564,0.17573563112354457,-0.041874974137318395,-0.012925952158866048,0.9834614350626033,1.729121520302944,-0.6965589641846853,-0.09582536469608599,0.23642252518090887,-0.06358025017802539,-0.0014746814383620535,9.375447123876047,6.518431855866864,4.980825087500215,0.17795682046561848,-0.043946040675885485,-0.007942216096882004,0.9830244334512502,1.6745582445888685,-0.871204880935464,-0.024268832644105842,0.01087515694187307,0.05566164425443709,-0.0019056629390183963,0.0,0.0,0.0,0.0,nan,nan,0.0,0.0,0.0,0.0,0.0
6.9,9.508334128732924,6.350906913170807,4.989558749472211,0.17849312025761535,-0.04210136430852391,-0.012851975090929281,0.9829560050583769,1.7023444553504772,-0.7641052132192405,-0.05549651764538799,0.2938406907780955,0.022666704450488878,-0.0005680988957935812,9.40920458271933,6.502849989438348,4.976830601433897,0.17863126224127787,-0.04273170022163181,-0.007754913524297764,0.9829571380596852,1.6605676955196014,-0.9438971357107057,0.015194384877885964,-0.011506560662544504,0.05340072570366072,0.00021508415140826043,0.0,0.0,0.0,0.0,nan,nan,0.0,0.0,0.0,0.0,0.0
6.92,9.541885367647804,6.334866422844852,4.985891812722166,0.1817013846935693,-0.041463608765039975,-0.012593950886582666,0.9823984773754921,1.6771122561067922,-0.8289847891721165,-0.012934049505504669,0.3449611425008398,0.1104298384601558,-0.00020881650942509294,9.44296608841296,6.487302581258846,4.972737272704753,0.17930535227315933,-0.041517275624157794,-0.007567595681471662,0.9828879071219402,1.6465771464503354,-1.0165893904859442,0.054657602399876035,-0.0338882782669611,0.05113980715288445,0.002335831241834824,0.0,0.0,0.0,0.0,nan,nan,0.0,0.0,0.0,0.0,0.0
6.9399999999999995,9.574868265049915,6.317389335368938,4.982345294935573,0.185160553275232,-0.03999732881575267,-0.012173628423348718,0.9818185096897617,1.6524074111634433,-0.8945589012778249,0.030283451299909808,0.35180958709451776,0.1923682062389301,-0.0007790699837558757,9.476731383604058,6.471789768378118,4.9685451389912805,0.17997908923390862,-0.04030276927479335,-0.007380262937252255,0.9828167407743381,1.632586597381069,-1.0892816452611827,0.09412081992186609,-0.05626999587137767,0.048878888602108185,0.004456578332261386,0.0,0.0,0.0,0.0,nan,nan,0.0,0.0,0.0,0.0,0.0
6.96,9.605697427127632,6.299461763548492,4.97900985684128,0.18844911681742638,-0.03785204742834881,-0.011640078034636233,0.9812841899569978,1.6295966947718454,-0.9574765023820554,0.07011156812322683,0.3422630293661573,0.27097000712465047,-0.0018119636394965943,9.507694667652268,6.444096060059417,4.965009453462731,0.17826477899620632,-0.04052020706728095,-0.007344047628786083,0.983120463805471,1.6168527466911669,-1.1574878275841494,0.11864525985010188,-0.07233524344791809,0.040043775914898126,0.005896767412538445,0.0,0.0,0.0,0.0,nan,nan,0.0,0.0,0.0,0.0,0.0
6.98,9.637647817241735,6.27920688402182,4.97544552950572,0.19167184921159394,-0.034844239067909955,-0.010959984296975422,0.9807791086517883,1.6064675897744258,-1.024360884343018,0.11056605629117341,0.3110208799071857,0.3427645778290481,-0.003685435290647354,9.538565823025534,6.4159976027357635,4.961611330041811,0.17647409745316162,-0.04078295443197014,-0.007312603888993803,0.9834328494514786,1.6010635721517685,-1.2255516439537768,0.14269561619264415,-0.08820003722287081,0.031000030526003794,0.007315358916996516,0.0,0.0,0.0,0.0,nan,nan,0.0,0.0,0.0,0.0,0.0
7.0,9.669116735857322,6.257533942798297,4.971770820724802,0.19475122722751542,-0.031210540413586823,-0.010181015060819249,0.9803031207707135,1.5843655736509699,-1.0916980227590054,0.1521531532333148,0.30488639779713955,0.39599712343907134,-0.005407085827577096,9.569433723656207,6.387881672166354,4.958330180897954,0.1746828204600292,-0.04104556418885089,-0.007281135475378624,0.9837419168474714,1.585274397612371,-1.2936154603234011,0.16674597253518536,-0.10406483099782282,0.021956285137109857,0.008733950421454523,0.0,0.0,0.0,0.0,nan,nan,0.0,0.0,0.0,0.0,0.0
7.02,9.700136832928322,6.234422701121454,4.967987497190221,0.19763910614824812,-0.027223995218186574,-0.009359337750955876,0.9798520503638013,1.5634377972974622,-1.1595053031574294,0.19666109186756425,0.27797040630995695,0.4133935766043126,-0.007619199936959614,9.600298310849086,6.359748694662981,4.955166067271498,0.1728909540608465,-0.04130803545183849,-0.007249642494119693,0.9840476649506097,1.5694852230729734,-1.361679276693026,0.1907963288777266,-0.11992962477277484,0.012912539748215926,0.010152541925912532,0.0,0.0,0.0,0.0,nan,nan,0.0,0.0,0.0,0.0,0.0
7.04,9.732258442713329,6.208560117462282,4.963969311903726,0.200523365660155,-0.02301917961352438,-0.008518036448724564,0.979381406934654,1.5427669221179985,-1.2309714560080263,0.24907232180568467,0.26549452978235044,0.40291815644993706,-0.009486694585158661,9.631159525953688,6.331599096767514,4.952119048823201,0.1710985043016395,-0.04157036733531552,-0.007218125051479055,0.9843500927292534,1.5536960485335751,-1.4297430930626533,0.21484668522026887,-0.13579441854772756,0.00386879435932159,0.011571133430370601,0.0,0.0,0.0,0.0,nan,nan,0.0,0.0,0.0,0.0,0.0
7.06,9.762453389407693,6.182353917383427,4.960190571015317,0.20293838951646273,-0.01918641419444922,-0.0077816995377037994,0.9789725924269423,1.524349666704684,-1.2994193626670179,0.30291796858909725,0.22297132166759,0.3779092713740639,-0.011720121217946744,9.662017310365044,6.303433305246142,4.949189183633437,0.16930547723040282,-0.04183255895413481,-0.0071865832538012915,0.9846491991629661,1.5379068739941775,-1.4978069094322777,0.23889704156281008,-0.15165921232267957,-0.005174951029572338,0.012989724934828608,0.0,0.0,0.0,0.0,nan,nan,0.0,0.0,0.0,0.0,0.0
7.08,9.79229159435108,6.154561862598945,4.956542436115171,0.20502875795647763,-0.015656848813314358,-0.007135240274791289,0.978604700500811,1.507196820239806,-1.3680920091144013,0.3593780925369643,0.1884668690884876,0.3418763277091897,-0.013613897393034716,9.692871605524486,6.275251747083613,4.946376528201409,0.1675118788970788,-0.04209460942362254,-0.0071550172075131625,0.9849449832425176,1.5221176994547791,-1.5658707258019053,0.2629473979053524,-0.1675240060976323,-0.014218696418466677,0.014408316439286679,0.0,0.0,0.0,0.0,nan,nan,0.0,0.0,0.0,0.0,0.0
7.1,9.82180441393291,6.125157077319668,4.95305940988044,0.20650879894611263,-0.012508585796419813,-0.006601616123465519,0.9783425115488777,1.4913882299292767,-1.4373028892282977,0.41377840977963687,0.11115259345711327,0.2983539194969441,-0.015989105288513314,9.723722352920438,6.247054849477469,4.943681137444388,0.1657177153535375,-0.04235651785958104,-0.007123427019123245,0.985237443969888,1.5063285249153817,-1.6339345421715297,0.2869977542478936,-0.1833887998725843,-0.023262441807360604,0.015826907943744688,0.0,0.0,0.0,0.0,nan,nan,0.0,0.0,0.0,0.0,0.0
7.12,9.84956771418137,6.0957221856172925,4.949905220445131,0.2072879635528603,-0.009925323701593625,-0.006209562985864958,0.9782099107262465,1.4776266986816757,-1.503415817074316,0.46223623251497115,0.05110624266863414,0.253875175188161,-0.017780380646810243,9.752388201127884,6.210573247521104,4.940657378538592,0.16383109303183624,-0.04262438818659606,-0.007082811896489894,0.9855416623681371,1.4897264058032191,-1.6982567763128253,0.30537903512167663,-0.18855776104811847,-0.02566236459823194,0.01636232064793494,0.0,0.0,0.0,0.0,nan,nan,0.0,0.0,0.0,0.0,0.0
7.14,9.878530731109791,6.06317288470736,4.946713879286455,0.20728815374085505,-0.0076795427874431325,-0.005926667572909379,0.9782318337453364,1.4645305243084406,-1.5736224519144903,0.5062287142126153,-0.05359392202833488,0.19772279523206773,-0.019897378859614,9.780278863061278,6.171154182585263,4.937636820650496,0.16191138761662444,-0.04289425334284085,-0.007038990499935809,0.9858474720781918,1.4728371269852323,-1.7612573562011633,0.32175780549418687,-0.18994858993061553,-0.02571546300928222,0.016585764525500233,0.0,0.0,0.0,0.0,nan,nan,0.0,0.0,0.0,0.0,0.0
7.16,9.908678779897985,6.027297521392897,4.9434562491168865,0.20626309345739147,-0.00591971595819422,-0.005785456033445999,0.9784615586413433,1.4522711432635023,-1.647798875988025,0.5445398470416642,-0.14460468683363298,0.13853079854878408,-0.0214721062652187,9.808164610650719,6.1317191876436965,4.934783449172563,0.15999105827005528,-0.04316395320453719,-0.006995141978378587,0.9861494827895447,1.455947848167244,-1.8242579360895044,0.3381365758666979,-0.19133941881311264,-0.025768561420332507,0.01680920840306553,0.0,0.0,0.0,0.0,nan,nan,0.0,0.0,0.0,0.0,0.0
7.18,9.937159742877514,5.991553365470928,4.940389712398037,0.2044013014052501,-0.0048102881516730745,-0.0057906895286952515,0.9788582313218396,1.4419298943701198,-1.7186309550171555,0.5722349743896895,-0.22456029592498827,0.07774089242461905,-0.022437116874976508,9.836045358937112,6.092268914243638,4.932097322387446,0.1580701123921871,-0.043433486732386915,-0.0069512665007900876,0.9864476933383868,1.4390585693492572,-1.8872585159778426,0.3545153462392081,-0.1927302476956097,-0.02582165983138279,0.017032652280630826,0.0,0.0,0.0,0.0,nan,nan,0.0,0.0,0.0,0.0,0.0
7.2,9.965428131037049,5.954314025480673,4.937319170573718,0.20206578539737574,-0.004335259643467436,-0.005932897593000088,0.9793443850973551,1.4327776898746047,-1.788889323405717,0.5937889645819039,-0.25684191547664353,0.009567680482698647,-0.02209536382187953,9.863921023038431,6.052804014167822,4.929578495999879,0.15614855738545377,-0.0437028528877329,-0.006907364236246037,0.9867421025755527,1.422169290531269,-1.9502590958661834,0.3708941166117191,-0.1941210765781068,-0.02587475824243307,0.01725609615819612,0.0,0.0,0.0,0.0,nan,nan,0.0,0.0,0.0,0.0,0.0
7.22,9.993490772359035,5.915619399633154,4.934220438935174,0.19925753425108517,-0.004559930979131638,-0.006218610852343844,0.9799168183844534,1.4246699823114772,-1.8585841343760467,0.6095457763890313,-0.31383823989213167,-0.06419394123092559,-0.021673085340596133,9.891791518151013,6.013325139424444,4.927227023135797,0.15422640065463686,-0.04397205063256297,-0.006863435353925395,0.9870327093665261,1.4052800117132818,-2.0132596757545214,0.38727288698422935,-0.19551190546060385,-0.02592785665348335,0.017479540035761413,0.0,0.0,0.0,0.0,nan,nan,0.0,0.0,0.0,0.0,0.0
7.24,10.02134689387687,5.875496741743372,4.93111110983624,0.1960370725178199,-0.0054764469943790525,-0.0066384809148790904,0.9805587209841661,1.4172757133589022,-1.9273146083196993,0.6222070816852108,-0.34481451493802534,-0.1316778180202182,-0.020476223739271465,9.919656759550874,5.973832942237102,4.925042954341529,0.15230364960683632,-0.04424107892951395,-0.006819480023109688,0.9873195125914431,1.388390732895294,-2.0762602556428624,0.4036516573567403,-0.19690273434310096,-0.025980955064533635,0.01770298391332671,0.0,0.0,0.0,0.0,nan,nan,0.0,0.0,0.0,0.0,0.0
7.26,10.047612224892537,5.836079437340909,4.92817974814706,0.19262332053641007,-0.006952647910226975,-0.007148712080165463,0.9812221017629795,1.4106497066560495,-1.9916313573171252,0.6315877470339215,-0.38292754500998116,-0.19402763324179428,-0.019121458155251153,9.947516662595008,5.934328075034756,4.923026337583018,0.15038031165144258,-0.04450993674187558,-0.006775498413182366,0.9876025111450973,1.3715014540773067,-2.1392608355312004,0.4200304277292506,-0.198293563225598,-0.026034053475583917,0.017926427790892003,0.0,0.0,0.0,0.0,nan,nan,0.0,0.0,0.0,0.0,0.0
7.28,10.076402912861264,5.791057467279786,4.925031080119845,0.18864173413452867,-0.009170314107219248,-0.0078104738668396505,0.9819720963346507,1.4033261829890578,-2.0611072686325045,0.641810883484889,-0.39052593515119616,-0.2446261522576907,-0.017080956462306743,9.97382344381156,5.889727588776349,4.9205774922564585,0.14840385105406653,-0.044780942471926474,-0.006724996819416045,0.9878895376515673,1.3540146711893513,-2.199372786874298,0.4327654361921826,-0.19956351716414275,-0.02606507163521265,0.018145083379833945,0.0,0.0,0.0,0.0,nan,nan,0.0,0.0,0.0,0.0,0.0
7.3,10.102216920768228,5.7490264868731265,4.922320083238651,0.18483997444046868,-0.011588563973355507,-0.008472646159445204,0.9826637793777376,1.3964174629022286,-2.1226187878199756,0.6499707186231832,-0.41992034675981543,-0.28280277304770596,-0.015398805552484532,9.998629747547247,5.840202805503551,4.917753212366396,0.14637602564733634,-0.045054001514593864,-0.0066681954243448405,0.9881800095291323,1.3359508215172098,-2.256694913563302,0.4419813155425394,-0.20071673061722234,-0.026074764785820815,0.018359114460832715,0.0,0.0,0.0,0.0,nan,nan,0.0,0.0,0.0,0.0,0.0
7.32,10.130464402199415,5.701169055179792,4.919524119991707,0.1804674996175873,-0.01459693760471027,-0.009247761588719185,0.9834291483884026,1.3881520226694157,-2.1888904117707213,0.657132897554098,-0.4245931717811792,-0.3102080191708913,-0.0130376542014157,10.023430159999922,5.790663246216377,4.915144567516615,0.14434757459471823,-0.04532686798576156,-0.0066113655278231525,0.988466257690712,1.3178869718450672,-2.314017040252309,0.45119719489289656,-0.20186994407030195,-0.02608445793642899,0.018573145541831492,0.0,0.0,0.0,0.0,nan,nan,0.0,0.0,0.0,0.0,0.0
7.34,10.155743661167987,5.656648780280239,4.9171634309999375,0.17637164276998518,-0.01754828611044813,-0.009972281196523401,0.9841166876386864,1.3799727525721792,-2.247419024719059,0.6584324316428753,-0.44562221425648707,-0.33226856224757423,-0.011019245323232424,10.048224570574705,5.74110979633159,4.912751613503852,0.14231850656629386,-0.04559954071913348,-0.0065545073727554595,0.9887482809128136,1.2998231221729253,-2.371339166941313,0.4604130742432533,-0.20302315752338151,-0.02609415108703715,0.018787176622830255,0.0,0.0,0.0,0.0,nan,nan,0.0,0.0,0.0,0.0,0.0
7.36,10.182046772106048,5.608597408655882,4.914796862667997,0.17197917556037176,-0.020808588804771776,-0.010741365534089078,0.9848222118088075,1.3703960853542754,-2.307313091961219,0.65434266919108,-0.4396958265529478,-0.3406966296242402,-0.008676259523794208,10.073012868779324,5.691543341503425,4.91057440243719,0.14028883023478142,-0.04587201854924163,-0.006497621202167008,0.9890260779900031,1.281759272500783,-2.4286612936303196,0.46962895359361057,-0.20417637097646113,-0.02610384423764532,0.019001207703829036,0.0,0.0,0.0,0.0,nan,nan,0.0,0.0,0.0,0.0,0.0
7.38,10.208014199553899,5.559395927882905,4.912485256730078,0.1676068176149161,-0.024137220270708432,-0.011498691801214607,0.9854913136976218,1.359655271922521,-2.365353192601718,0.6450383825765351,-0.43861254491487156,-0.3465689774408458,-0.006473002155383573,10.097794944226017,5.641964767608474,4.9086129827371705,0.13825855427549974,-0.046144300311451045,-0.006440707259202805,0.9892996477349097,1.2636954228286412,-2.485983420319324,0.4788448329439673,-0.20532958442954072,-0.02611353738825349,0.019215238784827803,0.0,0.0,0.0,0.0,nan,nan,0.0,0.0,0.0,0.0,0.0
7.4,10.234894147869834,5.5065631887598085,4.910065874502877,0.16316439486581794,-0.02762437417001657,-0.01226301233365032,0.9861358388823982,1.3468895283934281,-2.424006431026081,0.6329500932857923,-0.41485443394309013,-0.337250390733446,-0.004012472507596843,10.122570686633406,5.5923749607305195,4.906867399134964,0.13622768736633012,-0.04641638484196484,-0.0063837657871265475,0.9895689889782314,1.2456315731564986,-2.5433055470083303,0.48806071229432446,-0.2064827978826203,-0.02612323053886166,0.019429269865826576,0.0,0.0,0.0,0.0,nan,nan,0.0,0.0,0.0,0.0,0.0
7.42,10.260101011525887,5.455180103219972,4.907757971682999,0.15916665180252343,-0.030819353910177937,-0.012939519440650932,0.9866857216029724,1.333158069263494,-2.477608686774488,0.6222530919949124,-0.38445002956304375,-0.3216778043242619,-0.0018057928463423578,10.147339985828392,5.5427748071454,4.905337692671609,0.1341962381876801,-0.04668827097782912,-0.006326797029319616,0.9898341005687397,1.227567723484357,-2.6006276736973346,0.4972765916446813,-0.2076360113356999,-0.026132923689469827,0.019643300946825346,0.0,0.0,0.0,0.0,nan,nan,0.0,0.0,0.0,0.0,0.0
7.44,10.284895977460197,5.402786338469223,4.905492545092355,0.15573939576228138,-0.03381270705011926,-0.013538490487653545,0.9871264613639218,1.317790866080222,-2.528588601288219,0.6173837062813982,-0.31188039702510495,-0.2932168791487685,0.0008918126251549197,10.171227848150286,5.490721438725383,4.903551529830404,0.13214022624102514,-0.04696016713924261,-0.006266137683369721,0.9900981965591888,1.2091630954832673,-2.656204850678351,0.5046893428748983,-0.20873263520612842,-0.026130290704931412,0.01985440223324532,0.0,0.0,0.0,0.0,nan,nan,0.0,0.0,0.0,0.0,0.0
7.46,10.309250767426903,5.3494006954509565,4.903331283100347,0.15287293969049293,-0.03650440841285588,-0.014045366977657866,0.9874715287760337,1.3008262479734158,-2.5773818921022635,0.6186335857633518,-0.2631085752450695,-0.2604357106044407,0.0030325243942698754,10.192842111929941,5.432322143233991,4.900785705039228,0.1300214489546207,-0.04723239473368139,-0.006195955739443599,0.9903661614937869,1.1898753146317116,-2.707259858326314,0.5074291510104667,-0.209682602886947,-0.02609571360756288,0.020057910735107824,0.0,0.0,0.0,0.0,nan,nan,0.0,0.0,0.0,0.0,0.0
7.48,10.331955530813435,5.2977770124386545,4.901437701163931,0.15074573931955587,-0.038733362503149626,-0.014432024523785664,0.9877080365038775,1.2833137047988559,-2.6217477742272632,0.6261168466833277,-0.19320420659893422,-0.22083014340437582,0.005131607699272692,10.214450197411434,5.373908797950013,4.898280583492779,0.12790206836144252,-0.04750440316717475,-0.00612574504593733,0.9906295310741687,1.170587533780155,-2.7583148659742784,0.5101689591460352,-0.21063257056776555,-0.026061136510194344,0.020261419236970328,0.0,0.0,0.0,0.0,nan,nan,0.0,0.0,0.0,0.0,0.0
7.5,10.356540831758073,5.239714702543967,4.899535602004398,0.1488754418258449,-0.040773186381331025,-0.014756097667936459,0.9879048069905759,1.262615177149966,-2.669359342579809,0.6355548378362392,-0.16404570207746957,-0.1784375962587707,0.006676405291554867,10.236051970957968,5.315482518671404,4.896036219728783,0.12578209429553494,-0.04777619117758837,-0.006055505928632456,0.9908883040782851,1.1512997529285989,-2.809369873622241,0.5129087672816036,-0.21158253824858408,-0.026026559412825806,0.020464927738832826,0.0,0.0,0.0,0.0,nan,nan,0.0,0.0,0.0,0.0,0.0
7.52,10.37831703874131,5.186309228218268,4.897926776176396,0.14750722000294325,-0.042227597147612636,-0.014963243580473434,0.9880458245586051,1.2428429921713293,-2.711378329181428,0.6424345928112222,-0.12784440649403556,-0.13530424837035382,0.007868545785886458,10.257647299049896,5.257044421436168,4.894052663445252,0.12366153659369575,-0.048047757503810726,-0.005985238713442394,0.9911424793054145,1.1320119720770432,-2.8604248812702036,0.515648575417172,-0.21253250592940262,-0.025991982315457275,0.020668436240695323,0.0,0.0,0.0,0.0,nan,nan,0.0,0.0,0.0,0.0,0.0
7.54,10.40075902944302,5.129238194369607,4.896258488767891,0.14631364209671172,-0.04332848782001703,-0.01509660622601408,0.988173594445876,1.2211063870088843,-2.754820716246899,0.6471281072769199,-0.1094202120056153,-0.09118560027312339,0.008657655196356164,10.279236048287206,5.198595622501654,4.892329959499558,0.1215404050954307,-0.04831910088575894,-0.005914943726410936,0.99139205557617,1.1127241912254866,-2.9114798889181683,0.5183883835527405,-0.2134824736102212,-0.025957405218088737,0.020871944742557835,0.0,0.0,0.0,0.0,nan,nan,0.0,0.0,0.0,0.0,0.0
7.5600000000000005,10.423793518444906,5.068404289153527,4.89446834199247,0.1454481085472907,-0.04402506541455372,-0.015141662691573132,0.9882698879284921,1.1974003346303734,-2.7992906385982064,0.6531165122158342,-0.0614230968547583,-0.0455877424873166,0.009566457955607099,10.300818085391985,5.140137238323841,4.890868147907601,0.11941870964290852,-0.04859022006438459,-0.005844621293710749,0.9916370317325036,1.09343641037393,-2.962534896566133,0.521128191688309,-0.21443244129103978,-0.025922828120720203,0.02107545324442034,0.0,0.0,0.0,0.0,nan,nan,0.0,0.0,0.0,0.0,0.0
7.58,10.444165990788587,5.012576975395078,4.892799253605858,0.14499231309010377,-0.044272473936969876,-0.015104953959939788,0.9883263719855654,1.1753348964780177,-2.8386739111658863,0.6613788972944442,-0.03495777639286431,-0.008231532171676853,0.010007159164830175,10.322393277210898,5.081670385536612,4.889667263843066,0.11729646008091439,-0.04886111378167953,-0.005774271741641842,0.9918774066377124,1.074148629522374,-3.0135899042140957,0.5238679998238776,-0.21538240897185829,-0.02588825102335167,0.02127896174628284,0.0,0.0,0.0,0.0,nan,nan,0.0,0.0,0.0,0.0,0.0
7.6,10.466161013727016,4.950000993033094,4.890946107968215,0.14487242535925773,-0.04416503588117121,-0.014985574000244533,0.9883505767429006,1.1504241299623934,-2.8811664561035384,0.6770947500820519,0.0015371341054556805,0.028048721141819933,0.010464289166314807,10.3438049600601,5.0228326827299625,4.888624126015824,0.11517027226475464,-0.049131628009334925,-0.00570325807510211,0.992113584406011,1.0548009938161658,-3.0643168891757973,0.5263362858099242,-0.2163231377550508,-0.025851513093960967,0.021481811901832727,0.0,0.0,0.0,0.0,nan,nan,0.0,0.0,0.0,0.0,0.0
7.62,10.485585529283153,4.892584495006306,4.889325065078001,0.14494574652273512,-0.043779944382338586,-0.014824451943211322,0.9883593894224054,1.1276045580365113,-2.919030535393823,0.6965412980819806,0.014461051270172998,0.056587796666087,0.01065416671944247,10.362116502782264,4.956799753039156,4.885822993586206,0.11297645049428451,-0.04939888683371565,-0.005619620593600865,0.9923530074916315,1.0342703473445347,-3.1085606177433114,0.5234380292189444,-0.2170812628811855,-0.02577206705744458,0.021671650067299045,0.0,0.0,0.0,0.0,nan,nan,0.0,0.0,0.0,0.0,0.0
7.64,10.505540317520222,4.8313070387281005,4.88776398248007,0.1453721984384628,-0.043054996083904326,-0.014589692198461707,0.9883320960663665,1.1033119136433536,-2.9579699777611386,0.7242796510211208,0.06192910065554528,0.0923320182305145,0.010811033409856168,10.38042221175224,4.89075312353898,4.883322894772635,0.11078206964856491,-0.049665901202770806,-0.005535955302845817,0.9925875198192762,1.0137397008729043,-3.1528043463108233,0.5205397726279646,-0.21783938800732017,-0.025692621020928195,0.021861488232765354,0.0,0.0,0.0,0.0,nan,nan,0.0,0.0,0.0,0.0,0.0
7.66,10.52595596216616,4.766032453507937,4.886315154473213,0.1459873479488297,-0.041951914997314765,-0.014288003161981885,0.9882932682319397,1.0777868031944475,-2.998746949337406,0.7530919430265369,0.04914191607046623,0.12252764107002119,0.01027734553739311,10.398721934719507,4.82469412539937,4.881123884218487,0.10858714058670837,-0.04993266979515315,-0.005452262616863008,0.9928171202284373,0.9932090544012733,-3.197048074878337,0.5176415160369847,-0.21859751313345488,-0.02561317498441181,0.022051326398231666,0.0,0.0,0.0,0.0,nan,nan,0.0,0.0,0.0,0.0,0.0
7.68,10.544908547090952,4.702995531124548,4.885040393159992,0.14649915409547776,-0.040682221725493975,-0.013973902412539915,0.9882751057960288,1.0537757558891099,-3.037813223044933,0.7756265437508615,0.04678672079839662,0.13555362204548121,0.010351912762615795,10.417015519552029,4.758624090035101,4.879226010607282,0.1063916741705409,-0.05019919129073162,-0.0053685429498140595,0.9930418075829145,0.9726784079296432,-3.241291803445849,0.5147432594460051,-0.21935563825958956,-0.025533728947895427,0.022241164563697974,0.0,0.0,0.0,0.0,nan,nan,0.0,0.0,0.0,0.0,0.0
7.7,10.562492564640408,4.642348311376202,4.8838275307568155,0.14683963296216213,-0.039401413835987005,-0.013671370724116743,0.9882807012189333,1.0314701085397104,-3.0753474706649047,0.7909601535341031,0.024641262911346995,0.1409294410878086,0.01019223428752817,10.435302814239275,4.692544349079412,4.877629316661722,0.10419568126454704,-0.050465464370598,-0.005284796715994099,0.9932615807708195,0.952147761458012,-3.2855355320133626,0.5118450028550252,-0.22011376338572425,-0.025454282911379036,0.02243100272916429,0.0,0.0,0.0,0.0,nan,nan,0.0,0.0,0.0,0.0,0.0
7.72,10.58147346200741,4.57447669416163,4.882399867580213,0.14713902027504644,-0.037952133398427096,-0.013334536507533525,0.98829749287304,1.0074438484023558,-3.1169086359544975,0.8043048019464525,0.024421930759243298,0.14008260321799879,0.01043951303711449,10.45358366689522,4.626456234357669,4.876333839142849,0.1019991727358173,-0.050731487717073344,-0.005201024329829737,0.9934764387045835,0.9316171149863819,-3.3297792605808745,0.5089467462640455,-0.2208718885118589,-0.025374836874862652,0.022620840894630595,0.0,0.0,0.0,0.0,nan,nan,0.0,0.0,0.0,0.0,0.0
7.74,10.59912540421869,4.5090284376625345,4.8809162542412965,0.14726901991622968,-0.036632970373501064,-0.013027354181801063,0.9883320035785288,0.9852972238333709,-3.1566758897902485,0.814928278711407,0.00211633830279581,0.1299865654365226,0.010581992715473117,10.471857925761357,4.560361077860981,4.875339608849313,0.09980215945399322,-0.05099726001371455,-0.005117226205876986,0.9936863803209598,0.9110864685147507,-3.374022989148388,0.5060484896730656,-0.2216300136379936,-0.02529539083834627,0.02281067906009691,0.0,0.0,0.0,0.0,nan,nan,0.0,0.0,0.0,0.0,0.0
7.76,10.615520286027323,4.446117708735228,4.87942466168793,0.14738280674380677,-0.03549460863326977,-0.012749205825789364,0.9883602070020324,0.9649050561313893,-3.1940768327933533,0.8279331623802086,0.012125957789482864,0.11588565491840293,0.011106765174848869,10.490125439209699,4.494260211719855,4.874646650616761,0.09760465229121479,-0.051262779945320865,-0.0050334027588192385,0.9938914045810318,0.8905558220431206,-3.4182667177159,0.5031502330820858,-0.22238813876412827,-0.025215944801829884,0.02300051722556322,0.0,0.0,0.0,0.0,nan,nan,0.0,0.0,0.0,0.0,0.0
7.78,10.633222194660616,4.375734678950738,4.877763305855444,0.1474014516984103,-0.034411725326487196,-0.012468134598239027,0.9883993073737436,0.9431053076292477,-3.2352445067073865,0.8457128458758858,-0.008848646426191008,0.09744962022975934,0.011345786797720806,10.505634336734225,4.422989218331235,4.8722178208442495,0.09536165986146324,-0.05152218897186311,-0.004938995293766152,0.9940961845804974,0.8690217829057324,-3.4565469447962656,0.49643281692053626,-0.2229898448492344,-0.025100011034988677,0.02317570498505364,0.0,0.0,0.0,0.0,nan,nan,0.0,0.0,0.0,0.0,0.0
7.8,10.648860720951324,4.311263850736458,4.876350832234441,0.14740295494822273,-0.03358435008657839,-0.01223372060577584,0.988430471192554,0.9239500655551267,-3.2719777364660216,0.8669484831033939,-0.00028467025501557755,0.08268720858970025,0.011740884339572901,10.520525371000058,4.3505553757985815,4.869667740065832,0.09310815399439476,-0.05178002734412616,-0.004842211181958272,0.9942968638283373,0.8472643273258502,-3.493499332504726,0.48886502276271826,-0.22355672250985847,-0.024975952872602153,0.023347630670088115,0.0,0.0,0.0,0.0,nan,nan,0.0,0.0,0.0,0.0,0.0
7.82,10.665733102549407,4.239119938936429,4.874955727811925,0.14719683769253716,-0.03284727371271431,-0.012006403679330441,0.9884887424010694,0.90347045896551,-3.3127718784002127,0.8887652845205161,-0.040189978983419625,0.06318708195767958,0.011801035121990214,10.535411267430213,4.278109443455801,4.86745316742436,0.09085416448552622,-0.05203759674976758,-0.0047454019177267685,0.9944923782919529,0.825506871745967,-3.530451720213188,0.4812972286049,-0.2241236001704826,-0.024851894710215625,0.023519556355122602,0.0,0.0,0.0,0.0,nan,nan,0.0,0.0,0.0,0.0,0.0
7.84,10.68141153733434,4.1695614203232445,4.873751194095562,0.14669327707332117,-0.032344774007419155,-0.01182817466669347,0.9885823143977203,0.8846863371123455,-3.351961702963752,0.9033344500866816,-0.06565731153059792,0.04095446670132709,0.012137918118785847,10.550291861247866,4.205652942125019,4.865574151707439,0.08859970304300048,-0.052294895850866635,-0.0046485680039385305,0.9946827269557624,0.803749416166085,-3.5674041079216474,0.47372943444708204,-0.2246904778311067,-0.024727836547829105,0.02369148204015708,0.0,0.0,0.0,0.0,nan,nan,0.0,0.0,0.0,0.0,0.0
7.86,10.696723714070055,4.099205630283063,4.872574579717477,0.1458012193384799,-0.0320711143068052,-0.011694558394570804,0.9887247773624815,0.8666173368502977,-3.3916987043596003,0.9092390111894331,-0.11168341689287693,0.016848414852008813,0.012349103087642657,10.565166987786366,4.1331873928479475,4.864030734730603,0.08634478137741128,-0.05255192331090666,-0.004551709943588465,0.9948679088310171,0.7819919605862018,-3.604356495630109,0.46616164028926366,-0.22525735549173084,-0.024603778385442573,0.023863407725191563,0.0,0.0,0.0,0.0,nan,nan,0.0,0.0,0.0,0.0,0.0
7.88,10.710942083013745,4.031659819606316,4.871402966316289,0.14464524841712972,-0.03205466040423629,-0.011609683585346935,0.9888960845830891,0.8500674694379435,-3.429577988786868,0.9085983344602655,-0.13568341094481065,-0.01138288437567342,0.012965628737713406,10.580036482492664,4.060714316854305,4.862822951336452,0.08408941120174344,-0.052808677794781975,-0.004454828239796929,0.9950479229558067,0.7602345050063197,-3.641308883338569,0.4585938461314457,-0.22582423315235495,-0.02447972022305605,0.02403533341022604,0.0,0.0,0.0,0.0,nan,nan,0.0,0.0,0.0,0.0,0.0
7.9,10.725570458336618,3.9598408385651416,4.8700588587545965,0.1430824075548661,-0.03232346009983731,-0.011568245135040798,0.989115157239021,0.8332009800901703,-3.469486809524226,0.9028349355648101,-0.17452785702722093,-0.041360087106391906,0.013539092331557437,10.594900180930725,3.9882352355301873,4.861950829393915,0.08183360423131107,-0.05306515796880488,-0.0043579233958070725,0.995222768395064,0.7384770494264364,-3.6782612710470306,0.45102605197362733,-0.22639111081297908,-0.024355662060669518,0.024207259095260523,0.0,0.0,0.0,0.0,nan,nan,0.0,0.0,0.0,0.0,0.0
7.92,10.739851327181839,3.8872995728983835,4.868613611828033,0.1413606486064552,-0.03288957599184126,-0.011567037629397604,0.989344048578208,0.816714190521961,-3.5086291134681353,0.8975631885699096,-0.1753554725829955,-0.07084300710333204,0.014440120255406783,10.609757918784945,3.9157516703864745,4.861414389797688,0.07957737218369763,-0.05332136250071253,-0.004260995914982264,0.9953924442405705,0.7167195938465543,-3.715213658755491,0.4434582578158094,-0.22695798847360318,-0.024231603898282997,0.024379184780295,0.0,0.0,0.0,0.0,nan,nan,0.0,0.0,0.0,0.0,0.0
7.9399999999999995,10.754464693041387,3.8103583797300415,4.867052259271176,0.13934448037997763,-0.0337529820201385,-0.011603896270329928,0.9896005262648812,0.79957207099305,-3.5490090093386595,0.8934680463785811,-0.2064790712276159,-0.0930287796309616,0.015016298543618207,10.622561871317231,3.840283219799709,4.859587375913319,0.07729766432961575,-0.053570770641342844,-0.004156913480119291,0.9955591211436905,0.6942728886942222,-3.747648780947521,0.4337798716886355,-0.22741045564495577,-0.024082185644159905,0.024537847373287947,0.0,0.0,0.0,0.0,nan,nan,0.0,0.0,0.0,0.0,0.0
7.96,10.768006027759789,3.7363425694318164,4.865624930727041,0.13735353708532472,-0.03476567328683222,-0.01166113911578244,0.9898431045603064,0.7831864337669713,-3.5862473125267114,0.8941240060982515,-0.20056220037742795,-0.1106557623464124,0.015735794229065327,10.633924524282632,3.762711004065724,4.856976424149629,0.07500135922340022,-0.05381531774453234,-0.004047803149513926,0.995722010894788,0.6713424771538169,-3.77691374493525,0.42262029956005054,-0.2277826310225444,-0.023914970007397205,0.024687202100737698,0.0,0.0,0.0,0.0,nan,nan,0.0,0.0,0.0,0.0,0.0
7.98,10.781816220221158,3.657855169434767,4.864269606532549,0.13509441130860797,-0.035996227299279,-0.011745033554403294,0.9901089969494293,0.7658562272354695,-3.6245955281226747,0.8944458354006543,-0.22807503250299752,-0.1255758720494997,0.016193597070824663,10.645283251981692,3.6851268448235643,4.854728503966402,0.07270465126549182,-0.054059575791735655,-0.00393867107711124,0.9958795523655092,0.6484120656134116,-3.806178708922978,0.4114607274314655,-0.228154806400133,-0.023747754370634505,0.024836556828187445,0.0,0.0,0.0,0.0,nan,nan,0.0,0.0,0.0,0.0,0.0
8.0,10.7933152510878,3.5899727106119377,4.863217673926302,0.13303748694801462,-0.037193358217506065,-0.011834755479302092,0.9903421730562657,0.7508948228328926,-3.656831032998086,0.8912121487647774,-0.23308859899787246,-0.1429044173748714,0.01694276574709834,10.65663788405262,3.6075324164353937,4.852843664702516,0.07040755279210294,-0.054303543470979626,-0.003829517849087813,0.9960317447096584,0.6254816540730074,-3.8354436729107055,0.400301155302881,-0.22852698177772163,-0.023580538733871812,0.024985911555637192,0.0,0.0,0.0,0.0,nan,nan,0.0,0.0,0.0,0.0,0.0
8.02,10.806334567261866,3.510108532700618,4.862040204371932,0.13041520939760842,-0.03875355291789269,-0.011964219897810038,0.9906295436419483,0.7332373754501562,-3.693999049015432,0.880118753048419,-0.2646115496813468,-0.15675297691423104,0.017358658829458612,10.667988250221615,3.5299293934840006,4.851321947896048,0.0681100761415433,-0.0545472194718508,-0.0037203440517338516,0.996178587109771,0.6025512425326031,-3.864708636898432,0.38914158317429653,-0.2288991571553102,-0.02341332309710912,0.025135266283086932,0.0,0.0,0.0,0.0,nan,nan,0.0,0.0,0.0,0.0,0.0
8.04,10.817744855298622,3.4372703214780413,4.860940689503053,0.1278657897024288,-0.04027144709302598,-0.012098173017453544,0.9908996844193904,0.7169243229911432,-3.726923552131163,0.8643942767467576,-0.2733064509012251,-0.16645374639527505,0.017769077072155845,10.679334180306535,3.4523194507368324,4.850163387283393,0.06581223365415405,-0.05479060248550238,-0.0036111502714500495,0.9963200787771186,0.5796208309921987,-3.8939736008861594,0.37798201104571205,-0.2292713325328988,-0.023246107460346426,0.025284621010536676,0.0,0.0,0.0,0.0,nan,nan,0.0,0.0,0.0,0.0,0.0
8.06,10.82994331859391,3.3561641855460604,4.859625253839263,0.12496585018515485,-0.042007207125007086,-0.012255078041493428,0.9911956133373749,0.6983400691681485,-3.762175196640757,0.8438066795750501,-0.27800887971440896,-0.16811558508238514,0.017787842456699413,10.690675504220545,3.3747042631100017,4.849368008798526,0.0635140376722411,-0.05503369120466126,-0.0035019370947444233,0.9964562189517127,0.5566904194517924,-3.9232385648738886,0.3668224389171265,-0.22964350791048743,-0.02307889182358372,0.025433975737986433,0.0,0.0,0.0,0.0,nan,nan,0.0,0.0,0.0,0.0,0.0
8.08,10.84114735843875,3.2783609418067603,4.858273342264577,0.122284680468473,-0.04368438073118646,-0.012401547076290265,0.9914556638765903,0.6800097706005721,-3.794148994611377,0.8257717831843904,-0.2670590291851315,-0.17182819862560492,0.018134804112185265,10.702012051975773,3.2970855056323263,4.848935830572454,0.06121550054000974,-0.05527648432363506,-0.0033927051082292057,0.9965870069023094,0.5337600079113881,-3.952503528861616,0.3556628667885421,-0.23001568328807603,-0.022911676186821023,0.025583330465436174,0.0,0.0,0.0,0.0,nan,nan,0.0,0.0,0.0,0.0,0.0
8.1,10.851403696435714,3.203957239882202,4.856940180869595,0.11967119435402016,-0.04527194589690194,-0.012542797327477992,0.9917015349346758,0.6619620507040787,-3.8233325901683033,0.8106021320189787,-0.27867140773201854,-0.16682470468193183,0.01792483855857048,10.712054216825408,3.218095819458015,4.847814189141726,0.05890839894531883,-0.05551367444716014,-0.003279556683443366,0.9967132370903047,0.5104433089041894,-3.9789163686847098,0.3436351478864338,-0.23031699821979132,-0.02273004197267427,0.025722999108514402,0.0,0.0,0.0,0.0,nan,nan,0.0,0.0,0.0,0.0,0.0
8.12,10.862279399986551,3.1211750032878243,4.855507140133094,0.11695775667090916,-0.04697327246764634,-0.0126836678833533,0.9919443126492603,0.641247954291691,-3.8535620671563846,0.8006384144585763,-0.24284351648958272,-0.16256771656011565,0.018188706227627416,10.719774210480931,3.1366348295670226,4.845175959208037,0.05658616586662575,-0.05574102005143834,-0.0031593798677159017,0.9968354743060619,0.4864319104478954,-4.000199947902059,0.3300461536721718,-0.23049087771302526,-0.022522477386391543,0.025845248295733442,0.0,0.0,0.0,0.0,nan,nan,0.0,0.0,0.0,0.0,0.0
8.14,10.871685026804968,3.045791126335965,4.854325523356965,0.11468822960847189,-0.04845483473758262,-0.01279415082911596,0.9921366078743339,0.6218411705959588,-3.8794274535704583,0.7955446939924707,-0.2343503176685204,-0.15275977375142644,0.018138563763849744,10.727491672173203,3.055162099899278,4.842920623587591,0.05426362304448975,-0.0559680605384642,-0.003039185758058328,0.996952255007017,0.4624205119915994,-4.021483527119412,0.31645715945790864,-0.23066475720625923,-0.022314912800108798,0.025967497482952503,0.0,0.0,0.0,0.0,nan,nan,0.0,0.0,0.0,0.0,0.0
8.16,10.881587436420203,2.96195579802964,4.853169344619665,0.11233787123998314,-0.04997060947849088,-0.012894071675372334,0.9923290199269834,0.5996666563902204,-3.906683860694031,0.7899810012824496,-0.21761537886632948,-0.13980494671082722,0.01818367545144523,10.735206433491788,2.973679414379359,4.841048231667055,0.05194078319213183,-0.056194794665455045,-0.002918975012393617,0.9970635785539317,0.43840911353530543,-4.042767106336762,0.3028681652436467,-0.23083863669949317,-0.022107348213826074,0.026089746670171544,0.0,0.0,0.0,0.0,nan,nan,0.0,0.0,0.0,0.0,0.0
8.18,10.890534194834206,2.88164081461388,4.852153599551862,0.11008498425702276,-0.05126209074629762,-0.012974848701410054,0.9925145578754123,0.5778809644084805,-3.9319160913283158,0.7800215699913153,-0.23152995332856421,-0.12336427599298173,0.01782017793355605,10.742918326085375,2.8921885571498094,4.839558824448423,0.04961765902439827,-0.0564212211913053,-0.002798748288735774,0.9971694443374388,0.41439771507901146,-4.064050685554112,0.2892791710293847,-0.2310125161927271,-0.02189978362754335,0.02621199585739059,0.0,0.0,0.0,0.0,nan,nan,0.0,0.0,0.0,0.0,0.0
8.2,10.899011330775185,2.8009022383486983,4.851129785181119,0.10779364807374638,-0.05241399986804323,-0.013044067394255041,0.9927049684365443,0.5555301439914488,-3.9563611665469436,0.7651490604050512,-0.22951565994536344,-0.11111484853010656,0.017760843440057232,10.750627181665468,2.8106913125321014,4.838452434548106,0.047294263257691885,-0.05664733887659307,-0.0026785062451862764,0.9972698517780466,0.3903863166227175,-4.085334264771463,0.2756901768151227,-0.23118639568596108,-0.021692219041260622,0.026334245044609635,0.0,0.0,0.0,0.0,nan,nan,0.0,0.0,0.0,0.0,0.0
8.22,10.90702183472574,2.719773719519731,4.850018470764968,0.10541858483293899,-0.053423619300401036,-0.013104777866626867,0.9929053850542522,0.5326388130204386,-3.9800575256875907,0.7461274486291939,-0.24174737970096438,-0.09483204918176405,0.01736965788811189,10.758332832010067,2.729189464987554,4.837729086196245,0.044970608609901944,-0.05687314648358708,-0.002558249539930448,0.9973648003261409,0.3663749181664214,-4.106617843988814,0.2621011826008596,-0.23136027517919505,-0.021484654454977877,0.026456494231828685,0.0,0.0,0.0,0.0,nan,nan,0.0,0.0,0.0,0.0,0.0
8.24,10.914564248719342,2.638281460871276,4.848790213513127,0.10311792140306117,-0.05427853188541653,-0.013147558167056685,0.9931000337207322,0.5092396427796144,-4.002454791261449,0.727687699744775,-0.22358373037572082,-0.08024783850203096,0.01722273950290087,10.76603510896735,2.6476847990782915,4.837388795236152,0.0426467078003354,-0.05709864277625325,-0.0024379788312339,0.9974542894619889,0.34236351971012746,-4.127901423206165,0.24851218838659755,-0.231534154672429,-0.02127708986869515,0.026578743419047732,0.0,0.0,0.0,0.0,nan,nan,0.0,0.0,0.0,0.0,0.0
8.26,10.921289846298455,2.5605419036407606,4.847539187075546,0.10099682012767557,-0.0549542437071527,-0.013172255175861423,0.9932805067634494,0.48659259040003705,-4.022539657827532,0.713035946016538,-0.22156240656586695,-0.065890763621174,0.017038580969653976,10.77325943234075,2.5658502024366623,4.8370478381118005,0.04032174203969037,-0.057321503035620294,-0.002316519764647103,0.9975384885530993,0.318230958486608,-4.148148198728882,0.2347693141822185,-0.23168265625303122,-0.021064926820771494,0.026697044809390908,0.0,0.0,0.0,0.0,nan,nan,0.0,0.0,0.0,0.0,0.0
8.28,10.928210967926837,2.474261750963278,4.846156677202429,0.09888826577711969,-0.05555517288140151,-0.01317181089674083,0.9934592276764113,0.46114812191415344,-4.042948279210804,0.7046359579329567,-0.187403895566956,-0.051223728482158816,0.01704863734090005,10.777222713502196,2.4817492698580272,4.8344604646773846,0.0379908431345809,-0.05752808806376863,-0.002186976501492649,0.9976183799707345,0.2932660965253667,-4.161272881386974,0.21996939553895975,-0.2316568298953659,-0.02082117566122102,0.026788227685297667,0.0,0.0,0.0,0.0,nan,nan,0.0,0.0,0.0,0.0,0.0
8.3,10.934288257032442,2.391745156218845,4.84494413310529,0.09704254554835126,-0.055976054299687696,-0.013148454492005227,0.9936179063619005,0.4365865898229655,-4.061058376615305,0.7023859609496104,-0.18136696882898873,-0.036095185989959575,0.016894717981517635,10.781184849120818,2.3976370701186385,4.832267682017824,0.03565973532043951,-0.057734356748920045,-0.0020574212123049187,0.9976927855535589,0.2683012345641233,-4.174397564045068,0.20516947689569973,-0.23163100353770058,-0.02057742450167052,0.026879410561204433,0.0,0.0,0.0,0.0,nan,nan,0.0,0.0,0.0,0.0,0.0
8.32,10.939857007414497,2.308901855543354,4.843888296413397,0.0953644439896797,-0.056295783038814946,-0.01310327173262472,0.9937629052769514,0.4118488083320964,-4.078088179238272,0.701653444049929,-0.16008586070717934,-0.02901395300174178,0.01738018521704228,10.785145680048561,2.313515447120586,4.8304695379787255,0.033328431415868075,-0.05794030795681725,-0.001927854609499555,0.9977617048924214,0.2433363726028821,-4.187522246703161,0.19036955825244103,-0.23160517718003526,-0.02033367334212005,0.026970593437111196,0.0,0.0,0.0,0.0,nan,nan,0.0,0.0,0.0,0.0,0.0
8.34,10.944681692646883,2.2299176956617517,4.842989631433738,0.09380123322108079,-0.05650885120342478,-0.013047254399508778,0.9939003207236168,0.3882181234043776,-4.0938090099980515,0.6973871387948051,-0.16962304616318652,-0.01813151415673276,0.017522724571850397,10.78910504716608,2.2293862449732083,4.829066071725343,0.030996944240546116,-0.058145940554948705,-0.001798277405554378,0.9978251376083394,0.21837151064164087,-4.200646929361254,0.1755696396091823,-0.23157935082236997,-0.02008992218256958,0.027061776313017954,0.0,0.0,0.0,0.0,nan,nan,0.0,0.0,0.0,0.0,0.0
8.36,10.949499284834179,2.142326649040553,4.842019995140099,0.09204315857148318,-0.056661279531333,-0.012975762900942456,0.994056932946597,0.3620408680921007,-4.110695588363958,0.687322269409202,-0.16934019688456942,-0.011879830753523786,0.0179871984997623,10.79306279138622,2.1452513079525604,4.828057313741717,0.028665286615161125,-0.05835125341255495,-0.0016686903130055139,0.9978830833525008,0.1934066486803997,-4.213771612019347,0.16076972096592357,-0.23155352446470462,-0.019846171023019107,0.027152959188924717,0.0,0.0,0.0,0.0,nan,nan,0.0,0.0,0.0,0.0,0.0
8.38,10.95359706616828,2.0586466410056077,4.841034278382168,0.09023699239992891,-0.05671603679121402,-0.01290402648870858,0.9942203289380536,0.3370448844179969,-4.126401230034396,0.6729311148989754,-0.18979019696794744,-0.001012751485701748,0.018179888929178274,10.797018753657522,2.0611124804608316,4.8274432858300065,0.026333471361337707,-0.05855624540063467,-0.0015390940444434532,0.9979355418062654,0.16844178671915627,-4.226896294677441,0.14596980232266354,-0.23152769810703933,-0.019602419863468612,0.027244142064831486,0.0,0.0,0.0,0.0,nan,nan,0.0,0.0,0.0,0.0,0.0
8.4,10.957222829893158,1.9747328051289057,4.83995751714415,0.08838560368338877,-0.05670232538187425,-0.012823909216128507,0.9943884445779867,0.312040510267002,-4.141258354683327,0.6582387357578932,-0.18674616588528528,0.002086621651847621,0.018853541275390594,10.800972774967727,1.9769716069858077,4.827224001110011,0.02400151130156787,-0.058760915391951045,-0.0014094893125091816,0.9979825126811684,0.14347692475791504,-4.240020977335534,0.13116988367940483,-0.231501871749374,-0.01935866870391814,0.027335324940738245,0.0,0.0,0.0,0.0,nan,nan,0.0,0.0,0.0,0.0,0.0
8.42,10.960230004623243,1.8948094263535544,4.838876101219344,0.08655650357632363,-0.056648091231034994,-0.01274315595667461,0.9945534562932181,0.28829476920419483,-4.154558519734401,0.6458430637390068,-0.19582152106470643,0.007779577573744739,0.019296535168621336,10.804924696347266,1.8928305320602545,4.827399464018876,0.02166941925913929,-0.058965262261037876,-0.0012798768298901884,0.9980239957189201,0.11851206279667384,-4.253145659993626,0.11636996503614613,-0.23147604539170868,-0.019114917544367668,0.027426507816645008,0.0,0.0,0.0,0.0,nan,nan,0.0,0.0,0.0,0.0,0.0
8.44,10.962929348023316,1.810471062207004,4.837753566456144,0.08475047164417912,-0.056552552000982435,-0.012641741632059469,0.9947157145570656,0.26332914766277427,-4.1672208291910415,0.6384056945544566,-0.17008808682620252,0.010490323490090374,0.02000010536624616,10.805416210280178,1.8074756504221292,4.82529346222245,0.01934617050547258,-0.059150211286373516,-0.0011437898486906489,0.9980609550204499,0.09283349676853263,-4.258906488505583,0.10159903948388248,-0.23127299907254625,-0.018843540853412843,0.027487117581226145,0.0,0.0,0.0,0.0,nan,nan,0.0,0.0,0.0,0.0,0.0
8.46,10.965144182310175,1.7259248234291538,4.836734006458193,0.08306278889457669,-0.056423537756684815,-0.012525356334048568,0.9948668619150906,0.23842178462552002,-4.178770487239888,0.6358346673482774,-0.16687009813052683,0.013974028674735208,0.020435803202749393,10.805509737881042,1.7219713118841125,4.823277254181156,0.017023847628410544,-0.059332643235798496,-0.0010069524332843385,0.9980925869403977,0.06707280588092546,-4.2638199693353425,0.08683145012323228,-0.23104956031748905,-0.018568985333879857,0.027544209343616427,0.0,0.0,0.0,0.0,nan,nan,0.0,0.0,0.0,0.0,0.0
8.48,10.966871486548001,1.641179082623283,4.835879622523929,0.08152615529621925,-0.05630645191370643,-0.01239354564409049,0.9950022459783062,0.21364806627255511,-4.189305099006292,0.6356215364155012,-0.1451752718439712,0.009603066336262641,0.021434795652241028,10.805603187258448,1.6364585160755585,4.8216589923609225,0.014701432036239692,-0.0595147520483741,-0.0008701095338237495,0.9981187830584612,0.041312114993320555,-4.268733450165102,0.07206386076258336,-0.23082612156243182,-0.018294429814346893,0.027601301106006695,0.0,0.0,0.0,0.0,nan,nan,0.0,0.0,0.0,0.0,0.0
8.5,10.968118147357407,1.5562497328389475,4.835166891715525,0.0800032808649341,-0.056212140353709264,-0.012254972464451916,0.9951328986510278,0.1890018739956085,-4.199413289371135,0.6323637900891186,-0.1595847262508507,0.008921895389447342,0.022030809448253596,10.80569641492274,1.5509391149145082,4.820438711754516,0.012378936377276425,-0.05969653673230117,-0.000733261895581302,0.9981395432319716,0.015551424105715667,-4.273646930994861,0.057296271401934475,-0.23060268280737461,-0.018019874294813935,0.02765839286839697,0.0,0.0,0.0,0.0,nan,nan,0.0,0.0,0.0,0.0,0.0
8.52,10.968897156780187,1.4711576571654188,4.8345183707131225,0.07839584413171176,-0.05617076040154706,-0.012116986730508183,0.9952648471293262,0.16453356999267935,-4.209181725792274,0.6238144850229661,-0.16410560404303418,1.6190173909677152e-05,0.02306140433240675,10.805789277389094,1.4654149604629059,4.819616438684797,0.010056373300273437,-0.05987799629754578,-0.0005964102638552383,0.9981548673478648,-0.010209266781889215,-4.27856041182462,0.042528682041285584,-0.2303792440523174,-0.017745318775280974,0.02771548463078724,0.0,0.0,0.0,0.0,nan,nan,0.0,0.0,0.0,0.0,0.0
8.54,10.969221909486846,1.385924602615702,4.83384817366426,0.07659871800463461,-0.05618393082654069,-0.011986415833981664,0.9954056098658376,0.1401943440294719,-4.218732306146485,0.6094792852765993,-0.19301159093069367,-0.003955705007731346,0.023639079245749706,10.805881631180636,1.3798879048862442,4.819192190804132,0.007733755454350556,-0.060059129755844654,-0.0004595553839655495,0.9981647553226832,-0.035969957669494124,-4.28347389265438,0.027761092680636666,-0.2301558052972602,-0.01747076325574801,0.02777257639317751,0.0,0.0,0.0,0.0,nan,nan,0.0,0.0,0.0,0.0,0.0
8.56,10.969101495707442,1.3005702741075282,4.833104337883549,0.0746415637981695,-0.05629588450502605,-0.01186296069459144,0.9955494364948028,0.11601817904390355,-4.227668774705369,0.5923211143088826,-0.19913096973710562,-0.018676835023799764,0.0248995013705886,10.805973332831577,1.2943598004132097,4.819165977094022,0.005411095488925714,-0.06023993612071056,-0.00032269800124990356,0.9981692071025746,-0.061730648557101295,-4.288387373484139,0.012993503319986468,-0.22993236654220298,-0.017196207736215028,0.02782966815556779,0.0,0.0,0.0,0.0,nan,nan,0.0,0.0,0.0,0.0,0.0
8.58,10.968538602403697,1.2151108788386182,4.832283541143429,0.07253257361197307,-0.05653992852580337,-0.011747351089370387,0.9956928552469901,0.09194955916575612,-4.2358507854155105,0.5746972310087135,-0.21897118843409474,-0.031833700433820514,0.025778474278827065,10.806064238890336,1.2088324992953607,4.819537797864894,0.0030884060536468315,-0.06042041440743766,-0.00018583886105963613,0.9981682226632939,-0.0874913394447062,-4.293300854313899,-0.0017740860406624407,-0.22970892778714577,-0.016921652216682063,0.027886759917958068,0.0,0.0,0.0,0.0,nan,nan,0.0,0.0,0.0,0.0,0.0
8.6,10.96746518956991,1.1252789833496863,4.831403762963641,0.07029716232924675,-0.05697017445479314,-0.011628642327550554,0.9958300471810758,0.06676631958913731,-4.243112645823672,0.5605033731424144,-0.21081642527027328,-0.04746339045779551,0.026837457755713168,10.803503050257907,1.123227319589129,4.818411039514756,0.0007831738160549836,-0.06058477246576767,-4.571717512177566e-05,0.9981627471980634,-0.11366261640047662,-4.292791223303118,-0.015696692159098025,-0.22935789637035567,-0.01663080354161873,0.027919908340353707,0.0,0.0,0.0,0.0,nan,nan,0.0,0.0,0.0,0.0,0.0
8.62,10.966058354286393,1.0439245659152383,4.83067352066248,0.0682352110816172,-0.057438354267274706,-0.011522874120908307,0.9959477972261938,0.043930584104494116,-4.248638278004252,0.5513224531875539,-0.21960104887057363,-0.052256869319350654,0.027223142457454903,10.799616130784894,1.0375753796549496,4.816729184736395,-0.0015133204538627172,-0.060740906763859286,9.603648802645527e-05,0.9981524146560489,-0.14003930775894835,-4.289568433308437,-0.029196556880663034,-0.22894303090650192,-0.01633180347255816,0.027941078015137073,0.0,0.0,0.0,0.0,nan,nan,0.0,0.0,0.0,0.0,0.0
8.64,10.964011434263389,0.9539335214231804,4.830020087505605,0.0659942419624727,-0.058034562011324314,-0.01140252114329437,0.9960656264280628,0.018632503640126752,-4.2535483072849765,0.5440474787943197,-0.21122585542089628,-0.061636744370091825,0.028039343425472943,10.795730059552083,0.9519165869924737,4.8154402770767,-0.0038098066752391873,-0.060896718013581666,0.00023778964040802617,0.9981367734756387,-0.1664159991174225,-4.286345643313757,-0.04269642160222925,-0.22852816544264817,-0.016032803403497567,0.027962247689920443,0.0,0.0,0.0,0.0,nan,nan,0.0,0.0,0.0,0.0,0.0
8.66,10.961712364916366,0.8724629335673024,4.829571847506922,0.06385649664869555,-0.058645555483944435,-0.011298892068602533,0.9961703577680661,-0.0043441483505230055,-4.257403730399051,0.5349284520065288,-0.2358482408454888,-0.06973309220817574,0.028513994606744524,10.791844713605144,0.866252749907931,4.814544344155676,-0.00610627263429309,-0.0610522053862581,0.00037954152811377255,0.9981158237400198,-0.19279269047589423,-4.283122853319076,-0.05619628632379425,-0.22811329997879448,-0.015733803334437,0.027983417364703805,0.0,0.0,0.0,0.0,nan,nan,0.0,0.0,0.0,0.0,0.0
8.68,10.958837368416637,0.786674164564887,4.829196718806709,0.06141521845472176,-0.059418576185592195,-0.01120194608664517,0.9962791376668024,-0.02860165345165043,-4.260856006651053,0.5206430808065553,-0.25119378295996464,-0.08439542998433093,0.02944829129459503,10.787959969974311,0.7805856768148434,4.814041405233243,-0.00840270611735145,-0.061207368054934534,0.0005212913972412947,0.9980895655606126,-0.219169381834366,-4.279900063324396,-0.06969615104535926,-0.2276984345149407,-0.015434803265376433,0.028004587039487175,0.0,0.0,0.0,0.0,nan,nan,0.0,0.0,0.0,0.0,0.0
8.7,10.95532139160119,0.696588114581084,4.828837847058748,0.058565927098264706,-0.060315809885337246,-0.011115789470114512,0.9963977491370867,-0.054301437060005925,-4.2638417898438385,0.4996061686915761,-0.2842329915636264,-0.09054909409691705,0.029854528801067724,10.784075705677012,0.6949171761955817,4.813931471208839,-0.010699094910913838,-0.06136220519438378,0.0006630384938989153,0.9980579990770702,-0.24554607319283775,-4.276677273329716,-0.08319601576692427,-0.227283569051087,-0.015135803196315863,0.028025756714270537,0.0,0.0,0.0,0.0,nan,nan,0.0,0.0,0.0,0.0,0.0
8.72,10.951500968010832,0.6108097189612987,4.828483988143933,0.05569877458965714,-0.06129057372599228,-0.011042807422784785,0.9965034713867145,-0.07897739537815032,-4.265599058834863,0.47713640743315616,-0.28961600855828884,-0.10433606973315829,0.030796958155209796,10.78019179772047,0.6092490565628791,4.814214544621179,-0.012995426801717678,-0.061516715981109985,0.000804782064209715,0.9980211244572781,-0.2719227645513118,-4.273454483335035,-0.09669588048849047,-0.22686870358723324,-0.01483680312725527,0.028046926389053907,0.0,0.0,0.0,0.0,nan,nan,0.0,0.0,0.0,0.0,0.0
8.74,10.947216250380455,0.5250720187590926,4.8281107181811755,0.05269614037933273,-0.06231847204662844,-0.010975163798668062,0.9966037681097174,-0.10399513380746316,-4.266188384347888,0.45400640183699303,-0.30205600943951516,-0.1053523308182233,0.031077395847033583,10.776308123104332,0.5235831264213856,4.814890619648204,-0.015291689576802433,-0.06167089959335295,0.0009465213543154918,0.9979789418973524,-0.2982994559097836,-4.270231693340355,-0.1101957452100555,-0.22645383812337952,-0.014537803058194701,0.02806809606383727,0.0,0.0,0.0,0.0,nan,nan,0.0,0.0,0.0,0.0,0.0
8.76,10.942706723545314,0.44367920436823016,4.827773757247724,0.04991423031299523,-0.0633468739944086,-0.010905340186228196,0.9966829068077873,-0.12803521510123345,-4.26525652414501,0.4354821159294734,-0.2862213753207558,-0.1121127299363627,0.03154082831023484,10.77063818702704,0.43840371161752634,4.814825706280561,-0.01756965524262807,-0.06181364162957674,0.0010893029395957735,0.9979324598099067,-0.3248609529222026,-4.263545318301254,-0.12262087169028778,-0.2259599380644661,-0.014231201013973021,0.02807337455210579,0.0,0.0,0.0,0.0,nan,nan,0.0,0.0,0.0,0.0,0.0
8.78,10.93748494472192,0.3580832617079606,4.827495490733414,0.046999189029843624,-0.06441778912462777,-0.010828717962406519,0.9967568226714691,-0.153710764272973,-4.2629070339653845,0.4192761509321657,-0.2887031841068569,-0.10668266462963658,0.03148099803446565,10.76266100112755,0.35384500847611694,4.81367914077728,-0.019823991829716548,-0.0619417028337233,0.0012334322333218712,0.9978821140009073,-0.351661253240374,-4.252383346651895,-0.13365723630438048,-0.22536391059675345,-0.01391477580276511,0.028058118669314652,0.0,0.0,0.0,0.0,nan,nan,0.0,0.0,0.0,0.0,0.0
8.8,10.931761984096628,0.2725908438665225,4.827363520531277,0.0442297850697028,-0.06548236060026488,-0.010741869121141126,0.9968151276995595,-0.17968755072244438,-4.259013053194009,0.4074112244866349,-0.2663616367535644,-0.10784362623303882,0.03155531148366967,10.754685213422158,0.26928187468620485,4.812912591108604,-0.022078226883452023,-0.0620694467885063,0.0013775552097274508,0.9978266572980979,-0.3784615535585478,-4.241221375002534,-0.14469360091847414,-0.22476788312904078,-0.013598350591557172,0.028042862786523508,0.0,0.0,0.0,0.0,nan,nan,0.0,0.0,0.0,0.0,0.0
8.82,10.925204792069685,0.18295852146511923,4.82740083456639,0.041351242316547104,-0.06653574302808866,-0.010648108642408559,0.9968699450986162,-0.20734225874472065,-4.253834111551489,0.39412172855869354,-0.2778246927766516,-0.09855512525813327,0.031152097568282803,10.746710724520598,0.1847160274700277,4.81252607376825,-0.024332348858225838,-0.06219687283965425,0.0015216711306519184,0.9977660899855133,-0.4052618538767193,-4.230059403353175,-0.1557299655325668,-0.2241718556613281,-0.013281925380349262,0.028027606903732367,0.0,0.0,0.0,0.0,nan,nan,0.0,0.0,0.0,0.0,0.0
8.84,10.918438412747006,0.0977460811755438,4.827559387538622,0.038557012346988925,-0.06752442151038428,-0.010563547424148409,0.9969163559518822,-0.2339453346215749,-4.2479273857950695,0.3782746893456853,-0.28034439606652395,-0.10018126604367686,0.031057932402385156,10.738737435005993,0.10014918410539048,4.812519597464236,-0.026586346209009085,-0.062323980334523923,0.0016657792579708554,0.9977004123733638,-0.43206215419489075,-4.218897431703816,-0.1667663301466595,-0.2235758281936155,-0.012965500169141353,0.028012351020941226,0.0,0.0,0.0,0.0,nan,nan,0.0,0.0,0.0,0.0,0.0
8.86,10.911166797065732,0.012704596826973322,4.827772451613319,0.03561851649323429,-0.06844677236318779,-0.010489957167060604,0.9969635507050977,-0.26087457289686494,-4.24117661883698,0.35803067126242477,-0.30112249388851203,-0.09087097320424764,0.030595207796227715,10.730765245436894,0.015583061890513672,4.812893163118703,-0.02884020739141096,-0.06245076862210364,0.0018098788535997473,0.9976296247980331,-0.45886245451306223,-4.207735460054456,-0.17780269476075222,-0.22297980072590287,-0.012649074957933444,0.027997095138150088,0.0,0.0,0.0,0.0,nan,nan,0.0,0.0,0.0,0.0,0.0
8.88,10.903792312621645,-0.0679054060452849,4.827986003778976,0.03276523177344804,-0.06932877175515162,-0.01042467856395977,0.997001146975565,-0.2866595138130574,-4.233660685352896,0.337333760350268,-0.2973902450020046,-0.09748229884436897,0.030836646015728914,10.72279405634932,-0.06898062189116383,4.813646763867899,-0.03109392086173825,-0.06257723705301663,0.0019539691794977884,0.9975537276220765,-0.48566275483123605,-4.196573488405096,-0.18883905937484588,-0.2223837732581902,-0.012332649746725505,0.027981839255358944,0.0,0.0,0.0,0.0,nan,nan,0.0,0.0,0.0,0.0,0.0
8.9,10.895536252096026,-0.15254728009701168,4.8282099204746824,0.029724098469774616,-0.07022955700580079,-0.010358270623766765,0.9970340984753795,-0.3141050983995382,-4.2245561560106735,0.31542033509212647,-0.30513162307544356,-0.08714327185386107,0.030513272782937927,10.714823768258793,-0.15354015000613674,4.814780385062308,-0.03334747507705374,-0.06270338497952432,0.0020980494976716143,0.9974727212342201,-0.5124630551494075,-4.185411516755737,-0.19987542398893857,-0.22178774579047755,-0.012016224535517596,0.027966583372567806,0.0,0.0,0.0,0.0,nan,nan,0.0,0.0,0.0,0.0,0.0
8.92,10.886312963708718,-0.24116358092422208,4.828483226173663,0.02662411781316839,-0.07112774971709863,-0.010282578408106638,0.9970588087731502,-0.3431490896486879,-4.213338587702831,0.2965976515333269,-0.2853196262162919,-0.08658794311820298,0.030328142134018073,10.705987759020449,-0.23761526344350067,4.81583062361669,-0.03558926853365401,-0.06282373752801815,0.0022420887418240147,0.9973873645712201,-0.5393105297914208,-4.172677466508676,-0.21017210118494337,-0.22115723948687085,-0.01169771819459831,0.0279439926220112,0.0,0.0,0.0,0.0,nan,nan,0.0,0.0,0.0,0.0,0.0
8.94,10.877467748515446,-0.3210912627286954,4.828817227293559,0.02390314722464418,-0.07185528937985498,-0.010211148644724418,0.9970763207419227,-0.3696431989301385,-4.201901719199929,0.2829770640897048,-0.28248541324336424,-0.0717031723284436,0.02953236716847865,10.693812999665777,-0.3198444335270392,4.815462564516757,-0.03778621176004868,-0.06292267761732767,0.002385999955223486,0.9972999778634833,-0.5663398381621175,-4.153883829394791,-0.21761764856418533,-0.22039383429292086,-0.011371190126084972,0.027893129577406143,0.0,0.0,0.0,0.0,nan,nan,0.0,0.0,0.0,0.0,0.0
8.96,10.867125352275359,-0.4091327939506601,4.829352590949878,0.021119225493629032,-0.07256148472527536,-0.010120917319804627,0.9970889510377792,-0.39903409789549515,-4.187717604572632,0.27343297102310654,-0.24832204983666478,-0.06619613130860141,0.028921455484053477,10.68163979776128,-0.40207465748741356,4.815454300558923,-0.039982971168027126,-0.06302131160696706,0.0025298995614595927,0.9972077395949769,-0.5933691465328166,-4.135090192280903,-0.22506319594342794,-0.21963042909897076,-0.011044662057571604,0.02784226653280108,0.0,0.0,0.0,0.0,nan,nan,0.0,0.0,0.0,0.0,0.0
8.98,10.857249794103147,-0.4884990426780082,4.830013628876567,0.01877725207465944,-0.07309402913846666,-0.010031200631574247,0.9970978150225378,-0.4257500085016399,-4.173931476597629,0.2660702156088754,-0.24401536205708246,-0.05005643055486693,0.028098597407928222,10.669468078491619,-0.4843043499366037,4.815805833210133,-0.04217953607102326,-0.06311963901711196,0.002673786860504535,0.9971106502144119,-0.6203984549035133,-4.116296555167017,-0.2325087433226699,-0.21886702390502077,-0.010718133989058264,0.027791403488196025,0.0,0.0,0.0,0.0,nan,nan,0.0,0.0,0.0,0.0,0.0
9.0,10.845763273633986,-0.5758796416118158,4.830918696706632,0.01624263950526643,-0.07356852255108538,-0.00993223946587656,0.9971084192658013,-0.4553237794197715,-4.157785829194085,0.2568947695902832,-0.23884416904871703,-0.04423533444223648,0.02766420243669749,10.657297767012594,-0.5665319254969541,4.816517156936128,-0.044375895783417746,-0.0632176593694295,0.002817661152390421,0.9970087101940986,-0.6474277632742098,-4.097502918053131,-0.23995429070191185,-0.21810361871107076,-0.010391605920544923,0.027740540443590964,0.0,0.0,0.0,0.0,nan,nan,0.0,0.0,0.0,0.0,0.0
9.02,10.834272194939231,-0.6587505557569592,4.831902667418644,0.013767468631083536,-0.07393711723978784,-0.009846701446771739,0.9971192516306061,-0.48353016530807263,-4.141698217116407,0.2448997787144983,-0.25231618946050005,-0.03453803326649591,0.02710402848907688,10.64512878845262,-0.6487557988319934,4.817588259201562,-0.046572039620589235,-0.06331537218708047,0.0029615217372126216,0.9969019200299445,-0.6744570716449065,-4.078709280939246,-0.2473998380811538,-0.21734021351712074,-0.010065077852031585,0.027689677398985906,0.0,0.0,0.0,0.0,nan,nan,0.0,0.0,0.0,0.0,0.0
9.04,10.822248832634521,-0.7412640754464471,4.832966607126031,0.011240462659280482,-0.07428385408033998,-0.009766135177254723,0.9971259617650499,-0.5117050967087168,-4.124717509129662,0.23141983609464892,-0.25302884317936686,-0.03812352977713752,0.02723391454471619,10.63296106791417,-0.730974384677292,4.8190191204702515,-0.048767956898966604,-0.06341277699472178,0.0031053679151331914,0.9967902802414507,-0.7014863800156033,-4.059915643825359,-0.25484538546039576,-0.21657680832317072,-0.009738549783518246,0.02763881435438085,0.0,0.0,0.0,0.0,nan,nan,0.0,0.0,0.0,0.0,0.0
9.06,10.810336997605384,-0.8193050136308564,4.834030070806788,0.008782637583159026,-0.07460611000300627,-0.009693966842977094,0.9971272840686636,-0.538483599209462,-4.107754923225016,0.21756892475179007,-0.25935682390009923,-0.03407551424866366,0.027120952423565214,10.620794530475239,-0.8131860978713144,4.820809714205542,-0.050963636936081,-0.06350987331850874,0.0032491989863842794,0.9966737913717111,-0.7285156883863022,-4.041122006711473,-0.26229093283963834,-0.21581340312922068,-0.009412021715004878,0.027587951309775788,0.0,0.0,0.0,0.0,nan,nan,0.0,0.0,0.0,0.0,0.0
9.08,10.796614303980107,-0.9051468759650949,4.835281604142003,0.006146686954647412,-0.07495590120655267,-0.009607631429562176,0.9971216197295638,-0.5680449886537151,-4.087784674905285,0.2050141758130315,-0.24354734937759892,-0.03391173182097363,0.027195249238253196,10.608629101190802,-0.8953893533862369,4.8229600068708365,-0.05315906905061709,-0.0636066606860972,0.0033930142512714873,0.9965524539874085,-0.7555449967569989,-4.022328369597586,-0.26973648021888036,-0.21504999793527066,-0.009085493646491537,0.027537088265170727,0.0,0.0,0.0,0.0,nan,nan,0.0,0.0,0.0,0.0,0.0
9.1,10.783690871733368,-0.9824207815096279,4.836510275788191,0.0038097919328866055,-0.07520294208601577,-0.0095270460512259,0.9971154589016127,-0.5947869325485552,-4.068757704996178,0.19570932336023378,-0.2445536642331653,-0.023625652920292596,0.026934239504435697,10.592257092619295,-0.9741437369196378,4.8236985866937765,-0.055286463867884404,-0.0636768152591896,0.0035342434590621696,0.9964317233180626,-0.7826154985216104,-3.9964793818891646,-0.2726688293757547,-0.21413907892533912,-0.008756199543406033,0.027453421002215234,0.0,0.0,0.0,0.0,nan,nan,0.0,0.0,0.0,0.0,0.0
9.12,10.768837860499977,-1.0673724714952921,4.838039749415895,0.0013901037949485238,-0.07544404904809235,-0.009426112138314595,0.9971045138222093,-0.6242282219282007,-4.0464633228075275,0.19084867958148347,-0.21692135560551293,-0.0239285322598247,0.02692933001076481,10.57578176601622,-1.052809101656729,4.824726568490418,-0.05741192012934575,-0.06374602442376953,0.0036753926136477533,0.9963065829785334,-0.8096870251946946,-3.970454854175041,-0.2754888883167047,-0.21322448971138985,-0.008426836620250136,0.027368937556902943,0.0,0.0,0.0,0.0,nan,nan,0.0,0.0,0.0,0.0,0.0
9.14,10.754132147627029,-1.1478142537081,4.839702369915695,-0.0007516206125722588,-0.07561954415129982,-0.009319801612538621,0.9970929048522548,-0.652202027455648,-4.024382747619085,0.18810800046964476,-0.21020552240499865,-0.01700890220592551,0.02666700591147979,10.559307762213031,-1.13146968454321,4.826087686091665,-0.05953711471086838,-0.06381494303795958,0.0038165250160238375,0.9961769015359515,-0.8367585518677811,-3.9444303264609157,-0.27830894725765487,-0.21230990049744053,-0.00809747369709421,0.02728445411159065,0.0,0.0,0.0,0.0,nan,nan,0.0,0.0,0.0,0.0,0.0
9.16,10.739656746404554,-1.2237999872340946,4.84147233624191,-0.0027321055313113333,-0.07580615606541728,-0.009213976997435062,0.9970762583322511,-0.6786605776216014,-4.0027244586110635,0.1860113697527382,-0.20796336281563385,-0.02343142062286338,0.02688638945908075,10.542835030043863,-1.2101240640874835,4.827781916259017,-0.06166203792594803,-0.06388357078763304,0.003957640022917737,0.9960426795813969,-0.8638300785408654,-3.9184057987467926,-0.28112900619860487,-0.2113953112834913,-0.007768110773938313,0.027199970666278363,0.0,0.0,0.0,0.0,nan,nan,0.0,0.0,0.0,0.0,0.0
9.18,10.722288262558303,-1.311241492556391,4.843713667359908,-0.005157805632434369,-0.07599381773149458,-0.00910267457569836,0.997053397779286,-0.7092558725072575,-3.9770731523052336,0.17985230552352743,-0.22846846072467167,-0.017139380703779003,0.026692601899873405,10.526363518319666,-1.2887708189110705,4.829809229680755,-0.06378668008931784,-0.06395190735998896,0.004098736991136097,0.9959039177266449,-0.8909016052139496,-3.8923812710326695,-0.2839490651395548,-0.21048072206954205,-0.007438747850782414,0.027115487220966072,0.0,0.0,0.0,0.0,nan,nan,0.0,0.0,0.0,0.0,0.0
9.2,10.706769367062986,-1.3862779526476592,4.845786272295457,-0.007342356906072203,-0.07617998588539235,-0.009010937160728198,0.997026329921658,-0.7355810977964515,-3.9541964906195233,0.1731335597512867,-0.23034699758826083,-0.023450856519269408,0.0271012835596741,10.50989317582914,-1.3674085277744967,4.832169590972481,-0.06591103151699183,-0.06401995244355345,0.0042398152775677675,0.9957606166041633,-0.9179731318870337,-3.866356743318546,-0.28676912408050476,-0.20956613285559278,-0.007109384927626517,0.027031003775653782,0.0,0.0,0.0,0.0,nan,nan,0.0,0.0,0.0,0.0,0.0
9.22,10.690775278976123,-1.4608560576441727,4.8479548322074235,-0.00957866513829966,-0.07637462578591385,-0.008921277955532214,0.9969932680363847,-0.7618755265111861,-3.9306856789716593,0.1646629433292281,-0.23660348566603043,-0.022772282413005638,0.027238220474556398,10.493423951339663,-1.4460357696032187,4.8348629586777525,-0.06803508252630933,-0.06408770572818133,0.004380874239186758,0.9956127768671096,-0.9450446585601202,-3.84033221560442,-0.289589183021455,-0.20865154364164343,-0.006780022004470591,0.02694652033034149,0.0,0.0,0.0,0.0,nan,nan,0.0,0.0,0.0,0.0,0.0
9.24,10.672545629335001,-1.5427336953859387,4.850468197792816,-0.012009671096933265,-0.07666660189955181,-0.008813876631067788,0.9969454927587824,-0.7908311500393396,-3.90369349542545,0.15742069272100448,-0.2250660622633458,-0.034193810391836825,0.02774368029092992,10.476955793598242,-1.5246511235135038,4.837889285268846,-0.07015882343597833,-0.06415516690505732,0.004521913233055122,0.9954603991893279,-0.9721161852332044,-3.8143076878902975,-0.292409241962405,-0.2077369544276942,-0.006450659081314694,0.026862036885029198,0.0,0.0,0.0,0.0,nan,nan,0.0,0.0,0.0,0.0,0.0
9.26,10.654644066873374,-1.620157241361229,4.852988075958534,-0.01425484701963663,-0.07697153194827235,-0.008704362039479264,0.9968933828085471,-0.8183863816834973,-3.877127413122772,0.15196706766811086,-0.2188405097346464,-0.031872380567034196,0.02768639732988116,10.45719930965745,-1.59973639613981,4.840293347323484,-0.07222169901261218,-0.0642024060561947,0.004659236579566167,0.9953091824969881,-0.9990922764689667,-3.7832456299550214,-0.2910926963136597,-0.2067222284240262,-0.006124322596456685,0.026754614168783677,0.0,0.0,0.0,0.0,nan,nan,0.0,0.0,0.0,0.0,0.0
9.28,10.637144620081548,-1.6931900478275834,4.855534266401381,-0.01620474810024905,-0.07730659582913776,-0.008584275288042854,0.9968387064104689,-0.8444743347606689,-3.850978056306557,0.1510435496718803,-0.19362034653889332,-0.03873386360442272,0.027866800287473025,10.436320580155039,-1.6736112418771638,4.8426764161795015,-0.07426359293503494,-0.06424256661427553,0.0047952783651330115,0.9951556746080438,-1.0260357797334339,-3.7504634259728316,-0.2883636402242358,-0.20567330909636342,-0.005799019537830539,0.0266393584680234,0.0,0.0,0.0,0.0,nan,nan,0.0,0.0,0.0,0.0,0.0
9.3,10.617241589735952,-1.7733055630019754,4.858538952274999,-0.018239873188200677,-0.07765778077663697,-0.008442956251853085,0.9967774538986399,-0.8733000938591059,-3.821406667295072,0.15138620984623496,-0.19197098936441231,-0.03487470696427207,0.0278382549730093,10.415442770555861,-1.747476020817204,4.845360572286315,-0.0763051739837749,-0.06428245651741459,0.00493129994811683,0.9949979741126181,-1.0529792829979034,-3.717681221990639,-0.28563458413481163,-0.2046243897687006,-0.0054737164792043646,0.02652410276726311,0.0,0.0,0.0,0.0,nan,nan,0.0,0.0,0.0,0.0,0.0
9.32,10.597733963892502,-1.8489996145218268,4.86161928780121,-0.020164897394618703,-0.07809218650957264,-0.00830051336065491,0.9967076245304679,-0.9006595523120472,-3.7925150634477762,0.15421387857123156,-0.19441853225246553,-0.052070248142596295,0.028605814594693045,10.394565850875258,-1.8213294974011178,4.848345771885022,-0.07834643355761865,-0.06432207559755508,0.005067300755456531,0.9948360816751057,-1.079922786262371,-3.6848990180084495,-0.2829055280453877,-0.20357547044103783,-0.005148413420578219,0.026408847066502837,0.0,0.0,0.0,0.0,nan,nan,0.0,0.0,0.0,0.0,0.0
9.34,10.578702275620715,-1.920349775804192,4.864741265456215,-0.022138183615405167,-0.0785795355672145,-0.008170186304880278,0.996628519294925,-0.9267125577628399,-3.764627012467887,0.15512259878187806,-0.2162125549126047,-0.0559287401291964,0.028972190844024335,10.373689791113565,-1.8951704362605795,4.851631966143528,-0.08038736305670778,-0.0643614236877812,0.005203280214178591,0.9946699979775622,-1.106866289526838,-3.652116814026259,-0.28017647195596385,-0.20252655111337506,-0.004823110361952074,0.02629359136574256,0.0,0.0,0.0,0.0,nan,nan,0.0,0.0,0.0,0.0,0.0
9.36,10.556055913999405,-2.00226896010387,4.868596165250998,-0.024629855600535138,-0.07928161837386528,-0.008025401410969692,0.996515623627302,-0.9569034871785417,-3.7315686259806315,0.15578985615442364,-0.23503951977860107,-0.0724192314320304,0.029657118959235135,10.35281456125663,-1.9689976022385438,4.855219101157357,-0.08242795388257425,-0.06440050062231883,0.005339237751399417,0.9944997237197007,-1.1338097927913053,-3.6193346100440698,-0.2774474158665399,-0.2014776317857123,-0.004497807303325928,0.02617833566498228,0.0,0.0,0.0,0.0,nan,nan,0.0,0.0,0.0,0.0,0.0
9.38,10.537041127170987,-2.068726026750095,4.87192108419259,-0.02685289734779421,-0.07990384744867396,-0.007918390315826558,0.9964093517032717,-0.9817377804713691,-3.703969034407645,0.15380992949881744,-0.2520655786384768,-0.070321191366331,0.029548311864605915,10.331940131276312,-2.042809760410073,4.859107117950569,-0.08446819743817703,-0.06443930623653624,0.00547517279432778,0.9943252596188891,-1.1607532960557752,-3.5865524060618768,-0.2747183597771158,-0.20042871245804944,-0.004172504244699754,0.026063079964221993,0.0,0.0,0.0,0.0,nan,nan,0.0,0.0,0.0,0.0,0.0
9.4,10.515397965337025,-2.141951385135361,4.875794412564958,-0.029366899781749688,-0.08061191659332564,-0.0078033824309669455,0.9962822949962503,-1.0093843026620797,-3.6724350291821173,0.15268373169449934,-0.24800924969159402,-0.07510554262277505,0.02943901409776528,10.311066471131,-2.116605676103121,4.863295952476749,-0.08650808512793767,-0.06447784036694476,0.005611084770267187,0.9941466064101477,-1.187696799320242,-3.553770202079687,-0.27198930368769186,-0.19937979313038667,-0.0038472011860736085,0.02594782426346172,0.0,0.0,0.0,0.0,nan,nan,0.0,0.0,0.0,0.0,0.0
9.42,10.493210844076735,-2.214512983635401,4.879842842405534,-0.03190492185567493,-0.08126931688176664,-0.007696457902874956,0.9961516644721845,-1.0371694125770476,-3.640177312874139,0.15030014594564248,-0.2543701458071945,-0.061987665297790644,0.028734611432426747,10.28787155820229,-2.1873465077431495,4.867442098376537,-0.08850044291152168,-0.0645027617505122,0.005743346301737053,0.9939688522807338,-1.2144986447704333,-3.517776140166582,-0.265989111591438,-0.19826934271246138,-0.003527226840032069,0.025818383022594524,0.0,0.0,0.0,0.0,nan,nan,0.0,0.0,0.0,0.0,0.0
9.44,10.46932382026694,-2.289967100678093,4.884296015144245,-0.03450529206437988,-0.08187507027458724,-0.007588042100532535,0.9960162043381443,-1.0663486487048717,-3.605272623087876,0.15039469740438768,-0.23841891922399658,-0.05747590609513625,0.02813377030728227,10.262492009620038,-2.2552126598179987,4.871538589608041,-0.09044806734365207,-0.06451487477445773,0.0058721722190740195,0.9937919780517771,-1.2411671817324628,-3.4787595275586956,-0.256910584580367,-0.1971009878530496,-0.0032122671317084263,0.02567559233881042,0.0,0.0,0.0,0.0,nan,nan,0.0,0.0,0.0,0.0,0.0
9.46,10.447188693816562,-2.357569551979267,4.888502466489393,-0.03675532367312189,-0.08232706055880328,-0.007492331426273615,0.9958991747417155,-1.0927880540919421,-3.5729927753678656,0.1506634017518096,-0.23312397647248176,-0.044390850205789104,0.02732203330859172,10.237112876566002,-2.3230624654570065,4.875899874312169,-0.09239534434049201,-0.06452673997946219,0.006000975579822207,0.9936112864012341,-1.2678357186944946,-3.439742914950805,-0.2478320575692952,-0.1959326329936377,-0.002897307423384755,0.0255328016550263,0.0,0.0,0.0,0.0,nan,nan,0.0,0.0,0.0,0.0,0.0
9.48,10.423346552975886,-2.428027878590971,4.8931405957320235,-0.039087176953347645,-0.08277137756786819,-0.007394221164912933,0.9957742802195181,-1.1205110309535709,-3.5381774837979885,0.15427142279514788,-0.2331712761953233,-0.0496027870158456,0.0271437844691857,10.211734146585384,-2.390894886914572,4.880525886403511,-0.09434226642202788,-0.06453835731994824,0.00612975588921334,0.99342677802319,-1.2945042556565238,-3.4007263023429184,-0.23875353055822413,-0.19476427813422587,-0.002582347715061112,0.025390010971242192,0.0,0.0,0.0,0.0,nan,nan,0.0,0.0,0.0,0.0,0.0
9.5,10.396475530753028,-2.5046807909869258,4.898503250151983,-0.041783904838238184,-0.08326100762801367,-0.007300578156509712,0.9956246338172925,-1.1510015586654458,-3.4991539380050667,0.15729004172356842,-0.2539442198729233,-0.04589566767313831,0.02677698963411875,10.186355807217188,-2.4587088867122215,4.885416555729103,-0.09628882610960979,-0.06454972675129053,0.0062585126525677125,0.9932384536263912,-1.3211727926185532,-3.361709689735032,-0.2296750035471531,-0.19359592327481406,-0.002267388006737469,0.025247220287458086,0.0,0.0,0.0,0.0,nan,nan,0.0,0.0,0.0,0.0,0.0
9.52,10.372719758862857,-2.570142720988114,4.903385923051413,-0.04426142831650035,-0.08373680195053672,-0.007230113962933119,0.9954781762623242,-1.1772429442470853,-3.464627139089309,0.16162331665477084,-0.265192361491079,-0.05712858614065308,0.026872917841669154,10.160977845994422,-2.5265034276545246,4.890571808069508,-0.09823501592597977,-0.06456084822981598,0.00638724537529605,0.9930463139342418,-1.3478413295805822,-3.322693077127145,-0.2205964765360821,-0.19242756841540226,-0.0019524282984138262,0.025104429603673976,0.0,0.0,0.0,0.0,nan,nan,0.0,0.0,0.0,0.0,0.0
9.54,10.347164109429734,-2.6382942596213232,4.908767161777264,-0.047036118534076056,-0.08424855751507669,-0.007171905780350988,0.9953081672915958,-1.2049249549992895,-3.4276288158826658,0.16388162543303955,-0.28658900003808013,-0.050861979613148735,0.026438099004373685,10.135600250444277,-2.5942774728450386,4.8959915651399575,-0.10018082839530071,-0.06457172171280404,0.006515953562901436,0.9928503596848024,-1.3745098665426116,-3.2836764645192584,-0.21151794952501107,-0.19125921355599046,-0.001637468590090183,0.02496163891988987,0.0,0.0,0.0,0.0,nan,nan,0.0,0.0,0.0,0.0,0.0
9.56,10.322361408631915,-2.70230146402024,4.914117384043024,-0.04981063464982057,-0.08472532217206225,-0.0071306577174411745,0.9951329932120324,-1.231181211872031,-3.3916177162304764,0.1668244337121141,-0.2939322586938974,-0.054448757554328944,0.02632455909532561,10.11022300808833,-2.662029985702243,4.9016757445915475,-0.10212625604318504,-0.06458234715848675,0.0066446367209812025,0.9926505916307856,-1.4011784035046433,-3.2446598519113685,-0.20243942251393923,-0.19009085869657857,-0.0013225088817665125,0.02481884823610575,0.0,0.0,0.0,0.0,nan,nan,0.0,0.0,0.0,0.0,0.0
9.58,10.288951153420767,-2.7854028400922273,4.921469438831889,-0.05349301966462237,-0.08525473527793474,-0.007092545228922641,0.9948968905178192,-1.2658093263419055,-3.3430909993221185,0.16787186655191588,-0.28832521953057594,-0.037789562350197786,0.025228596121234025,10.083536458054391,-2.7277488443147284,4.907629459204454,-0.10404258678933705,-0.06458573368244246,0.006770775611799206,0.9924504923352593,-1.4277346263461181,-3.2040240899091277,-0.19136081235644145,-0.18085466466394823,-0.009256040216778534,0.023418283360382527,0.0,0.0,0.0,0.0,nan,nan,0.0,0.0,0.0,0.0,0.0
9.6,10.268481932304734,-2.8346380778777776,4.926048011694975,-0.05559886075940114,-0.08549821219186055,-0.007070595321503836,0.9947606893499822,-1.2865354414925234,-3.3132316263822297,0.1696515054389959,-0.2726973524314781,-0.03222846814562859,0.024687478551975194,10.053562980560683,-2.7883971932514617,4.9138355935808855,-0.1058864995276131,-0.06457134222905515,0.006890568507758948,0.992255567404974,-1.454008956790005,-3.1593244942359844,-0.1752622792298871,-0.15136934686431433,-0.03789210570516939,0.018860884946372787,0.0,0.0,0.0,0.0,nan,nan,0.0,0.0,0.0,0.0,0.0
9.62,10.240701369203283,-2.899543422996689,4.932312847200362,-0.05825384526688234,-0.08569654212238918,-0.007043681941163055,0.9945918654023869,-1.314156578971347,-3.2727622319771905,0.17085369416659713,-0.2591570545101082,-0.01511632164767456,0.023735190496165542,10.023589478181217,-2.849022037186557,4.920267167157352,-0.1077300466856163,-0.06455672783875886,0.007010337613566724,0.9920572166454973,-1.4802832872338918,-3.1146248985628415,-0.15916374610333284,-0.12188402906468047,-0.06652817119356025,0.014303486532363048,0.0,0.0,0.0,0.0,nan,nan,0.0,0.0,0.0,0.0,0.0
9.64,10.210927409773724,-2.966758442075842,4.9391220895707155,-0.06097990604134805,-0.08584073180865365,-0.0070184324851587845,0.9944161912535389,-1.3429114594004437,-3.229277001243981,0.17680054580950727,-0.26139405483047723,-0.017173831995204086,0.02366407537106874,9.993615951687996,-2.909622538503463,4.926924091027781,-0.10957322189837607,-0.06454189056201069,0.007130082515711634,0.9918554407416486,-1.506557617677781,-3.0699253028896942,-0.1430652129767771,-0.09239871126504398,-0.09516423668195365,0.009746088118352904,0.0,0.0,0.0,0.0,nan,nan,0.0,0.0,0.0,0.0,0.0
9.66,10.18199342343961,-3.0298594619594157,4.945854166922809,-0.0636866283441165,-0.08595553052328579,-0.007006950610737865,0.9942366734262812,-1.3701642629656543,-3.1871288885611935,0.18270982173998546,-0.2799846630328125,-0.01277925646429332,0.023480426395886288,9.963642401853363,-2.9701978599217886,4.933806273173965,-0.11141601880220547,-0.06452683045003742,0.007249802800766319,0.9916502403900724,-1.5328319481216681,-3.0252257072165514,-0.1269666798502228,-0.06291339346541011,-0.12380030217034449,0.005188689704343165,0.0,0.0,0.0,0.0,nan,nan,0.0,0.0,0.0,0.0,0.0
9.68,10.153976064340364,-3.0889522674290464,4.952536429714654,-0.06646179818837192,-0.08610155888985699,-0.007009372104933173,0.9940423631017942,-1.395810854564085,-3.1462339887664177,0.1920670897932963,-0.302520011534874,-0.02331919637990369,0.023902451573851576,9.933668829449973,-3.0307471645089006,4.940913618466815,-0.11325843103472424,-0.06451154755483504,0.007369498055388439,0.9914416162992374,-1.559106278565555,-2.9805261115434085,-0.11086814672366849,-0.033428075665776213,-0.15243636765873536,0.0006312912903334231,0.0,0.0,0.0,0.0,nan,nan,0.0,0.0,0.0,0.0,0.0
9.7,10.120890407443012,-3.1563122226050675,4.960629710721376,-0.06994059449441639,-0.08631433376758836,-0.007030153889871878,0.9937850501815318,-1.4254353983298742,-3.098057719128747,0.19997451068982475,-0.32554316287767804,-0.022592718653949656,0.023856912641845605,9.903695235250797,-3.09126961569146,4.948246028667683,-0.11510045223488002,-0.0644960419291688,0.007489167866322065,0.9912295691894321,-1.5853806090094418,-2.935826515870265,-0.0947696135971142,-0.0039427578661423435,-0.18107243314712623,-0.003926107123676316,0.0,0.0,0.0,0.0,nan,nan,0.0,0.0,0.0,0.0,0.0
9.72,10.091758642193115,-3.2135430135940326,4.967941466044536,-0.07305010898266455,-0.08653855525567224,-0.007053782022839333,0.9935416469333614,-1.4508590280940101,-3.0554672454163905,0.20836664277596867,-0.3276711198385999,-0.02925505682692703,0.023910946330922733,9.873721620029103,-3.1517643772669848,4.9558034024297175,-0.11694207604297067,-0.06448031362657293,0.007608811820399121,0.9910140997927631,-1.611654939453331,-2.8911269201971184,-0.07867108047055847,0.025542559933494163,-0.20970849863551963,-0.00848350553768646,0.0,0.0,0.0,0.0,nan,nan,0.0,0.0,0.0,0.0,0.0
9.74,10.06054306479647,-3.272826171448969,4.975912732683638,-0.07631312497966884,-0.08674413248437016,-0.007082930503979967,0.9932782060081894,-1.4776391849921928,-3.0098327957797513,0.21379509610571207,-0.3228210414723748,-0.019160870770030165,0.023375771053270385,9.843489954175983,-3.211745964798884,4.9638087964606825,-0.11852114760322184,-0.06472406780376944,0.007736001881165906,0.9908096118289542,-1.6375375587157572,-2.8461546721689115,-0.059972015407192256,0.05496383658121673,-0.23796126233641104,-0.013098133523804163,0.0,0.0,0.0,0.0,nan,nan,0.0,0.0,0.0,0.0,0.0
9.76,10.030368351014825,-3.328214789448489,4.983731506278187,-0.07930886691743859,-0.08691009150166884,-0.0071069597674927884,0.9930288166746757,-1.5029331307116855,-2.965507202479445,0.22083986742041334,-0.3078114072038567,-0.020806887968283283,0.023154919869019356,9.80879145120923,-3.2634023563270156,4.975450830462769,-0.11556261247021395,-0.06945982839660766,0.007994061579693724,0.9908363688408056,-1.6566431153467527,-2.796465218775294,0.003719300694497482,0.08327712622720718,-0.2595824557795057,-0.01870290019603007,0.0,0.0,0.0,0.0,nan,nan,0.0,0.0,0.0,0.0,0.0
9.78,9.99643755156658,-3.3883663548660934,4.9925978054546745,-0.08241401125384751,-0.08701172834063385,-0.007128489908563301,0.9927668782306599,-1.5308654345061594,-2.9156272524636573,0.22658419148375075,-0.28436331415100574,-0.00858493774834294,0.02239686779770859,9.77409219264266,-3.315195658634547,4.98646541808819,-0.11260046627491144,-0.07419341853170053,0.00825187148242916,0.9908321645255013,-1.6757486719777486,-2.7467757653816776,0.06741061679618722,0.11159041587319762,-0.28120364922260044,-0.024307666868255973,0.0,0.0,0.0,0.0,nan,nan,0.0,0.0,0.0,0.0,0.0
9.8,9.96353916120124,-3.444563477686977,5.001388661597761,-0.08516813858499676,-0.08719431775602689,-0.007124317201319099,0.9925184044769361,-1.556888581731145,-2.8666738740953392,0.2491237233342546,-0.2681870440766801,-0.0348775062783193,0.022933234432635695,9.73939827348935,-3.3671221572295797,4.9968517825624135,-0.10963480157747868,-0.07892469029538937,0.00850942353341367,0.9907969990144161,-1.694854228608746,-2.6970863119880564,0.1311019328978826,0.1399037055191906,-0.3028248426656971,-0.029912433540482376,0.0,0.0,0.0,0.0,nan,nan,0.0,0.0,0.0,0.0,0.0
9.82,9.930033684405402,-3.4996225532618133,5.010775747588307,-0.08780301996560372,-0.08770415332025594,-0.007074732081868122,0.9922442034808098,-1.58237345161692,-2.8165467210052726,0.28750809779747266,-0.2592203980301988,-0.07840312794988366,0.023823822752225315,9.704715788095012,-3.4191781209720364,5.00660922563233,-0.10666571104802583,-0.08365349584645809,0.00876670968474589,0.9907308734063903,-1.7139597852397417,-2.6473968585944396,0.19479324899957234,0.16821699516518104,-0.32444603610879175,-0.03551720021270828,0.0,0.0,0.0,0.0,nan,nan,0.0,0.0,0.0,0.0,0.0
9.84,9.8975870255001,-3.5507823102773233,5.020587600968277,-0.0901953031038748,-0.08883567391393433,-0.006946315003985453,0.9919298256661722,-1.6058086118605337,-2.767725599753949,0.3457076409833485,-0.2394792652827358,-0.16220088676928804,0.025433157203148475,9.670050829376247,-3.4713598025400434,5.015737127653528,-0.10369328746371151,-0.08837968742075519,0.00902372189683328,0.9906337897676953,-1.7330653418707374,-2.597707405200823,0.25848456510126216,0.19653028481117152,-0.3460672295518864,-0.041121966884934184,0.0,0.0,0.0,0.0,nan,nan,0.0,0.0,0.0,0.0,0.0
9.86,9.86099708756001,-3.605978210488661,5.032570874736703,-0.09248020807409976,-0.09084578797274019,-0.006692183045934235,0.991539040385331,-1.6315220337887575,-2.713144359542595,0.4124429920866939,-0.18846391216524244,-0.22589113120700832,0.025943919827326814,9.63540948805901,-3.5236634388982893,5.024234947667746,-0.10071762370584486,-0.09310311733580943,0.009280452138643237,0.9905057511319683,-1.752170898501733,-2.548017951807206,0.3221758812029518,0.2248435744571619,-0.3676884229949811,-0.04672673355716009,0.0,0.0,0.0,0.0,nan,nan,0.0,0.0,0.0,0.0,0.0
9.88,9.825429380031572,-3.657220730219733,5.045045534637339,-0.09399703828179917,-0.09338513615238372,-0.006328422896577922,0.9911628141751954,-1.65593790597872,-2.660470939966017,0.4776778636878922,-0.1107891066844485,-0.282196187467245,0.025924500872144044,9.600797851917314,-3.5760852517683746,5.032102223470482,-0.09773881275698255,-0.09782363799544541,0.009536892387954101,0.9903467615001182,-1.7712764551327302,-2.498328498413585,0.38586719730464725,0.2531568641031549,-0.38930961643807777,-0.052331500229386485,0.0,0.0,0.0,0.0,nan,nan,0.0,0.0,0.0,0.0,0.0
9.9,9.79101037769607,-3.7047516231650723,5.05759955989603,-0.09466312308197841,-0.09610139526450083,-0.005888472364208736,0.9908424399720666,-1.679755450587746,-2.6102627218451966,0.5267412259449347,-0.024871687993794307,-0.2966259985990863,0.024667727783563423,9.566222005012342,-3.6286214481010397,5.039338571668765,-0.09475694769802448,-0.10254110189439397,0.009793034631605722,0.9901568258402007,-1.7903820117637261,-2.448639045019968,0.44955851340633696,0.28147015374914536,-0.4109308098811724,-0.057936266901612396,0.0,0.0,0.0,0.0,nan,nan,0.0,0.0,0.0,0.0,0.0
9.92,9.754146612638712,-3.7536443128872627,5.071240089513413,-0.09447171269486773,-0.09913924872142611,-0.005334550634672399,0.9905645094757716,-1.7055034570654373,-2.557162100915395,0.5697626487900692,0.06489259782015816,-0.3181965996457661,0.023522769184798717,9.524350868991974,-3.673622085670907,5.058228667880989,-0.0918426132651322,-0.10630497876020312,0.009797868203062133,0.9900344376121971,-1.828746320449679,-2.41582811257396,0.5878341551780674,0.2731213906996537,-0.3874747436694516,-0.05679630984027735,0.0,0.0,0.0,0.0,nan,nan,0.0,0.0,0.0,0.0,0.0
9.94,9.716667949537793,-3.8014516689576348,5.084985349473343,-0.09346728155828159,-0.10234370799450915,-0.0046962054025156035,0.9903371033980585,-1.7321901287752048,-2.5042485224384587,0.6002958993394072,0.13944369703511134,-0.3353237018373466,0.02234521683731698,9.480831303814035,-3.717162122892886,5.079171926280347,-0.0889412753776778,-0.10986404318555607,0.009749010853388909,0.9899112578087466,-1.871213638011956,-2.3866130892018957,0.7419997232225666,0.25696190724602785,-0.3544151270326421,-0.05421941328939582,0.0,0.0,0.0,0.0,nan,nan,0.0,0.0,0.0,0.0,0.0
9.96,9.678526723910064,-3.8481592664273556,5.09896314343679,-0.0918077136126978,-0.10617470832238707,-0.003930748572354927,0.9900923311739799,-1.757896599228736,-2.450102966334278,0.6687173123591041,0.19710670013110593,-0.4422355361754661,0.023553287331323725,9.437217880770916,-3.760873305836879,5.099555971096085,-0.0860380606281786,-0.11342078923114873,0.009699947777540009,0.9897671886391457,-1.9136809555742365,-2.357398065829829,0.8961652912670794,0.24080242379240058,-0.3213555103958296,-0.051642516738514055,0.0,0.0,0.0,0.0,nan,nan,0.0,0.0,0.0,0.0,0.0
9.98,9.639537933945082,-3.8936082631741504,5.113979668932145,-0.08970054559000983,-0.111345339921706,-0.0029759396048803107,0.9897207541433303,-1.781015026014284,-2.394289883754415,0.7992632110922733,0.236514430200305,-0.6079921777881824,0.025528056489701745,9.393514733850887,-3.804752492961025,5.1193791735003655,-0.08313303028103171,-0.11697514184159563,0.009650680010857294,0.9896022331435795,-1.9561482731365132,-2.3281830424577654,1.0503308593115788,0.2246429403387748,-0.28829589375902015,-0.04906562018763253,0.0,0.0,0.0,0.0,nan,nan,0.0,0.0,0.0,0.0,0.0
10.0,9.59936229611591,-3.937526177693539,5.131424466950482,-0.08673356215915524,-0.1177648696072853,-0.001806996841408479,0.9892448935647726,-1.8006302989461713,-2.335192239086481,1.0100625665711154,0.36528228798160806,-0.6962334021313953,0.024299307980053836,9.349726004615675,-3.848796528542478,5.138639952005282,-0.08022624563894676,-0.12052702601201912,0.009601208593002059,0.9894163948029824,-1.9986155906987901,-2.298968019085701,1.204496427356078,0.20848345688514894,-0.25523627712221064,-0.046488723636750995,0.0,0.0,0.0,0.0,nan,nan,0.0,0.0,0.0,0.0,0.0
10.02,9.55562301920602,-3.9818653118789396,5.153193955859755,-0.08207602586114408,-0.12510675440670785,-0.00036768455833947715,0.9887424795105781,-1.8188595544315749,-2.2694419272877218,1.2593591222567802,0.5419813545438877,-0.702175689955421,0.020119851561972046,9.30585584185089,-3.8930022429437594,5.157336772596338,-0.07731776804165312,-0.12407636678963084,0.009551534567933092,0.9892096775389632,-2.041082908261067,-2.269752995713637,1.3586619954005772,0.19232397343152313,-0.22217666048540113,-0.043911827085869465,0.0,0.0,0.0,0.0,nan,nan,0.0,0.0,0.0,0.0,0.0
10.04,9.51453592309162,-4.02044723294266,5.176112928830378,-0.0759984381650551,-0.13147607470961642,0.0010950517598965937,0.9884012748054644,-1.8348418560203998,-2.2049428692843036,1.4938240354372887,0.7398951350276597,-0.6863281006560062,0.014604759496828323,9.261908401215837,-3.9373664528803083,5.1754681488619365,-0.07440765886460543,-0.12762308927531385,0.009501658983884656,0.9889820857137239,-2.083550225823344,-2.240537972341573,1.5128275634450763,0.1761644899778973,-0.1891170438485916,-0.041334930534987935,0.0,0.0,0.0,0.0,nan,nan,0.0,0.0,0.0,0.0,0.0
10.06,9.469714061820811,-4.05964034172207,5.203245324380228,-0.06775033251420902,-0.13882067097770182,0.002892393876215404,0.9879930909734033,-1.84871512282169,-2.1319330023518317,1.7231247389780724,0.9171388393634722,-0.8196693759127132,0.012884568320249479,9.21788784489273,-3.9818859616891826,5.193032642118846,-0.07149597951768805,-0.13116711862520328,0.00945158289334436,0.9887336241299668,-2.126017543385624,-2.2113229489695065,1.6669931314895894,0.16000500652427005,-0.15605742721177915,-0.038758033984106176,0.0,0.0,0.0,0.0,nan,nan,0.0,0.0,0.0,0.0,0.0
10.08,9.420958468777593,-4.099460270829225,5.234483144615807,-0.057352130066260096,-0.14845061406343776,0.005149079037757516,0.987241933543199,-1.856130763048814,-2.049915074531903,1.9429867197978379,1.074351266500445,-1.0094657315296998,0.01293032696969093,9.166812835210907,-4.022422674573464,5.216748045436936,-0.07006525795961838,-0.13235102749436722,0.00938038037926232,0.9886789537621288,-2.175308143481405,-2.182812099883049,1.7413974295809647,0.14649661043117437,-0.12690342021184045,-0.03603629863879103,0.0,0.0,0.0,0.0,nan,nan,0.0,0.0,0.0,0.0,0.0
10.1,9.37550108873779,-4.134580783404005,5.2642380930844945,-0.0466100069921451,-0.1580414185263529,0.007434517496844792,0.9863037793844041,-1.8608625991680563,-1.9726090287412572,2.0921897836938257,1.1938362211102664,-1.0417238202351486,0.011191936635222333,9.110967413473805,-4.060178769070509,5.244951423526253,-0.06964706285483825,-0.13192374288830172,0.009294837024533082,0.9887664126085204,-2.229260531997928,-2.1547823552378507,1.761307404322038,0.13479948454402618,-0.10041779542994787,-0.03321560684378331,0.0,0.0,0.0,0.0,nan,nan,0.0,0.0,0.0,0.0,0.0
10.12,9.326438028169964,-4.170871939361871,5.296150508153187,-0.03432700473904994,-0.16815798359068454,0.009976024384712756,0.9851116831292968,-1.867604919365369,-1.8900496350446658,2.2100984983430774,1.272206131014235,-1.0177228940758398,0.009067741276938324,9.055141833038158,-4.097952252028936,5.273170794364845,-0.06922884181168142,-0.13149640915040495,0.009209290208164914,0.9888535032125964,-2.283212920514451,-2.126752610592652,1.7812173790631118,0.12310235865687798,-0.0739321706480553,-0.03039491504877559,0.0,0.0,0.0,0.0,nan,nan,0.0,0.0,0.0,0.0,0.0
10.14,9.273795550547328,-4.208463879951953,5.329320165624949,-0.02092248139630406,-0.17806136088708233,0.012680518645137964,0.9837152057268159,-1.8812098679911,-1.8059434371004142,2.28006495901192,1.2859883553215783,-0.9352513364103271,0.006801365178442764,8.999336105619292,-4.135743139470814,5.301406125953493,-0.06881059498590418,-0.13106902643982704,0.009123739962017666,0.9889402255419218,-2.337165309030979,-2.098722865947451,1.801127353804187,0.11140523276972875,-0.04744654586616035,-0.027574223253767616,0.0,0.0,0.0,0.0,nan,nan,0.0,0.0,0.0,0.0,0.0
10.16,9.225324512390507,-4.242175381912473,5.358376128258469,-0.009033399736205198,-0.18633420207270252,0.015052260983924494,0.9823295741584933,-1.8995143153023484,-1.735499242967495,2.315425273996994,1.232558109598957,-0.8701365126025264,0.0060527350283208214,8.943550242902976,-4.1735514473922795,5.329657386269194,-0.06839232253327265,-0.13064159491573651,0.00903818631795248,0.9890265795641993,-2.3911176975475024,-2.070693121302252,1.8210373285452603,0.09970810688258053,-0.02096092108426776,-0.02475353145875989,0.0,0.0,0.0,0.0,nan,nan,0.0,0.0,0.0,0.0,0.0
10.18,9.173525963559234,-4.277458673360277,5.3875836175092156,0.0026430461078089398,-0.194232273723992,0.017379359945709574,0.9807980403728169,-1.9255917290798557,-1.6699870094583542,2.3315228685578036,1.115069244688001,-0.7868939815689754,0.006635004125005672,8.887784256545373,-4.211377191763526,5.357924543265224,-0.06797402460956231,-0.13021411473731995,0.00895262930783176,0.9891125652472681,-2.4450700860640255,-2.0426633766570537,1.8409473032863342,0.08801098099543234,0.005524703697624818,-0.02193283966375217,0.0,0.0,0.0,0.0,nan,nan,0.0,0.0,0.0,0.0,0.0
10.2,9.120887771205096,-4.312607734835368,5.41538294870999,0.012731897136001388,-0.20157062171855333,0.019408225298375537,0.9791989093366483,-1.9562955577803274,-1.6156233475572002,2.352183626964525,0.9198723713689545,-0.7504803573866065,0.009288911980157355,8.832038158173035,-4.249220388528763,5.386207564871171,-0.06755570137055818,-0.12978658606378204,0.008867068963519159,0.9891981825591051,-2.4990224745805487,-2.014633632011855,1.8608572780274075,0.07631385510828415,0.0320103284795174,-0.019112147868744447,0.0,0.0,0.0,0.0,nan,nan,0.0,0.0,0.0,0.0,0.0
10.22,9.067295128123858,-4.347686073653826,5.441970941697042,0.02070710414655441,-0.2084529159368467,0.021036956786171564,0.9775868473565233,-1.9911732525669343,-1.5741226436100446,2.377655061545005,0.6917466582418841,-0.6876822590076064,0.012182307123131453,8.776311959382888,-4.287081053606213,5.414506418993,-0.06713735297205466,-0.12935900905434558,0.008781505316879561,0.9892834314678242,-2.5529748630970768,-1.9866038873666538,1.8807672527684829,0.0646167292211349,0.058495953261412326,-0.016291456073736475,0.0,0.0,0.0,0.0,nan,nan,0.0,0.0,0.0,0.0,0.0
10.24,9.012522362682981,-4.382758909037984,5.467802573383948,0.02629701974365271,-0.21479272378636935,0.022198739087829374,0.97605315866706,-2.029640749437182,-1.545456532527083,2.4256418096833112,0.44146399603575553,-0.634872857165502,0.014800392971655835,8.720605671742224,-4.324959202888061,5.442821073513074,-0.06671897956985567,-0.1289313838682514,0.008695938399779113,0.9893683119416762,-2.6069272516136,-1.958574142721455,1.9006772275095563,0.0529196033339867,0.08498157804330492,-0.013470764278728753,0.0,0.0,0.0,0.0,nan,nan,0.0,0.0,0.0,0.0,0.0
10.26,8.956375904438735,-4.417883096708169,5.493235589035362,0.02946971052146416,-0.2204824243694537,0.022870540283063696,0.9746773697450403,-2.0726848091447727,-1.5296019093761366,2.4776040409670745,0.2036476462848184,-0.5423018124646308,0.016154239656607623,8.663073296289326,-4.361951332090086,5.4710223697980656,-0.06629516812671478,-0.12828143758755722,0.008596157465346258,0.9894821522040461,-2.6607052288386877,-1.9308216132389786,1.918303423072636,0.04334710779150376,0.10801072151602177,-0.011139436158854822,0.0,0.0,0.0,0.0,nan,nan,0.0,0.0,0.0,0.0,0.0
10.28,8.898667416027893,-4.453102872249644,5.518598526823068,0.03041564715082368,-0.22518995149885038,0.02308170625485393,0.9735664378914809,-2.12146585934778,-1.5250228713857372,2.5391147242602226,-0.009169573547958082,-0.425309293640524,0.01617837274409588,8.597058012041431,-4.394770162738858,5.498745938050278,-0.06584619015144803,-0.12660325428264543,0.00843063659869809,0.9897296699675744,-2.71367657698642,-1.9043511670958042,1.9253674430101237,0.04360074564057218,0.11505409763177475,-0.011071350094672264,0.0,0.0,0.0,0.0,nan,nan,0.0,0.0,0.0,0.0,0.0
10.3,8.836317568622833,-4.490201101287414,5.545225999639636,0.029283009804488908,-0.22858806775222737,0.022860793810528763,0.972814157341702,-2.182067100085474,-1.5312039800956005,2.5863725194070346,-0.20870734136172542,-0.2334434133741212,0.014591537220206771,8.531122077562436,-4.427586030779316,5.526661184516184,-0.06539700762218469,-0.1249246776793272,0.008265089541917932,0.9899741130936931,-2.766647925134157,-1.8778807209526276,1.9324314629476123,0.04385438348964062,0.12209747374752838,-0.011003264030489696,0.0,0.0,0.0,0.0,nan,nan,0.0,0.0,0.0,0.0,0.0
10.32,8.778315647543034,-4.523863725027049,5.569346610295751,0.026511088718974424,-0.2299196123334535,0.02229564235955315,0.9725929458777417,-2.2464789236452076,-1.5452734410310829,2.622116151518547,-0.37983967919347233,-0.04374859865375089,0.01261055038603312,8.465266139680313,-4.460399150283289,5.554767843339353,-0.06494762193432947,-0.1232457129921727,0.008099516809284805,0.990215480823029,-2.819619273281889,-1.8514102748094532,1.9394954828851003,0.04410802133870904,0.12914084986328137,-0.010935177966307136,0.0,0.0,0.0,0.0,nan,nan,0.0,0.0,0.0,0.0,0.0
10.34,8.715656573661395,-4.559369940446545,5.5946908929368515,0.021894510722702785,-0.22929605307734535,0.021342759498195096,0.972876372958233,-2.3254127884441984,-1.5680784899419953,2.6355565799250447,-0.5510514356180662,0.18102106643107552,0.010183101141998496,8.399490844228964,-4.493209735356768,5.583065646284845,-0.06449803448391812,-0.12156636543695706,0.00793391891515745,0.9904537724057632,-2.8725906214296217,-1.8249398286662788,1.9465595028225884,0.04436165918777746,0.13618422597903435,-0.010867091902124575,0.0,0.0,0.0,0.0,nan,nan,0.0,0.0,0.0,0.0,0.0
10.36,8.651355954446537,-4.594908638091486,5.620010528425682,0.015643212721474405,-0.2266400355105239,0.02003779790028119,0.9736467895776407,-2.414174567139031,-1.5975010256343205,2.639440716951973,-0.7054201984377949,0.3863518290285981,0.008037386232625954,8.333796836040221,-4.526018000137236,5.611554322742524,-0.06404824666761326,-0.11988664023064512,0.007768296373972775,0.9906889871016324,-2.9255619695773536,-1.7984693825231042,1.953623522760076,0.04461529703684587,0.14322760209478735,-0.010799005837942013,0.0,0.0,0.0,0.0,nan,nan,0.0,0.0,0.0,0.0,0.0
10.38,8.58545981406833,-4.630422060380846,5.645279190998878,0.007972519451590674,-0.22194479535175485,0.018421737718827845,0.9748525972316432,-2.5122932654460324,-1.631839056008813,2.620253641040692,-0.8365874989886282,0.5912364353318277,0.005906102084871356,8.268184758935826,-4.55882415879101,5.640233599730439,-0.06359825988269986,-0.11820654259137467,0.007602649700244258,0.9909211241799327,-2.9785333177250912,-1.7719989363799273,1.9606875426975647,0.04486893488591431,0.15027097821054095,-0.010730919773759446,0.0,0.0,0.0,0.0,nan,nan,0.0,0.0,0.0,0.0,0.0
10.4,8.514567998091298,-4.667605725361066,5.6718586725268825,-0.0013392755853553035,-0.21511660300129526,0.0164403470487968,0.9764490608541772,-2.6219093285816566,-1.6705090445807387,2.5940061854044156,-0.9430711838594454,0.7693712317434317,0.004228454100891288,8.202655255719442,-4.591628425510571,5.669103201898189,-0.06314807552708111,-0.1165260777384409,0.007436979408560376,0.9911501829195196,-3.0315046658728235,-1.745528490236753,1.9677515626350524,0.045122572734982734,0.15731435432629393,-0.010662833709576885,0.0,0.0,0.0,0.0,nan,nan,0.0,0.0,0.0,0.0,0.0
10.42,8.445457727308908,-4.7028301049172745,5.697336821609654,-0.011047319706816319,-0.20696429314433248,0.014352982935900075,0.9781808268267193,-2.7309164413936315,-1.7073918522825393,2.556059031564282,-1.0068758401963511,0.9171928227037579,0.002651103393454257,8.137208968168649,-4.6244310145119165,5.69816285153038,-0.0626976949992739,-0.11484525089227943,0.007271286013582941,0.9913761626088131,-3.084476014020556,-1.7190580440935785,1.9748155825725404,0.04537621058405115,0.16435773044204693,-0.010594747645394325,0.0,0.0,0.0,0.0,nan,nan,0.0,0.0,0.0,0.0,0.0
10.44,8.374834520700318,-4.737771378245354,5.723100034485327,-0.021209139392366256,-0.1975085224236248,0.0121415629092995,0.9799964991908854,-2.8416554164620265,-1.7418446574862079,2.5109949645223466,-1.0350851168113668,1.0439170023103403,0.001338556779090616,8.071846537026968,-4.657232140031891,5.7274122685500455,-0.0622471196984045,-0.11316406727445044,0.007105570030045548,0.9915990625457974,-3.137447362168288,-1.6925875979504041,1.981879602510028,0.04562984843311956,0.17140110655779991,-0.010526661581211764,0.0,0.0,0.0,0.0,nan,nan,0.0,0.0,0.0,0.0,0.0
10.46,8.30644788588019,-4.770617734100929,5.747803858125292,-0.03096574759548747,-0.18730298835418732,0.009979567156792952,0.9817632715012345,-2.9480031954926265,-1.7705483175991787,2.4497658017540136,-1.0284595326160137,1.1560802483908175,-0.0001800393810486578,7.999450487964303,-4.686526936752611,5.755262004708028,-0.06179318104096831,-0.11143387899304914,0.006948123778980273,0.9918244889925598,-3.1860912154546863,-1.667393325976824,1.9832592571479188,0.045740762303918825,0.17357955615444765,-0.010392080505814008,0.0,0.0,0.0,0.0,nan,nan,0.0,0.0,0.0,0.0,0.0
10.48,8.233190803473747,-4.804728454974893,5.7741046101512605,-0.040937606328728275,-0.17564086763015016,0.0077172296938509645,0.9835724896376751,-3.0577891094034446,-1.7940453723432226,2.3830877421214067,-0.9776133070295656,1.2355744157740711,-0.001412936599771042,7.924908902137376,-4.714718472525372,5.782843041291486,-0.061338045286918434,-0.1096880816408806,0.0067932520766493185,0.9920483963358575,-3.2333794372708193,-1.6425988284504198,1.982858226947235,0.04580696644710381,0.17423401838632055,-0.01023666919659577,0.0,0.0,0.0,0.0,nan,nan,0.0,0.0,0.0,0.0,0.0
10.5,8.155016240759434,-4.839939589870547,5.801992769965514,-0.050727233435590026,-0.1625669866471587,0.00541325111122742,0.9853778053887963,-3.169625135625403,-1.8101927922580385,2.2951198766470595,-0.9009028565162418,1.291444760536185,-0.002693747923117551,7.850452293562349,-4.742904429921038,5.810658316430034,-0.060882705333811675,-0.1079419191286761,0.006638357759061215,0.9922690010739615,-3.2806676590869523,-1.6178043309240158,1.9824571967465512,0.045873170590288795,0.17488848061819345,-0.01008125788737753,0.0,0.0,0.0,0.0,nan,nan,0.0,0.0,0.0,0.0,0.0
10.52,8.079516605487509,-4.8728154496322595,5.828768283831215,-0.05918733756139726,-0.1499017926949193,0.003343988837506931,0.9869220482681991,-3.269152166276342,-1.816584109418584,2.2088711230499904,-0.8068995894815407,1.2892208598895143,-0.0029138185980180364,7.776081483907573,-4.771085065423063,5.838707536380564,-0.060427162697509626,-0.10619539726954452,0.006483441341871021,0.9924863024724617,-3.327955880903085,-1.5930098333976115,1.9820561665458674,0.04593937473347379,0.17554294285006633,-0.009925846578159292,0.0,0.0,0.0,0.0,nan,nan,0.0,0.0,0.0,0.0,0.0
10.54,8.00699556198544,-4.903404137565136,5.854267613968543,-0.06625373627315444,-0.1379310286108019,0.0015252580511143064,0.988222215579113,-3.3565820250252436,-1.8144563896763946,2.1165485801793578,-0.6970633962669314,1.259593187750936,-0.003262487325357999,7.701797293698873,-4.79926063558577,5.86699040428469,-0.05997141889454867,-0.10444852187779108,0.006328503340807371,0.9927002998079454,-3.3752441027192175,-1.5682153358712074,1.9816551363451833,0.04600557887665878,0.1761974050819392,-0.009770435268941053,0.0,0.0,0.0,0.0,nan,nan,0.0,0.0,0.0,0.0,0.0
10.56,7.926076096468395,-4.936426283435734,5.882475636812456,-0.07277328909283337,-0.12534432738458726,-0.0002597580500672343,0.9894406402169217,-3.4422920408874136,-1.8025217162777076,2.022586619855653,-0.5641700275850694,1.1740436411418849,-0.002704621704186727,7.627600542308621,-4.827431397030938,5.895506620172706,-0.05951547544213486,-0.1027012987688978,0.006173544271670739,0.9929109923679987,-3.4225323245353545,-1.5434208383448011,1.9812541061444993,0.04607178301984377,0.1768518673138122,-0.009615023959722802,0.0,0.0,0.0,0.0,nan,nan,0.0,0.0,0.0,0.0,0.0
10.58,7.848391830390886,-4.967072090280893,5.9092893546127065,-0.077631585558347,-0.11424681355790267,-0.0017186102875262948,0.9904130698320992,-3.5133560101895025,-1.7826480108565153,1.9353259186827088,-0.4248038441097375,1.0634311271188628,-0.0022596398310932853,7.553492047944843,-4.855597606444367,5.924255880967565,-0.05905933385813897,-0.10095373375950469,0.00601856465033178,0.9931183794512101,-3.4698205463514875,-1.518626340818397,1.9808530759438154,0.04613798716302876,0.1775063295456851,-0.009459612650504563,0.0,0.0,0.0,0.0,nan,nan,0.0,0.0,0.0,0.0,0.0
10.6,7.7701963172140776,-4.996884204769166,5.936119350180055,-0.08105669207417833,-0.10457897353903702,-0.0028900712427140885,0.9912036614398299,-3.5723528168739866,-1.7547789083546443,1.8692791035548646,-0.2803203711621362,0.9006176871737008,-0.0010540197255675676,7.479472627640293,-4.883759520572489,5.9532378804889365,-0.05860299566109129,-0.09920583266738957,0.005863564992729526,0.993322460367172,-3.5171087681676205,-1.4938318432919928,1.9804520457431316,0.046204191306213754,0.178160791777558,-0.009304201341286324,0.0,0.0,0.0,0.0,nan,nan,0.0,0.0,0.0,0.0,0.0
10.62,7.691575953767746,-5.025838088141386,5.962970718045865,-0.0830639928245847,-0.09647240257225366,-0.0037744903434179878,0.9918564421631902,-3.62074412201138,-1.720303569263381,1.8153519690525557,-0.1362532958206784,0.7358455137175522,-0.00025188025352637644,7.405543097241592,-4.911917396218922,5.982452309457267,-0.05814646237017668,-0.09745760131144919,0.005708545814869722,0.9935232344364835,-3.564396989983753,-1.4690373457655888,1.9800510155424476,0.04627039544939874,0.17881525400943088,-0.009148790032068086,0.0,0.0,0.0,0.0,nan,nan,0.0,0.0,0.0,0.0,0.0
10.64,7.616544511770994,-5.052514999288811,5.988618441325293,-0.08361066502995952,-0.09051984756943138,-0.004325844225342847,0.9923692362024292,-3.6563568455595368,-1.681793600601478,1.7906575352476164,0.0054764008429963595,0.5438947260425624,0.0007817825974800463,7.328931961599305,-4.938618195020276,6.01092611312801,-0.057688217764482845,-0.09568821071928905,0.005557672075215568,0.9937227722768573,-3.609534156402018,-1.444832834074753,1.9772625546642384,0.046336425281403235,0.17945705002778609,-0.008990540298329398,0.0,0.0,0.0,0.0,nan,nan,0.0,0.0,0.0,0.0,0.0
10.66,7.533285039819416,-5.081056003218782,6.017146264974126,-0.08272710253266323,-0.0858482441521227,-0.004631761913232907,0.9928569142953716,-3.686449352084011,-1.6341387685216882,1.7776527409817755,0.15391045113770238,0.3603124237261624,0.0011786113088858713,7.24714946611289,-4.962555117829117,6.037814325232414,-0.057226893030847936,-0.09387895719827491,0.005414680336912434,0.9939227864106192,-3.650590065051749,-1.4217477190657184,1.9699443545663362,0.0464021243879135,0.18007481408379922,-0.008826905142097245,0.0,0.0,0.0,0.0,nan,nan,0.0,0.0,0.0,0.0,0.0
10.68,7.453700430268308,-5.107310632781203,6.044589258746104,-0.08043702773732272,-0.08336696391011846,-0.004628294795184098,0.9932564687856219,-3.7060378368600895,-1.584123903976181,1.7910941099994866,0.29562506817692424,0.1606413436875908,0.0016925234162452445,7.165455136374566,-4.986484381444847,6.064975982455945,-0.05676536533224514,-0.09206937071947595,0.005271669394519012,0.9941192754271548,-3.6916459737014806,-1.3986626040566836,1.9626261544684338,0.046467823494423785,0.18069257813981238,-0.008663269985865094,0.0,0.0,0.0,0.0,nan,nan,0.0,0.0,0.0,0.0,0.0
10.7,7.365872393648316,-5.1351960684611315,6.074981609354787,-0.0764270108626566,-0.08263303848190649,-0.004335401329943663,0.9936356964487315,-3.720288457833768,-1.5254945529993105,1.812316451339955,0.42802727690337755,-0.01456786064287545,0.0017891548494030907,7.083849965483317,-5.010406280797616,6.092410770716099,-0.05630363630556141,-0.09025945770090034,0.005128639755248078,0.9943122386295822,-3.7327018823512113,-1.375577489047649,1.9553079543705314,0.04653352260093405,0.18131034219582548,-0.008499634829632943,0.0,0.0,0.0,0.0,nan,nan,0.0,0.0,0.0,0.0,0.0
10.72,7.293807631399792,-5.157283311705485,6.099932588873094,-0.07217949143151212,-0.08352799174817903,-0.0038957443250376114,0.9938802839312983,-3.726518550124362,-1.4755224563778926,1.840747242332128,0.5149948343034529,-0.16393147549671297,0.002381124644901672,7.00233494527325,-5.034321110922049,6.120118372055563,-0.05584170758839769,-0.08844922456171402,0.0049855919263787065,0.9945016753335245,-3.7737577910009463,-1.3524923740386123,1.947989754272628,0.04659922170744432,0.18192810625183867,-0.008335999673400776,0.0,0.0,0.0,0.0,nan,nan,0.0,0.0,0.0,0.0,0.0
10.74,7.217552578871314,-5.179953889658346,6.126184082886683,-0.06694628117029972,-0.08570904395156125,-0.0032741483466366284,0.9940630941620258,-3.7295874425689637,-1.4219443774007807,1.8702525592822452,0.587403884245234,-0.28564184258446607,0.0028742486713431437,6.920911066299554,-5.058229166953053,6.1480984646467025,-0.05537958081906331,-0.08663867772221895,0.004842526415254528,0.9946875848671118,-3.814813699650678,-1.329407259029578,1.9406715541747257,0.0466649208139546,0.1825458703078518,-0.008172364517168625,0.0,0.0,0.0,0.0,nan,nan,0.0,0.0,0.0,0.0,0.0
10.76,7.133035029382522,-5.204299446868538,6.155055778649195,-0.06054369387406699,-0.08955291432747432,-0.0024257840266221926,0.9941372401431281,-3.7282791934199984,-1.3624883084704251,1.9171615509797544,0.6360524366592496,-0.43231270942026356,0.004429330387505703,6.839579317824408,-5.0821307441216454,6.1763507227961485,-0.054917257636569884,-0.08482782360382912,0.00469944372928184,0.9948699665709844,-3.8558696083004085,-1.3063221440205433,1.933353354076823,0.04673061992046487,0.18316363436386493,-0.008008729360936474,0.0,0.0,0.0,0.0,nan,nan,0.0,0.0,0.0,0.0,0.0
10.78,7.052291071344959,-5.226854615901528,6.18235269521376,-0.054079138207271976,-0.09437862483750173,-0.0014986163354134166,0.994065327900345,-3.7241329495109197,-1.3066788041548454,1.9659022713416703,0.6616383449158049,-0.5291021684105102,0.005810576604102002,6.7583406878029715,-5.106026137750753,6.204874816949402,-0.054454739680625676,-0.08301666862904847,0.0045563443759278725,0.9950488197982941,-3.8969255169501396,-1.2832370290115085,1.9260351539789207,0.04679631902697514,0.18378139841987806,-0.007845094204704322,0.0,0.0,0.0,0.0,nan,nan,0.0,0.0,0.0,0.0,0.0
10.8,6.971250139476278,-5.248837433355765,6.209561727829747,-0.04753593606196888,-0.10019533870141238,-0.000492562885365127,0.9938314677383815,-3.716882523671787,-1.252345835906907,2.031619331554018,0.6541835819213473,-0.6247578950444723,0.007795757282489019,6.6771961628693575,-5.12991564325103,6.233670413695522,-0.05399202859162973,-0.08120521922144788,0.0044132288627189535,0.9952241439147075,-3.9379814255998746,-1.2601519140024722,1.9187169538810176,0.04686201813348542,0.18439916247589128,-0.007681459048472156,0.0,0.0,0.0,0.0,nan,nan,0.0,0.0,0.0,0.0,0.0
10.82,6.885780790311138,-5.271360617243085,6.238080815348606,-0.040859708304422156,-0.10700012684729207,0.0005985050448226001,0.9934188939634943,-3.7082036968735577,-1.1980759401640588,2.1042721283518224,0.6254183611602983,-0.6763946020972313,0.009745526213568473,6.596146728322661,-5.153799556116656,6.262737175771843,-0.05352912601066616,-0.07939348180564294,0.004270097697238765,0.9953959382984076,-3.979037334249606,-1.2370667989934374,1.9113987537831152,0.0469277172399957,0.1850169265319044,-0.007517823892240005,0.0,0.0,0.0,0.0,nan,nan,0.0,0.0,0.0,0.0,0.0
10.84,6.812145007742924,-5.290244267520868,6.262635410133205,-0.03545210524651754,-0.11328141223035958,0.0015343980522427858,0.99292905864382,-3.6996064755273252,-1.1541158394501747,2.1795967670422485,0.5865843342775507,-0.7185730636161612,0.011286443152563441,6.50896611482696,-5.174118597301227,6.288833334215977,-0.053061710890892254,-0.07752833958968738,0.004139199635663237,0.9955685202055023,-4.013807929212812,-1.2156013429191657,1.8982435245580516,0.0469926076585089,0.18560167387475102,-0.007346510122120254,0.0,0.0,0.0,0.0,nan,nan,0.0,0.0,0.0,0.0,0.0
10.86,6.725734367340563,-5.311836931901198,6.291428663955334,-0.02958993532640426,-0.12072631251108105,0.0025932203595650824,0.9922413357661646,-3.691024107893118,-1.106385843322351,2.262676990197423,0.5391884502147279,-0.7105624493316283,0.012377870805647756,6.421398077003103,-5.194156017199124,6.314988199219172,-0.05259376545637138,-0.07565883586242343,0.004009224583011739,0.9957376976439659,-4.048096903871452,-1.1942599953092223,1.8846410254135866,0.04705743611025659,0.18618389126917434,-0.007174607968262852,0.0,0.0,0.0,0.0,nan,nan,0.0,0.0,0.0,0.0,0.0
10.88,6.64702261128848,-5.331010556723021,6.317661836492896,-0.024814813530317222,-0.1273750818926351,0.003494025683611849,0.9915379999409112,-3.684945533203702,-1.0668933840362478,2.3393413171499637,0.47512509917472856,-0.6947433063145069,0.013377114586853506,6.333920668291178,-5.21418475847254,6.341451171385415,-0.05212562229392536,-0.07378904769337231,0.003879234457553575,0.9959031315750541,-4.082385878530095,-1.172918647699277,1.87103852626912,0.04712226456200429,0.18676610866359772,-0.007002705814405435,0.0,0.0,0.0,0.0,nan,nan,0.0,0.0,0.0,0.0,0.0
10.9,6.563598780745007,-5.350877934761025,6.345295893579411,-0.020446490128832352,-0.13389050005065511,0.004352596339522022,0.9907756203816798,-3.683356014803546,-1.0299523661625412,2.4000933268441873,0.407205672259496,-0.6255501417490632,0.013769282266108157,6.2465350432937266,-5.234205150221973,6.368221917841657,-0.051657283163553336,-0.07191898211206221,0.0037492297479907568,0.9960648213768128,-4.116674853188735,-1.1515773000893335,1.8574360271246548,0.04718709301375198,0.18734832605802107,-0.006830803660548034,0.0,0.0,0.0,0.0,nan,nan,0.0,0.0,0.0,0.0,0.0
10.92,6.475353248203762,-5.3714433112687345,6.37416548536708,-0.016654122607544956,-0.14004696121875213,0.005136432630236808,0.9899914675962623,-3.686958409980913,-0.9964337228994209,2.453853032744208,0.32373532173350483,-0.557269379783488,0.014103729587855246,6.159242355233011,-5.254217521673491,6.395300101086505,-0.05118874982599104,-0.07004864614906361,0.00361921094308009,0.9962227664413642,-4.150963827847375,-1.13023595247939,1.8438335279801894,0.04725192146549966,0.1879305434524444,-0.006658901506690631,0.0,0.0,0.0,0.0,nan,nan,0.0,0.0,0.0,0.0,0.0
10.94,6.3864345650373,-5.391752377931163,6.402683274166607,-0.013734963202609592,-0.1452386307970217,0.005781895699474604,0.9892844184521202,-3.697811775880644,-0.9686295641032484,2.4880183194021326,0.24057452983223643,-0.451497690102705,0.013963533803454706,6.072043755933707,-5.274222202173769,6.422685378995293,-0.05072002404270436,-0.06817804683596379,0.003489178531631386,0.9963769661749087,-4.185252802506015,-1.1088946048694464,1.8302310288357242,0.04731674991724735,0.18851276084686772,-0.00648699935283323,0.0,0.0,0.0,0.0,nan,nan,0.0,0.0,0.0,0.0,0.0
10.96,6.305372135991541,-5.409930880583399,6.428165279376479,-0.011881529331490105,-0.14912175563602947,0.006238527959463283,0.9887277744787349,-3.7127364527528015,-0.9482249877508133,2.5161541381566312,0.1566899367857994,-0.37534571631829183,0.013931377537224475,5.9849403958055625,-5.294219521185143,6.450377404825237,-0.05025110757588268,-0.06630719120533983,0.0033591330025055967,0.9965274199977274,-4.2195417771646575,-1.0875532572595008,1.8166285296912577,0.04738157836899505,0.18909497824129112,-0.006315097198975812,0.0,0.0,0.0,0.0,nan,nan,0.0,0.0,0.0,0.0,0.0
10.98,6.219391442306847,-5.428882533965407,6.454638157265782,-0.010795091524391986,-0.15227151030940309,0.006576081306708421,0.9882578652870518,-3.7344827830257157,-0.931769312044853,2.5358792374663857,0.06824804399313046,-0.2695000176813711,0.013537640890303008,5.897933423826135,-5.314209808280642,6.478375827220636,-0.04978200218843237,-0.06443608629073301,0.0032290748446130277,0.9966741273441846,-4.253830751823298,-1.0662119096495575,1.8030260305467924,0.047446406820742734,0.18967719563571445,-0.0061431950451184105,0.0,0.0,0.0,0.0,nan,nan,0.0,0.0,0.0,0.0,0.0
11.0,6.1239663316055895,-5.449517127874103,6.483535122802321,-0.010636979249915728,-0.1546980804497855,0.006772921231734265,0.9878813117554037,-3.763839474480312,-0.9191594477800441,2.5616990586489736,-0.03265768158969415,-0.17327565970189066,0.013139390635056737,5.811023987523463,-5.334193393139053,6.50668029021817,-0.04931270964396992,-0.06256473912662126,0.003099004546911424,0.9968170876627294,-4.288119726481938,-1.0448705620396137,1.7894235314023275,0.047511235272490425,0.19025941303013777,-0.005971292891261008,0.0,0.0,0.0,0.0,nan,nan,0.0,0.0,0.0,0.0,0.0
11.02,6.040802093554169,-5.46715882291555,6.508392848645551,-0.01133528850830272,-0.15582055837916753,0.006795772115584344,0.9876969587389602,-3.7945263867271652,-0.9125196385515426,2.5789345830692323,-0.10801678928402952,-0.07020741163356715,0.012137250388868117,5.721467233787611,-5.352395675371513,6.533171045609337,-0.04884074435651745,-0.060665576961999396,0.0029762488936777316,0.9969580790610465,-4.3186782014583205,-1.0244411880094193,1.7729699153063117,0.04757510524126363,0.19082149593323497,-0.005795100295895017,0.0,0.0,0.0,0.0,nan,nan,0.0,0.0,0.0,0.0,0.0
11.04,5.956885273960344,-5.484623657113563,6.53334833537035,-0.012696503857066572,-0.156077639428791,0.006694158822839663,0.9876405001303857,-3.829154138814267,-0.9089501213739574,2.5995792070844908,-0.1733175011381757,0.019156513026831832,0.010854094896125377,5.6293900483676556,-5.3689008943901095,6.557976354489125,-0.0483662219112141,-0.058739943839234386,0.0028604502479314693,0.9970968585850514,-4.345688283092507,-1.0048792690802215,1.7538043610598049,0.04763806351592211,0.19136442722098423,-0.005614826699220655,0.0,0.0,0.0,0.0,nan,nan,0.0,0.0,0.0,0.0,0.0
11.06,5.867738163703603,-5.502805809297456,6.55972893314528,-0.014735393668716339,-0.1552633717705908,0.006461451411125544,0.9877420732182653,-3.8714076348618462,-0.9079665860536199,2.6059619712099638,-0.23079953379883825,0.14279906525318115,0.008861689896913702,5.537402985099515,-5.385396808320741,6.58311991615474,-0.04789150765013918,-0.05681407775951699,0.0027446402579153835,0.9972316837190778,-4.372698364726697,-0.9853173501510221,1.734638806813296,0.047701021790580604,0.19190735850873358,-0.005434553102546278,0.0,0.0,0.0,0.0,nan,nan,0.0,0.0,0.0,0.0,0.0
11.08,5.782291760439321,-5.519873061130066,6.584872116669346,-0.017140471366101945,-0.1534495585682759,0.006132786917376868,0.9879887783477985,-3.9163761261357504,-0.9088387191304911,2.60160946503591,-0.27184059693665336,0.24584351307347985,0.006766791992238563,5.44550734820023,-5.4018837753839115,6.608601390096943,-0.04741660345596374,-0.054887986360646665,0.002628819382920745,0.9973625539284224,-4.399708446360883,-0.9657554312218244,1.7154732525667893,0.04776398006523909,0.19245028979648285,-0.005254279505871917,0.0,0.0,0.0,0.0,nan,nan,0.0,0.0,0.0,0.0,0.0
11.1,5.691621161766344,-5.537611293423356,6.611229564469442,-0.020011785159354957,-0.150378596423685,0.005690363663246522,0.9884095436375341,-3.9694626823123134,-0.9107947514640865,2.571467143425806,-0.3007288895460999,0.3713331100266214,0.0041531803079337265,5.353704440436462,-5.418362153942056,6.634420430446,-0.046941511212111986,-0.052961677281316004,0.0025129880822819654,0.9974894686940665,-4.426718527995069,-0.9461935122926267,1.696307698320282,0.047826938339897575,0.1929932210842321,-0.005074005909197555,0.0,0.0,0.0,0.0,nan,nan,0.0,0.0,0.0,0.0,0.0
11.12,5.6002705042712515,-5.555101633780396,6.637331224318734,-0.02313705366884362,-0.146236148825964,0.00516368623563696,0.9889656221874124,-4.0262799272886465,-0.9129285554255743,2.5288390042881206,-0.32309252653445786,0.4670140648682163,0.0018300019369154735,5.261995563103866,-5.434832302493856,6.660576685977157,-0.046466232802753936,-0.051035158161081,0.0023971468153748104,0.9976124275126785,-4.453728609629255,-0.926631593363429,1.677142144073775,0.04788989661455606,0.19353615237198138,-0.004893732312523194,0.0,0.0,0.0,0.0,nan,nan,0.0,0.0,0.0,0.0,0.0
11.14,5.503693392614508,-5.573182177085952,6.664327749092283,-0.026593629595932585,-0.14085083732956452,0.004535455642015761,0.9896632003518138,-4.088951014956632,-0.9146840322241873,2.465966241262284,-0.33459146355033526,0.5621616332286318,-0.0006062678094259089,5.170382016006427,-5.45129457966855,6.687069800116211,-0.045990770112797875,-0.04910843664033054,0.0022812960416145624,0.9977314298966155,-4.4807386912634435,-0.9070696744342296,1.6579765898272663,0.047952854889214545,0.1940790836597307,-0.004713458715848816,0.0,0.0,0.0,0.0,nan,nan,0.0,0.0,0.0,0.0,0.0
11.16,5.415767097598149,-5.589264273651425,6.688427480951917,-0.02977812940397891,-0.13535297736176571,0.003921941791999298,0.9903420888264244,-4.145337244615509,-0.9150541311959945,2.409768374519669,-0.33684779561671657,0.610301687592893,-0.002535975551543307,5.078865097435873,-5.467749344220242,6.713899410945172,-0.04551512502788308,-0.047181520360256676,0.0021654362204542397,0.9978464753739253,-4.507748772897631,-0.8875077555050319,1.6388110355807595,0.04801581316387303,0.19462201494747997,-0.0045331851191744545,0.0,0.0,0.0,0.0,nan,nan,0.0,0.0,0.0,0.0,0.0
11.18,5.318023359822663,-5.606704163864427,6.71475080969308,-0.03323558339816743,-0.12872813760281226,0.0032128680087920355,0.9911176217102857,-4.206705983023521,-0.9135729655304992,2.34191048679293,-0.32228458267022236,0.6563788400850703,-0.004868584329470377,4.987446104151031,-5.484196955022216,6.741065151207997,-0.04503929943437202,-0.045254416962823396,0.0020495678113827062,0.9979575634883492,-4.534758854531817,-0.8679458365758342,1.6196454813342525,0.048078771438531516,0.19516494623522923,-0.004352911522500093,0.0,0.0,0.0,0.0,nan,nan,0.0,0.0,0.0,0.0,0.0
11.2,5.224404502192126,-5.6229464149882125,6.73970219229961,-0.03636457515013393,-0.12224141223373867,0.002533105649209287,0.9918307507760693,-4.261457988645464,-0.9097832777375165,2.2877731669689974,-0.30692872235667856,0.6599193055080462,-0.006578757212986175,4.895742122922534,-5.500339124115653,6.768111959802782,-0.044562818580436425,-0.04332233741993323,0.0019351726783556774,0.9980649204271962,-4.561022765035849,-0.8485586385184534,1.6000229105054031,0.04814141155072552,0.1957034207600354,-0.004171832781153392,0.0,0.0,0.0,0.0,nan,nan,0.0,0.0,0.0,0.0,0.0
11.22,5.130307016271654,-5.638797553898725,6.764643446846017,-0.03928002438423417,-0.1156556422586026,0.0018574916488663844,0.9925106557729738,-4.312990057673744,-0.9036782684990883,2.2338076735993058,-0.27837613439826525,0.6636788495956624,-0.008439842433281594,4.800520781554158,-5.51366699708289,6.791237191806412,-0.044081677719976745,-0.04134501205442536,0.0018346889065045308,0.9981703409660236,-4.580275665428431,-0.8308131145348687,1.5761062203379472,0.048201062214299234,0.19620001962281775,-0.003983188915385695,0.0,0.0,0.0,0.0,nan,nan,0.0,0.0,0.0,0.0,0.0
11.24,5.035760361533968,-5.654218517935403,6.789751741768841,-0.04184740660823425,-0.10927386944400388,0.0012132482671727105,0.9931296713146486,-4.35945730827958,-0.8947559123810688,2.1916416926722735,-0.23989568033557085,0.6325119383355878,-0.010107276583914235,4.705387009086612,-5.526985562964887,6.8147253493327815,-0.043600353368537015,-0.03936751458937028,0.0017341974977193423,0.998271606598241,-4.599528565821011,-0.8130675905512856,1.5521895301704935,0.04826071287787294,0.19669661848560005,-0.0037945450496180136,0.0,0.0,0.0,0.0,nan,nan,0.0,0.0,0.0,0.0,0.0
11.26,4.940826568040356,-5.66919184308731,6.815000831599597,-0.04393974855954183,-0.10303603806583313,0.0006068603890290638,0.9937064481408423,-4.402628365933394,-0.8829571308486704,2.140922846682356,-0.1824571350559378,0.6233141994473475,-0.012345434569863936,4.610342241117647,-5.540295203573268,6.838576092584191,-0.04311884752964073,-0.03738985325614575,0.0016336988702978649,0.998368716902328,-4.6187814662135915,-0.7953220665677025,1.5282728400030399,0.04832036354144664,0.19719321734838235,-0.003605901183850333,0.0,0.0,0.0,0.0,nan,nan,0.0,0.0,0.0,0.0,0.0
11.28,4.8503502547133275,-5.682999237237692,6.8389986314532685,-0.0453684847592643,-0.09733495563889519,7.934367895833517e-05,0.994217079266899,-4.439934334974369,-0.8688372380241806,2.089786048461116,-0.12670958958116713,0.5930118447993179,-0.014198678210846222,4.515387911763091,-5.553596300868262,6.862789075725869,-0.04263716220756681,-0.03541203628681177,0.0015331934425679068,0.9984616714740606,-4.638034366606171,-0.7775765425841193,1.504356149835586,0.04838001420502034,0.19768981621116463,-0.0034172573180826517,0.0,0.0,0.0,0.0,nan,nan,0.0,0.0,0.0,0.0,0.0
11.3,4.754886037404765,-5.6971075882236155,6.864050638850875,-0.0462852543805976,-0.09148689641323812,-0.00043285290230014515,0.9947299310114087,-4.476398091645476,-0.8513675985430484,2.023195812953019,-0.061719737452337976,0.5824662520665456,-0.016511364235898468,4.420525453632958,-5.566889236952344,6.887363946891726,-0.04215529940734125,-0.033434071914076,0.0014326816328855735,0.9985504699265133,-4.657287266998754,-0.7598310186005347,1.4804394596681303,0.04843966486859405,0.198186415073947,-0.0032286134523149546,0.0,0.0,0.0,0.0,nan,nan,0.0,0.0,0.0,0.0,0.0
11.32,4.654468809899576,-5.711461766294031,6.889978062632128,-0.0465434329153904,-0.08571934724824912,-0.0009096504065962393,0.9952311665617803,-4.5098623600062355,-0.8301813213003534,1.9546303542464756,0.0022991377454516307,0.5289704184767499,-0.018198193164106875,4.3257562978076205,-5.580174394063872,6.912300348190194,-0.04167326113472894,-0.031455968371260204,0.0013321638596335633,0.9986351118900607,-4.676540167391334,-0.7420854946169515,1.4565227695006764,0.04849931553216776,0.19868301393672927,-0.0030399695865472734,0.0,0.0,0.0,0.0,nan,nan,0.0,0.0,0.0,0.0,0.0
11.34,4.5635070806120845,-5.724053836872569,6.913012560509109,-0.04628054023326666,-0.0809537979474378,-0.001289175462109996,0.9956419698969255,-4.535933274712996,-0.8093830205998197,1.892074798612732,0.045299310536483714,0.4790903739915501,-0.018995511761169974,4.231081873813936,-5.593452154570728,6.937597915710217,-0.041191049396225046,-0.029477733892264952,0.0012316405412193718,0.9987155970123786,-4.695793067783914,-0.7243399706333684,1.4326060793332225,0.04855896619574146,0.19917961279951157,-0.0028513257207795927,0.0,0.0,0.0,0.0,nan,nan,0.0,0.0,0.0,0.0,0.0
11.36,4.467678927564197,-5.736900319186641,6.936896821698558,-0.04558804383172624,-0.07669406955369638,-0.0016221617779662526,0.9960106016233238,-4.557385507935879,-0.7861824639794507,1.8421847847136323,0.08633439435497746,0.3859286139572504,-0.018925827088458455,4.136503609601481,-5.606722900963946,6.963256279527292,-0.04070866619904683,-0.02749937671153596,0.001131112096073583,0.9987919249584458,-4.7150459681764945,-0.7065944466497852,1.4086893891657688,0.048618616859315164,0.19967621166229388,-0.002662681855011912,0.0,0.0,0.0,0.0,nan,nan,0.0,0.0,0.0,0.0,0.0
11.38,4.366999997448641,-5.749937583358548,6.9616650486970455,-0.04447455777747727,-0.07308938213693163,-0.0019007042632112445,0.9963314424691431,-4.5744653547336185,-0.7609539301183382,1.8004027340810242,0.12038629748893666,0.3066704559827348,-0.018617543409277574,4.042022931518754,-5.619987015851347,6.989275063709631,-0.040226113551125216,-0.025520905064029552,0.0010305789426481146,0.9988640954105458,-4.734298868569077,-0.6888489226662006,1.384772698998313,0.048678267522888875,0.2001728105250762,-0.0024740379892442144,0.0,0.0,0.0,0.0,nan,nan,0.0,0.0,0.0,0.0,0.0
11.4,4.266273895181011,-5.76250141321183,6.986345790824676,-0.04302405969712404,-0.07054409749411752,-0.0020992325281338356,0.9965781724574905,-4.585164255605114,-0.7350138864251072,1.7824602458749552,0.150043697911761,0.1962668695704815,-0.017600216898899096,3.9458592157441035,-5.63137026543873,7.012087035318774,-0.039740041791985106,-0.02351166480842091,0.0009412557877428825,0.998932953072352,-4.747984717124606,-0.6723641978766733,1.3582393481521025,0.04873448705685034,0.2006315711474038,-0.002279856156118214,0.0,0.0,0.0,0.0,nan,nan,0.0,0.0,0.0,0.0,0.0
11.42,4.175112147780615,-5.773463809265741,7.008702962582473,-0.041470363433518745,-0.06906614578350656,-0.0022177756692547974,0.99674728890245,-4.590965898571717,-0.7113009772096124,1.7759793559894919,0.17483173073085545,0.12313273137713301,-0.016900344019601256,3.84894214282476,-5.641862520687762,7.033597498616088,-0.0392522203547858,-0.02148788532346809,0.0008572089704020572,0.9989978974824351,-4.75904924514401,-0.6564731371872912,1.3304739077593857,0.0487890909977155,0.20107251513003446,-0.0020830666972704403,0.0,0.0,0.0,0.0,nan,nan,0.0,0.0,0.0,0.0,0.0
11.44,4.083928173219224,-5.784046006711779,7.0311873004299255,-0.039660819814275224,-0.06835602954543994,-0.0022795090725181008,0.9968697389502957,-4.593270990129188,-0.6872896700642923,1.781135095923191,0.20311571593793057,0.040935399251066436,-0.016173969105941346,3.752109545031689,-5.652346402262018,7.055489111313913,-0.03876422836924823,-0.0194640124750545,0.0007731584285441438,0.9990585013117861,-4.770113773163416,-0.6405820764979092,1.3027084673666693,0.04884369493858067,0.20151345911266513,-0.0018862772384226668,0.0,0.0,0.0,0.0,nan,nan,0.0,0.0,0.0,0.0,0.0
11.46,3.9879347044108355,-5.794801587314692,7.054880292378459,-0.03747972070748516,-0.0681873826634504,-0.002297505437957299,0.9969656327326232,-4.594383501517541,-0.6620114830595798,1.7794539388738833,0.23054079624318408,0.0008948002593952634,-0.015857175932736993,3.6553629642357923,-5.662822309568945,7.077761536981783,-0.03827606795566567,-0.01744005505677553,0.0006891045273632587,0.9991147642970852,-4.781178301182823,-0.6246910158085257,1.2749430269739501,0.04889829887944584,0.20195440309529586,-0.0016894877795748755,0.0,0.0,0.0,0.0,nan,nan,0.0,0.0,0.0,0.0,0.0
11.48,3.8871449011284427,-5.8057099901589675,7.079591384058813,-0.03493571487394706,-0.0684738908343817,-0.002275806394090289,0.997038435972006,-4.594425048357124,-0.6357279624625808,1.7745440768146317,0.24928167383396177,-0.04456080881463803,-0.015009075006440158,3.5587039408130474,-5.673290642154576,7.100414432570806,-0.037787741235063406,-0.015416021862594578,0.0006050476320681383,0.9991666861938737,-4.7922428292022285,-0.6087999551191436,1.2471775865812336,0.048952902820311006,0.20239534707792653,-0.001492698320727102,0.0,0.0,0.0,0.0,nan,nan,0.0,0.0,0.0,0.0,0.0
11.5,3.7911704366081715,-5.815772527974505,7.102743014625961,-0.032409507840826454,-0.0690086011846497,-0.002229188134291026,0.9970869909312403,-4.5946410850240875,-0.6115682627893927,1.7599729213658022,0.2537214762564126,-0.05969164554802754,-0.013945060944713268,3.462134013617683,-5.683751799696595,7.123447448419632,-0.037299250329189154,-0.013391921686803721,0.0005209881078805039,0.999214266776554,-4.803307357221635,-0.5929088944297616,1.2194121461885168,0.04900750676117617,0.2028362910605572,-0.0012959088618793285,0.0,0.0,0.0,0.0,nan,nan,0.0,0.0,0.0,0.0,0.0
11.52,3.6952134806461547,-5.825544796639299,7.125432910924,-0.029900712203532444,-0.06980840364909528,-0.0021602777565207535,0.9971098572322417,-4.594132310577611,-0.5885254952981198,1.7483102717387606,0.24663424904668022,-0.09123605252244964,-0.012176185454221305,3.365654719955467,-5.6942061819973855,7.146860228260527,-0.03681059736050406,-0.011367763323986257,0.0004369263200335084,0.9992575058383918,-4.81437188524104,-0.5770178337403796,1.1916467057958002,0.049062110702041334,0.20327723504318787,-0.0010991194030315547,0.0,0.0,0.0,0.0,nan,nan,0.0,0.0,0.0,0.0,0.0
11.54,3.604067708327982,-5.8345805719455015,7.146525405602823,-0.027660433595209418,-0.07073494200779824,-0.0020816011028162293,0.9971093898511474,-4.593597506308841,-0.5680738988713037,1.7366999513413168,0.22463339614870262,-0.10213362936719461,-0.010062570188512324,3.269267595556985,-5.704654188977081,7.170652409225565,-0.03632178445217339,-0.009343555568978305,0.0003528626337701387,0.999296403191516,-4.825436413260446,-0.5611267730509976,1.1638812654030835,0.0491167146429065,0.20371817902581857,-0.000902329944183781,0.0,0.0,0.0,0.0,nan,nan,0.0,0.0,0.0,0.0,0.0
11.56,3.5033263439487086,-5.844298092317381,7.169445212073394,-0.02546334168190727,-0.0719954497982566,-0.001981867712391188,0.9970779034955631,-4.59186516101022,-0.5471783249249734,1.7363988498255727,0.19547412540968856,-0.1295227027325025,-0.007416164356013392,3.172974174550937,-5.715096220666617,7.194823621852939,-0.03583281372805734,-0.007319307216830404,0.0002687974143416236,0.9993309586669203,-4.836500941279852,-0.545235712361614,1.1361158250103645,0.04917131858377167,0.20415912300844927,-0.0007055404853359899,0.0,0.0,0.0,0.0,nan,nan,0.0,0.0,0.0,0.0,0.0
11.58,3.407363803847518,-5.853301065844989,7.190996833809136,-0.023681156849971782,-0.07327523906650896,-0.0018831606175108652,0.9970287838653814,-4.590268325413568,-0.5290063437517916,1.7401681447093245,0.16289028917417553,-0.1254350977493895,-0.005226533883106781,3.076453936421617,-5.724895759070377,7.2178682681841195,-0.03534243656915894,-0.005284659918533427,0.00018935745321598449,0.9993612703575496,-4.845310144684859,-0.529843623691714,1.1075966911667048,0.04922408289833894,0.2045825427516432,-0.0005067451052385022,0.0,0.0,0.0,0.0,nan,nan,0.0,0.0,0.0,0.0,0.0
11.6,3.316159007697587,-5.861629994806528,7.211411046802603,-0.022280346336489808,-0.07456964125881477,-0.001789159657928839,0.9969652720518285,-4.588065711124313,-0.5131329620184364,1.7563445124999963,0.13462017815966015,-0.14103790745179184,-0.003266507201715202,2.979117590376439,-5.732908727213788,7.237094677902857,-0.03484840729989261,-0.0032210204758341982,0.00012284417620589695,0.9993874115902518,-4.847817340182283,-0.5158458024334146,1.07697152697273,0.04927170678238802,0.2049569948673836,-0.0003023446200058255,0.0,0.0,0.0,0.0,nan,nan,0.0,0.0,0.0,0.0,0.0
11.62,3.2152891324011432,-5.870590935755376,7.23399721880186,-0.021057687971180378,-0.07595613643325923,-0.0016904737265464203,0.9968873464007958,-4.586451781389145,-0.497166317167445,1.7726134958385482,0.1008820808073771,-0.12190854620864529,-0.0013937917891906973,2.8818590833986866,-5.740914288026427,7.256714070531083,-0.03435422094167115,-0.001157366513483135,5.633034544128286e-05,0.9994090478043195,-4.850324535679707,-0.5018479811751152,1.0463463627787553,0.049319330666437095,0.20533144698312403,-9.794413477314884e-05,0.0,0.0,0.0,0.0,nan,nan,0.0,0.0,0.0,0.0,0.0
11.64,3.1239550814862977,-5.878486121368912,7.2544784560651925,-0.02023953284490467,-0.07706851998879001,-0.001610072744428275,0.9968190468699498,-4.5859378773954855,-0.48402325026157367,1.7856683557229114,0.07417803935078895,-0.10703216848537847,8.28319500079111e-05,2.7846800360581474,-5.748912851608162,7.276726129125408,-0.03385987972217789,0.0009062926660217928,-1.0183739248144477e-05,0.9994261789022211,-4.852831731177131,-0.4878501599168146,1.0157211985847776,0.049366954550486175,0.20570589909886444,0.00010645635045954615,0.0,0.0,0.0,0.0,nan,nan,0.0,0.0,0.0,0.0,0.0
11.66,3.0277459079245586,-5.886595100620173,7.275917235715577,-0.01962187326371502,-0.07785744948309979,-0.0015403206983960695,0.9967701977194923,-4.588138675127602,-0.4713896435655231,1.7824507065390065,0.05250716709520669,-0.05133690624036306,0.0009446393497293433,2.6875820674918875,-5.756904828185026,7.297130529662235,-0.03336538586979443,0.0029699477601585356,-7.669777803150927e-05,0.9994388048067337,-4.8553389266745555,-0.4738523386585152,0.9850960343908031,0.049414578434535256,0.20608035121460488,0.0003108568356922227,0.0,0.0,0.0,0.0,nan,nan,0.0,0.0,0.0,0.0,0.0
11.68,2.931476025902038,-5.894511484112229,7.297053308032818,-0.019194489712015674,-0.0781534890728309,-0.0014882024250521854,0.9967554308675626,-4.592732649793974,-0.45969668558392307,1.7684914344519274,0.0343786403823236,-0.00682994572048677,0.0015511459577602959,2.5905667953750093,-5.764890628101827,7.317926941043618,-0.03287074161359025,0.005033589466424024,-0.00014321147107816055,0.9994469254609425,-4.8578461221719795,-0.4598545174002158,0.9544708701968283,0.04946220231858433,0.20645480333034527,0.0005152573209248996,0.0,0.0,0.0,0.0,nan,nan,0.0,0.0,0.0,0.0,0.0
11.7,2.8351575528350033,-5.902247538193749,7.317717078872718,-0.018958126242042184,-0.07789949513274086,-0.0014564887538096307,0.9967798837998112,-4.599979606857671,-0.44891969159649947,1.740172281074218,0.013218007271973253,0.05391775425615595,0.002072071519174252,2.4936358358915154,-5.772870661814743,7.3391150251032204,-0.032375949183312824,0.007097208482375344,-0.00020972451855899975,0.999450540828241,-4.8603533176694045,-0.4458566961419164,0.9238457060028534,0.0495098262026334,0.20682925544608569,0.0007196578061575762,0.0,0.0,0.0,0.0,nan,nan,0.0,0.0,0.0,0.0,0.0
11.72,2.7387954947274795,-5.909808000510668,7.33787386461684,-0.018963021789683374,-0.07717603320096282,-0.0014454694418234797,0.9968360819723876,-4.608340548208103,-0.4390243601966071,1.7107783454332663,-0.012649235522502253,0.09096186740040507,0.00287673815431005,2.3967908037051497,-5.780845339883923,7.360694436612417,-0.03188101080937759,0.009160795505672049,-0.0002762366206478445,0.9994496508923324,-4.8628605131668285,-0.4318588748836158,0.8932205418088759,0.049557450086682484,0.20720370756182613,0.0009240582913902712,0.0,0.0,0.0,0.0,nan,nan,0.0,0.0,0.0,0.0,0.0
11.74,2.6327505647255034,-5.9179216505895225,7.359493842653285,-0.01924951013400488,-0.0758588167786216,-0.0014576509334757678,0.9969316784666363,-4.618719463850189,-0.4290167850106117,1.6750367712512984,-0.037697722966252026,0.14493448479634619,0.00344681102373291,2.300033311930319,-5.788815072966083,7.382664823286516,-0.03138592872285794,0.011224341234117361,-0.000342747477522756,0.9994442556572279,-4.865367708664253,-0.41786105362531645,0.8625953776149012,0.049605073970731564,0.20757815967756651,0.0011284587766229477,0.0,0.0,0.0,0.0,nan,nan,0.0,0.0,0.0,0.0,0.0
11.76,2.545945760367837,-5.924394541958705,7.376905968377803,-0.01969369947241946,-0.07447424475715361,-0.0014842066808230274,0.9970273527839999,-4.626868795539517,-0.4213232640941545,1.6535493451347798,-0.05983002494338351,0.1660959286754336,0.004026790427650275,2.2033649721029533,-5.796780271807106,7.405025825791118,-0.030890705155475005,0.013287836365701204,-0.00040925678936742677,0.9994343551472483,-4.867874904161677,-0.40386323236701704,0.8319702134209265,0.049652697854780645,0.20795261179330693,0.0013328592618556245,0.0,0.0,0.0,0.0,nan,nan,0.0,0.0,0.0,0.0,0.0
11.78,2.449454037815763,-5.9314038930504,7.39608492638005,-0.020389269111167018,-0.07259210083467368,-0.0015323741753945329,0.997152102956669,-4.636096293153935,-0.41317860136669826,1.6302292021628968,-0.07721265117967822,0.20804059199764013,0.004115015887592064,2.1069440756914437,-5.802975600407558,7.422611862370487,-0.03039162037233028,0.015378780279880976,-0.00046005270865317024,0.9994196470350943,-4.862885609723339,-0.3915024107113806,0.7998265259355841,0.049692685392547856,0.20826079179677384,0.0015429396740698782,0.0,0.0,0.0,0.0,nan,nan,0.0,0.0,0.0,0.0,0.0
11.8,2.3480888553665835,-5.9385412696468185,7.4162588273809185,-0.021241707113176533,-0.07034840061920844,-0.0015983717870515484,0.9972950103238598,-4.644743521623925,-0.40464110494436256,1.6163734849836837,-0.08358322561964385,0.2223138988207935,0.0037798130573533442,2.0106223585541887,-5.808846570161355,7.439663515935217,-0.029891723638358358,0.017474612945631362,-0.0005080135752658359,0.9994002524927316,-4.856544637710623,-0.37943675328208687,0.7674090364580134,0.04973129603551394,0.20855702240409216,0.0017540442229122106,0.0,0.0,0.0,0.0,nan,nan,0.0,0.0,0.0,0.0,0.0
11.82,2.2563467244372135,-5.944794590940735,7.43459896483645,-0.022039378785448437,-0.0680752457585564,-0.0016707548878012826,0.9974353288688789,-4.6527708334814895,-0.39678460908326707,1.5968996733570506,-0.08438895299056819,0.25705802247669013,0.0030703079161432736,1.9143714586324765,-5.81471178526069,7.457112409410401,-0.02939168805470867,0.019570364440271906,-0.0005559720821108873,0.9993762156485482,-4.85020366569791,-0.3673710958527942,0.7349915469804454,0.04976990667848001,0.20885325301141044,0.0019651487717545243,0.0,0.0,0.0,0.0,nan,nan,0.0,0.0,0.0,0.0,0.0
11.84,2.1549422280394253,-5.951479827222285,7.45485206600107,-0.02289297409226518,-0.0652319025204365,-0.001764700370048607,0.9976059324519773,-4.661945996772069,-0.3877840515847024,1.5653177357205181,-0.07848037996385678,0.28797662096451804,0.002123240255729811,1.8181930396645116,-5.820571659297788,7.474958248379226,-0.0288915159440903,0.02166602502885329,-0.0006039280064168581,0.9993475366141974,-4.843862693685195,-0.3553054384235016,0.7025740575028776,0.04980851732144609,0.2091494836187287,0.0021762533205968377,0.0,0.0,0.0,0.0,nan,nan,0.0,0.0,0.0,0.0,0.0
11.86,2.0632230895131447,-5.957329331473989,7.472951101889709,-0.023594388783848647,-0.06224619101334232,-0.0018651352488831359,0.9977801550405534,-4.671166565091052,-0.379284627308698,1.5200726819455872,-0.07042755990305348,0.3403701217145125,0.0009260753970685778,1.722088764041788,-5.826426605964115,7.493200731049501,-0.028391209629846564,0.023761584976848295,-0.0006518811254242745,0.9993142155228958,-4.837521721672481,-0.34323978099420893,0.6701565680253097,0.049847127964412166,0.20944571422604702,0.002387357869439151,0.0,0.0,0.0,0.0,nan,nan,0.0,0.0,0.0,0.0,0.0
11.88,1.9619156887854496,-5.963580108547853,7.492510668366723,-0.024248076320872274,-0.05849917111309169,-0.0019925294295330127,0.9979909356303247,-4.6813312680570744,-0.3693641881332585,1.4597081544240385,-0.055530083814279756,0.3728220887886323,-0.00039408228398044726,1.626060292778181,-5.832277039042688,7.511839548259258,-0.027890771435944133,0.025857034550197364,-0.000699831216386697,0.9992762525294225,-4.831180749659766,-0.33117412356491516,0.637739078547739,0.04988573860737825,0.20974194483336533,0.0025984624182814834,0.0,0.0,0.0,0.0,nan,nan,0.0,0.0,0.0,0.0,0.0
11.9,1.8655286539346865,-5.969326433634448,7.510595064476587,-0.024734257780379097,-0.05467468038267158,-0.0021242281427882297,0.9981955637408452,-4.690079372670766,-0.35942036927647725,1.3955566445838965,-0.044558430654365364,0.39247924668051404,-0.0014980220185956995,1.530109285479124,-5.8381233724003865,7.530874383482507,-0.0273902036869624,0.02795236401535309,-0.00074777805657174,0.9992336478101195,-4.8248397776470515,-0.31910846613562255,0.6053215890701711,0.04992434925034433,0.2100381754406836,0.002809566967123797,0.0,0.0,0.0,0.0,nan,nan,0.0,0.0,0.0,0.0,0.0
11.92,1.774072454353636,-5.9745961692793905,7.5272925156527375,-0.02510003177085404,-0.05096651920062954,-0.0022550590863191777,0.9983823501215309,-4.696436850783051,-0.349609527818463,1.3374400456483964,-0.03455011480649819,0.3920586263919821,-0.002332408922552303,1.4342374003107177,-5.843966019980266,7.550304912835113,-0.026889508708082394,0.030047563639326532,-0.0007957214232621295,0.9991864015628891,-4.818498805634337,-0.3070428087063299,0.5729040995926031,0.049962959893310406,0.21033440604800188,0.0030206715159661105,0.0,0.0,0.0,0.0,nan,nan,0.0,0.0,0.0,0.0,0.0
11.94,1.6779443504375524,-5.979940146893097,7.544405079220204,-0.02536576783179038,-0.04698476040608523,-0.00239742200309003,0.998570609661443,-4.701213801321474,-0.33891455786135194,1.2779145546944821,-0.021836034828276472,0.4037249818905943,-0.003242303976942449,1.3384462939689552,-5.849805395793867,7.570130805080809,-0.02638868882507623,0.03214262368973167,-0.0008436610937567227,0.9991345140071943,-4.812157833621622,-0.2949771512770372,0.5404866101150353,0.05000157053627648,0.21063063665532017,0.003231776064808424,0.0,0.0,0.0,0.0,nan,nan,0.0,0.0,0.0,0.0,0.0
11.96,1.5819848396095129,-5.985065237432424,7.561223257626243,-0.025541802386706544,-0.04303846651264521,-0.002541431277121422,0.9987436347021902,-4.702987478637105,-0.32794820666486424,1.2312977459923056,-0.015379652616262719,0.3892686925667859,-0.003730421722630741,1.2434363345547876,-5.854885421606634,7.58759071803462,-0.025886083911426487,0.034248070104802956,-0.000883226293988899,0.9990776747906746,-4.801919038984142,-0.28376063135632773,0.5077848139509757,0.05003541644637242,0.21088794704246092,0.003445200400613201,0.0,0.0,0.0,0.0,nan,nan,0.0,0.0,0.0,0.0,0.0
11.98,1.486219943499945,-5.98996255984155,7.577905534013297,-0.025602605945300325,-0.03921580918483788,-0.0026836217349772893,0.9988991065433845,-4.702226538165196,-0.31670666903626254,1.1912968995472086,0.0001993488522863292,0.3726944718293653,-0.004478957013149449,1.1494149211039582,-5.85896225744012,7.601798817743898,-0.02538116132982115,0.03636726849484912,-0.0009117329596055367,0.9990157091731758,-4.786532679254933,-0.2736655043305891,0.47470755504384393,0.050062969927347045,0.2110938583829966,0.0036616883069129974,0.0,0.0,0.0,0.0,nan,nan,0.0,0.0,0.0,0.0,0.0
12.0,1.3906773751652302,-5.994623759090489,7.594617998313443,-0.025551380366846222,-0.035758414531165725,-0.002817357621816182,0.9990297919719896,-4.698326604429477,-0.3052825890041362,1.1627643594314643,0.007694997440556273,0.32509046464570657,-0.004855537710430385,1.0554537126969272,-5.863034679270557,7.616400994642544,-0.024876118172445484,0.0384862941185133,-0.0009402352939426672,0.9989489976306527,-4.771146319525727,-0.26357037730485056,0.4416302961367121,0.050090523408321666,0.2112997697235323,0.003878176213212794,0.0,0.0,0.0,0.0,nan,nan,0.0,0.0,0.0,0.0,0.0
12.02,1.2906258851936165,-5.999266832672195,7.6121802234350335,-0.025368701216245834,-0.03246005906550168,-0.0029507003553303855,0.9991466693791647,-4.692500466119687,-0.2931683300500612,1.1279192746606173,0.026335160749312515,0.3082575903862192,-0.005671141669841947,0.9615543791010692,-5.867103096293861,7.631396994383544,-0.02437095683855801,0.04060513690915024,-0.0009687331615970724,0.998877540480025,-4.755759959796518,-0.25347525027911194,0.4085530372295803,0.050118076889296294,0.21150568106406797,0.00409466411951259,0.0,0.0,0.0,0.0,nan,nan,0.0,0.0,0.0,0.0,0.0
12.04,1.195618048681789,-6.003461236937001,7.628752351251727,-0.02497630588091576,-0.029460289094924937,-0.00307629280336174,0.9992491240594482,-4.685820082256705,-0.28143857481243006,1.0875817638173795,0.04895479400524727,0.2981206776460007,-0.006651696269872748,0.8677185889079899,-5.871167917782047,7.646786555136321,-0.023865679727978675,0.042723786800983286,-0.000997226427186754,0.998801338060757,-4.74037360006731,-0.2433801232533733,0.37547577832244844,0.050145630370270915,0.21171159240460363,0.004311152025812387,0.0,0.0,0.0,0.0,nan,nan,0.0,0.0,0.0,0.0,0.0
12.06,1.09617378356205,-6.007644139893987,7.645747753121739,-0.024306748878585978,-0.026292940945746236,-0.003212153008626491,0.9993535637042709,-4.678236733518931,-0.26903869455342655,1.032936245312332,0.07496271473870801,0.30475514069782067,-0.00771023953202514,0.7739480095018109,-5.875229553075452,7.6625694075917,-0.02336028924107737,0.044842233729152324,-0.0010257149553515783,0.9987203907348561,-4.7249872403381,-0.23328499622763377,0.34239851941531374,0.05017318385124554,0.21191750374513935,0.0045276399321122025,0.0,0.0,0.0,0.0,nan,nan,0.0,0.0,0.0,0.0,0.0
12.08,1.0064940106108922,-6.011246758246295,7.660617791341733,-0.02349011376907651,-0.023425664197359045,-0.0033373357467145898,0.9994440029347028,-4.670358357896442,-0.25789366110155804,0.9784356802083837,0.09271274495991642,0.30336308216183655,-0.008332572494820025,0.6802443070275176,-5.8792884115749615,7.678745274967019,-0.022854787778762736,0.04696046762976088,-0.0010541986107539098,0.9986346988868706,-4.709600880608892,-0.22318986920189515,0.30932126050818187,0.05020073733222016,0.212123415085675,0.004744127838411999,0.0,0.0,0.0,0.0,nan,nan,0.0,0.0,0.0,0.0,0.0
12.1,0.9124121604615678,-6.014863567143297,7.675669627149409,-0.022495319097400664,-0.020392732809180403,-0.003470361185394673,0.9995329177473459,-4.660744302072985,-0.2464712763193774,0.9198248684747051,0.10225581153838799,0.30064710444250226,-0.008486274831560498,0.5866091463592508,-5.883344902734225,7.695313873011408,-0.022349177742470482,0.04907847843992507,-0.0010826772580792695,0.9985442629238885,-4.694214520879683,-0.2130947421761566,0.2762440016010501,0.05022829081319479,0.2123293264262107,0.0049606157447117955,0.0,0.0,0.0,0.0,nan,nan,0.0,0.0,0.0,0.0,0.0
12.12,0.8233566468351387,-6.018135969281766,7.689485977020113,-0.021497274124831916,-0.017717153427811213,-0.003589338854561718,0.9996054653343008,-4.649320288174897,-0.23600888224478186,0.8739999162061051,0.10462103683845723,0.26953778170114656,-0.008089043134005512,0.4930441910687009,-5.887399436051877,7.712274910011169,-0.02184346153415216,0.05119625609782064,-0.0011111507620369676,0.9984490832755352,-4.678828161150475,-0.20299961515041792,0.24316674269391825,0.05025584429416942,0.2125352377667464,0.005177103651011592,0.0,0.0,0.0,0.0,nan,nan,0.0,0.0,0.0,0.0,0.0
12.14,0.7253155179104169,-6.02157028959779,7.704343983615715,-0.02041345293158648,-0.015004067531620187,-0.003709954886723695,0.9996721488226302,-4.634560836427745,-0.2249978556129844,0.8321996937339484,0.09930848736642309,0.24846909204313405,-0.007366362700511747,0.39959602053729276,-5.891431538777113,7.729531284670614,-0.02133759570523587,0.05331401357778644,-0.0011393248079083122,0.998349149799172,-4.663308426763507,-0.19293379776317152,0.21009707095683577,0.05028320761474545,0.21273965441061674,0.005393644529501508,0.0,0.0,0.0,0.0,nan,nan,0.0,0.0,0.0,0.0,0.0
12.16,0.6369870458894443,-6.024511426118606,7.717620669189607,-0.01948274698424451,-0.012842755825106163,-0.0038062674631669357,0.9997204601891289,-4.618879936818454,-0.21548749344484852,0.8094056231002498,0.09554175417841025,0.21463327057469686,-0.00657335759194143,0.3092390852514139,-5.8940518662288826,7.740641606770617,-0.02082853316888618,0.05544656920226649,-0.0011476383967963576,0.9982437242957458,-4.6387868516232285,-0.18484617250541102,0.17753947923350274,0.05029773646095883,0.21284318966081006,0.005613760654051277,0.0,0.0,0.0,0.0,nan,nan,0.0,0.0,0.0,0.0,0.0
12.18,0.5444158289201635,-6.02743896030323,7.731573820138772,-0.018539853463876516,-0.010815352615461321,-0.0038951286150918875,0.9997620366639318,-4.600896841240119,-0.20590325835792284,0.792037619170211,0.09126577001072811,0.19028139225981355,-0.005690039886423942,0.21892995909830515,-5.89666902986036,7.752134792376218,-0.020319370278126556,0.057578857678422184,-0.0011559464562228134,0.99813348913246,-4.614265276482952,-0.17675854724765053,0.14498188751016974,0.05031226530717221,0.21294672491100333,0.005833876778601046,0.0,0.0,0.0,0.0,nan,nan,0.0,0.0,0.0,0.0,0.0
12.2,0.4522779010343948,-6.030199470835986,7.745570889330395,-0.017627328494641062,-0.00913233060558978,-0.003968836892958928,0.9997950420769097,-4.581683553943607,-0.19671278002676834,0.7774472060305697,0.09134383915496598,0.15321350966835873,-0.004847013597805454,0.12867027610989312,-5.899283426410229,7.764010636973055,-0.019810109486165836,0.05971086873262791,-0.0011642489461584373,0.998018444840441,-4.589743701342674,-0.16867092198989003,0.11242429578683674,0.05032679415338559,0.21305026016119666,0.006053992903150814,0.0,0.0,0.0,0.0,nan,nan,0.0,0.0,0.0,0.0,0.0
12.22,0.36057708609775957,-6.032806520874695,7.759466644724963,-0.016682868532181885,-0.007648017239951787,-0.004031921388965341,0.9998234510851146,-4.562409283798552,-0.1878758970691821,0.7534252302042925,0.09596938658271188,0.14790722384118812,-0.004278002358411244,0.038461669365205786,-5.901895452670503,7.7762689286719935,-0.019300753246684496,0.06184259209259489,-0.0011725458266008224,0.9978985919739862,-4.565222126202395,-0.16058329673212882,0.07986670406350085,0.05034132299959897,0.21315379541138996,0.006274109027700601,0.0,0.0,0.0,0.0,nan,nan,0.0,0.0,0.0,0.0,0.0
12.24,0.2693106283147906,-6.0352760944045585,7.773043418504425,-0.01569736056974943,-0.0061887587551524926,-0.004088607409937552,0.9998492763540219,-4.543252974748105,-0.17943267443113298,0.7195601114060943,0.09956353450193202,0.14875022868643029,-0.003705455922849891,-0.05169422904107035,-5.904505505478878,7.788909448213197,-0.018791304013823035,0.06397401748741995,-0.0011808370575745865,0.9977739311105611,-4.540700551062116,-0.1524956714743683,0.04730911234016786,0.050355851845812344,0.21325733066158326,0.00649422515225037,0.0,0.0,0.0,0.0,nan,nan,0.0,0.0,0.0,0.0,0.0
12.26,0.17847411117059475,-6.037623427255201,7.786088819895663,-0.014680970546516087,-0.004585290780943228,-0.004141799709490074,0.9998731368065815,-4.524447188066066,-0.17143787491377138,0.6744502871465377,0.10186421086706052,0.1715140213368306,-0.0031692672603721656,-0.14179578803009263,-5.907113981711081,7.801931968970354,-0.018281764242169866,0.06610513464763605,-0.0011891225991315691,0.9976444628507972,-4.5161789759218385,-0.1444080462166078,0.014751520616834865,0.05037038069202572,0.21336086591177655,0.006714341276800138,0.0,0.0,0.0,0.0,nan,nan,0.0,0.0,0.0,0.0,0.0
12.28,0.08806944840816831,-6.0398599301172045,7.798492496558126,-0.013659246390726411,-0.002882262426944231,-0.004190403345582173,0.9998937733935246,-4.50517083648108,-0.1639266522384353,0.6267223181381633,0.10022879822475561,0.17181563041234066,-0.002462951482937646,-0.23184137757026402,-5.909721278273223,7.815336256955057,-0.01777213638674968,0.06823593330526119,-0.0011974024113510224,0.9975101878184883,-4.491657400781561,-0.13632042095884728,-0.017806071106498178,0.0503849095382391,0.21346440116196985,0.006934457401349906,0.0,0.0,0.0,0.0,nan,nan,0.0,0.0,0.0,0.0,0.0
12.3,-0.0018953181534056406,-6.0419938267727815,7.810242284740827,-0.012714372276965898,-0.0010886105738180918,-0.004230718120423072,0.9999096262606971,-4.485218335125625,-0.15696700874210018,0.5796051505810721,0.08595687204209805,0.18759728499358497,-0.0012298139446280248,-0.32182936870866585,-5.912327792094155,7.829122070821293,-0.01726242290301151,0.070366403193848,-0.0012056764543398031,0.9973711066605878,-4.467135825641281,-0.1282327957010861,-0.05036366282983405,0.050399438384452475,0.21356793641216315,0.0071545735258996945,0.0,0.0,0.0,0.0,nan,nan,0.0,0.0,0.0,0.0,0.0
12.32,-0.09140179660341205,-6.044028880904535,7.8214730384351405,-0.01195216493067002,0.0007778937392090102,-0.0042587579301610065,0.9999191985434088,-4.463879864979282,-0.15053440448061162,0.5420475516832424,0.06571299012996895,0.18887161742646677,0.00010425219023853238,-0.4117581336024172,-5.914933920117808,7.843289161870112,-0.016752626246817105,0.07249653404853273,-0.0012139446882325627,0.9972272200472059,-4.442614250501004,-0.12014517044332558,-0.08292125455316705,0.05041396723066586,0.21367147166235645,0.007374689650449463,0.0,0.0,0.0,0.0,nan,nan,0.0,0.0,0.0,0.0,0.0
12.34,-0.18042825322751113,-6.045966834300668,7.83235353755019,-0.011390211513929325,0.0027407244450698472,-0.004274888801214967,0.9999222353947939,-4.441410434018422,-0.14452693408648304,0.5115239131524583,0.04729687306224901,0.20309662024398203,0.0013122826244029583,-0.4989133471861192,-5.916877389523673,7.853786818725252,-0.016241405998643883,0.07462929668710072,-0.001209841164887584,0.9970783425045053,-4.412644180051616,-0.11327931091169953,-0.11444803132728743,0.0504196236998329,0.21370669929392286,0.007595666489604378,0.0,0.0,0.0,0.0,nan,nan,0.0,0.0,0.0,0.0,0.0
12.36,-0.27335966620766516,-6.0478964528019015,7.8436397164289815,-0.01096011263270581,0.004784891374999941,-0.004280055548538005,0.9999193276810431,-4.416143268974,-0.13851305536978364,0.49234146557722014,0.03362284790365883,0.18739096809311667,0.0023061087352285697,-0.5842074878794575,-5.918374223262565,7.861931739225789,-0.015729205512737147,0.07676369998850437,-0.0011974286622962213,0.9969245170135057,-4.379015701239217,-0.10723380960680379,-0.14528266434116444,0.05041932278507198,0.21369606157201745,0.007817221258138139,0.0,0.0,0.0,0.0,nan,nan,0.0,0.0,0.0,0.0,0.0
12.38,-0.3613242384352792,-6.049635100396742,7.854371156526376,-0.010657626744800941,0.006620896260132138,-0.00427466202448206,0.9999121491358416,-4.391294688646718,-0.13298970685632322,0.4753459691988638,0.027211345014115384,0.18184523956722587,0.002992940894269361,-0.6694661851636748,-5.9198692259749395,7.8704399812361245,-0.01521692886848452,0.07889773161211383,-0.0011850103619431,0.9967658645703696,-4.345387222426815,-0.10118830830190749,-0.1761172973550442,0.05041902187031107,0.21368542385011202,0.008038776026671919,0.0,0.0,0.0,0.0,nan,nan,0.0,0.0,0.0,0.0,0.0
12.4,-0.444394410902399,-6.0512010013728785,7.864502684457441,-0.010410847052525193,0.008338313486058062,-0.004263387091312689,0.999901950354317,-4.367399226598617,-0.1278772321746132,0.4545853814528999,0.023203032086087552,0.1835025303708532,0.0035130003310232865,-0.7546878847075531,-5.921362773814121,7.879311391469112,-0.014704578546249241,0.08103138122528229,-0.001172586323955685,0.9966023859432672,-4.311758743614417,-0.09514280699701173,-0.2069519303689212,0.05041872095555014,0.21367478612820662,0.008260330795205679,0.0,0.0,0.0,0.0,nan,nan,0.0,0.0,0.0,0.0,0.0
12.42,-0.5313180500005599,-6.052765244230495,7.874930766834756,-0.010190160090246545,0.010284259144456947,-0.004248187483372989,0.9998861672982035,-4.342417820442874,-0.12264391322510837,0.4211475392614159,0.019908165420237642,0.20666799182050527,0.003887290373955175,-0.8398710328964454,-5.922855242961608,7.888545809604,-0.014192157026751166,0.08316463849721327,-0.0011601566084892185,0.9964340819237365,-4.278130264802018,-0.08909730569211599,-0.2377865633827982,0.050418420040789225,0.21366414840630119,0.00848188556373944,0.0,0.0,0.0,0.0,nan,nan,0.0,0.0,0.0,0.0,0.0
12.44,-0.6177154845535775,-6.054249583244814,7.884921610678441,-0.00999136477657762,0.01247068823432851,-0.004231934435173493,0.9998633633131079,-4.317391598812387,-0.11754026619459797,0.37705567220298736,0.01786628223420231,0.23013370560342797,0.0041815409094088365,-0.9250140768623346,-5.924347009619793,7.898143068289538,-0.013679666791054904,0.08529749309900958,-0.0011477212757264321,0.9962609533266791,-4.24450178598962,-0.08305180438722023,-0.26862119639667525,0.05041811912602831,0.21365351068439578,0.008703440332273202,0.0,0.0,0.0,0.0,nan,nan,0.0,0.0,0.0,0.0,0.0
12.46,-0.7035888716014705,-6.055659300561409,7.89431735581897,-0.009812975350175356,0.014920161670613693,-0.004215774349497262,0.9998316465971328,-4.292018112942717,-0.1125631279763716,0.32446315526028874,0.015461001201328883,0.2575827801583826,0.004364284505969684,-1.0101154645139232,-5.925838450004672,7.908102993147218,-0.01316711032055775,0.08742993470372407,-0.0011352803858772564,0.9960830009903564,-4.210873307177218,-0.07700630308232395,-0.299455829410555,0.05041781821126738,0.21364287296249035,0.008924995100806982,0.0,0.0,0.0,0.0,nan,nan,0.0,0.0,0.0,0.0,0.0
12.48,-0.7889292717924146,-6.0569972351833865,7.9030686961475185,-0.009676737472130647,0.01754308959766524,-0.00419775745086857,0.9997904678439615,-4.2655521495089,-0.10769712520517148,0.27154852612070984,0.01017972748742526,0.26797881548325275,0.0047149854643909845,-1.0951736445666644,-5.927329940338562,7.918425402774642,-0.01265449009697783,0.08956195298640851,-0.00112283399917853,0.9959002257763857,-4.177244828364819,-0.0709608017774282,-0.330290462424432,0.05041751729650647,0.21363223524058494,0.009146549869340744,0.0,0.0,0.0,0.0,nan,nan,0.0,0.0,0.0,0.0,0.0
12.5,-0.8737171670388031,-6.058263829512873,7.911227265594113,-0.009596912765866831,0.02032303825700125,-0.0041770543572033905,0.9997386786547102,-4.237711354821335,-0.10291145257716161,0.2222736565742205,0.002450551651186382,0.28754203193509936,0.005041344255680142,-1.180187066572849,-5.928821856842809,7.929110108749052,-0.01214180860234181,0.09169353762416507,-0.0011103821758937046,0.9957126285697362,-4.1436163495524205,-0.06491530047253245,-0.361125095438309,0.05041721638174555,0.2136215975186795,0.009368104637874504,0.0,0.0,0.0,0.0,nan,nan,0.0,0.0,0.0,0.0,0.0
12.52,-0.9579190644953804,-6.059456905698341,7.918963614708115,-0.009623438152231475,0.023221881610864845,-0.004150720674052058,0.9996753999026219,-4.208021573701356,-0.0981669563211992,0.18310387552428722,-0.008695070574825799,0.2945825524122251,0.005562445127346687,-1.2640587474567377,-5.930172107112093,7.938917436988787,-0.011628853718678476,0.09382351720644827,-0.0010941153473656797,0.995520326408159,-4.108358588186026,-0.05924707224894235,-0.391427840852386,0.05041393331686527,0.21358806362589736,0.009589447337879333,0.0,0.0,0.0,0.0,nan,nan,0.0,0.0,0.0,0.0,0.0
12.54,-1.0539787450296982,-6.06073366101819,7.927574446680548,-0.009747355729973995,0.026668663223442437,-0.004114856429782592,0.999588334973308,-4.171821853601035,-0.09267283089338063,0.14776046115559455,-0.014787219460654803,0.29688813365152256,0.0058049944857748136,-1.3429751448156917,-5.930881316978224,7.943499161780323,-0.011114877944130732,0.09594782412242993,-0.0010607166691883004,0.9953237410082239,-4.0657762202393775,-0.055274913799811115,-0.419339431089666,0.05039724369071424,0.21345159765208652,0.009809836662093894,0.0,0.0,0.0,0.0,nan,nan,0.0,0.0,0.0,0.0,0.0
12.56,-1.12441496998507,-6.061608589781639,7.933888897101223,-0.009875976107852407,0.029067938426542046,-0.004084580616714337,0.9995203030717953,-4.143636517642215,-0.08857526184341433,0.12950190520072816,-0.017711137166378073,0.2712798019612268,0.005944688185786161,-1.4218713359713409,-5.931589122025849,7.948416781729323,-0.010600848633525553,0.09807166889494565,-0.0010273128819500033,0.9951223615197539,-4.0231938522927235,-0.051302755350679526,-0.4472510213269484,0.050380554064563196,0.21331513167827568,0.010030225986308474,0.0,0.0,0.0,0.0,nan,nan,0.0,0.0,0.0,0.0,0.0
12.58,-1.2066466036364354,-6.062561867883052,7.941290264244087,-0.010038335267368857,0.031712697791732344,-0.0040458426845631475,0.9994384262078392,-4.109767588662888,-0.0837043425668153,0.10592930796707983,-0.016384481896723545,0.26088148782951,0.005937773808595568,-1.5007458880399107,-5.93229586974775,7.95367020884464,-0.010086768262742914,0.1001950412942583,-0.0009939041465438863,0.9949161889127159,-3.9806114843460745,-0.04733059690154829,-0.47516261156422834,0.05036386443841215,0.21317866570446486,0.010250615310523035,0.0,0.0,0.0,0.0,nan,nan,0.0,0.0,0.0,0.0,0.0
12.6,-1.28819434762948,-6.063434992287883,7.94851739110706,-0.010158872600867872,0.03431590402873678,-0.004010002997556586,0.9993513575885759,-4.075516742826799,-0.07880029569686808,0.07316635162381013,-0.009058635478903369,0.26400724283984717,0.00559390662472906,-1.5795973685545552,-5.933001907657081,7.959259348665321,-0.009572639307908583,0.10231793109290656,-0.0009604906238868702,0.9947052241801636,-3.9380291163994245,-0.043358438452417054,-0.5030742018015083,0.0503471748122611,0.21304219973065402,0.010471004634737597,0.0,0.0,0.0,0.0,nan,nan,0.0,0.0,0.0,0.0,0.0
12.62,-1.3690711306404282,-6.064231850628511,7.955350266163464,-0.010173239240229798,0.037044050702038124,-0.003983280692008883,0.9992539101679184,-4.04090789127147,-0.07390745628525047,0.02888784195539079,0.0026154610596217783,0.2801919809069473,0.005154042581607715,-1.6584243454929277,-5.933707583280671,7.96518410026243,-0.009058464245382388,0.10444032806575332,-0.000927072474918938,0.9944894683382318,-3.8954467484527755,-0.03938628000328582,-0.5309857920387883,0.050330485186110066,0.2129057337568432,0.010691393958952158,0.0,0.0,0.0,0.0,nan,nan,0.0,0.0,0.0,0.0,0.0
12.64,-1.4532793528669485,-6.064990992043927,7.961900513018858,-0.01008415421348267,0.04003432495436231,-0.003964648615165625,0.9991395519248578,-4.003779916916142,-0.06885606155658591,-0.02628571544931141,0.01151226628729599,0.29111612114846996,0.004750483898471318,-1.7372253873047854,-5.934413244152328,7.971444356240989,-0.008544245551746196,0.10656222199003557,-0.0008936498606023531,0.9942689224261334,-3.852864380506122,-0.03541412155415423,-0.5588973822760707,0.050313795559959025,0.21276926778303235,0.01091178328316674,0.0,0.0,0.0,0.0,nan,nan,0.0,0.0,0.0,0.0,0.0
12.66,-1.5288390051257383,-6.06561245692939,7.967169605538604,-0.009904853507212357,0.04289081096587912,-0.0039570837779124846,0.9990228294186597,-3.969172157129789,-0.06439865482073759,-0.08029333794729293,0.02304311478253351,0.30893109019294107,0.004369395766059134,-1.815999062939541,-5.935119237806145,7.978040002742048,-0.00802998570379216,0.10868360264541257,-0.0008602229419208955,0.9940435875061521,-3.8102820125594725,-0.031441963105022994,-0.5868089725133506,0.050297105933807984,0.21263280180922153,0.0111321726073813,0.0,0.0,0.0,0.0,nan,nan,0.0,0.0,0.0,0.0,0.0
12.68,-1.6116389787950784,-6.066228786703241,7.972269164166155,-0.009601504621107022,0.04610275867160569,-0.003956540535784314,0.9988827221144969,-3.929203443417313,-0.05966479873336956,-0.13620805243525427,0.029774839589425887,0.3046729261323163,0.004264626749001152,-1.8947439418738774,-5.935825911769803,7.984970919444888,-0.007515687178510527,0.1108044598140165,-0.0008267918798790684,0.9938134646636391,-3.767699644612823,-0.027469804655891765,-0.6147205627506306,0.050280416307656936,0.21249633583541072,0.011352561931595864,0.0,0.0,0.0,0.0,nan,nan,0.0,0.0,0.0,0.0,0.0
12.7,-1.6858747219132837,-6.066722782566291,7.976338942643927,-0.00929203581066015,0.0489937532098821,-0.003956760463614898,0.9987480234090759,-3.891339158045737,-0.055544908572207986,-0.17849007934615485,0.03313385607464289,0.30395253256202265,0.004426296546125516,-1.9734585941392795,-5.936533613557876,7.992236979569322,-0.007001352453077876,0.11292478328050067,-0.0007933568355013349,0.9935785550070066,-3.725117276666173,-0.023497646206760526,-0.6426321529879105,0.0502637266815059,0.21235986986159988,0.011572951255810425,0.0,0.0,0.0,0.0,nan,nan,0.0,0.0,0.0,0.0,0.0
12.72,-1.7632733597836772,-6.067176360156596,7.980259021660058,-0.008918638941505687,0.051907889184079264,-0.003956677090301787,0.9986042127020531,-3.8496827772077244,-0.05138167757472913,-0.210685109572678,0.03681085040121228,0.28011983579821864,0.004589701112660245,-2.0463973425399646,-5.9368927316306275,7.994649862444306,-0.0064870135319667795,0.11503017374966552,-0.0007439126660446185,0.9933405379709936,-3.675893261690656,-0.021133361891934134,-0.6674124146101855,0.05023354584356582,0.2121176925013474,0.011790165391321194,0.0,0.0,0.0,0.0,nan,nan,0.0,0.0,0.0,0.0,0.0
12.74,-1.839860506349577,-6.067561673698339,7.983997030639345,-0.008566192420002177,0.05457873933713249,-0.003950140478745396,0.9984649107254553,-3.806601269664189,-0.04738110336079318,-0.23176560766034748,0.0323767479153095,0.25347685920542784,0.004977326542247101,-2.11757033542608,-5.937143438933348,7.995779426827308,-0.00597265285050629,0.11713061383339293,-0.0006895659390904816,0.9930983190096314,-3.624636321516203,-0.019261227766684035,-0.6912342156548419,0.05019923551420728,0.21184315820607896,0.012006407641228975,0.0,0.0,0.0,0.0,nan,nan,0.0,0.0,0.0,0.0,0.0
12.76,-1.9156019763368624,-6.067879978810524,7.987660244885309,-0.008231192101483523,0.05690828261734273,-0.0039366620133837495,0.998337717177071,-3.7627376893232345,-0.043505694886505054,-0.24875605802940282,0.033483659015310974,0.21550421454800214,0.005205897709058195,-2.1887379256071466,-5.93739276735737,7.997209681829318,-0.005458263870383375,0.11923049894769831,-0.0006352159449459995,0.9928513947096552,-3.5733793813417503,-0.01738909364143394,-0.7150560166994984,0.05016492518484874,0.21156862391081055,0.012222649891136755,0.0,0.0,0.0,0.0,nan,nan,0.0,0.0,0.0,0.0,0.0
12.78,-1.9942168258653732,-6.068146216248157,7.991356984199336,-0.00782056322917046,0.05900804467515613,-0.003922541969626811,0.9982191658743534,-3.7164746090623306,-0.039634964024747046,-0.2701991500729336,0.0432690297139658,0.1888113268939386,0.005113287228030576,-2.25989884159387,-5.937641028141397,7.998940603181559,-0.004943849028793109,0.12132981914324399,-0.0005808629411235661,0.992599766241002,-3.522122441167298,-0.015516959516183839,-0.7388778177441546,0.050130614855490196,0.2112940896155421,0.012438892141044534,0.0,0.0,0.0,0.0,nan,nan,0.0,0.0,0.0,0.0,0.0
12.8,-2.064556850707559,-6.0683325917347615,7.994401773558852,-0.007334624182641617,0.06070889663764347,-0.003916653162280936,0.9981208809483677,-3.6746918978881307,-0.03640485364452612,-0.29773943663819313,0.0573659823517017,0.1733736511383823,0.004875279663467688,-2.331051812023452,-5.9378885325443695,8.00097216091699,-0.0044294107630530495,0.12342856447336903,-0.0005265071851498313,0.9923434347958974,-3.47086550099284,-0.013644825390933573,-0.7626996187888131,0.05009630452613165,0.21101955532027367,0.012655134390952335,0.0,0.0,0.0,0.0,nan,nan,0.0,0.0,0.0,0.0,0.0
12.82,-2.137815332695337,-6.068479300641277,7.997112387274142,-0.006676832977540069,0.06242349125264021,-0.003921319975666986,0.9980197146804617,-3.630673060689511,-0.03339219158973845,-0.334192402943976,0.07059152387870338,0.17342286031110146,0.004663677612666764,-2.4021955656836624,-5.938135591839562,8.003304319370862,-0.003914951510591883,0.1255267249941358,-0.0004721489345644991,0.9920824015888497,-3.4196085608183875,-0.011772691265683475,-0.7865214198334696,0.05006199419677311,0.21074502102500522,0.012871376640860115,0.0,0.0,0.0,0.0,nan,nan,0.0,0.0,0.0,0.0,0.0
12.84,-2.2138917958430597,-6.068586091813028,7.999258455165638,-0.0058804539203462436,0.06427237126656832,-0.003934252944673899,0.9979073124329886,-3.584118361308569,-0.030695307733843515,-0.37854200163727997,0.07889726566376908,0.1813142876939638,0.004652348357115007,-2.473328831536966,-5.938382517308684,8.00593703718141,-0.0034004737089375885,0.127624290764378,-0.0004177884469190786,0.9918166678566447,-3.3683516206439346,-0.009900557140433374,-0.8103432208781258,0.050027683867414574,0.2104704867297368,0.013087618890767896,0.0,0.0,0.0,0.0,nan,nan,0.0,0.0,0.0,0.0,0.0
12.86,-2.2819793631008967,-6.068646676780192,8.000532134345463,-0.0050941135568199495,0.06608479582318867,-0.003950097410664498,0.9977931882401905,-3.541288429896308,-0.02867307719775213,-0.4191942868020458,0.08345288166068147,0.2029699230945535,0.004824812642250884,-2.5444503387445874,-5.938629620235982,8.00887026729062,-0.002885979795706079,0.12972125184574707,-0.00036342597977568274,0.9915462348583389,-3.3170946804694816,-0.008028423015183275,-0.8341650219227823,0.04999337353805603,0.21019595243446837,0.013303861140675674,0.0,0.0,0.0,0.0,nan,nan,0.0,0.0,0.0,0.0,0.0
12.88,-2.3528691862496296,-6.068678615908105,8.001242269865886,-0.004258759629505198,0.06823412918548576,-0.00396560401137996,0.997652364586754,-3.4950001106789377,-0.026938773475952294,-0.45798188277678165,0.08024175121021129,0.22732180912926542,0.00522429567969348,-2.61555881669061,-5.93887721190234,8.012103956945131,-0.00237147220858956,0.13181759830275974,-0.0003090617907057989,0.9912711038752545,-3.2658377402950243,-0.00615628888993301,-0.8579868229674407,0.04995906320869749,0.2099214181391999,0.013520103390583476,0.0,0.0,0.0,0.0,nan,nan,0.0,0.0,0.0,0.0,0.0
12.9,-2.4263970942451842,-6.068682024093043,8.00146426742914,-0.003427399749031901,0.07074541283486932,-0.0039747093085753344,0.9974805968938427,-3.4447492379482507,-0.025448836525510343,-0.48957429948338216,0.07656604154694706,0.2499749205055359,0.0057081294906510816,-2.683506985503338,-5.939081959093367,8.013320003513105,-0.001857437629802276,0.1339020220667869,-0.000247524761745262,0.9909928037798101,-3.211690986280906,-0.005025070780932777,-0.8799953011013154,0.04991830863649273,0.20959352475128057,0.013733740029645966,0.0,0.0,0.0,0.0,nan,nan,0.0,0.0,0.0,0.0,0.0
12.92,-2.4989410488613646,-6.068659684701385,8.001360924389697,-0.002631024323017031,0.07338787408537382,-0.003976869793849673,0.9972920746475848,-3.3929123068181655,-0.02427585935985113,-0.511482936360059,0.07200857372772268,0.25457286270781176,0.006180041350372855,-2.7455985293122374,-5.939203831965424,8.010490389667543,-0.0013442963855586686,0.13596477928811532,-0.00017262885795608587,0.9907127443712629,-3.152161535127779,-0.005273916143901973,-0.8986262024826703,0.04986555072792928,0.20916624231919176,0.01394252334084013,0.0,0.0,0.0,0.0,nan,nan,0.0,0.0,0.0,0.0,0.0
12.94,-2.56030002067021,-6.068624485333394,8.001145204648532,-0.0019910578266803683,0.07568495495166246,-0.003971801104448295,0.9971218822584742,-3.347520365593335,-0.023479434182287165,-0.525639098060264,0.06927954720032217,0.2575477087952506,0.006503815877090471,-2.807701315588645,-5.939323104238879,8.007919185491293,-0.0008311489544275974,0.13802691075548237,-9.773215967298068e-05,0.9904281253817152,-3.092632083974653,-0.00552276150687117,-0.9172571038640254,0.04981279281936584,0.20873895988710298,0.014151306652034295,0.0,0.0,0.0,0.0,nan,nan,0.0,0.0,0.0,0.0,0.0
12.96,-2.6275742101464474,-6.06857302028999,8.00076527268333,-0.0012739736290663137,0.07828203734890282,-0.003964563698715653,0.9969225555951556,-3.2964684305655934,-0.02287276696205471,-0.5453870165014039,0.07066220764221604,0.2650194494804981,0.006669108633094294,-2.8698142683821906,-5.939440043963916,8.005606438109366,-0.000317997698079734,0.14008840697829122,-2.283501159480874e-05,0.990138948121076,-3.0331026328215205,-0.005771606869840389,-0.9358880052453822,0.0497600349108024,0.20831167745501417,0.014360089963228479,0.0,0.0,0.0,0.0,nan,nan,0.0,0.0,0.0,0.0,0.0
12.98,-2.6972007810233656,-6.068511139562428,8.000078980447377,-0.0005218821271570413,0.08113228257769467,-0.003954534729680002,0.9966953606884354,-3.242161191327923,-0.02256684006106189,-0.5740800135838308,0.07088351405330447,0.2804709888773126,0.006935143001238585,-2.9319363115553263,-5.93955491923366,8.003552189888762,0.00019515502179650842,0.14214925846886803,5.206224157747744e-05,0.9898452139202328,-2.973573181668394,-0.006020452232809587,-0.9545189066267371,0.04970727700223895,0.20788439502292538,0.014568873274422646,0.0,0.0,0.0,0.0,nan,nan,0.0,0.0,0.0,0.0,0.0
13.0,-2.759326473807777,-6.068453337514574,7.999029916924987,0.00017920859040569288,0.08388062134128667,-0.0039451649528222405,0.9964679848952377,-3.192352020631335,-0.022617183326525233,-0.6102295852676044,0.07288174246055508,0.3009070000816357,0.007121311453759661,-2.9940663688031757,-5.939667998179239,8.001756478437711,0.0007083068435061183,0.14420945574250674,0.00012695925514246193,0.9895469241310454,-2.9140437305152673,-0.006269297595778782,-0.9731498080080923,0.04965451909367551,0.20745711259083657,0.01477765658561681,0.0,0.0,0.0,0.0,nan,nan,0.0,0.0,0.0,0.0,0.0
13.02,-2.823846767143055,-6.06839562267138,7.997337800613946,0.0009269376324534742,0.0870284328083571,-0.003933809209742799,0.9961976298981283,-3.1387542534705046,-0.023015478007692314,-0.6546050404616903,0.07372667349385768,0.33031594257555535,0.007342652123744635,-3.0562033636733226,-5.939779548964852,8.000219336604955,0.0012214554053581726,0.14626898931751214,0.00020185568439982465,0.9892440801263401,-2.8545142793621405,-0.00651814295874798,-0.9917807093894473,0.04960176118511207,0.20702983015874776,0.014986439896810975,0.0,0.0,0.0,0.0,nan,nan,0.0,0.0,0.0,0.0,0.0
13.04,-2.8906310719671415,-6.068343638351975,7.9948157761977185,0.001731988545286227,0.09066805480442575,-0.003920663410446842,0.9958719458103451,-3.0807583890211983,-0.023832485590204164,-0.7053852563196752,0.07629688243653406,0.3660420920345348,0.007592720467805344,-3.118346219585634,-5.939889839782829,7.9989407924791704,0.001734598345676749,0.1483278497152435,0.0002767511846519344,0.9889366832999033,-2.794984828209014,-0.006766988321717176,-1.010411610770802,0.04954900327654863,0.20660254772665898,0.015195223208005142,0.0,0.0,0.0,0.0,nan,nan,0.0,0.0,0.0,0.0,0.0
13.06,-2.953292315874992,-6.068307774848926,7.991737640584718,0.002505823540598823,0.09451200565275998,-0.0039047683291193666,0.9955129102227515,-3.023253376369852,-0.024986939123313998,-0.7502070563605305,0.07338349803887771,0.4046423529425297,0.007996931546769559,-3.1804938598520853,-5.939999138848697,7.997920869388427,0.0022477333028118438,0.15038602746015836,0.0003516454112054433,0.9886247350664743,-2.7354553770558825,-0.007015833684686395,-1.029042512152159,0.049496245367985185,0.20617526529457017,0.015404006519199325,0.0,0.0,0.0,0.0,nan,nan,0.0,0.0,0.0,0.0,0.0
13.08,-3.0119266069544066,-6.0682914388071785,7.988296943780766,0.0032098924679463017,0.09849176321786896,-0.0038814137976713845,0.9951251196686327,-2.9663721860384165,-0.026336783953085835,-0.7880001713436973,0.07036178377125657,0.4359254821201613,0.008470836296057301,-3.242645207696559,-5.940107714396238,7.997159585899775,0.0027608579151500606,0.1524435130798558,0.00042653801937284406,0.9883082368617405,-2.6759259259027557,-0.007264679047655592,-1.047673413533514,0.049443487459421745,0.20574798286248136,0.01561278983039349,0.0,0.0,0.0,0.0,nan,nan,0.0,0.0,0.0,0.0,0.0
13.1,-3.0756473135263094,-6.068300314782785,7.984098721606654,0.003915554332776651,0.10317137218119651,-0.003841195354485106,0.9946484713780868,-2.900807845472643,-0.028028309605738978,-0.8191646087467377,0.05822670253383947,0.4542292926409248,0.009156416520541532,-3.295006048312497,-5.94041301974693,7.990655510715819,0.0032713254616632175,0.15445613424080112,0.0005198696886732332,0.9879940944968336,-2.609160226519787,-0.009505495693171525,-1.0605270236428086,0.0493731988463184,0.20515842380198948,0.01581125682890655,0.0,0.0,0.0,0.0,nan,nan,0.0,0.0,0.0,0.0,0.0
13.12,-3.132255642204157,-6.068338664087296,7.980082365339702,0.004420211444636523,0.10743187339009468,-0.0037838702805077108,0.9941954217538821,-2.839595578312598,-0.029558040922665032,-0.8404915514936481,0.04412877880168851,0.445865955296189,0.009870122226246846,-3.346690620480347,-5.940727770060481,7.983932003424444,0.003781588709071238,0.15646490298352214,0.0006145231477977364,0.9876760886457124,-2.5418749579324227,-0.011889337688506758,-1.0729658189842226,0.0493016515126846,0.20455721313198488,0.016008983106786237,0.0,0.0,0.0,0.0,nan,nan,0.0,0.0,0.0,0.0,0.0
13.14,-3.1907169536857785,-6.06841501914495,7.97573326797956,0.004822349008742028,0.11177449697251968,-0.0037036136391289313,0.9937149943633689,-2.773797981364689,-0.031104170294551873,-0.8585381624133319,0.032216520981269585,0.4300787614747492,0.010455965361381355,-3.398402099851577,-5.94103787045678,7.977418451611933,0.0042918352962839435,0.15847298240330235,0.0007091738995744947,0.9873537314814647,-2.474589689345052,-0.014273179683842202,-1.0854046143256375,0.0492301041790508,0.20395600246198015,0.016206709384665945,0.0,0.0,0.0,0.0,nan,nan,0.0,0.0,0.0,0.0,0.0
13.16,-3.250858208994992,-6.068536792416542,7.970920110203371,0.005154165674549505,0.11620420683565538,-0.003604397766657948,0.9932054295092406,-2.7037557783878268,-0.03269876468196075,-0.8858270899808612,0.028268284822014062,0.4211154323977948,0.010918562730392796,-3.450139632406854,-5.941343539960141,7.971114967696103,0.004802062975355084,0.16048036365333176,0.0008038215270094349,0.9870270244242697,-2.4073044207576877,-0.016657021679177434,-1.0978434096670515,0.04915855684541699,0.20335479179197552,0.01640443566254563,0.0,0.0,0.0,0.0,nan,nan,0.0,0.0,0.0,0.0,0.0
13.18,-3.30419555089239,-6.068683682748436,7.966181974870991,0.005464074382432856,0.12017906492289494,-0.0035124601948938895,0.992730980109305,-2.639336482055165,-0.0342659906537653,-0.9171196438396921,0.03163819391634494,0.42337730927183354,0.011172049468576294,-3.501902363667739,-5.941644997672961,7.9650216603928765,0.005312269498421843,0.16248703788987673,0.0008984656131222736,0.9866959689134702,-2.3400191521703233,-0.01904086367451267,-1.1102822050084655,0.0490870095117832,0.2027535811219709,0.016602161940425325,0.0,0.0,0.0,0.0,nan,nan,0.0,0.0,0.0,0.0,0.0
13.2,-3.3647113758265608,-6.0688971097171,7.96002301734214,0.005874605503397385,0.12483086687594833,-0.0034102066204148634,0.9921547833760542,-2.5632690724672478,-0.03634977988721061,-0.9625271728838889,0.038058630216695415,0.428548669279716,0.011259982475325635,-3.5536894387117255,-5.941942462771858,7.959138634714349,0.005822452617714564,0.16449299627231836,0.000993105740948321,0.9863605664075671,-2.272733883582959,-0.0214247056698479,-1.1227210003498795,0.04901546217814941,0.2021523704519663,0.016799888218305012,0.0,0.0,0.0,0.0,nan,nan,0.0,0.0,0.0,0.0,0.0
13.22,-3.413236508110017,-6.069107235154812,7.954360527024454,0.006269976167557395,0.12868376401415138,-0.0033330615504315237,0.9916602578397045,-2.49953352419558,-0.03833741128375521,-1.0005187128995248,0.04321646174483416,0.4350063663492618,0.011327741988327825,-3.6055000021873163,-5.942236154503812,7.953465991966952,0.006332610085566749,0.16649822996319158,0.001087741493540333,0.9860208183842122,-2.2054486149955883,-0.023808547665183345,-1.1351597956912947,0.0489439148445156,0.20155115978196161,0.01699761449618472,0.0,0.0,0.0,0.0,nan,nan,0.0,0.0,0.0,0.0,0.0
13.24,-3.466097171881719,-6.069380500336848,7.947383076596897,0.0067248138266923965,0.13304185571931265,-0.003247713548407449,0.9910822841028213,-2.426979061225944,-0.04078585904354663,-1.0417956809435245,0.042218749768467505,0.4444091374202117,0.011463394976473126,-3.6573331983290776,-5.942526292182294,7.948003829749664,0.006842739654424765,0.16850273012822367,0.0011823724539703187,0.9856767263402016,-2.138163346408224,-0.02619238966051858,-1.1475985910327087,0.04887236751088181,0.200949949111957,0.017195340774064406,0.0,0.0,0.0,0.0,nan,nan,0.0,0.0,0.0,0.0,0.0
13.26,-3.520353291138155,-6.069716734716291,7.939363302666817,0.007199707901300084,0.13772714337262634,-0.0031548425623988937,0.9904390163725166,-2.348532265364087,-0.043553929937261954,-1.076884595263022,0.04376565561643961,0.4554701234319137,0.011684788322203182,-3.709188170972747,-5.9428130951834115,7.942752241952283,0.007352839076858036,0.17050648793637382,0.0012769982053314206,0.9853282917914702,-2.0708780778208595,-0.02857623165585381,-1.1600373863741227,0.04880082017724802,0.20034873844195233,0.017393067051944096,0.0,0.0,0.0,0.0,nan,nan,0.0,0.0,0.0,0.0,0.0
13.28,-3.570767623441109,-6.070088927996907,7.9312020272940265,0.007656651180842222,0.1422466657506434,-0.0030643713203396166,0.9897968839130231,-2.271757636025714,-0.04640387509540567,-1.1008868226487047,0.03934544469626569,0.4521051610717457,0.011952180414648638,-3.7548676831153642,-5.9433847329096405,7.934545208728418,0.007860661525829116,0.17247610607712138,0.0013812061290419107,0.9849813678961034,-1.999905945477347,-0.03206624707691474,-1.1688307186478404,0.05286716497457693,0.19686363789338776,0.019272973486658462,0.0,0.0,0.0,0.0,nan,nan,0.0,0.0,0.0,0.0,0.0
13.3,-3.6222777753201996,-6.070541548357807,7.922306427788651,0.008050613060080614,0.1467888441321056,-0.0029545217391249295,0.989130675729456,-2.189620670333376,-0.0493775401825463,-1.1119313069699397,0.031941704931331937,0.4208857933173743,0.012385799170055051,-3.794789034872,-5.944218731775652,7.923545993633101,0.008366351364113622,0.1744137674760228,0.0014943766072392955,0.9846357746487925,-1.9254851463256417,-0.036590969454813216,-1.1742141100304515,0.060804065396346724,0.19068096673726562,0.02272637958286461,0.0,0.0,0.0,0.0,nan,nan,0.0,0.0,0.0,0.0,0.0
13.32,-3.667569916856628,-6.071009475594126,7.914055672097029,0.008345030124813906,0.15055742537644026,-0.002845099355873456,0.9885619492707013,-2.114849823066466,-0.052055549682317404,-1.1183589931583564,0.023110845136352524,0.380088729387629,0.012746531255395856,-3.834753305066234,-5.945044616206859,7.91270313258784,0.008872006544819691,0.17635070636656222,0.0016075408949873147,0.9842861025515671,-1.8510643471739434,-0.0411156918327113,-1.179597501413062,0.06874096581811583,0.18449829558114406,0.026179785679070457,0.0,0.0,0.0,0.0,nan,nan,0.0,0.0,0.0,0.0,0.0
13.34,-3.713873062695155,-6.071564236926343,7.905167701150296,0.0085557013555387,0.15404365361677685,-0.0027151764492534744,0.9880232692460025,-2.036258345204568,-0.05474130429955392,-1.1235569882388443,0.01657026651940044,0.33144111770353496,0.013105716882940061,-3.8747598785902917,-5.945862551574964,7.902016801622719,0.009377624973272724,0.17828691472497785,0.001720698523503351,0.9839323530529426,-1.776643548022245,-0.045640414210609374,-1.1849808927956726,0.07667786623988493,0.17831562442502247,0.029633191775276305,0.0,0.0,0.0,0.0,nan,nan,0.0,0.0,0.0,0.0,0.0
13.36,-3.7588050198992264,-6.072180810695149,7.895911246598364,0.00876990575398103,0.157164568873194,-0.002586561470237614,0.987530099158365,-1.9579755610105591,-0.05750261124271945,-1.137662167849173,0.02172391372205878,0.30229852896728704,0.013268651164378517,-3.9148081396354284,-5.946672703383386,7.8914871741741255,0.009883204554950323,0.180222384530534,0.0018338490240323625,0.9835745276183246,-1.7022227488705464,-0.05016513658850746,-1.1903642841782833,0.08461476666165402,0.1721329532689009,0.033086597871482146,0.0,0.0,0.0,0.0,nan,nan,0.0,0.0,0.0,0.0,0.0
13.38,-3.8002567794732536,-6.072821997557474,7.886632769565474,0.009038246747896604,0.15987584932492335,-0.0024761317154554795,0.9870926459406363,-1.8836077985086814,-0.06037020322481543,-1.1548556299204193,0.02999071826495692,0.27969436570034956,0.013313829870560321,-3.954897471702144,-5.947475237264514,7.881114421081872,0.01038874319549106,0.18215710776555466,0.001946991927848846,0.9832126277300037,-1.6278019497188416,-0.054689858966405935,-1.1957476755608942,0.09255166708342381,0.1659502821127788,0.0365400039676883,0.0,0.0,0.0,0.0,nan,nan,0.0,0.0,0.0,0.0,0.0
13.4,-3.8426320347320133,-6.073553880083162,7.876210306410824,0.009422214385859431,0.1625962045639469,-0.002377715249209094,0.9866448411701446,-1.8051379422844076,-0.06377048796776463,-1.1790168038333375,0.04077989980754541,0.27309729842857716,0.013259169770875892,-3.995027257610382,-5.948270318976968,7.870898710586373,0.010894238800702966,0.18409107641545586,0.0020601267662587364,0.9828466548871492,-1.553381150567143,-0.05921458134430401,-1.2011310669435047,0.1004885675051929,0.1597676109566572,0.03999341006389415,0.0,0.0,0.0,0.0,nan,nan,0.0,0.0,0.0,0.0,0.0
13.42,-3.893780675286211,-6.074553693448305,7.862204982330482,0.009994553795752346,0.16591392945372677,-0.0022710259849063863,0.986086973521415,-1.7061440533708778,-0.06851004212786674,-1.2039897638508603,0.04752058421414679,0.270072277852375,0.013251137003327374,-4.035196879509775,-5.949058114402852,7.860840208325848,0.011399689276572488,0.1860242824687801,0.0021732530706014106,0.9824766106058018,-1.4789603514154446,-0.06373930372220209,-1.2065144583261154,0.10842546792696202,0.15358493980053564,0.043446816160099995,0.0,0.0,0.0,0.0,nan,nan,0.0,0.0,0.0,0.0,0.0
13.44,-3.9254365016541715,-6.075245751632643,7.852695620559713,0.010418788682851104,0.16809252716848833,-0.002212131542476885,0.9857136793341827,-1.6420502973531088,-0.0718492201052665,-1.2168421428543916,0.05230261059484206,0.2809658337247003,0.013240232539343273,-4.0754057188898765,-5.949838789545,7.8509390773335825,0.011905092529272963,0.1879567179172287,0.0022863703722515866,0.9821024964188685,-1.4045395522637463,-0.06826402610010017,-1.211897849708726,0.11636236834873111,0.14740226864441408,0.046900222256305836,0.0,0.0,0.0,0.0,nan,nan,0.0,0.0,0.0,0.0,0.0
13.46,-3.9618730319738553,-6.0761262086845695,7.840984375317991,0.010908378999679546,0.17073677033619614,-0.0021384002164610456,0.985253972215935,-1.5650105297646943,-0.07596815795686129,-1.2222742864765828,0.04611212723971812,0.2838144674295368,0.013360890188913023,-4.114315673920761,-5.950727328862825,7.840646111573639,0.012570849515354005,0.18977963569267778,0.0024318348019158127,0.9817432198891485,-1.3297343948534375,-0.07328403816556892,-1.2163409688275924,0.12189780964044986,0.13183690365845382,0.0495836086869517,0.0,0.0,0.0,0.0,nan,nan,0.0,0.0,0.0,0.0,0.0
13.48,-4.0006301980819625,-6.077179189139935,7.827624600985521,0.01141330943054153,0.17368882133747693,-0.0020493449469872822,0.9847323138272295,-1.4790148337986875,-0.08061036828555788,-1.2221251947407339,0.04601743503989408,0.2822167850456098,0.013446916177978786,-4.141269514581142,-5.952607292128671,7.82552143278984,0.014674215909403168,0.19062702578669916,0.0028672951604690414,0.9815486656532237,-1.2514842855282542,-0.08274326577909114,-1.2123565527940614,0.10590929237684996,0.03217570268532097,0.045365411342591595,0.0,0.0,0.0,0.0,nan,nan,0.0,0.0,0.0,0.0,0.0
13.5,-4.034259286195825,-6.078210169077854,7.815297374260654,0.011851817165763112,0.17618233119748045,-0.0019661372785755708,0.9842842348162915,-1.4009078641387473,-0.08492787131894076,-1.2128384733981723,0.042200711923104664,0.2494335436753575,0.013642414568834376,-4.168249446687528,-5.954424491606536,7.810435653190111,0.01677750350735576,0.19147339227130752,0.0033027401225153787,0.9813488407981444,-1.1732341762030711,-0.09220249339261337,-1.2083721367605305,0.08992077511325004,-0.0674854982878119,0.04114721399823149,0.0,0.0,0.0,0.0,nan,nan,0.0,0.0,0.0,0.0,0.0
13.52,-4.068172294186572,-6.079378470872079,7.802071019399335,0.012325144888811408,0.17847426314777876,-0.0018831176729230627,0.9838655812991718,-1.3192288690611529,-0.08964518811510011,-1.2078400236283655,0.05022026004568009,0.2184222952975048,0.013774761329159458,-4.195255407346613,-5.956179097139421,7.795389087308053,0.01888070101519418,0.19231873060177104,0.003738167349847216,0.9811437463969094,-1.094984066877888,-0.1016617210061356,-1.2043877207269995,0.07393225784965014,-0.16714669926094478,0.03692901665387138,0.0,0.0,0.0,0.0,nan,nan,0.0,0.0,0.0,0.0,0.0
13.54,-4.102176548767884,-6.080696720928887,7.787788983193236,0.01296047208560156,0.18051432546889826,-0.001824729502169701,0.9834852692471153,-1.2341109780315327,-0.09513676267675258,-1.2070097101436104,0.06634902537160504,0.18137694692378326,0.013845267407662513,-4.222287333106029,-5.957871279914762,7.780382048835008,0.020983797139384586,0.1931630362388789,0.0041735745043521765,0.9809333835508135,-1.016733957552705,-0.11112094861965782,-1.2004033046934683,0.057943740586050244,-0.26680790023407763,0.03271081930951128,0.0,0.0,0.0,0.0,nan,nan,0.0,0.0,0.0,0.0,0.0
13.56,-4.131600611025319,-6.081968281773992,7.774317670149535,0.013704008982982397,0.18213594719263862,-0.001805572514032246,0.9831761982401382,-1.1576749016590586,-0.10077312287921954,-1.2181969489484539,0.08646926720105828,0.16762609718741966,0.013850747043922968,-4.24934515995571,-5.959501212460764,7.765414850613315,0.02308678058693773,0.1940063046489655,0.004608959248025705,0.9807177533894416,-0.9384838482275146,-0.1205801762331809,-1.196418888659937,0.041955223322448915,-0.36646910120721937,0.028492621965150795,0.0,0.0,0.0,0.0,nan,nan,0.0,0.0,0.0,0.0,0.0
13.58,-4.162694903452036,-6.083461750178443,7.758671615872644,0.014721493967826052,0.18376096542509926,-0.0018226365093870194,0.9828590250883111,-1.0734262991527674,-0.10785736061304875,-1.233047061004034,0.1045727446128039,0.15175525283803565,0.01388259605379354,-4.276428823329263,-5.961069068642684,7.750487804629596,0.025189640065468834,0.19484853130393462,0.0050443192429834695,0.9804968570706621,-0.8602337389023316,-0.13003940384670315,-1.192434472626406,0.025966706058849005,-0.46613030218035223,0.024274424620790692,0.0,0.0,0.0,0.0,nan,nan,0.0,0.0,0.0,0.0,0.0
13.6,-4.190956598320621,-6.084972786222073,7.7429252514327125,0.015881920148137274,0.18529933217492486,-0.0018752127634425193,0.982551986250614,-0.9931445139597916,-0.11551804768386889,-1.2515232884111456,0.12377037622250793,0.1643478281039167,0.013809417474695669,-4.303538258105363,-5.962575023659108,7.735601222008053,0.027292364283259367,0.19568971168128424,0.0054796521514741525,0.9802706957806219,-0.7819836295771483,-0.13949863146022537,-1.1884500565928748,0.009978188795249109,-0.5657915031534851,0.02005622727643059,0.0,0.0,0.0,0.0,nan,nan,0.0,0.0,0.0,0.0,0.0
13.62,-4.216559294459787,-6.086496641551821,7.727257740457553,0.017133803817699383,0.18691353863094362,-0.001951057392414446,0.9822250023381845,-0.9161870529273143,-0.12361511403145345,-1.2612795563562051,0.13595019030038338,0.18245510546285348,0.013830094629894638,-4.330673398609147,-5.964019254038179,7.720755413003782,0.029394941949316904,0.19652984126413037,0.0059149556358918335,0.9800392707337382,-0.7037335202519652,-0.1489578590737476,-1.184465640559344,-0.0060103284683507945,-0.6654527041266179,0.015838029932070487,0.0,0.0,0.0,0.0,nan,nan,0.0,0.0,0.0,0.0,0.0
13.64,-4.242160710744855,-6.088204549771785,7.710103234656112,0.01853149839839855,0.18884652777362587,-0.0020410600052969932,0.9818296219757328,-0.8342965873604875,-0.13284399540098113,-1.2677383562107822,0.14198503485728806,0.2099986505585605,0.013983056222432007,-4.357834178613624,-5.96540193763381,7.705950686996115,0.03149736177343616,0.19736891554123162,0.0063502273587886385,0.9798025831726935,-0.6254834109267751,-0.15841708668727067,-1.1804812245258125,-0.021998845731952127,-0.7651139050997599,0.01161983258771,0.0,0.0,0.0,0.0,nan,nan,0.0,0.0,0.0,0.0,0.0
13.66,-4.267463309010714,-6.090129929997867,7.691562631346126,0.020048352306321075,0.19109773567299365,-0.0021375061018156223,0.9813639233526578,-0.7472282649922196,-0.14316885733042845,-1.2599726957877273,0.14505553241641866,0.2249864320990088,0.014423776423634894,-4.3782300276408,-5.968047901825134,7.688153702297039,0.03042718700714037,0.18616086956629493,0.006042343420269054,0.9820294328680506,-0.5796437662896219,-0.16983801844740276,-1.1877693766091209,-0.04883788458489913,-0.8616601928128348,0.006121270093591388,0.0,0.0,0.0,0.0,nan,nan,0.0,0.0,0.0,0.0,0.0
13.68,-4.289996712822249,-6.092104694587649,7.673526883479838,0.021502098543446924,0.19333296999369157,-0.002224017511653618,0.9808950383286451,-0.6637018969595544,-0.1535180110899427,-1.248568666116708,0.14308945533075534,0.22551778385612517,0.015014724520463481,-4.394937695889227,-5.971361593079613,7.668488085454899,0.027884125542175883,0.16934242218823184,0.0053897206658390885,0.9851479942127046,-0.5487736004924483,-0.18216500598290364,-1.2002640097324735,-0.08068847309928806,-0.9567677900108668,3.1343075660937234e-05,0.0,0.0,0.0,0.0,nan,nan,0.0,0.0,0.0,0.0,0.0
13.7,-4.310957875750829,-6.094231375347768,7.6552072147540144,0.02289519200541927,0.19533477535887647,-0.002296443533111454,0.9804666552543393,-0.5803973069578514,-0.16417964793435408,-1.2360155728751914,0.13491368099782647,0.1772269999634557,0.015842108167459082,-4.410968419397436,-5.974756597246433,7.648280337823806,0.0253327133762365,0.15247326036592634,0.004735483805004726,0.9879715247412318,-0.5179034346952747,-0.19449199351840457,-1.2127586428558261,-0.11253906161367697,-1.0518753872088986,-0.006058583942269513,0.0,0.0,0.0,0.0,nan,nan,0.0,0.0,0.0,0.0,0.0
13.72,-4.329519958036527,-6.096388649963222,7.637271739706616,0.024173179607490568,0.1965001059955569,-0.0023655152998702193,0.9802029229036021,-0.5030202554424397,-0.17468119130543197,-1.2465564594440715,0.1333928870682569,0.06835152380621809,0.016726864923441977,-4.426304187381453,-5.97823664237523,7.627554346410766,0.02277371460285719,0.13555843605361018,0.0040798287677542185,0.9904991788664506,-0.4870332688980983,-0.20681898105390653,-1.2252532759791799,-0.14438965012806873,-1.146982984406939,-0.012148510960200507,0.0,0.0,0.0,0.0,nan,nan,0.0,0.0,0.0,0.0,0.0
13.74,-4.34867710647398,-6.098916566206907,7.616430923906919,0.02559520115086056,0.1962367156353692,-0.0024722722246360365,0.9802193249394432,-0.42164527245340777,-0.1869144329644335,-1.2771330005989514,0.13674569145002452,-0.11407269249572047,0.01784414573885633,-4.4409278214924015,-5.981805354651446,7.606334618988153,0.020207895587600756,0.11860301488046163,0.003422951908789591,0.9927301996098514,-0.45616310310092467,-0.21914596858940744,-1.2377479091025325,-0.17624023864245764,-1.242090581604971,-0.018238437978130954,0.0,0.0,0.0,0.0,nan,nan,0.0,0.0,0.0,0.0,0.0
13.76,-4.364973480306037,-6.1013175386139755,7.596217223519172,0.026938950954034133,0.19432596749147069,-0.0026140142945117947,0.9805635513363059,-0.3533103301667025,-0.19877281781242173,-1.32647840572203,0.14532482167425706,-0.28622986375399767,0.018912994343412537,-4.4548229963931805,-5.985466254052797,7.584646254737677,0.017636024738546318,0.10161207463354871,0.00276504994872224,0.9946639188282987,-0.42529293730375106,-0.2314729561249083,-1.2502425422258854,-0.20809082715684657,-1.337198178803003,-0.02432836499606141,0.0,0.0,0.0,0.0,nan,nan,0.0,0.0,0.0,0.0,0.0
13.78,-4.381144918319935,-6.103959638341482,7.573395869455946,0.028426453666130454,0.1906054693913488,-0.0028145527445053876,0.9812510229614638,-0.2875873463156047,-0.2121017806790107,-1.3767760081453702,0.15155944035410648,-0.45527760527851224,0.01998489626347718,-4.467974259313349,-5.9892227501329565,7.562514914185969,0.015058872276168379,0.08459070373714596,0.0021063199151595416,0.9962997574141225,-0.39442277150657745,-0.24379994366040925,-1.2627371753492382,-0.2399414156712355,-1.4323057760010347,-0.030418292013991856,0.0,0.0,0.0,0.0,nan,nan,0.0,0.0,0.0,0.0,0.0
13.8,-4.39633936124836,-6.106724762859422,7.548982061473243,0.02996580383691178,0.1854762212746074,-0.0030566345868345834,0.9821869877610389,-0.2282623126054123,-0.22627360848367717,-1.4272033859180369,0.15728610558856165,-0.5732487217046317,0.020828533169383448,-4.480367048558844,-5.993078137937503,7.539966788467748,0.012477210002671792,0.06754399972885712,0.001446959083699165,0.9976372254685505,-0.36355260570940107,-0.25612693119591123,-1.275231808472592,-0.27179200418562727,-1.527413373199075,-0.03650821903192285,0.0,0.0,0.0,0.0,nan,nan,0.0,0.0,0.0,0.0,0.0
13.82,-4.410499479098302,-6.109633027076512,7.523210879473908,0.031579307040881376,0.17941319399655775,-0.0033345449095722856,0.983261172831012,-0.17440650505436173,-0.2412593159742492,-1.459548341443378,0.16818163139146955,-0.6467391982352524,0.021359223878319067,-4.491987710954342,-5.997035594057034,7.517028567953435,0.009891811070854354,0.050477067733017064,0.000787164918849473,0.9986759224484213,-0.33268243991222746,-0.2684539187314121,-1.2877264415959446,-0.3036425927000162,-1.622520970397107,-0.0425981460498533,0.0,0.0,0.0,0.0,nan,nan,0.0,0.0,0.0,0.0,0.0
13.84,-4.423567872186883,-6.1127074390391805,7.496344498205693,0.033334938061697954,0.17283867186099044,-0.003651311386144206,0.984379115655606,-0.1250499807223645,-0.2572988258089542,-1.4820935673116074,0.18390667668981234,-0.6814235408077839,0.02151612734515118,-4.502651448688956,-6.001233071878911,7.492824095635715,0.0065747701499293916,0.03334153738221115,0.00029743321027172066,0.999422346065942,-0.3246383044884651,-0.27286758965719315,-1.3072286110441906,-0.3246874005256668,-1.61495781296837,-0.04365292555878279,0.0,0.0,0.0,0.0,nan,nan,0.0,0.0,0.0,0.0,0.0
13.86,-4.435450407809058,-6.1159826185211195,7.46877635387594,0.03522174421545249,0.16600085462793515,-0.004000357484598502,0.9854882760019075,-0.07930503965843477,-0.2743074523456265,-1.4819044483029353,0.19790003321492283,-0.7004199816545864,0.021317265343740413,-4.511964262316328,-6.006020164376238,7.465844204243318,0.0012627610956293378,0.016049236154284382,0.00027336507705677255,0.9998703679601741,-0.3790237714278003,-0.25563819776231117,-1.3458965179926214,-0.316178204409985,-1.3265883006539125,-0.03093648634574692,0.0,0.0,0.0,0.0,nan,nan,0.0,0.0,0.0,0.0,0.0
13.88,-4.446112573977314,-6.119486575155874,7.440761496613552,0.03722152299969478,0.15894691510200448,-0.0043795010669381955,0.9865755198541794,-0.03695544045217952,-0.2923345437997454,-1.4781011914667355,0.20001753485293197,-0.7338368909850809,0.020916486672366535,-4.52033871482965,-6.011095738291119,7.438610651659815,-0.004049661440226334,-0.0012483202744471504,0.0002492074325181235,0.9999909898765925,-0.4334092383671403,-0.23840880586742763,-1.3845644249410558,-0.3076690082943025,-1.0382187883394292,-0.018220047132709923,0.0,0.0,0.0,0.0,nan,nan,0.0,0.0,0.0,0.0,0.0
13.9,-4.45730186217993,-6.1240286356884726,7.406784111535912,0.03931986756453848,0.14938368497411494,-0.004835561586169387,0.9879853642754066,0.007121017187148193,-0.31402167138232423,-1.4698154957416474,0.1476794521455981,-0.9033598895218997,0.02030438804626583,-4.527766623499928,-6.016462223300569,7.41115912523211,-0.009360757945119765,-0.018545467950159523,0.00022496818689348407,0.9997841723184645,-0.48779470530647545,-0.2211794139725456,-1.4232323318894866,-0.2991598121786207,-0.7498492760249713,-0.005503607919674049,0.0,0.0,0.0,0.0,nan,nan,0.0,0.0,0.0,0.0,0.0
13.92,-4.464665140480219,-6.1276735558819455,7.380851127753769,0.04026011326514998,0.14022393662559804,-0.005166899752970394,0.9892874577310885,0.031168587491801847,-0.32911624216187996,-1.4823349059019941,0.06438686673542551,-1.1565930477965545,0.019991410365988005,-4.536071740791026,-6.021388608787652,7.381119822915333,-0.010808675137817643,-0.018813461276016744,0.00019882589011534902,0.9997645656277514,-0.4941229246011453,-0.21287414100622126,-1.469842372826521,-0.24111931706612474,-0.45580101129992556,-0.002202485892590619,0.0,0.0,0.0,0.0,nan,nan,0.0,0.0,0.0,0.0,0.0
13.94,-4.471594044331581,-6.131736380388207,7.352895828636402,0.04022004996194065,0.12769711768720748,-0.005491705025779169,0.9909821566967532,0.04391236087134226,-0.3423241905339714,-1.5052918667457529,-0.058895928147946815,-1.4900599028235828,0.019698306928037937,-4.544853901421952,-6.026224253832423,7.350627788881753,-0.0114608707823447,-0.015573321602500117,0.0001722986885934614,0.9998130277248529,-0.49054998309909714,-0.20640749053309526,-1.5180887194103474,-0.17287396462463833,-0.16058276195242027,-0.0008411871799737958,0.0,0.0,0.0,0.0,nan,nan,0.0,0.0,0.0,0.0,0.0
13.96,-4.478105674607217,-6.136229434634557,7.322558750524069,0.038919670857027105,0.11115804256083273,-0.0058132899553840775,0.993023340337134,0.04064230619583775,-0.35228999867624455,-1.5485397442735462,-0.18186805580680232,-1.820179464420401,0.019136242782994,-4.553834153561684,-6.031098287287422,7.320199630586549,-0.012112941194893416,-0.012333011760597961,0.00014576960437818294,0.9998505649484549,-0.4869770415970487,-0.19994084005996868,-1.5663350659941782,-0.10462861218314584,0.13463548739511128,0.0005201115326431487,0.0,0.0,0.0,0.0,nan,nan,0.0,0.0,0.0,0.0,0.0
13.98,-4.483938240701137,-6.140928602316897,7.291210443390108,0.0363654727442932,0.09170452708896705,-0.006117834243911168,0.9951032128415811,0.01987178831040398,-0.3575938916680621,-1.5935337041608106,-0.3059372618719989,-2.061099416634014,0.017980971986285177,-4.562828691449103,-6.0358546720262325,7.288606133229458,-0.01274846799991948,-0.009166870769837077,0.00011466388228084529,0.9998767083476533,-0.4815944095028321,-0.1931222690236718,-1.6126320025119922,-0.06258407405341383,0.31245228402044495,0.001198893716734984,0.0,0.0,0.0,0.0,nan,nan,0.0,0.0,0.0,0.0,0.0
14.0,-4.489214045028418,-6.145815761162251,7.258832328878497,0.03261158778642112,0.07041004924661551,-0.006393227021199674,0.9969644105761214,-0.016527752982281346,-0.3576777860297126,-1.6407050388676245,-0.41260105572123984,-2.1976788838924635,0.016089855115610202,-4.57173972510273,-6.040406784059942,7.255154241095714,-0.01335826238002219,-0.006116563129822909,7.641916274140819e-05,0.9998920634957439,-0.47338835555145686,-0.18575464268789982,-1.6558875312815626,-0.06141721530340571,0.3071030581707545,0.0008128352629581682,0.0,0.0,0.0,0.0,nan,nan,0.0,0.0,0.0,0.0,0.0
14.02,-4.493799314557342,-6.150622183844133,7.22731113389024,0.02821150835425848,0.04928104132890781,-0.006642761153297773,0.9983643440579076,-0.06326453037198199,-0.3532296247291192,-1.6703976270091325,-0.4833873858948737,-2.248255472527781,0.01372783947882801,-4.580855355527099,-6.044998147612018,7.2217628949897215,-0.013967927479872489,-0.003066196294173648,3.817370362309719e-05,0.9998977417641121,-0.4651823016000815,-0.1783870163521279,-1.6991430600511328,-0.06025035655339759,0.301753832321064,0.0004267768091813523,0.0,0.0,0.0,0.0,nan,nan,0.0,0.0,0.0,0.0,0.0
14.04,-4.498492530356652,-6.156107198044248,7.191970716890926,0.022551779547360425,0.025920572114643034,-0.006905601062983305,0.9993857382684905,-0.12487462276408468,-0.34345517872263676,-1.6831940942772452,-0.5576777943570943,-2.2011652562631743,0.010768920873332546,-4.59017521598546,-6.049628654267048,7.188433389424448,-0.014577457399177674,-1.579978410868888e-05,-7.212493742866035e-08,0.9998937430978038,-0.4569762476487062,-0.1710193900163559,-1.7423985888207034,-0.059083497803389465,0.29640460647137357,4.0718355404536454e-05,0.0,0.0,0.0,0.0,nan,nan,0.0,0.0,0.0,0.0,0.0
14.06,-4.502727231866772,-6.161477909313038,7.158247809538328,0.01662996358186097,0.004404830207190839,-0.007150133224058225,0.9998264436275878,-0.1895643833863188,-0.33008690906779314,-1.6730063065665675,-0.593800240962284,-2.1072015102569104,0.007871698339955976,-4.599025764479666,-6.053865256040259,7.152487837901719,-0.015150287214869962,0.0028650989798036488,-4.729672922459718e-05,0.9998811218180701,-0.44476526204315814,-0.16287460680778204,-1.7806765132688822,-0.058007346335893745,0.29138302683737044,-0.00028166318721164644,0.0,0.0,0.0,0.0,nan,nan,0.0,0.0,0.0,0.0,0.0
14.08,-4.50689057101472,-6.166956647804943,7.124830854078666,0.010337188496415914,-0.01585108528371086,-0.007398584608707028,0.9997935519771598,-0.25716915197452733,-0.3134291636975275,-1.6467967363881304,-0.6297163657269899,-1.951472575631943,0.004945844962405736,-4.608050089544303,-6.05811961026963,7.116463557049482,-0.015721144596578834,0.005737432776954603,-9.497333407460992e-05,0.9998599494218023,-0.4323524833013351,-0.15469066564689338,-1.8187036353379191,-0.05693576526025543,0.2863779560387642,-0.0006008362946481149,0.0,0.0,0.0,0.0,nan,nan,0.0,0.0,0.0,0.0,0.0
14.1,-4.510933292197616,-6.172216354567193,7.093514173940587,0.004203950188025664,-0.03345371145279913,-0.00764368002187407,0.9994021963897081,-0.32177099105824725,-0.29517730934222136,-1.6170661282917205,-0.6328803676148209,-1.7694355616421986,0.002163390590255644,-4.617281893671959,-6.062413444778828,7.08049657828481,-0.01629186710814584,0.00860971735323822,-0.00014264912415779945,0.9998301993260932,-0.419939704559512,-0.1465067244860047,-1.856730757406956,-0.055864184184617104,0.28137288524015797,-0.0009200094020845834,0.0,0.0,0.0,0.0,nan,nan,0.0,0.0,0.0,0.0,0.0
14.12,-4.515430546879644,-6.177757350748732,7.060991057749258,-0.0022854650942117673,-0.049847033163108796,-0.007920141193638722,0.9987228450864694,-0.3883659346390185,-0.27391726483653317,-1.5870753898121803,-0.6357728833173477,-1.525707598243642,-0.0005221040941114502,-4.626239948356206,-6.066485382091998,7.043320446248448,-0.016844398639810968,0.011396421142519264,-0.00019418491337716353,0.999793153663209,-0.40556695266914156,-0.13794202297617617,-1.891973095725985,-0.05483703753192868,0.27653367729042705,-0.0012103284020288842,0.0,0.0,0.0,0.0,nan,nan,0.0,0.0,0.0,0.0,0.0
14.14,-4.520813723377884,-6.183793312789973,7.0256043689823455,-0.00922983257167694,-0.06484674440641186,-0.008248360539870771,0.9978184576760407,-0.457704253560916,-0.24873767099032484,-1.5607752756464592,-0.6070675274401204,-1.2250453068329241,-0.0029555425162602345,-4.634950174005942,-6.070349179354819,7.004995977874461,-0.017379693401572905,0.014102012658602286,-0.00024937793590166965,0.9997494772726261,-0.38933700354442025,-0.12901652720366769,-1.924576677140307,-0.05385199527616706,0.27185163477147783,-0.0014733063291254523,0.0,0.0,0.0,0.0,nan,nan,0.0,0.0,0.0,0.0,0.0
14.16,-4.525925001905061,-6.188906979974679,6.99522166316972,-0.014925625012408336,-0.07495119709031334,-0.008557660559776397,0.9970387706696574,-0.5127810904695483,-0.22594143969925862,-1.5449111494769012,-0.575343435327852,-0.9260214561380167,-0.004627105909344856,-4.643868308155268,-6.074252365833149,6.966723352475671,-0.017914855873977877,0.01680749683411566,-0.0003045690602311908,0.9996981910691213,-0.3731070544197002,-0.12009103143115998,-1.9571802585546259,-0.05286695302040552,0.267169592252529,-0.001736284256221997,0.0,0.0,0.0,0.0,nan,nan,0.0,0.0,0.0,0.0,0.0
14.18,-4.531834115352626,-6.194146780745741,6.963278144100613,-0.020441418077200194,-0.08234158899163029,-0.00891179905311852,0.9963546512095799,-0.563873113055047,-0.2014315711931608,-1.535255531465842,-0.5205780738543762,-0.5825863322681358,-0.00590986725234776,-4.652907498115298,-6.078152809159571,6.928345023066006,-0.018447467716570992,0.01950118754390876,-0.00036020115689149127,0.9996395674813747,-0.3566178021298859,-0.11111495749358254,-1.9893656666540884,-0.05188778940226553,0.2625100931642149,-0.001995723141034724,0.0,0.0,0.0,0.0,nan,nan,0.0,0.0,0.0,0.0,0.0
14.2,-4.537987781661866,-6.198954045890501,6.9328792615720145,-0.025118972633044894,-0.08613883268121147,-0.009278942838563885,0.9959232098600662,-0.6044327379745357,-0.17810714879473316,-1.5313405549865526,-0.46264384283436316,-0.24350147646629622,-0.006579533500097157,-4.661083998070849,-6.081573117624952,6.888055238737829,-0.018950126090133267,0.02205064383587168,-0.0004213063106035139,0.9995771527643998,-0.33692557549003865,-0.10151413003503987,-2.016385698538935,-0.05098124011379674,0.25812905589127744,-0.0022114469340759205,0.0,0.0,0.0,0.0,nan,nan,0.0,0.0,0.0,0.0,0.0
14.22,-4.545425602798731,-6.204037187512908,6.89917867284619,-0.029539650729294657,-0.08658923259403589,-0.009721158766867286,0.9957586117658218,-0.6385746115065807,-0.15278396346683487,-1.5308872308438146,-0.3850387770262692,0.12740538362695877,-0.0065329957043989,-4.669466440688291,-6.085032379095058,6.847811126763784,-0.019452656360421344,0.024599951064991604,-0.0004824086162755033,0.9995079808836197,-0.3172333488501897,-0.09191330257649637,-2.0434057304237836,-0.050074690825327874,0.2537480186183396,-0.002427170727117136,0.0,0.0,0.0,0.0,nan,nan,0.0,0.0,0.0,0.0,0.0
14.24,-4.553137199286738,-6.208619631967066,6.867015713148971,-0.03290267904739824,-0.08354752494480287,-0.01016959176092105,0.9959085320402259,-0.6598390348937464,-0.12972668224867123,-1.5313641488684335,-0.3019763946787322,0.45862748175467444,-0.005753038651470435,-4.678054598024703,-6.0885305065123525,6.80761377559645,-0.019955055130319335,0.027149091997894458,-0.0005435076608545019,0.999432052306638,-0.29754112221034246,-0.0823124751179537,-2.07042576230863,-0.049168141536859084,0.2493669813454021,-0.0026428945201583324,0.0,0.0,0.0,0.0,nan,nan,0.0,0.0,0.0,0.0,0.0
14.26,-4.561018325462976,-6.212712331798076,6.836464247694948,-0.035347882129781946,-0.07771108993801344,-0.010621803643091076,0.9962924726288724,-0.6693072510485785,-0.10903491434339078,-1.5325236120638506,-0.23136726415334316,0.7495034553355732,-0.004384248803189356,-4.685977410168594,-6.091677584350431,6.766337540086756,-0.020438483222245472,0.029605310956285436,-0.0006075156610362137,0.9993525028194392,-0.27585111047450844,-0.07231936310631407,-2.0938094381716783,-0.04830684623785074,0.2451633490192324,-0.0028333056933388307,0.0,0.0,0.0,0.0,nan,nan,0.0,0.0,0.0,0.0,0.0
14.28,-4.569861782494816,-6.216723397306961,6.8043818949228365,-0.03711552818992621,-0.0687685577757384,-0.011118775373953494,0.9968799806710994,-0.6677940867437401,-0.08881679433000185,-1.5342494482482183,-0.14822073377771888,1.0203635533278008,-0.0023101277836512085,-4.693605081584564,-6.094640188670321,6.724458120803023,-0.020911020649930844,0.03200834595524864,-0.0006731845685077071,0.9992686034431003,-0.2530193181649936,-0.06210205136319134,-2.1151148521270686,-0.04747141464467907,0.24106110773972783,-0.003009250116475009,0.0,0.0,0.0,0.0,nan,nan,0.0,0.0,0.0,0.0,0.0
14.3,-4.580161728286513,-6.220764820829122,6.769257031413338,-0.03813730551265304,-0.05610801876807497,-0.011681821649161673,0.9976276716296079,-0.652844490318971,-0.06871517053205634,-1.5375598512878121,-0.06385716965555646,1.2682444558281476,0.0003699168135941622,-4.70143452344691,-6.0976409537793,6.682618672861946,-0.02138343241868569,0.03441118860900857,-0.0007388494306648063,0.9991786992415468,-0.23018752585547686,-0.05188473962006772,-2.136420266082461,-0.04663598305150732,0.23695886646022293,-0.0031851945396112035,0.0,0.0,0.0,0.0,nan,nan,0.0,0.0,0.0,0.0,0.0
14.32,-4.588955851489951,-6.2237745756721345,6.740689890568233,-0.03816176318932929,-0.043845820257741454,-0.01214608877419298,0.998235291103103,-0.630403174858267,-0.05445077429836305,-1.5413474416616357,0.01770398672272787,1.445302384223179,0.0027272793832260056,-4.709154452758005,-6.100548728776475,6.640540533851343,-0.021850329373697373,0.036786832881623356,-0.0008051924344799528,0.9990839022314111,-0.2067928317762555,-0.04155588894722159,-2.156574353601342,-0.04581328198340656,0.23290742352648505,-0.0033545076730413076,0.0,0.0,0.0,0.0,nan,nan,0.0,0.0,0.0,0.0,0.0
14.34,-4.599011446832283,-6.226806561278251,6.70914983052215,-0.03746464511919146,-0.02864414518624981,-0.012664089244054199,0.998807055519864,-0.59522842047594,-0.04089819723535308,-1.5472005776262672,0.08276533925877855,1.5851782929119977,0.005344879578431064,-4.715810681249241,-6.102962366803224,6.597363773143707,-0.022295253004810132,0.03905277376109124,-0.0008742999645416822,0.9989880070123908,-0.18111460509013677,-0.03077455651526748,-2.172057836761807,-0.045042225039852654,0.22906205505400734,-0.0034969195475226334,0.0,0.0,0.0,0.0,nan,nan,0.0,0.0,0.0,0.0,0.0
14.36,-4.609247338162936,-6.229518319801649,6.677825334311368,-0.03603869456479993,-0.012271036269833313,-0.013176288125883834,0.9991881802714407,-0.5502387330463598,-0.029878848647334894,-1.5538134903932368,0.15160200564041074,1.6797620560207105,0.008026821910379262,-4.7226630313149265,-6.105413237241727,6.554219802254055,-0.02274005743620654,0.041318505848151436,-0.000943402820231349,0.9988867707870562,-0.15543637840401803,-0.019993224083313364,-2.187541319922272,-0.04427116809629874,0.2252166865815296,-0.0036393314220039582,0.0,0.0,0.0,0.0,nan,nan,0.0,0.0,0.0,0.0,0.0
14.38,-4.620044567576763,-6.23203856164724,6.64515554537238,-0.03401059302307203,0.005514130002988485,-0.013695909228578818,0.9993124116125706,-0.4940532108081814,-0.02063232526514215,-1.5609900723965178,0.1903988156857019,1.7057150991635324,0.010804632734064928,-4.729711359854284,-6.107901270245367,6.511109543057078,-0.023184740289776733,0.04358401702925593,-0.001012500632096287,0.9987801940966586,-0.129758151717897,-0.009211891651358288,-2.2030248030827386,-0.043500111152744755,0.2213713181090515,-0.003781743296485296,0.0,0.0,0.0,0.0,nan,nan,0.0,0.0,0.0,0.0,0.0
14.4,-4.6302343811739215,-6.234147960167241,6.614232252790986,-0.03158807429211292,0.022513298001138403,-0.014165307965204224,0.9991469806919694,-0.4335495691423963,-0.014112603087800574,-1.566909009622558,0.2381192284039877,1.692585140576536,0.01336648816638153,-4.7356080576,-6.109885439563743,6.46722909296663,-0.023610240990824687,0.045752142312613424,-0.0010834957322670255,0.9986731817923017,-0.10212099835310953,0.0019620112679251418,-2.2140216236113157,-0.04277325121070194,0.21770476080784332,-0.0039026593930278674,0.0,0.0,0.0,0.0,nan,nan,0.0,0.0,0.0,0.0,0.0
14.42,-4.639707015887714,-6.235911802057946,6.5850007944495,-0.029054554940851456,0.03821805104471275,-0.01457499695759072,0.9987405983914036,-0.37136937532855024,-0.009598373857605716,-1.5712114160296144,0.24637765058796526,1.6206401587885257,0.015648004375876587,-4.741267195320297,-6.111734253087728,6.423119921084169,-0.02402958245973143,0.04788923011724356,-0.001155089131308274,0.9985629006600873,-0.07386248075124247,0.013260436081782553,-2.2235952914850983,-0.04206041039271526,0.21409492174332417,-0.004016757108972129,0.0,0.0,0.0,0.0,nan,nan,0.0,0.0,0.0,0.0,0.0
14.44,-4.649807148954288,-6.237616027279025,6.552831786667214,-0.026097544563919422,0.054599786567581195,-0.01497712629344622,0.998054841760962,-0.2992494182549408,-0.006163025877262571,-1.5731873726371677,0.26512408159050893,1.5067993042688688,0.018232200337605253,-4.74711527795143,-6.113619130588448,6.379036929333528,-0.02444880954111913,0.05002608995577268,-0.0012266770318028776,0.9984478660897717,-0.04560396314937539,0.024558860895639963,-2.233168959358881,-0.04134756957472859,0.21048508267880503,-0.004130854824916391,0.0,0.0,0.0,0.0,nan,nan,0.0,0.0,0.0,0.0,0.0
14.46,-4.658943519487507,-6.239026899452756,6.522304248224256,-0.023317845095584475,0.06876227320929673,-0.015292810253340878,0.997243279163988,-0.22929211631351132,-0.003971058305144659,-1.5722207514656337,0.24618013171999384,1.3427190968194787,0.020480233394778086,-4.752520983673108,-6.1152959426500155,6.334756966611008,-0.024860484830107984,0.05212417764112981,-0.0012988073584038087,0.9983302757598277,-0.016595633390406338,0.03600957096371987,-2.2408247206755902,-0.040651589939301375,0.20694415302396577,-0.004237271111214153,0.0,0.0,0.0,0.0,nan,nan,0.0,0.0,0.0,0.0,0.0
14.48,-4.667498949310513,-6.240256517066833,6.491867919603842,-0.02071003905417208,0.08118800377657992,-0.01553300520721609,0.9963625485105215,-0.15994234462400542,-0.00228415741269386,-1.5677600387313786,0.2333008322178024,1.1606164828680139,0.022705711367645695,-4.75677266398052,-6.116490821613297,6.290023539043035,-0.025256295010335907,0.05414038325969546,-0.0013720937050770896,0.9982129311032334,0.014001517575531908,0.047782967239437965,-2.244416516661759,-0.039991338458147986,0.20354923958188514,-0.004327410763148645,0.0,0.0,0.0,0.0,nan,nan,0.0,0.0,0.0,0.0,0.0
14.5,-4.675379946908032,-6.2413284661791,6.461507146385025,-0.018408823521758703,0.09164001325286275,-0.01568516399619285,0.9954984675116142,-0.09270175129917024,-0.0006909341824278895,-1.5606056593410362,0.19255110106373113,0.9527112808025249,0.024815016548493135,-4.761205069233389,-6.117720521706103,6.245308600996466,-0.025651998081358204,0.05615635927477251,-0.0014453742328499046,0.9980913531339521,0.044598668541470154,0.05955636351515606,-2.248008312647928,-0.0393310869769946,0.2001543261398045,-0.004417550415083136,0.0,0.0,0.0,0.0,nan,nan,0.0,0.0,0.0,0.0,0.0
14.52,-4.682170448981513,-6.242219582785277,6.432726700827388,-0.01659812822853347,0.09967176349162238,-0.01574231551654846,0.9947573680068705,-0.031780103492883405,0.0012019735988859914,-1.551327791004167,0.16090495421829948,0.7591013210100163,0.0267325273663557,-4.765818130448157,-6.118984990708367,6.200612909397347,-0.026047592365041117,0.05817209713682555,-0.001518648630947491,0.9979655423675831,0.0751958195074084,0.07132975979087415,-2.251600108634097,-0.03867083549584121,0.19675941269772387,-0.004507690067017628,0.0,0.0,0.0,0.0,nan,nan,0.0,0.0,0.0,0.0,0.0
14.54,-4.6885263592325686,-6.243039968422091,6.402483710304796,-0.015084736313396891,0.1060733598866903,-0.01571198650263027,0.9941197244461276,0.02837905599970575,0.003665765173509035,-1.540342855920918,0.11833564071444061,0.5426465064567991,0.02858720074497538,-4.7687042320375665,-6.119569737656692,6.155637247757671,-0.02642414267204224,0.06008784069555088,-0.001592832060615233,0.9978420110271066,0.10766212695041562,0.08348864044024787,-2.2498633519895916,-0.03805242767398886,0.1935366055244025,-0.004579900647888907,0.0,0.0,0.0,0.0,nan,nan,0.0,0.0,0.0,0.0,0.0
14.56,-4.694024811620785,-6.2437530437560955,6.372286595885358,-0.014014922623925907,0.11035810907026286,-0.015587914442240247,0.993670814017209,0.0836717665482812,0.006896542215031803,-1.5281896365162373,0.07948016687501674,0.3311149762535241,0.03019003338133308,-4.77150731467155,-6.120092482729364,6.11063279359375,-0.02679806058596358,0.061990017196230845,-0.001667131845765644,0.997715551842433,0.14037837970663408,0.09569906841254203,-2.247414056415061,-0.03743961522451864,0.19033681255870755,-0.004649713736983873,0.0,0.0,0.0,0.0,nan,nan,0.0,0.0,0.0,0.0,0.0
14.58,-4.698637253042045,-6.244368491237114,6.342125585584173,-0.01337305053823157,0.11253976605068321,-0.015375171312885827,0.993438255093722,0.1334454012610175,0.010958257021101432,-1.5159983730209294,0.036193793794366665,0.12404491997838193,0.03154736228648883,-4.774481890292034,-6.120648646662948,6.065639749566777,-0.02717187721386999,0.06389195939929104,-0.0017414253298204739,0.9975853216896359,0.1730946324628496,0.10790949638483509,-2.24496476084053,-0.036826802775048476,0.1871370195930129,-0.004719526826078832,0.0,0.0,0.0,0.0,nan,nan,0.0,0.0,0.0,0.0,0.0
14.6,-4.702348530455242,-6.244892257476054,6.312009756167009,-0.013243126653807464,0.112856528418389,-0.015070086679914187,0.9934087356557927,0.17770499034264944,0.0162485248403166,-1.5031750973008482,-0.015383994822253244,-0.050196925481627075,0.032623115068824704,-4.776586323159792,-6.12085780074064,6.020670025009515,-0.027536756124066843,0.06574635405304931,-0.0018159195138975036,0.9974546838965738,0.20666215369672966,0.1202985293611416,-2.2398146736051,-0.03623293099437866,0.18401532224837935,-0.004781664971011901,0.0,0.0,0.0,0.0,nan,nan,0.0,0.0,0.0,0.0,0.0
14.62,-4.705276822928216,-6.245345228186065,6.280441374389841,-0.013653959001540556,0.11142291747963862,-0.014657917761522851,0.9935711591581181,0.2183944882206707,0.023334976342106153,-1.4904671448374045,-0.06192131121185525,-0.2135530504147628,0.033271118600463764,-4.7775479674336845,-6.1206219966484605,5.975720091719958,-0.027890452260519366,0.06754115642261506,-0.0018906674906319807,0.9973247917495279,0.24129791380610877,0.1329116899935893,-2.231275419822929,-0.035662827459886574,0.18099162545305847,-0.00483417199023536,0.0,0.0,0.0,0.0,nan,nan,0.0,0.0,0.0,0.0,0.0
14.64,-4.707083045047827,-6.245666456794644,6.251940291262755,-0.014435869886047977,0.1088368982484263,-0.014219238487571657,0.993853081947794,0.25042427834935616,0.03102530514025046,-1.4790420788450966,-0.10083527980272786,-0.32986204536617336,0.033520149189449816,-4.778671143379431,-6.1204181674938996,5.9307737482036496,-0.02824405443750414,0.06933573125441819,-0.001965409097942638,0.9971915397391938,0.275933673915491,0.1455248506260381,-2.2227361660407574,-0.03509272392539444,0.17796792865773736,-0.004886679009458824,0.0,0.0,0.0,0.0,nan,nan,0.0,0.0,0.0,0.0,0.0
14.66,-4.7081741240207755,-6.245916698527633,6.22051391549517,-0.015715804680768258,0.1047883119977371,-0.01367232797579841,0.9942763653027377,0.28084481682184065,0.04098580530724962,-1.4677558858897128,-0.1380557806221758,-0.4388735044203492,0.03343781450329416,-4.779943403119779,-6.120241829882467,5.885833526175725,-0.028597470359294483,0.07112957666709042,-0.002040143987630311,0.9970549663006144,0.310577974302009,0.15813983743928645,-2.2141667850404256,-0.03452280881544906,0.17494500721386702,-0.004939113280279906,0.0,0.0,0.0,0.0,nan,nan,0.0,0.0,0.0,0.0,0.0
14.68,-4.7083633547908414,-6.246042602061272,6.190672266459715,-0.017316057557456223,0.10010694361610349,-0.013101843185242823,0.9947397125357257,0.3055657517706634,0.051952022813074164,-1.4572702263750716,-0.17513560272023376,-0.5013947248815779,0.03299986356303114,-4.778852830396816,-6.119196016794391,5.841283764167039,-0.02893234764567169,0.07282279478633115,-0.002114852864151114,0.9969229093649021,0.3469515810786867,0.17112460453914147,-2.199496994178044,-0.03399104747585108,0.17207908538443153,-0.0049768168491509,0.0,0.0,0.0,0.0,nan,nan,0.0,0.0,0.0,0.0,0.0
14.7,-4.7076630022589665,-6.2460388522786,6.157958692356015,-0.01945457862334669,0.09441730176399278,-0.01243392456860315,0.9952649345867748,0.3288830764997102,0.06572359265243641,-1.4467509524086537,-0.20525610552963144,-0.5360493230991222,0.032263657458000014,-4.777913188194219,-6.118180658589844,5.796729858736005,-0.029267138072776908,0.07451579428055681,-0.002189555391564599,0.9967878595162333,0.3833251878553643,0.18410937163899646,-2.1848272033156624,-0.0334592861362531,0.169213163554996,-0.005014520418021893,0.0,0.0,0.0,0.0,nan,nan,0.0,0.0,0.0,0.0,0.0
14.72,-4.706505427767805,-6.2459210383009145,6.1327734181441755,-0.021316815092130997,0.0899158864945131,-0.011901619078927438,0.9956500781969204,0.34484389384784014,0.0774938080858262,-1.438690959012839,-0.2257238214679248,-0.5330645525913089,0.03159271396534745,-4.77712449571365,-6.117195727906596,5.752172342595285,-0.02960184063551882,0.07620857006712776,-0.002264251345602518,0.9966498171600479,0.41969879463204507,0.19709413873885262,-2.170157412453279,-0.032927524796655075,0.16634724172556026,-0.005052223986892888,0.0,0.0,0.0,0.0,nan,nan,0.0,0.0,0.0,0.0,0.0
14.74,-4.7043800480970415,-6.245619903513776,6.101779126943976,-0.023793868159808766,0.08453085705878119,-0.011240026719297637,0.9960733144915845,0.36297145100914097,0.09328549406498193,-1.429399720680198,-0.23811339652218366,-0.49861533213726655,0.03062150291732857,-4.774947972307536,-6.11570147937968,5.708040092966782,-0.029926657704009575,0.07784689924988672,-0.0023386920938518476,0.9965133144896435,0.4569628708476997,0.2102733021643615,-2.1519963543646816,-0.03241517863323621,0.16356062570905222,-0.0050827106271962436,0.0,0.0,0.0,0.0,nan,nan,0.0,0.0,0.0,0.0,0.0
14.76,-4.701835103133308,-6.245182214271122,6.073854858063543,-0.026109407971203296,0.08011567809434267,-0.010654575297898459,0.9963866001528212,0.3788017881821681,0.1085296223318793,-1.421032826475746,-0.24550176580562555,-0.44377029791941985,0.029652390835320647,-4.7717354325494545,-6.113823164523873,5.664226087428116,-0.030243891305193393,0.07944349991348475,-0.0024129362177467786,0.9963775464647048,0.494908784623792,0.22360131597219696,-2.1311620129222,-0.03191769878165466,0.16083473460869302,-0.005107671223872469,0.0,0.0,0.0,0.0,nan,nan,0.0,0.0,0.0,0.0,0.0
14.78,-4.698559025526759,-6.244533806669682,6.044578313867962,-0.028592660699957032,0.07609687382571247,-0.010060566863066616,0.9966396091579165,0.39553293602769757,0.1255047110090383,-1.4124909558140688,-0.2476212847096776,-0.3679181752345569,0.02861125290945521,-4.7686627635457075,-6.111973702365466,5.620400823542371,-0.030561044042801626,0.08103988816772728,-0.0024871738901355777,0.9962391144091947,0.5328546983998843,0.2369293297800324,-2.1103276714797183,-0.0314202189300731,0.1581088435083338,-0.005132631820548695,0.0,0.0,0.0,0.0,nan,nan,0.0,0.0,0.0,0.0,0.0
14.8,-4.694705141987102,-6.243673672217874,6.015432279440327,-0.031079898484462465,0.07303821188485753,-0.009502882573651398,0.9967994556266822,0.4134486053220693,0.1433123499244704,-1.4027492339384926,-0.2486297701888024,-0.25660698968342033,0.02768066538503975,-4.765360098971114,-6.110025305367715,5.576708707943847,-0.03087604517345203,0.08262440830688297,-0.0025613021683969866,0.9960990496519845,0.5709822177524105,0.25029788722585805,-2.0887019487019036,-0.030926632234068337,0.1553986302757367,-0.005156178713531464,0.0,0.0,0.0,0.0,nan,nan,0.0,0.0,0.0,0.0,0.0
14.82,-4.690302375392521,-6.242582971988283,5.986415535359612,-0.03351730986815364,0.07110584645884575,-0.008992080064330485,0.9968649311891206,0.43344872835907494,0.16181960980614862,-1.392888739962801,-0.2394139086959276,-0.1412526727891493,0.02679954343309561,-4.7596658163425225,-6.107232679148056,5.53398386694509,-0.03117683955861442,0.08412918730024051,-0.0026347226849824062,0.9959635248118832,0.6103493981044654,0.2639432003076164,-2.0616741639585365,-0.03045962067539453,0.15279543601030388,-0.005170075499022368,0.0,0.0,0.0,0.0,nan,nan,0.0,0.0,0.0,0.0,0.0
14.84,-4.685370087034395,-6.241243116077765,5.957529383905556,-0.035829191404603056,0.07041220558625547,-0.008539073303839058,0.9968377373348598,0.45621590794892675,0.1807679813421555,-1.38151438606921,-0.22567747623207163,-0.012442290453430108,0.02611630981174176,-4.754099943798637,-6.1044672785136616,5.4912403378865,-0.03147755978671348,0.08563376618436445,-0.0027081369346305816,0.9958256309782847,0.6497165784565203,0.27758851338937485,-2.0346463792151694,-0.029992609116720727,0.15019224174487109,-0.005183972284513274,0.0,0.0,0.0,0.0,nan,nan,0.0,0.0,0.0,0.0,0.0
14.86,-4.679917622401653,-6.23963675910827,5.928773059124792,-0.037934824048894714,0.07093833440127847,-0.008149024086231691,0.996725787387481,0.48216394635272514,0.19988514141784486,-1.3692175309721066,-0.20264657247170587,0.10756760368262659,0.02571959738830329,-4.748662542292262,-6.101729090351779,5.4484785249610095,-0.031778205142457695,0.08713814138047155,-0.0027815447427187727,0.9956853684791823,0.6890837588085751,0.2912338264711332,-2.007618594471803,-0.02952559755804692,0.14758904747943827,-0.005197869070004179,0.0,0.0,0.0,0.0,nan,nan,0.0,0.0,0.0,0.0,0.0
14.88,-4.673630767951635,-6.237645525766142,5.898729715555292,-0.03991422159532334,0.07287369860060836,-0.007810619002283293,0.9965115519639037,0.5134005887103883,0.21999256220721364,-1.3536810058146158,-0.18151268086689917,0.2469971852053258,0.025588427967913562,-4.741233197500798,-6.098296145962652,5.406728444749053,-0.032068281866784995,0.08858219727453985,-0.002854168955067089,0.9955484284271172,0.7293353962667164,0.3050813912310586,-1.9763050074114683,-0.029077085957693864,0.14505861471022463,-0.005205068122841077,0.0,0.0,0.0,0.0,nan,nan,0.0,0.0,0.0,0.0,0.0
14.9,-4.667095887498666,-6.23544438911718,5.87026566007199,-0.0415502853572011,0.07593275146293586,-0.007554960481196874,0.9962182058234685,0.5471721191383268,0.2390267129660447,-1.3372463212578436,-0.15778082652040926,0.35511370728092717,0.025578076016696673,-4.732966178554855,-6.0945634517686,5.36541811238271,-0.0323535578038459,0.08999895553809181,-0.0029264366512106363,0.9954119103506911,0.7699858700666651,0.3190201591922347,-1.9430587842672984,-0.02863691671295039,0.14256099294877772,-0.0052092469057612315,0.0,0.0,0.0,0.0,nan,nan,0.0,0.0,0.0,0.0,0.0
14.92,-4.66037235189356,-6.233066365433858,5.843369405905355,-0.04290543234536161,0.07987035761530308,-0.007369032840847493,0.9958541796893016,0.5829479067364881,0.25698249575881826,-1.319100054615946,-0.13631539487271035,0.46340536033736685,0.025712944700787096,-4.724815915159436,-6.090856304870532,5.32408228728053,-0.032638765395758426,0.0914155236836973,-0.0029986981654143686,0.9952732895202145,0.8106363438666135,0.3329589271534107,-1.9098125611231285,-0.028196747468206912,0.14006337118733087,-0.005213425688681386,0.0,0.0,0.0,0.0,nan,nan,0.0,0.0,0.0,0.0,0.0
14.94,-4.652724246357813,-6.230251503431374,5.815206633549624,-0.0440171741494236,0.08497414708045777,-0.007237349369082851,0.9953840984675,0.6245290926799419,0.2754172268996733,-1.298600407424387,-0.10335160749319534,0.5509500813000929,0.025908740582773232,-4.715967715923922,-6.0869004509355396,5.283189298675959,-0.03292030049548404,0.0928108818344092,-0.0030705974418821632,0.9951346468994817,0.8515768450322856,0.3469657297126122,-1.8750021954110458,-0.0277624284620323,0.13758791374994858,-0.005215431758096613,0.0,0.0,0.0,0.0,nan,nan,0.0,0.0,0.0,0.0,0.0
14.96,-4.644021482274092,-6.22694332986911,5.785809256220077,-0.044923368904439105,0.09125771645160591,-0.007159743382728368,0.9947877452949487,0.6723494745756763,0.2943221299083071,-1.2738310075289816,-0.08082493393195612,0.6381095668119234,0.02609174404802658,-4.704792861404739,-6.082149134485782,5.243665758783117,-0.03319099721339858,0.09414322207390094,-0.003141426624651246,0.9950002728041265,0.8933844647428232,0.3611759408760099,-1.8355153846881174,-0.027345600392763812,0.13517872280567036,-0.005210941888178335,0.0,0.0,0.0,0.0,nan,nan,0.0,0.0,0.0,0.0,0.0
14.98,-4.63551198914363,-6.2236339882584435,5.759360568012729,-0.04546260252441735,0.09754568646548838,-0.00713963828856665,0.9941664932941524,0.718996993897019,0.31086912981010806,-1.250117175499174,-0.052349641633976096,0.6834093690568437,0.02633700019080007,-4.693722873023293,-6.077421660504129,5.204109862456795,-0.03346163181501244,0.09547538612619787,-0.003212249928301975,0.9948640365852653,0.935192084453357,0.3753861520394063,-1.796028573965192,-0.026928772323495366,0.13276953186139234,-0.005206452018260057,0.0,0.0,0.0,0.0,nan,nan,0.0,0.0,0.0,0.0,0.0
15.0,-4.625852929886358,-6.219823050041504,5.731673299829438,-0.04584818387756951,0.10459181618335832,-0.00715241063570068,0.9934321008728746,0.7711106582764117,0.32784278728866845,-1.2224345254374362,-0.03831481798475191,0.7248794850854097,0.02665327220780362,-4.682757841171232,-6.072718027981322,5.164521903368645,-0.03373220379383828,0.09680737149818122,-0.003283067220289931,0.9947259384978614,0.9769997041638908,0.3895963632028027,-1.7565417632422669,-0.026511944254226913,0.13036034091711435,-0.00520196214834178,0.0,0.0,0.0,0.0,nan,nan,0.0,0.0,0.0,0.0,0.0
15.02,-4.6148800200663915,-6.21545918942806,5.7027609078762325,-0.04602344918965848,0.11224006097414539,-0.007197598942635333,0.9925886385641677,0.8287447508228261,0.3451021064173993,-1.192186709869842,-0.0175959258646764,0.7354255232188102,0.02694162981979939,-4.669113030740864,-6.067111147844478,5.1267197703130565,-0.03399163185505218,0.09807334254016514,-0.003352505057165527,0.9945928559750827,1.0196533218561936,0.4040104277329596,-1.7119707196546394,-0.03348390450038797,0.11111848624928124,-0.006688630038804398,0.0,0.0,0.0,0.0,nan,nan,0.0,0.0,0.0,0.0,0.0
15.04,-4.603580494195313,-6.210958835799337,5.675372961600557,-0.04611942302645826,0.11958316275401489,-0.0072489312874544146,0.9917259293779925,0.8859067502832007,0.3612521872370922,-1.1611646883584574,-0.01570125061227605,0.7360537219689032,0.027037841497070135,-4.6549178094365535,-6.061311987722073,5.089300139997253,-0.034248438755112055,0.09932391452626904,-0.0034216194769685743,0.9944597010267286,1.0625027189254275,0.4184716676535899,-1.6662230917679053,-0.042165765247312935,0.08798124591043169,-0.008520379056556707,0.0,0.0,0.0,0.0,nan,nan,0.0,0.0,0.0,0.0,0.0
15.06,-4.591399240006268,-6.206124921001069,5.648109296194764,-0.046127255280834695,0.12677800470486042,-0.007302896946064805,0.990831106465429,0.9448168009614603,0.3771181288052644,-1.1297074389574422,-0.00682902827668469,0.7119924613748291,0.027150406768223542,-4.640815586912209,-6.055534933324677,5.051841946483166,-0.03450518906349287,0.10057432239081598,-0.0034907282429316746,0.9943249028459735,1.1053521159946653,0.4329329075742214,-1.6204754638811674,-0.05084762599423868,0.0648440055715801,-0.010352128074309177,0.0,0.0,0.0,0.0,nan,nan,0.0,0.0,0.0,0.0,0.0
15.08,-4.57896064156561,-6.201225609922649,5.622320192050133,-0.0461718417208008,0.13338713435087876,-0.0073380473560735035,0.9899606994637563,1.0020487053237586,0.3921201534723663,-1.0979368083645715,-0.017206864486532004,0.6865282240535048,0.02712287950106642,-4.6255180424719065,-6.049312733561402,5.015298576552487,-0.034995563295947045,0.10126310107765935,-0.003564041617707954,0.9942375935947515,1.1469875553609248,0.4482658123528419,-1.5735140992663843,-0.053180122615323816,0.05600489233706878,-0.010854920470655454,0.0,0.0,0.0,0.0,nan,nan,0.0,0.0,0.0,0.0,0.0
15.1,-4.562712265841427,-6.194897536594096,5.591225722027085,-0.046240081067932835,0.14083964154124543,-0.007354605687907657,0.9889246483168169,1.0723807300290482,0.4102199508911881,-1.0593531244524046,-0.014662112421809816,0.621657518611071,0.02695240884147884,-4.608076678912047,-6.042355834671911,4.980339511796448,-0.03587786445640366,0.10100999684199088,-0.0036444133656954062,0.9942316016056062,1.186586759410639,0.4650608065960966,-1.5245168699879592,-0.04486249572801922,0.07114878221622986,-0.009128583796002912,0.0,0.0,0.0,0.0,nan,nan,0.0,0.0,0.0,0.0,0.0
15.12,-4.54981867678127,-6.18994021299393,5.56834340080725,-0.04634194547923316,0.14589514442716647,-0.007340267155431767,0.988186799851052,1.1247250755240858,0.4235832620141438,-1.0283372182297759,-0.02337336446859536,0.5768230363979278,0.026730714157605646,-4.590618038603578,-6.035460281386544,4.9453769169689625,-0.0367601351561008,0.100756806847561,-0.003724782019529942,0.9942247655012902,1.2261859634603534,0.4818558008393514,-1.4755196407095343,-0.036544868840714624,0.08629267209539096,-0.00740224712135037,0.0,0.0,0.0,0.0,nan,nan,0.0,0.0,0.0,0.0,0.0
15.14,-4.532801037149729,-6.183486147049658,5.540217026766773,-0.04649324029747518,0.1514294018625214,-0.007289089712303452,0.9873471446403065,1.1893525554258315,0.4400627395971848,-0.9884035558182624,-0.02477868119904587,0.4882547950139951,0.026324341972040234,-4.57314211756398,-6.028626079228353,4.91041090950054,-0.03764237464597959,0.10050353130933112,-0.0038051475109775663,0.9942170852876074,1.265785167510071,0.4986507950826076,-1.426522411431105,-0.028227241953409293,0.10143656197455338,-0.0056759104466976755,0.0,0.0,0.0,0.0,nan,nan,0.0,0.0,0.0,0.0,0.0
15.16,-4.516305432097338,-6.177325593617495,5.514983759626417,-0.04679843424898449,0.15572218912538432,-0.007189082798717236,0.9866655073804673,1.2473213516442845,0.4551413153675783,-0.946133414424349,-0.05208453267730661,0.42526561726123685,0.025689098657741643,-4.552261278590896,-6.020535765565785,4.878840443992203,-0.037392716336219614,0.10262587132512734,-0.003858844786216192,0.9940094690779728,1.3086898186269977,0.5139275040888875,-1.3482848150911224,0.0015924107093623525,0.14196336148501212,0.0011612742268521234,0.0,0.0,0.0,0.0,nan,nan,0.0,0.0,0.0,0.0,0.0
15.18,-4.497761006481011,-6.17050445772374,5.4887058918717235,-0.04732493665555268,0.1594646969082911,-0.0070217007277801596,0.986043638248016,1.3077510416281517,0.47141015515904616,-0.9011955550820294,-0.06795694183418836,0.3316775790716712,0.025058136261395046,-4.531280653144338,-6.012343219607967,4.84741809795431,-0.0370640915827747,0.1049130058238101,-0.003910666110195327,0.9937827836175929,1.3518245068687866,0.5290985505437689,-1.2680122837387244,0.03290846131393292,0.18425664263426042,0.008354139918844518,0.0,0.0,0.0,0.0,nan,nan,0.0,0.0,0.0,0.0,0.0
15.2,-4.477968341577743,-6.16333261293406,5.4627493329968955,-0.04810232242287257,0.1623986574117023,-0.0067819772601691,0.9855287146668255,1.3672473006014365,0.4881240407190298,-0.8550361362134471,-0.09899120277953084,0.26249679994047254,0.024446956522589047,-4.510441555242824,-6.004137605776532,4.815905113579209,-0.03673526694082361,0.10719957452138676,-0.003962466343755851,0.9935507386367818,1.394959195110575,0.5442695969986503,-1.1877397523863265,0.0642245119185035,0.22654992378350872,0.01554700561083691,0.0,0.0,0.0,0.0,nan,nan,0.0,0.0,0.0,0.0,0.0
15.22,-4.456913565172677,-6.155806662227257,5.4370925964150585,-0.04910463281032948,0.16458736783674394,-0.006475395499256708,0.985118166840031,1.4259655590605709,0.5053936208038146,-0.813198326631105,-0.11450809977326788,0.18306051624117148,0.02393872198001874,-4.485661017397108,-5.995090379434703,4.787773770676002,-0.0360579117357553,0.10961228953727156,-0.003968715294268582,0.9933122481287376,1.445988112425074,0.5558659811309782,-1.1113612192509157,0.07799004412804866,0.2365583154307793,0.018696293178524868,0.0,0.0,0.0,0.0,nan,nan,0.0,0.0,0.0,0.0,0.0
15.24,-4.434599338911555,-6.147923996588414,5.411684839089117,-0.050314277555999404,0.1661464733295146,-0.006107274543524022,0.9847977071824613,1.4838689764842445,0.5231737497642313,-0.7745288369095318,-0.1376953289180638,0.13164907467462944,0.023654022717384624,-4.45686476124876,-5.985168378724684,4.7630476260546875,-0.03502687084761537,0.11215281325384485,-0.0039287398257515345,0.9930656724513511,1.5050268412042582,0.5638353649584127,-1.0389336978323875,0.07394809416839837,0.21380912230472365,0.017742799066059738,0.0,0.0,0.0,0.0,nan,nan,0.0,0.0,0.0,0.0,0.0
15.26,-4.411044291970241,-6.139683281426993,5.386444871565133,-0.05166556374710653,0.16713830425560827,-0.0056896110145452875,0.9845623825333552,1.5411087593901955,0.5414950722383869,-0.7427273360492103,-0.1437006068543447,0.07160969984054662,0.0234107642175689,-4.428191527656746,-5.975204859885935,4.7381955303319385,-0.033995564466173925,0.1146924868853279,-0.00388873457855081,0.9928115696304424,1.5640655699834425,0.5718047487858471,-0.9665061764138592,0.06990614420874808,0.191059929178668,0.01678930495359461,0.0,0.0,0.0,0.0,nan,nan,0.0,0.0,0.0,0.0,0.0
15.28,-4.385010133813485,-6.130644614637309,5.360012904822704,-0.053084255062923275,0.16781984322870674,-0.005233138503317716,0.9843734943325689,1.600623680997772,0.5611065103859095,-0.7156562444473373,-0.13551699447839965,0.060350359148913735,0.023606476106159464,-4.399641942803041,-5.965199523343791,4.713218197819348,-0.03296400040842772,0.11723129118174716,-0.003848699855894328,0.9925499415920354,1.6231042987626265,0.5797741326132817,-0.894078654995331,0.06586419424909778,0.16831073605261238,0.01583581084112948,0.0,0.0,0.0,0.0,nan,nan,0.0,0.0,0.0,0.0,0.0
15.3,-4.360343526853562,-6.122127031628778,5.336053086844444,-0.054179895814924335,0.16842704134329806,-0.004847782161851167,0.9842120552207936,1.6544532633053248,0.5789182635915364,-0.6968820531261222,-0.1072046771628908,0.07130878289955063,0.024205695879148684,-4.371216629120743,-5.955152070791445,4.688116346625529,-0.03193218649332655,0.1197692068997186,-0.003808635961233419,0.9922807903191933,1.682143027541816,0.587743516440717,-0.8216511335767964,0.06182224428944715,0.1455615429265547,0.014882316728664267,0.0,0.0,0.0,0.0,nan,nan,0.0,0.0,0.0,0.0,0.0
15.32,-4.333264351162104,-6.112811845243123,5.310712176061949,-0.05501404374955879,0.16948933089817847,-0.004510647311611177,0.9839849977326075,1.7116112554910186,0.597419008218078,-0.6780589258147488,-0.07155171050978068,0.14002115159191808,0.02538047053010231,-4.34291620527521,-5.945062205199,4.662890698634356,-0.030900130541714296,0.12230621480259268,-0.0037685431982405404,0.9920041178520027,1.7411817563210004,0.5957129002681514,-0.7492236121582683,0.057780294329796866,0.12281234980049907,0.01392882261619914,0.0,0.0,0.0,0.0,nan,nan,0.0,0.0,0.0,0.0,0.0
15.34,-4.305054708699866,-6.103137091909721,5.285207454146443,-0.05541196573539607,0.1712422041289074,-0.0042732423899001296,0.9836601857236522,1.7699026391588146,0.6154097456876362,-0.658552161992696,-0.020863868948706777,0.212132459618262,0.026883690871050227,-4.314741286145286,-5.9349296308224675,4.63754197948306,-0.02986784037626917,0.12484229566060154,-0.003728421870806949,0.9917199262875592,1.8002204851001844,0.603682284095586,-0.6767960907397401,0.05373834437014658,0.10006315667444343,0.012975328503734012,0.0,0.0,0.0,0.0,nan,nan,0.0,0.0,0.0,0.0,0.0
15.36,-4.274204658019256,-6.09258749081969,5.258268790242634,-0.055306431900154225,0.17403853592909924,-0.004149689553550286,0.9831757557419416,1.8326709709839004,0.6334263828388389,-0.631797538561558,0.026021737130686978,0.31520027730676803,0.02873086463571452,-4.286692482804673,-5.924754053212735,4.612070918540239,-0.028835323821444724,0.1273774302510038,-0.003688272283040421,0.9914282177799507,1.8592592138793687,0.6116516679230204,-0.6043685693212119,0.049696394410496295,0.07731396354838779,0.012021834391268884,0.0,0.0,0.0,0.0,nan,nan,0.0,0.0,0.0,0.0,0.0
15.38,-4.243622616878597,-6.082165466206696,5.232503382911919,-0.05474548389839648,0.1775200272890853,-0.004142258979162567,0.9825845579870276,1.8941518903280583,0.6496928876260794,-0.600755254535317,0.07222341101895619,0.38564726934244736,0.03020279900194401,-4.256860485884606,-5.914176134282424,4.587811927855128,-0.027994578804784058,0.129238109296474,-0.0036498958396362887,0.9912116287268703,1.9162721134263967,0.620199201798876,-0.5356762833622378,0.04524013056289118,0.05425217491971198,0.0109636871701767,0.0,0.0,0.0,0.0,nan,nan,0.0,0.0,0.0,0.0,0.0
15.4,-4.211826692925764,-6.071377530473711,5.206688196103075,-0.05378521097513533,0.181751840296213,-0.004233856046806693,0.9818632766797396,1.9572617358916813,0.6650145587467253,-0.5629185913590495,0.10674340253296791,0.4605274227616424,0.031567599189676325,-4.217890590651107,-5.9018557180840245,4.569963003118287,-0.028074773277739166,0.12786721644404933,-0.003620144468750824,0.9913872485655035,1.9635662351286411,0.6315203711778337,-0.48490353526613283,0.03879622403982746,0.029690730645344113,0.009403473784096991,0.0,0.0,0.0,0.0,nan,nan,0.0,0.0,0.0,0.0,0.0
15.42,-4.180462176501375,-6.060795888871037,5.182137633264821,-0.05250555046517483,0.1862237789595689,-0.00440116940197593,0.9810935230793553,2.018705727683102,0.6787069560115602,-0.5242712630126716,0.15123401825600247,0.49157169405176965,0.03274035647635884,-4.178873507277041,-5.889531846297004,4.552219866607761,-0.028154913917152618,0.12649607840549068,-0.003590386156217206,0.9915609674132998,2.010860356830885,0.6428415405567913,-0.4341307871700279,0.032352317516763734,0.00512928637097624,0.00784326039801728,0.0,0.0,0.0,0.0,nan,nan,0.0,0.0,0.0,0.0,0.0
15.44,-4.144443642585164,-6.048734296252215,5.1549824511903415,-0.05067790748098722,0.19147749592707525,-0.004669417559184984,0.9801766752920126,2.0880330082662115,0.6927162594411727,-0.47850698828682503,0.1809514195653478,0.5157989110595755,0.0335816728226514,-4.139809528551744,-5.877204495467843,4.5345826476728694,-0.028235000569354254,0.12512469780996313,-0.003560620959097173,0.9917327849371521,2.058154478533129,0.654162709935749,-0.38335803907392285,0.025908410993700007,-0.019432157903391645,0.00628304701193757,0.0,0.0,0.0,0.0,nan,nan,0.0,0.0,0.0,0.0,0.0
15.46,-4.108791262108649,-6.036908233259535,5.1290741541433205,-0.04871368487532917,0.19640497993054232,-0.00496120385331512,0.9792994675892948,2.1552553707655173,0.705158332825524,-0.43614271931458726,0.19952135624389247,0.4844286814657933,0.033479543443668075,-4.100698947624239,-5.864873642169706,4.517051474850543,-0.028315033080777468,0.12375307728709695,-0.0035308489344656603,0.9919027008075995,2.105448600235378,0.6654838793147075,-0.3325852909778134,0.01946450447063571,-0.04399360217776171,0.004722833625857722,0.0,0.0,0.0,0.0,nan,nan,0.0,0.0,0.0,0.0,0.0
15.48,-4.073677872973735,-6.025385752228449,5.104393794783469,-0.046785057907748506,0.20072847909323147,-0.005236834510252417,0.9785151054540748,2.2197725986090036,0.7162452957245848,-0.3967647431148916,0.1951773803531832,0.43859913009609613,0.03294744280832161,-4.061542058001,-5.852539263002626,4.499626475864341,-0.02839501129795944,0.12238121946698272,-0.003501070139410705,0.9920707146988271,2.1527427219376216,0.6768050486936652,-0.2818125428817084,0.013020597947571988,-0.06855504645212956,0.0031626202397780113,0.0,0.0,0.0,0.0,nan,nan,0.0,0.0,0.0,0.0,0.0
15.5,-4.035389069465337,-6.012974272433923,5.078307435578904,-0.04481892744726673,0.2045808982041394,-0.005488707086242686,0.9778076466907925,2.2881234707179887,0.7273261431446311,-0.35923363107626594,0.18974487270776438,0.3499472639757501,0.03202441720508409,-4.022339153543678,-5.840201334593675,4.482307777623459,-0.02847493506754147,0.12100912698016565,-0.0034712846310333174,0.9922368262886677,2.200036843639866,0.6881262180726229,-0.2310397947856035,0.006576691424508266,-0.09311649072649744,0.0016024068536983017,0.0,0.0,0.0,0.0,nan,nan,0.0,0.0,0.0,0.0,0.0
15.52,-3.993697964443701,-5.9996499883148555,5.050783101561273,-0.042874146706769006,0.20772477658285765,-0.0056995674461954625,0.9772306481423383,2.359924047656706,0.7383237960218976,-0.32240535046361496,0.17214954130103935,0.25946173968239933,0.030754900555903728,-3.983090528466862,-5.827859833597149,4.465095506221775,-0.028554804236269275,0.11963680245764118,-0.0034414924664473846,0.9924010352586009,2.24733096534211,0.6994473874515805,-0.1802670466894985,0.00013278490144453658,-0.11767793500086533,4.21934676185906e-05,0.0,0.0,0.0,0.0,nan,nan,0.0,0.0,0.0,0.0,0.0
15.54,-3.952561641407771,-5.986700173115837,5.024425129425185,-0.04122193882397063,0.20965788906908572,-0.0058275438183727196,0.9768881005743353,2.428135232386978,0.7483232132363439,-0.2926502449217775,0.15076828376864868,0.14104658627587402,0.02913770827355936,-3.9437964773358205,-5.8155147366947455,4.447989786936859,-0.028634618650993246,0.11826424853084949,-0.0034116937027795554,0.9925633412937555,2.2946250870443543,0.7107685568305382,-0.12949429859339354,-0.006311121621619185,-0.1422393792752332,-0.0015180199184611195,0.0,0.0,0.0,0.0,nan,nan,0.0,0.0,0.0,0.0,0.0
15.56,-3.912180054702311,-5.974176605837092,4.999254856714355,-0.03992486907538276,0.2105222205937432,-0.005866422596883881,0.9767558469502539,2.492382252199514,0.7574656370191444,-0.2676633526888338,0.11742354919444828,0.04503735875068554,0.02754659624031998,-3.896716641449091,-5.8012853534096225,4.435574503522392,-0.028713693713646616,0.1167616889177496,-0.00337645241244879,0.9927390550207542,2.338877952313206,0.7222558925757352,-0.08853837835323818,-0.007258830922819193,-0.14755696894371537,-0.00172851064255247,0.0,0.0,0.0,0.0,nan,nan,0.0,0.0,0.0,0.0,0.0
15.58,-3.868303479000507,-5.960773066857419,4.9726183237909565,-0.03886109544869271,0.21032894341859296,-0.005815859678683063,0.9768406863952503,2.5592753898955762,0.7668613752974479,-0.24740349547256812,0.09037592316399423,-0.07843253969498017,0.02575835065502216,-3.848222268840229,-5.786713751305955,4.424120498428788,-0.02879257968193334,0.11523570539548994,-0.0033402335089711805,0.9929151838890212,2.3825882819028825,0.7337728710637701,-0.049333701220916654,-0.0072260628595079614,-0.1494416097776905,-0.0016982217029914515,0.0,0.0,0.0,0.0,nan,nan,0.0,0.0,0.0,0.0,0.0
15.6,-3.8230277043195278,-5.94715211735925,4.945845531692195,-0.03814689922923454,0.20907519946190123,-0.005668389904245567,0.9771388050860812,2.624973190964787,0.7760667823707759,-0.23159123191544972,0.04947239663094035,-0.17751681071382966,0.023810079410913156,-3.799695587846353,-5.772135146652317,4.412813177200905,-0.02887139749294677,0.11370944908935501,-0.00330400669855329,0.9930889623464433,2.4262986114925598,0.7452898495518051,-0.010129024088595145,-0.007193294796196731,-0.15132625061166569,-0.0016679327634304335,0.0,0.0,0.0,0.0,nan,nan,0.0,0.0,0.0,0.0,0.0
15.62,-3.774003581665821,-5.932624026220908,4.917584456169899,-0.03779412906822229,0.20659323504759897,-0.005406270671021627,0.9776817535772945,2.6924724568046705,0.7857316445210084,-0.22258522058586627,0.01221508462249396,-0.29931667860901356,0.02169992344683644,-3.7511370499481265,-5.757549511931834,4.401652637237889,-0.028950146960110827,0.1121829236122711,-0.0032677720669505666,0.9932603899816552,2.470008941082237,0.7568068280398401,0.029075653043726363,-0.007160526732885499,-0.15321089144564085,-0.0016376438238694152,0.0,0.0,0.0,0.0,nan,nan,0.0,0.0,0.0,0.0,0.0
15.64,-3.728361405135482,-5.919283438622616,4.891891357590256,-0.03788833846944854,0.20343703478276584,-0.005066817098654706,0.9783415426380039,2.751770885959191,0.7945706003400103,-0.21893126127796858,-0.032804863440538755,-0.3797660491766982,0.01987665443343066,-3.7025471069278506,-5.742956819694193,4.3906389745490575,-0.029028827897011195,0.11065613257780152,-0.003231529699936971,0.9934294663888565,2.513719270671918,0.7683238065278761,0.06828033017605135,-0.007127758669574266,-0.1550955322796162,-0.0016073548843083948,0.0,0.0,0.0,0.0,nan,nan,0.0,0.0,0.0,0.0,0.0
15.66,-3.6765301616340555,-5.904321983277947,4.863359359621226,-0.038364762382296524,0.19899194639059106,-0.0045972363810522585,0.9792391003716564,2.8151633135515457,0.804653350259091,-0.2220201774517745,-0.06163160118680042,-0.4801962005945518,0.018074998369091752,-3.653926210865209,-5.728357042555913,4.379772283752989,-0.02910744011739577,0.10912907960013865,-0.003195279683304786,0.9935961911678126,2.557429600261595,0.7798407850159111,0.10748500730837288,-0.007094990606263035,-0.15698017311359136,-0.0015770659447473766,0.0,0.0,0.0,0.0,nan,nan,0.0,0.0,0.0,0.0,0.0
15.68,-3.625854811118815,-5.889857938608759,4.83607075627266,-0.03914980765684003,0.1939817348144874,-0.00406998437317621,0.9802151877756212,2.872971756616687,0.8145941218011765,-0.22939425645894418,-0.09636572182472962,-0.544932090989793,0.016566409110878033,-3.605274814132956,-5.713750153200595,4.3690526580766225,-0.02918598343517513,0.10760176829409449,-0.003159022102864389,0.9937605639238555,2.601139929851272,0.7913577635039462,0.14668968444069438,-0.007062222542951804,-0.15886481394756655,-0.0015467770051863583,0.0,0.0,0.0,0.0,nan,nan,0.0,0.0,0.0,0.0,0.0
15.7,-3.5739463601535366,-5.875178165015902,4.808680340377964,-0.040169903748150014,0.18827965536387276,-0.0034823696007819415,0.981287431546379,2.9281007253292897,0.8250130864855214,-0.2424551559060848,-0.11234036495049801,-0.6128514846684155,0.015369098130990286,-3.5565933693926532,-5.6991361243791845,4.358480189354379,-0.029264457664422965,0.10607420227509273,-0.00312275704444407,0.9939225842678852,2.644850259440949,0.8028747419919811,0.18589436157301586,-0.007029454479640573,-0.16074945478154173,-0.0015164880656253403,0.0,0.0,0.0,0.0,nan,nan,0.0,0.0,0.0,0.0,0.0
15.72,-3.523535397580402,-5.861025002243776,4.782585039806505,-0.04134624217018575,0.18242601300910563,-0.002877096009721146,0.982345641999066,2.977693295749539,0.8353557787688995,-0.25785192708390703,-0.1393358934489042,-0.6444545741768828,0.014421316676127921,-3.503709002730562,-5.683377492843056,4.350109753042057,-0.0293406805561251,0.10446309354175193,-0.0030827528245427937,0.9940910839491588,2.6863604530409813,0.8144936227992352,0.2192839977478963,-0.00697561385855068,-0.1626530026791856,-0.0014822351882232106,0.0,0.0,0.0,0.0,nan,nan,0.0,0.0,0.0,0.0,0.0
15.74,-3.4666345749299996,-5.845137835276103,4.753662072099879,-0.04284553050660512,0.17555056149286483,-0.0021634486077244095,0.9835352461225113,3.0293348091336583,0.8474688351055815,-0.2799073466949089,-0.1508126219552255,-0.6842727378923295,0.013586564144563482,-3.447023892162616,-5.666578919237575,4.343779943323624,-0.029414846127630782,0.10277625824997094,-0.0030393601855981576,0.9942648388920757,2.7258779548798353,0.826204797861437,0.24740687574904746,-0.006902687547998879,-0.16457367495013053,-0.001444392120798763,0.0,0.0,0.0,0.0,nan,nan,0.0,0.0,0.0,0.0,0.0
15.76,-3.414137938806839,-5.830532980004142,4.727428385840609,-0.044346047353690604,0.1691618594870472,-0.0014914101878238245,0.9845889848432391,3.073001389165083,0.8590266391419865,-0.30206570740358696,-0.17053910886635068,-0.6858658351414467,0.013064766958277657,-3.390321054974419,-5.649769767494734,4.337639829412177,-0.02948892689650174,0.10108912665551853,-0.002995958784215993,0.9944357273818557,2.76539545671869,0.8379159729236387,0.27552975375019867,-0.0068297612374470795,-0.1664943472210755,-0.0014065490533743154,0.0,0.0,0.0,0.0,nan,nan,0.0,0.0,0.0,0.0,0.0
15.78,-3.3579001725798943,-5.81491253780675,4.699739664789459,-0.04601314840570126,0.1623597575035932,-0.0007686997634795462,0.9856579063842805,3.1159541753681803,0.8719177553560975,-0.3287057862510274,-0.1675113035379438,-0.6924931905384194,0.012876829151758001,-3.333601135908368,-5.632950007807418,4.331689468788469,-0.029562922649164033,0.09940170362237406,-0.0029525487455219976,0.9946037489258295,2.8049129585575443,0.8496271479858404,0.3036526317513498,-0.006756834926895279,-0.16841501949202045,-0.0013687059859498678,0.0,0.0,0.0,0.0,nan,nan,0.0,0.0,0.0,0.0,0.0
15.8,-3.2978371167472815,-5.798225472251212,4.6705900255467325,-0.047750960883853374,0.15539657829015502,-2.0684566071475244e-05,0.98669739472775,3.157714846214432,0.8860945115508643,-0.356844689345417,-0.1718332532289262,-0.6571782013122667,0.013006039268128905,-3.2768647799038417,-5.616119610490848,4.3259289167450214,-0.02963683317228885,0.09771399401535696,-0.0029091301946667695,0.994768903039593,2.844430460396402,0.8613383230480434,0.3317755097525035,-0.006683908616343473,-0.1703356917629656,-0.0013308629185254171,0.0,0.0,0.0,0.0,nan,nan,0.0,0.0,0.0,0.0,0.0
15.82,-3.2426579938987707,-5.782865173669536,4.644147046007715,-0.04931135467374031,0.14936459738341748,0.0006437445370174969,0.9875516153304095,3.1928755323305054,0.8995262972386553,-0.38277047576261847,-0.16315629913120128,-0.6291401425750182,0.013346975055127788,-3.220112632089783,-5.599278545982918,4.320358226385503,-0.029710658252793044,0.09602600270011327,-0.0028657032568254566,0.9949311892470087,2.8839479622352564,0.8730494981102452,0.3598983877536547,-0.006610982305791673,-0.17225636403391054,-0.0012930198511009695,0.0,0.0,0.0,0.0,nan,nan,0.0,0.0,0.0,0.0,0.0
15.84,-3.1808039260581205,-5.76558455916936,4.61485963865858,-0.05094404381115997,0.1432389837433494,0.0013426791226181366,0.9883751793469486,3.229057250628127,0.914869483357063,-0.4081659485686,-0.15685912892143528,-0.5592756849167775,0.014081465401301202,-3.163345337777232,-5.582426784844532,4.314977448624104,-0.029784397677839847,0.09433773454310075,-0.0028222680571973755,0.9950906070802081,2.923465464074111,0.8847606731724469,0.38802126575480583,-0.006538055995239873,-0.1741770363048555,-0.0012551767836765219,0.0,0.0,0.0,0.0,nan,nan,0.0,0.0,0.0,0.0,0.0
15.86,-3.1211005427605354,-5.748819041535143,4.58691836690838,-0.05237329855796374,0.13795938535756636,0.001970126225531486,0.989050233402013,3.2614097216668068,0.929921773837211,-0.43029381652604015,-0.13571005980130935,-0.5105883455142173,0.015017221000448097,-3.1065635424519,-5.565564297759948,4.309786632184954,-0.02985805123483941,0.09264919441157553,-0.002778824721005666,0.995247156079591,2.9629829659129654,0.8964718482346486,0.41614414375595704,-0.006465129684688074,-0.17609770857580048,-0.0012173337162520745,0.0,0.0,0.0,0.0,nan,nan,0.0,0.0,0.0,0.0,0.0
15.88,-3.060666581241538,-5.731741780137105,4.558947584761279,-0.053576423026587175,0.13335636409425825,0.002540894693355382,0.9896156783849945,3.291976764006757,0.9451601369438288,-0.4482050691250944,-0.11472618090895398,-0.42976081143543027,0.0161809304902147,-3.0484075995670907,-5.548265325168137,4.305291298403352,-0.029930091246694882,0.0909283870021657,-0.002733875405719276,0.9954038095167281,3.0015186951519057,0.9082199588344926,0.4422002519555214,-0.006385228121926791,-0.17800774044439444,-0.0011789415836707638,0.0,0.0,0.0,0.0,nan,nan,0.0,0.0,0.0,0.0,0.0
15.9,-3.002611505055374,-5.715220757731924,4.532367956910583,-0.05449528797575294,0.12960134881158236,0.003029838594228835,0.9900629141891696,3.3196770875951036,0.9596738638108764,-0.4589085097603506,-0.08665711123239174,-0.3735956244827904,0.017176191927232166,-2.9848316880978945,-5.529259846167585,4.303023043437605,-0.02999595767324115,0.08907997252274753,-0.002682957550526316,0.9955690848742712,3.0361483978559396,0.9201150191354358,0.4600336233551106,-0.00627757520389226,-0.1798754389926968,-0.0011383649706178433,0.0,0.0,0.0,0.0,nan,nan,0.0,0.0,0.0,0.0,0.0
15.92,-2.9376466714811347,-5.696567410614385,4.5034826113660555,-0.05520587677567324,0.1262672748819539,0.0034941001701574398,0.9904527640060959,3.347260155205347,0.9749604717724327,-0.4162660681500764,-0.054296709336761576,-0.28045891810259094,0.017941820561044187,-2.9212520776181234,-5.510240331425296,4.300988117891651,-0.03006172058724564,0.08723125063876244,-0.0026320304367606316,0.9957309246393383,3.0707781005599744,0.9320100794363793,0.47786699475469996,-0.006169922285857729,-0.18174313754099916,-0.0010977883575649231,0.0,0.0,0.0,0.0,nan,nan,0.0,0.0,0.0,0.0,0.0
15.94,-2.8779118202957896,-5.679206407000925,4.479021106632525,-0.05547927165795169,0.12389294322571637,0.0038360712889985945,0.9907360261907497,3.3691387382652334,0.9876462311710799,-0.29884825545096183,-0.012580722559575404,-0.2309611462354899,0.018127865240538905,-2.8576696361406153,-5.491206751721236,4.299186532151922,-0.03012737976176824,0.0853822277299335,-0.0025810942401657388,0.9958893282534397,3.105407803264008,0.9439051397373228,0.49570036615428925,-0.006062269367823198,-0.18361083608930157,-0.0010572117445120026,0.0,0.0,0.0,0.0,nan,nan,0.0,0.0,0.0,0.0,0.0
15.96,-2.810511226958157,-5.6593116096384595,4.455477849795124,-0.05534411175500399,0.12187223471045462,0.004124872442390664,0.990993023753479,3.3909209932487783,1.000627955408205,-0.09373113746441308,0.03980318027172506,-0.19048322480789087,0.01805808858726143,-2.794085231717279,-5.472159078029519,4.297618293383936,-0.030192934970226813,0.08353291017702229,-0.0025301491365164876,0.9960442951699429,3.1400375059680457,0.9558002000382673,0.5135337375538801,-0.005954616449788657,-0.18547853463760405,-0.0010166351314590785,0.0,0.0,0.0,0.0,nan,nan,0.0,0.0,0.0,0.0,0.0
15.98,-2.744820959931371,-5.639588483924149,4.437318822983904,-0.05434922047595226,0.11948806190870036,0.004321495548960311,0.9913375257555719,3.4114424441581415,1.0128066554997082,0.11337266457995321,0.15502960179305514,-0.2964701232276408,0.018389994851613772,-2.7304997324271367,-5.453097281518808,4.296283405532202,-0.030258385986397997,0.08168330436180778,-0.002479195301618483,0.996195824854075,3.1746672086720795,0.9676952603392106,0.5313671089534694,-0.005846963531754125,-0.18734623318590643,-0.0009760585184061582,0.0,0.0,0.0,0.0,nan,nan,0.0,0.0,0.0,0.0,0.0
16.0,-2.677746708309903,-5.619143485065574,4.423136329672787,-0.05209827891785084,0.11589041600323938,0.004437457339936971,0.9918848167931346,3.433244113943522,1.0255334341802422,0.2776484276124074,0.29032616120067933,-0.44179651476910614,0.018752449463833993,-2.666914006364307,-5.434021333552705,4.29518186932017,-0.030323732584417985,0.07983341666706313,-0.002428232911307445,0.996343916782925,3.2092969113761134,0.979590320640154,0.5492004803530587,-0.005739310613719594,-0.1892139317342088,-0.0009354819053532376,0.0,0.0,0.0,0.0,nan,nan,0.0,0.0,0.0,0.0,0.0
16.02,-2.6095339919852774,-5.598102589672043,4.41200582397446,-0.04837636474595175,0.11047373762737997,0.004481964165730249,0.9926908847298944,3.457567746751599,1.0392323663560736,0.36743372038440886,0.4389617074257064,-0.6460187182251095,0.01913807374109017,-2.6033289216260433,-5.414931205690155,4.294313682250212,-0.030388974538783323,0.07798325347653444,-0.002377262141448623,0.996488570445445,3.2439266140801477,0.9914853809410974,0.5670338517526481,-0.005631657695685063,-0.19108163028251116,-0.0008949052923003173,0.0,0.0,0.0,0.0,nan,nan,0.0,0.0,0.0,0.0,0.0
16.04,-2.5439416933509484,-5.577701807721385,4.403231118524587,-0.043625067550561315,0.10358359011975922,0.004477270254145594,0.9936534845660142,3.4821634570267097,1.0524513580631072,0.3853111296895516,0.5490291262486728,-0.807992017346685,0.019241059441072385,-2.5397453463007476,-5.395826869685834,4.293678838603657,-0.030454111624351646,0.07613282117491847,-0.002326283167936181,0.9966297853424521,3.278556316784182,1.0033804412420408,0.5848672231522373,-0.0055240047776505315,-0.19294932883081353,-0.0008543286792473968,0.0,0.0,0.0,0.0,nan,nan,0.0,0.0,0.0,0.0,0.0
16.06,-2.470811965315687,-5.554828522005802,4.394576475200817,-0.037352576523831275,0.09443069873884088,0.004431889413005441,0.9948205800640418,3.5087027451975437,1.0658760232795905,0.3475820253050725,0.6235993908077363,-0.9315052493580901,0.01875852807887998,-2.4712752968546625,-5.374888660247753,4.294386684718623,-0.03051034584518257,0.07415024382456098,-0.0022689989367959454,0.9967776641663829,3.308240601923156,1.0154197278738493,0.5946453321365193,-0.0053993566765184135,-0.19467465398106693,-0.0008165320227262264,0.0,0.0,0.0,0.0,nan,nan,0.0,0.0,0.0,0.0,0.0
16.08,-2.404238027562354,-5.533932330686751,4.387167274719516,-0.03133535665504912,0.0855078022433774,0.004373148761877239,0.9958350198445095,3.529443671302586,1.075533803354983,0.28941365737273067,0.6316296660085636,-0.9507368734270585,0.017369777687217203,-2.4021283681973085,-5.353678216175252,4.295522566443003,-0.030565224050997514,0.07214887107504858,-0.0022108223288348325,0.9969229758341106,3.3372311967477937,1.027479245033713,0.6032935350120819,-0.0052723246727633,-0.19638000851287477,-0.0007791253087923055,0.0,0.0,0.0,0.0,nan,nan,0.0,0.0,0.0,0.0,0.0
16.1,-2.3303194767692736,-5.5106859960747485,4.379285981670427,-0.02491562366390075,0.07593119353529804,0.004297246900874096,0.9967924554363448,3.5467466288333234,1.0826524486005418,0.2283770990326297,0.5710890682372411,-0.8691456502009257,0.014696971654580664,-2.3329917816728662,-5.3324505722797895,4.296933398179005,-0.030619978987126376,0.07014720734881422,-0.002152636804617312,0.9970642669069922,3.3662217915724373,1.0395387621935783,0.6119417378876459,-0.005145292669008162,-0.1980853630446829,-0.0007417185948583779,0.0,0.0,0.0,0.0,nan,nan,0.0,0.0,0.0,0.0,0.0
16.12,-2.2596489957297217,-5.488447522249151,4.372356752533404,-0.019822583870615394,0.06822838894744775,0.004231153920917345,0.9974638085899787,3.557040500005644,1.0859725544845795,0.20281713335857432,0.45022085350399466,-0.6912433600643859,0.010618903866289432,-2.263866643331511,-5.31120570348635,4.298619134524843,-0.03067461043274223,0.06814526071857743,-0.002094442598805886,0.9972015368152001,3.395212386397075,1.0515982793534417,0.6205899407632085,-0.005018260665253049,-0.19979071757649078,-0.0007043118809244571,0.0,0.0,0.0,0.0,nan,nan,0.0,0.0,0.0,0.0,0.0
16.14,-2.1887472167586832,-5.466149538564971,4.366427683153175,-0.01588231002135864,0.062227045304133456,0.004166872492990837,0.9979269433353976,3.562687453004998,1.0869494313263397,0.2125040358529678,0.3374785724708948,-0.5261072844105407,0.0063281185253773915,-2.194754059038696,-5.289943584997783,4.300579725643967,-0.03072911816751622,0.0661430392581976,-0.0020362399460980363,0.9973347850051242,3.424202981221713,1.0636577965133052,0.6292381436387711,-0.0048912286614979355,-0.20149607210829862,-0.0006669051669905361,0.0,0.0,0.0,0.0,nan,nan,0.0,0.0,0.0,0.0,0.0
16.16,-2.117642437721131,-5.44382467700915,4.361905347421142,-0.013198566889175287,0.057976714076731765,0.004107321777616537,0.9982222339563229,3.564850993541121,1.086259583565447,0.25360521670929526,0.20878407018108866,-0.34598832770983184,0.001790924761680678,-2.1256551344573675,-5.26866419229521,4.30281511726587,-0.030783501971618405,0.0641405510426429,-0.0019780290812253243,0.9974640109393739,3.4531935760463512,1.0757173136731686,0.6378863465143336,-0.004764196657742821,-0.2032014266401065,-0.0006294984530566152,0.0,0.0,0.0,0.0,nan,nan,0.0,0.0,0.0,0.0,0.0
16.18,-2.0463709328321196,-5.4215002952937,4.358930014454365,-0.011641932360751379,0.05528447142800171,0.004050573017018269,0.9983945540156296,3.5650704950051813,1.084671801855266,0.30795024968784074,0.10691981560887423,-0.2039683882928741,-0.0020802977832873855,-2.056570975030112,-5.247367501138425,4.3053252506869635,-0.030837761625718666,0.062137804147957325,-0.00191981023895243,0.9975892140967804,3.4821841708709895,1.087776830833032,0.6465345493898961,-0.004637164653987707,-0.20490678117191433,-0.0005920917391226942,0.0,0.0,0.0,0.0,nan,nan,0.0,0.0,0.0,0.0,0.0
16.2,-1.9785408931380668,-5.4003094955615785,4.357479933952665,-0.011133666687908939,0.05409899032306525,0.003999535786215742,0.9984654948597885,3.563980449882059,1.082567100094695,0.3655168501721735,0.0074528788766420415,-0.06022791055784205,-0.005492576325439953,-1.987502685961324,-5.226053487566275,4.308110062771519,-0.030891896910987565,0.060134806651228084,-0.0018615836540762055,0.9977103939723988,3.511174765695628,1.0998363479928954,0.6551827522654587,-0.0045101326502325935,-0.2066121357037222,-0.0005546850251887733,0.0,0.0,0.0,0.0,nan,nan,0.0,0.0,0.0,0.0,0.0
16.22,-1.9034642166162365,-5.376916753014109,4.357181476152803,-0.011575962071742312,0.054107766709304075,0.003945566276639376,0.9984602041096089,3.5622904372480635,1.0799740518443752,0.42406829394078205,-0.08508800561827665,0.05482605085008316,-0.009053189395313035,-1.916037048811654,-5.203598133382626,4.31125220499132,-0.03093987772056475,0.058058137943243306,-0.001799852675338095,0.9978320184858506,3.5366296201191774,1.111972536418343,0.6594897933920325,-0.004381090558955876,-0.2081842232324332,-0.0005213794887538878,0.0,0.0,0.0,0.0,nan,nan,0.0,0.0,0.0,0.0,0.0
16.24,-1.8318785291261068,-5.354664805783612,4.357870030085786,-0.012909317943809662,0.055279910672981804,0.00389774696326655,0.9983798318049213,3.560350017725959,1.0773768479664894,0.47598714158743033,-0.17268505376521578,0.16925128707943596,-0.01187135086520326,-1.842640777419576,-5.180215362282696,4.314764685751683,-0.030982848597222765,0.05592188295786454,-0.0017352883287557565,0.9979528019268569,3.5592277392647937,1.1241706721262128,0.6602893513584359,-0.004250424398238731,-0.20964863641123602,-0.0004913875379088708,0.0,0.0,0.0,0.0,nan,nan,0.0,0.0,0.0,0.0,0.0
16.26,-1.7638043830374228,-5.333541444608846,4.359126782027573,-0.014911604894817741,0.05728917346366823,0.0038578830999500815,0.9982388047863587,3.5586979638680774,1.0750491231608303,0.5196530871139915,-0.24133564682672862,0.2516721718289633,-0.014026162723999017,-1.7692664147214592,-5.156812748714398,4.318588915933484,-0.031025677442645404,0.05378537161600169,-0.0016707160272836457,0.998069010563553,3.581825858410414,1.1363688078340848,0.6610889093248394,-0.0041197582375215635,-0.21111304959003913,-0.00046139558706384857,0.0,0.0,0.0,0.0,nan,nan,0.0,0.0,0.0,0.0,0.0
16.28,-1.68848337694785,-5.31019611547557,4.360973554637905,-0.017913291734912573,0.06049063455302339,0.003824759261353531,0.9980006855344264,3.556931750302798,1.0726494980793841,0.5685903392021964,-0.32238671557703785,0.3501361327833637,-0.015577436636179259,-1.695915297944095,-5.133390274233268,4.322724797503052,-0.03106836406049713,0.05164861371182743,-0.0016061360669334232,0.9981806438632164,3.60442397755603,1.1485669435419545,0.661888467291243,-0.003989092076804418,-0.21257746276884193,-0.00043140363621883143,0.0,0.0,0.0,0.0,nan,nan,0.0,0.0,0.0,0.0,0.0
16.3,-1.6166541104629368,-5.28794180798566,4.3630245778821175,-0.021484238133212596,0.06430305572258671,0.003810500510870843,0.9976918485296098,3.555744197329312,1.0707323812121436,0.6157629347288365,-0.3814764023215159,0.41264605293245854,-0.016411266772158675,-1.6225887638879821,-5.109947920759015,4.327172226712057,-0.031110908255094438,0.04951161904064359,-0.0015415487437518242,0.998287701314099,3.6270220967016464,1.1607650792498243,0.6626880252576463,-0.0038584259160872733,-0.21404187594764476,-0.0004014116853738144,0.0,0.0,0.0,0.0,nan,nan,0.0,0.0,0.0,0.0,0.0
16.32,-1.5447013125422862,-5.265636921342905,4.365343012828376,-0.025612618628685087,0.06878716627116743,0.0038131880622443424,0.9972952316742351,3.5546644154920126,1.069188854169012,0.672732070926388,-0.43436314369622,0.47716570830198557,-0.016379953379220272,-1.5492881489028656,-5.0864856705758665,4.3319310940993905,-0.031153309831406673,0.04737439739883773,-0.0014769543538193494,0.9983901824254293,3.6496202158472624,1.172963214957694,0.6634875832240497,-0.003727759755370128,-0.2155062891264476,-0.0003714197345287974,0.0,0.0,0.0,0.0,nan,nan,0.0,0.0,0.0,0.0,0.0
16.34,-1.4725827105072105,-5.243244611688958,4.367981603338869,-0.0301401536713357,0.07367559395535822,0.0038378883671471072,0.9968193159268509,3.554197562233763,1.068222087555021,0.7367779611025509,-0.4628494874332599,0.5047327562552104,-0.015528209185423452,-1.4760147888632187,-5.063003506332892,4.337001284493195,-0.03119556859505701,0.045236958583837916,-0.0014123531932488935,0.9984880867274145,3.672218334992879,1.1851613506655638,0.6642871411904531,-0.003597093594652983,-0.21697070230525042,-0.00034142778368378035,0.0,0.0,0.0,0.0,nan,nan,0.0,0.0,0.0,0.0,0.0
16.36,-1.403867180390583,-5.221850060264723,4.370902162301046,-0.034677653859899904,0.07860804580862084,0.0038804291232727916,0.9962947243294736,3.554109545293824,1.0678316333121178,0.8077614364932709,-0.4848720400994456,0.5307299626414776,-0.01411775781156967,-1.4027700191437482,-5.039501411044318,4.342382677012958,-0.031237684352323283,0.04309931239406774,-0.0013477455581843898,0.9985814137712425,3.6948164541384956,1.1973594863734338,0.6650866991568565,-0.0034664274339358384,-0.21843511548405325,-0.00031143583283876333,0.0,0.0,0.0,0.0,nan,nan,0.0,0.0,0.0,0.0,0.0
16.38,-1.3276341189979923,-5.198017840616981,4.374657491525216,-0.03979936850227597,0.08403406167274036,0.003955625376250774,0.9956599016599418,3.5554332892381244,1.068324141254166,0.8871906819938111,-0.48480792930938377,0.5112011581245495,-0.012095117629850827,-1.3288362802146227,-5.0155222594911795,4.347893581550914,-0.03127720617805747,0.040936108057311016,-0.001281952036793708,0.9986712812681613,3.7157893562350086,1.2095827808666104,0.66442433763799,-0.0033371397478906477,-0.21983645422189874,-0.0002835383780034341,0.0,0.0,0.0,0.0,nan,nan,0.0,0.0,0.0,0.0,0.0
16.4,-1.2583553295057819,-5.176243163062721,4.378579730506247,-0.044389016285201414,0.08879813329024126,0.004045388867036482,0.995051828593021,3.557860069435129,1.0697249097478203,0.9615217325142451,-0.47787797545807686,0.4936264348940614,-0.00993917304007427,-1.2525158497750195,-4.989985006669996,4.353123801753768,-0.03130833503245588,0.0386874326238545,-0.0012121856576185785,0.998760031899756,3.731297690662916,1.2218906682976016,0.658846473935757,-0.0032124869923788974,-0.22102571387100883,-0.0002626833764717308,0.0,0.0,0.0,0.0,nan,nan,0.0,0.0,0.0,0.0,0.0
16.42,-1.1814037529291135,-5.151898740827564,4.383445671939489,-0.04925166867571177,0.09358816929476715,0.0041727509363022235,0.9943832841768488,3.563051533968235,1.0727970444860322,1.0348482900201048,-0.445283275360525,0.42923579362283865,-0.007290336530841067,-1.1762269171235828,-4.964425869631416,4.358695503133029,-0.031339305145636064,0.03643856103527856,-0.001142413132353975,0.9988437185640715,3.746806025090825,1.2341985557285948,0.6532686102335229,-0.0030878342368671247,-0.22221497352011915,-0.00024182837494002375,0.0,0.0,0.0,0.0,nan,nan,0.0,0.0,0.0,0.0,0.0
16.44,-1.1077147699070442,-5.1284063241452005,4.38851595658313,-0.05351116509256448,0.09753409087601485,0.004317156160881281,0.9937831848497479,3.5705969246140006,1.0774990807959823,1.0962537846272165,-0.4060526813884924,0.36365760262133096,-0.004480060269154422,-1.0999710228094264,-4.938844838150564,4.364608539428665,-0.03137011636057167,0.034189504693934676,-0.0010726348147643637,0.9989223408367949,3.762314359518732,1.246506443159586,0.6476907465312899,-0.0029631814813553745,-0.22340423316922925,-0.00022097337340832042,0.0,0.0,0.0,0.0,nan,nan,0.0,0.0,0.0,0.0,0.0
16.46,-1.0336203374935653,-5.104589726807577,4.393860591766782,-0.057266697846287455,0.10060077268108446,0.00448875023071716,0.9932672656315203,3.581613022162819,1.0843646998575907,1.141936057778232,-0.3474342128650815,0.2613092138104163,-0.001636845912426528,-1.0237497067115728,-4.9132419024465905,4.370862757458043,-0.031400768521042025,0.03194027500310991,-0.0010028510586435422,0.9989958983192913,3.7778226939466393,1.2588143305905772,0.642112882829057,-0.0028385287258436247,-0.22459349281833935,-0.0002001183718766171,0.0,0.0,0.0,0.0,nan,nan,0.0,0.0,0.0,0.0,0.0
16.48,-0.9591121401894542,-5.080428372774237,4.399364189995822,-0.060456488435535125,0.10273269077718124,0.004685373413339649,0.9928590305414469,3.5957380327253348,1.093376708806268,1.176657962055724,-0.2953223516501265,0.17021971593261867,0.0010495222226356987,-0.9475645080077781,-4.8876170531828915,4.377457997119017,-0.03143126147163286,0.029690883366970608,-0.0009330622178128961,0.9990643906386056,3.7933310283745465,1.2711222180215684,0.6365350191268239,-0.002713875970331874,-0.22578275246744947,-0.00017926337034491376,0.0,0.0,0.0,0.0,nan,nan,0.0,0.0,0.0,0.0,0.0
16.5,-0.8879440880034866,-5.05714144168703,4.404652617090104,-0.06298433844726327,0.10380805032270227,0.004901549248306876,0.9925889565240622,3.6121642524555546,1.1038704067830367,1.1978792320107452,-0.242247569929328,0.0662078302863959,0.003175539141808646,-0.8714169651433017,-4.861970281467291,4.384394091393192,-0.03146159505773718,0.027441341190504242,-0.0008632686461195907,0.9991278174474645,3.8088393628024537,1.2834301054525596,0.6309571554245907,-0.0025892232148201242,-0.22697201211655957,-0.00015840836881321046,0.0,0.0,0.0,0.0,nan,nan,0.0,0.0,0.0,0.0,0.0
16.52,-0.80883911547342,-5.031002628084062,4.4105707549164554,-0.06523597525553257,0.10402357788179402,0.005167809502395478,0.9924195970062648,3.632660776235386,1.1173412584254658,1.2166995650259789,-0.19191028359956466,-0.02298104870875311,0.005199600436922698,-0.7953086157997046,-4.836301578852221,4.391670866349296,-0.03149176912555598,0.025191659879461554,-0.000793470697434778,0.9991861784242777,3.824347697230361,1.2957379928835508,0.6253792917223577,-0.0024645704593083736,-0.22816127176566967,-0.00013755336728150713,0.0,0.0,0.0,0.0,nan,nan,0.0,0.0,0.0,0.0,0.0
16.54,-0.7368605413970927,-5.006972432658296,4.416017882994956,-0.06677214383026839,0.10331214061368033,0.005433692728344052,0.9923903251208483,3.65329630362946,1.1311940068324495,1.2272778681818186,-0.1380836817523581,-0.12229282374158286,0.006792325719168726,-0.7192409968636654,-4.8106109373348955,4.399288141146721,-0.03152178352209907,0.02294185084029871,-0.000723668725651803,0.9992394732731403,3.839856031658268,1.308045880314542,0.6198014280201247,-0.0023399177037966234,-0.2293505314147798,-0.00011669836574980379,0.0,0.0,0.0,0.0,nan,nan,0.0,0.0,0.0,0.0,0.0
16.56,-0.6606698306589475,-4.981264813394293,4.421931283577686,-0.06784830615929728,0.10160940782799646,0.005736323760755094,0.9924914257472807,3.6765965227294717,1.1473103476762714,1.2357189901643235,-0.08330596539563903,-0.21737329043895998,0.008021764584881408,-0.6415059346842705,-4.783122038612168,4.405845925898977,-0.031542618680864457,0.020612984136312268,-0.0006503621298798271,0.9992896202407237,3.848406232193743,1.320426297578698,0.6098470516960807,-0.002224674612449446,-0.23028598296914088,-0.00010415659614704544,0.0,0.0,0.0,0.0,nan,nan,0.0,0.0,0.0,0.0,0.0
16.58,-0.5802038638874157,-4.953795752213994,4.428444663926234,-0.06839730318516193,0.09890120252354635,0.006069775974585996,0.9927252987992257,3.7021118055923585,1.1657183699127467,1.2415936073406724,-0.029626325805068666,-0.2959732138626909,0.009012530166431415,-0.5636313358644276,-4.755424249736265,4.4126189389985715,-0.03156233902918098,0.01827575286897542,-0.0005766860134139575,0.9993345200909058,3.856229057164482,1.3328142968223298,0.5994351721981857,-0.002110415169863776,-0.23119490243758542,-9.248385865297938e-05,0.0,0.0,0.0,0.0,nan,nan,0.0,0.0,0.0,0.0,0.0
16.6,-0.5070028264780909,-4.928511146680832,4.434682967322184,-0.06846260990266495,0.09587102282416138,0.0063764413898966,0.9930160920262905,3.7254312484256347,1.183366487722011,1.2426379703917176,0.009896159467282358,-0.3498697952812041,0.009624975929226252,-0.4857973916277829,-4.727703195491299,4.419754388005456,-0.03158188671625664,0.01593842162444175,-0.00050300674219701,0.9993739530985287,3.8640518821352217,1.345202296065963,0.5890232927002887,-0.0019961557272780853,-0.23210382190603013,-8.081112115891126e-05,0.0,0.0,0.0,0.0,nan,nan,0.0,0.0,0.0,0.0,0.0
16.62,-0.42181735649902263,-4.898734062508865,4.442232524152447,-0.06794055565572057,0.09149184197288171,0.00674194240729361,0.9934625659591697,3.7534011576684754,1.205210317441507,1.227550520286191,0.07721579589042622,-0.4519495953977299,0.010312729138994961,-0.4080058003678958,-4.699958874888898,4.42725207831506,-0.03160126163515614,0.013601003189043065,-0.0004293247192902151,0.9994079190478746,3.8718747071059605,1.3575902953095946,0.5786114132023938,-0.0018818962846924147,-0.2330127413744747,-6.91383836648452e-05,0.0,0.0,0.0,0.0,nan,nan,0.0,0.0,0.0,0.0,0.0
16.64,-0.3518227296851175,-4.8739873510666785,4.448587605552161,-0.06700190496107296,0.08714231120927093,0.007051624856439714,0.9939151054871729,3.776580745491506,1.2239648303899882,1.2042866147607416,0.12205544152415804,-0.5213883218323614,0.010675080474384618,-0.330258259551521,-4.672191287449786,4.435111807396293,-0.031620463679889334,0.011263510349586893,-0.00035564034776981815,0.9994364177531337,3.8796975320766998,1.369978294553226,0.5681995337044989,-0.0017676368421067445,-0.23392166084291927,-5.746564617077915e-05,0.0,0.0,0.0,0.0,nan,nan,0.0,0.0,0.0,0.0,0.0
16.66,-0.2737901650974074,-4.846109269949744,4.455732907259854,-0.06546978873928486,0.08155932013094148,0.007406521710475194,0.9944882741884714,3.80215517401149,1.2454174338097044,1.164732112116658,0.17113275339157,-0.5984808436772726,0.010832369631886822,-0.25255646568151924,-4.64440043320382,4.443333364795961,-0.031639492745411744,0.008925955893288203,-0.00028195403072492456,0.999459449058404,3.887520357047438,1.3823662937968573,0.5577876542066039,-0.0016533773995210741,-0.23483058031136378,-4.57929086767131e-05,0.0,0.0,0.0,0.0,nan,nan,0.0,0.0,0.0,0.0,0.0
16.68,-0.19553405871976293,-4.817848821027185,4.462931924482667,-0.06357915287786144,0.07543536291042968,0.007767009054740133,0.9950913882213275,3.8260156143254123,1.266744613092019,1.1199819232639594,0.19639783754644244,-0.6331797487741806,0.010566202127103616,-0.1749021142597209,-4.616586312689971,4.451916532143382,-0.0316583487276252,0.00658835260769904,-0.00020826617125528345,0.9994770128376933,3.895343182018177,1.3947542930404886,0.5473757747087089,-0.0015391179569354037,-0.23573949977980838,-3.412017118264705e-05,0.0,0.0,0.0,0.0,nan,nan,0.0,0.0,0.0,0.0,0.0
16.7,-0.10925749774344014,-4.786344157111719,4.470900781665948,-0.061202543343205365,0.06836880727274537,0.008157005272393172,0.995747667908598,3.849400646311966,1.2896831022217474,1.0655208686742177,0.22103379599726025,-0.6558242121523742,0.009863295881320608,-0.09729689974982547,-4.588748926956325,4.460861083155156,-0.031677031523378356,0.004250713280638569,-0.00013457717246908132,0.9994891089949192,3.903166006988916,1.40714229228412,0.536963895210814,-0.0014248585143497334,-0.23664841924825292,-2.2447433688580986e-05,0.0,0.0,0.0,0.0,nan,nan,0.0,0.0,0.0,0.0,0.0
16.72,-0.03855958134171876,-4.760254042575233,4.477521548250235,-0.059185947964179496,0.06259600051905023,0.008461512457443178,0.9962465393111952,3.865275567959034,1.3074967782468416,1.02515636468613,0.21830693740612142,-0.639928208912639,0.008768708883617478,-0.019382887494334,-4.559763355303497,4.468919408116187,-0.0316902942479882,0.0018757852505539925,-5.937394096111512e-05,0.9994959745566286,3.906250664235488,1.4195602159041576,0.5246529431911371,-0.001317223769755166,-0.23739950954333405,-1.568224793551467e-05,0.0,0.0,0.0,0.0,nan,nan,0.0,0.0,0.0,0.0,0.0
16.74,0.040060002696598526,-4.730949063500487,4.485037117213151,-0.05693980268056622,0.05632180223299648,0.008778128220531116,0.9967490446089574,3.8795640884468705,1.3262881273929252,0.9819821456683913,0.21919866470703636,-0.6217713582974875,0.007335316580712688,0.05874392271561164,-4.529944317904046,4.47645141978404,-0.03169959964846696,-0.0005259750486221234,1.6918959279843483e-05,0.9994973028708601,3.9059250473723144,1.4319996774544772,0.5109751425855545,-0.00121435712062685,-0.2380370030273655,-1.244924964791178e-05,0.0,0.0,0.0,0.0,nan,nan,0.0,0.0,0.0,0.0,0.0
16.76,0.11870238564925453,-4.701324670189929,4.4928016153005474,-0.0547841765390702,0.05038843737857638,0.009063600505212623,0.997184812622697,3.889910952190667,1.3438020265196866,0.9455536125209826,0.20368112281759737,-0.5783357789335765,0.005586819498474699,0.13682461864655807,-4.500101333909844,4.484357486697417,-0.03170872200399808,-0.002927732310628596,9.32117618246286e-05,0.9994928597263504,3.9055994305091417,1.4444391390047993,0.4972973419799696,-0.0011114904714985155,-0.23867449651139705,-9.216251360308318e-06,0.0,0.0,0.0,0.0,nan,nan,0.0,0.0,0.0,0.0,0.0
16.78,0.20124592428298124,-4.669898945014704,4.501212187169345,-0.052635841275544555,0.044497698161136634,0.009330929105233346,0.9975782459705149,3.8974037523967873,1.3610929075734939,0.9055259208148188,0.19567457998571453,-0.5514774053999666,0.0037586024303546267,0.2148573994688965,-4.470234410725544,4.492637382917264,-0.03171766126190577,-0.005329472666849917,0.00016950402613099167,0.9994826451487556,3.9052738136459686,1.456878600555119,0.4836195413743871,-0.0010086238223701994,-0.23931198999542852,-5.983253072705433e-06,0.0,0.0,0.0,0.0,nan,nan,0.0,0.0,0.0,0.0,0.0
16.8,0.2758538245433563,-4.641206834631463,4.508998934431047,-0.050839256127721666,0.03950538741351445,0.009544199114452182,0.9978795531851286,3.901151009651923,1.3756768211272346,0.8700571531910157,0.17602142135165605,-0.5111949074487651,0.0020242303938042133,0.29284046545977527,-4.4403435563087195,4.501290873870043,-0.031726417370571504,-0.007731182248769474,0.0002457953116598328,0.9994666591970587,3.904948196782796,1.469318062105439,0.4699417407688046,-0.0009057571732418835,-0.23994948347946,-2.7502547851025464e-06,0.0,0.0,0.0,0.0,nan,nan,0.0,0.0,0.0,0.0,0.0
16.82,0.35818440049380756,-4.60923535871724,4.5177015962429605,-0.04904004171750445,0.03432733610868321,0.009749241802197698,0.9981591359038443,3.902474214197852,1.390798710691052,0.8276413469278339,0.15541722764845228,-0.47953786497390233,-0.00010895222969525831,0.37077201804461246,-4.4104287791696954,4.510317716353144,-0.03173499027943437,-0.010132847188047935,0.00032208517787769034,0.9994449019635679,3.9046225799196224,1.4817575236557587,0.456263940163222,-0.0008028905241135673,-0.24058697696349146,4.827435025003408e-07,0.0,0.0,0.0,0.0,nan,nan,0.0,0.0,0.0,0.0,0.0
16.84,0.43642504575291957,-4.578553804409427,4.526038425728597,-0.047643070078206944,0.029877869750846914,0.009909092037612446,0.9983682991099351,3.9005484335722183,1.4040111535715822,0.7915956996590869,0.12097670078688964,-0.4196813311117635,-0.0022550566884320007,0.4486502598386526,-4.380490088371352,4.519717658540498,-0.031743379938991276,-0.012534453616603743,0.0003983731842592983,0.9994173735739179,3.9042969630564497,1.4941969852060786,0.4425861395576396,-0.0007000238749852514,-0.2412244704475229,3.7157417901032275e-06,0.0,0.0,0.0,0.0,nan,nan,0.0,0.0,0.0,0.0,0.0
16.86,0.5183603484456972,-4.546111298970653,4.534807845752444,-0.04648803683530575,0.02580727423420069,0.010034345607459774,0.9985350063648395,3.895530573975944,1.4169355328277327,0.7576402750813653,0.09037295978503629,-0.35856545722700045,-0.004533045267085801,0.5264733946884819,-4.3505274935289115,4.5294904399884,-0.03175158630079731,-0.014935987666693212,0.00047465889029012974,0.9993840741870671,3.9039713461932766,1.5066364467563984,0.42890833895205704,-0.0005971572258569353,-0.24186196393155435,6.948740077706114e-06,0.0,0.0,0.0,0.0,nan,nan,0.0,0.0,0.0,0.0,0.0
16.88,0.59227091089712,-4.51656524509297,4.542804755719378,-0.0458360753799064,0.022831792188674302,0.010102805281914554,0.9986369193979645,3.8880798168007527,1.4276468757559075,0.7377876118855495,0.047396740390640006,-0.2793212259074842,-0.006654060716447259,0.6040664431084317,-4.320048254812546,4.538970384476921,-0.031757517899624145,-0.01734826652160887,0.0005513049530779099,0.9993448822945955,3.9014661054582223,1.5190822447535606,0.4147912450643913,-0.0004969762432303814,-0.24243307100466374,8.254910703667561e-06,0.0,0.0,0.0,0.0,nan,nan,0.0,0.0,0.0,0.0,0.0
16.9,0.6659491293179431,-4.4868397409605,4.550891827518637,-0.04549833545683636,0.020497445786217348,0.010130770885874482,0.9987027203668548,3.878552372299963,1.4378052124671168,0.7246075624360384,0.021929879584473563,-0.2156323276762119,-0.008318611436917485,0.6811085840712903,-4.2881250322145235,4.5469073353668295,-0.031757234778729486,-0.0197916569645586,0.0006289941723001076,0.9992994409685902,3.8926793916473823,1.5315463038005983,0.39940814883596526,-0.0004045351014263597,-0.24281285862207042,4.008143396429978e-06,0.0,0.0,0.0,0.0,nan,nan,0.0,0.0,0.0,0.0,0.0
16.92,0.7432349926694082,-4.455354409456209,4.559580825196985,-0.04545244574879151,0.01877763768537534,0.010116206067982799,0.9987387735905722,3.866288042040086,1.4479208646661512,0.722530526315157,-0.012218723039200368,-0.13586123834766814,-0.010005810071567273,0.7581011570524069,-4.256177874588367,4.555220074985763,-0.03175676180490892,-0.022234929087887764,0.0007066796312332126,0.9992480255732415,3.883892677836541,1.5440103628476383,0.3840250526075365,-0.00031209395962232154,-0.24319264623947714,-2.3862391080836277e-07,0.0,0.0,0.0,0.0,nan,nan,0.0,0.0,0.0,0.0,0.0
16.94,0.8240733345311384,-4.422080802089476,4.568901974854991,-0.04570089931238806,0.017627571145546687,0.010058396633615288,0.998748980071924,3.8521346953264533,1.458332172547799,0.7225727472731158,-0.036390864545855904,-0.08777312064445233,-0.011786648764108995,0.8350423212852165,-4.224206796740004,4.563908356883032,-0.03175609898099001,-0.02467806828508567,0.0007843608654535224,0.9991906364159239,3.875105964025702,1.5564744218946762,0.36864195637911046,-0.00021965281781829982,-0.24357243385688382,-4.485391218045948e-06,0.0,0.0,0.0,0.0,nan,nan,0.0,0.0,0.0,0.0,0.0
16.96,0.8969313887753227,-4.39179013727624,4.577462692852688,-0.046228651926132965,0.017013172691090216,0.009974441194550565,0.9987361884997118,3.838489727510762,1.4675372882450861,0.7249929075335628,-0.07146918916536177,-0.046867137034457274,-0.013562488042612258,0.9119302372325333,-4.192211814047346,4.5729719256276065,-0.03175524631093527,-0.027121059950437607,0.0008620374105626325,0.9991272738397242,3.866319250214862,1.568938480941714,0.35325886015068453,-0.00012721167601427812,-0.24395222147429046,-8.732158525283531e-06,0.0,0.0,0.0,0.0,nan,nan,0.0,0.0,0.0,0.0,0.0
16.98,0.97333526949389,-4.3597203370527176,4.586469769705618,-0.04693320719877027,0.01647634144204509,0.00986913807191555,0.9987133744715948,3.8244908000581392,1.4776294543533803,0.7180967100781808,-0.06548044216791764,-0.06429088519820018,-0.014648367090294209,0.9887630666304827,-4.16019294245995,4.582410516814224,-0.03175420379984221,-0.029563889479110414,0.000939708802190157,0.9990579382234406,3.8575325364040225,1.5814025399887517,0.3378757639222585,-3.477053421025648e-05,-0.24433200909169717,-1.2978925832521115e-05,0.0,0.0,0.0,0.0,nan,nan,0.0,0.0,0.0,0.0,0.0
17.0,1.0532406301582669,-4.325845340953963,4.59581744446335,-0.04773712730204812,0.01584191146238219,0.00974992323897316,0.9986867073887588,3.8095305411242055,1.4883818838745226,0.7122353023589767,-0.08913644233482992,-0.05234734371843437,-0.01608299972485913,1.0655389725324753,-4.128150198498624,4.592223857069714,-0.031752971453943214,-0.032006542267240236,0.0010173745759965197,0.998982629981579,3.8487458225931834,1.5938665990357896,0.3224926676938325,5.767060759376521e-05,-0.2447117967091038,-1.7225693139758703e-05,0.0,0.0,0.0,0.0,nan,nan,0.0,0.0,0.0,0.0,0.0
17.02,1.1252504249685655,-4.295012761302809,4.60420459516544,-0.04871381460735517,0.015407867901934113,0.009626875171734961,0.9986475279834945,3.7955475185268877,1.4980875326883654,0.7099235244337162,-0.11575068786088508,-0.035428267484979015,-0.017182184651595708,1.142256119353132,-4.0960835992550395,4.602411664059532,-0.03175154928060555,-0.03444900371201979,0.0010950342676757274,0.9989013495643517,3.8399591087823435,1.6063306580828276,0.30710957146540646,0.0001501117493977869,-0.24509158432651051,-2.1472460446996283e-05,0.0,0.0,0.0,0.0,nan,nan,0.0,0.0,0.0,0.0,0.0
17.04,1.2007524455748502,-4.262355369177063,4.613056066582472,-0.05007438453405374,0.01522030999970289,0.009479473458363434,0.9985845170840578,3.7799612904048,1.508117882045407,0.7173203342545373,-0.1517362972240383,-0.0032747583225234246,-0.017979997024038758,1.2189126729121804,-4.063993162391316,4.612973646494513,-0.03174993728833136,-0.03689125921178571,0.0011726874129581492,0.9988140974576737,3.8311723949715044,1.6187947171298653,0.29172647523698053,0.00024255289120180858,-0.24547137194391716,-2.5719227754233867e-05,0.0,0.0,0.0,0.0,nan,nan,0.0,0.0,0.0,0.0,0.0
17.06,1.275947704654131,-4.229476063061063,4.621995097766537,-0.051663340807054876,0.01522445555834338,0.00932245806633902,0.9985049859390827,3.7640961951318688,1.5183495805156242,0.7283612771850394,-0.1626911444823133,0.007885850980298918,-0.017909090711141086,1.2936622901277237,-4.030108312848026,4.621226468764653,-0.031741286020687084,-0.039353077841515496,0.001250612833227607,0.9987203121964097,3.8143402700360163,1.6312584177995537,0.2761784888916548,0.0003266465680927462,-0.245623508243213,-3.61130646282358e-05,0.0,0.0,0.0,0.0,nan,nan,0.0,0.0,0.0,0.0,0.0
17.08,1.3545720259606753,-4.194692726832583,4.631573289175391,-0.05343724110176212,0.015423407074872764,0.009152358130384362,0.9984101432368804,3.746936836337608,1.5293542373605717,0.7479017053587704,-0.1691059906237852,0.02939250105927154,-0.01731720160366238,1.3682293206603786,-3.9960745312659953,4.629656670123365,-0.0317319556623685,-0.04181606137211051,0.0013285504729822102,0.9986204158511912,3.7969371280588113,1.6437220930336778,0.2606187995935152,0.00041014778990007626,-0.24575948716034446,-4.694318517063744e-05,0.0,0.0,0.0,0.0,nan,nan,0.0,0.0,0.0,0.0,0.0
17.1,1.4291409234465815,-4.1613040530211585,4.640881664751251,-0.055057741026746196,0.01563808136255839,0.008996633997941015,0.9983201671513188,3.73103592608196,1.540545384449778,0.7625070189417968,-0.1545058205205153,0.014996353946547938,-0.01639158671831842,1.4427432919802627,-3.962017523337934,4.6384542217890035,-0.03172243229669897,-0.044278790559503206,0.001406480031923589,0.9985144454687116,3.7795339860816033,1.656185768267804,0.24505911029537283,0.0004936490117074211,-0.24589546607747592,-5.7773305713041e-05,0.0,0.0,0.0,0.0,nan,nan,0.0,0.0,0.0,0.0,0.0
17.12,1.5034118535931276,-4.127653835930892,4.650299507504457,-0.056590876718745145,0.015641450736484517,0.008857895141834243,0.9982356211760419,3.7158277620456124,1.5523797319256263,0.7718655375231805,-0.14944986518384093,-0.013829906228932737,-0.015939555349033713,1.5172023891660806,-3.9279373104810418,4.647618858392904,-0.03171271598160371,-0.04674125042431859,0.0014844010360507479,0.9984024016935282,3.762130844104398,1.6686494435019281,0.22949942099723325,0.0005771502335147512,-0.24603144499460733,-6.860342625544263e-05,0.0,0.0,0.0,0.0,nan,nan,0.0,0.0,0.0,0.0,0.0
17.14,1.5736980807774619,-4.095443543884995,4.659236515853752,-0.05791019012932023,0.015243032171279257,0.00875208829199543,0.9981670505481238,3.7024397662881183,1.564428842103161,0.7708090247067865,-0.1295618124303354,-0.06398152790195392,-0.015321885689203212,1.5916047986316462,-3.893833914677067,4.657150305635345,-0.03170280677618147,-0.04920342598882105,0.0015623130114147642,0.9982842852071393,3.744727702127193,1.6811131187360522,0.21393973169909364,0.0006606514553220812,-0.2461674239117388,-7.943354679784428e-05,0.0,0.0,0.0,0.0,nan,nan,0.0,0.0,0.0,0.0,0.0
17.16,1.6473985971594698,-4.061279988162623,4.668561241950264,-0.05917308465247595,0.014375664324439734,0.008669016213003746,0.9981065747132621,3.688939727030984,1.5777125824377962,0.7648495574061205,-0.12315070242499962,-0.10576541972266162,-0.015066977358801848,1.6659487081699544,-3.8597073584717982,4.667048280292223,-0.03169270474070431,-0.05166530227700381,0.0016402154841216206,0.9981600967279797,3.7273245601499876,1.6935767939701762,0.19838004240095403,0.0007441526771294113,-0.24630340282887023,-9.026366734024592e-05,0.0,0.0,0.0,0.0,nan,nan,0.0,0.0,0.0,0.0,0.0
17.18,1.7208032977925027,-4.026848137450814,4.6777530212685035,-0.060301827272462215,0.013028745978009388,0.008616029474910313,0.9980579669748297,3.6759776189750855,1.5916738166169082,0.7526401334056965,-0.10504122221989429,-0.15635452787255003,-0.014641395476213383,1.7402323069972843,-3.8255576649745096,4.6773124902219365,-0.03168240993661713,-0.054126864314680424,0.0017181079803350982,0.9980298370114173,3.709921418172782,1.7060404692043003,0.18282035310281441,0.0008276538989367414,-0.24643938174600166,-0.00010109378788264754,0.0,0.0,0.0,0.0,nan,nan,0.0,0.0,0.0,0.0,0.0
17.2,1.7975490483663483,-3.9903936445802914,4.687305203507617,-0.06132290014470972,0.01118666129191256,0.008588640126378309,0.998018334394595,3.6621339521298397,1.6068098674798519,0.741310966811236,-0.09017799667368623,-0.192459548312432,-0.014166606289121362,1.8144537857972556,-3.7913848578573974,4.687942634372502,-0.03167192242653734,-0.056588097129575826,0.001795990026279659,0.9978935068497473,3.6925182761955777,1.7185041444384241,0.1672606638046748,0.0009111551207440715,-0.2465753606631331,-0.00011192390842504918,0.0,0.0,0.0,0.0,nan,nan,0.0,0.0,0.0,0.0,0.0
17.22,1.8703127790539136,-3.9553762290735373,4.696365576321298,-0.06208171475819976,0.009015148435373101,0.008591664742426263,0.9979933722667318,3.6487483554202123,1.6217582915064372,0.7293903874534842,-0.06624623523394227,-0.2367163463958355,-0.013561097516741012,1.886598380635674,-3.756039471002428,4.697092802132267,-0.031657176872554385,-0.05904988509289793,0.0018734162964066238,0.9977511836797568,3.6698609785303393,1.7309533897774227,0.15249127925068456,0.0009900123547686044,-0.2465705299925387,-0.00012629069959190783,0.0,0.0,0.0,0.0,nan,nan,0.0,0.0,0.0,0.0,0.0
17.24,1.9427375351540264,-3.9200513533100065,4.705503640050819,-0.06265898765711803,0.00650787185961457,0.008619640414288846,0.9979765531658408,3.634625142095409,1.6369547175414403,0.7213049238258247,-0.050618635581195254,-0.26363838978353554,-0.01294865806506925,1.9574010158772703,-3.719936568117937,4.705415095155015,-0.0316396377837153,-0.06151188888464456,0.0019505465714394078,0.9976028349071744,3.643842392835992,1.7433934037505034,0.1382274834218073,0.0010658986489374342,-0.24647561794451495,-0.0001429200367012032,0.0,0.0,0.0,0.0,nan,nan,0.0,0.0,0.0,0.0,0.0
17.26,2.011208882723591,-3.8862011033001975,4.714295593782549,-0.06298694388194148,0.0038579648366988527,0.008669532044190471,0.9979692381140145,3.6207478649942937,1.6518031464574594,0.710326062892084,-0.024509047088222508,-0.2910051181298202,-0.01203277373071842,2.0281505159084174,-3.6838117717993977,4.714086926062448,-0.03162190601812834,-0.0639735180857978,0.002027664968176616,0.9974484110059445,3.61782380714164,1.7558334177235864,0.12396368759292747,0.0011417849431062774,-0.24638070589649114,-0.00015954937381050153,0.0,0.0,0.0,0.0,nan,nan,0.0,0.0,0.0,0.0,0.0
17.28,2.082914630330783,-3.8502616741899662,4.723663171392514,-0.06313329961400661,0.0007985906606718553,0.008744638931638073,0.9979664723941181,3.605495555986857,1.6676849716401332,0.6956695960413886,-0.00827658288980435,-0.32236644756282223,-0.011645746739782557,2.0988451528908785,-3.647665107904883,4.723108029443582,-0.03160398168377512,-0.06643475770570764,0.002104771016988258,0.9972879129164665,3.5918052214472938,1.768273431696667,0.10969989176405022,0.0012176712372751074,-0.24628579384846738,-0.00017617871091979691,0.0,0.0,0.0,0.0,nan,nan,0.0,0.0,0.0,0.0,0.0
17.3,2.1542239474392306,-3.814015760940643,4.733062033929734,-0.0630112236595257,-0.0026745149207291936,0.008851118800634501,0.9979699846983602,3.5898961532257325,1.6840215032430421,0.671030172461281,0.025077635354613808,-0.36944510326597174,-0.011015988305098916,2.1694832003228566,-3.6114966028251154,4.7324781313795485,-0.03158586488980993,-0.06889559275609784,0.002181864248319582,0.9971213416161298,3.5657866357529464,1.7807134456697478,0.09543609593517294,0.0012935575314439373,-0.24619088180044357,-0.00019280804802909227,0.0,0.0,0.0,0.0,nan,nan,0.0,0.0,0.0,0.0,0.0
17.32,2.228648986846328,-3.775639164085527,4.7428808739259765,-0.06260624061384205,-0.006752728948889422,0.008995057747101987,0.9979749236449136,3.572560066043464,1.7013394882536441,0.6390870038357246,0.04594477752559759,-0.40863706058608895,-0.010817795064859852,2.240062933081,-3.575306283482849,4.7421969494502765,-0.0315675557465591,-0.07135600825115539,0.0022589441926938766,0.9969486981193081,3.539768050058599,1.7931534596428285,0.08117230010629566,0.001369443825612767,-0.24609596975241982,-0.00020943738513838763,0.0,0.0,0.0,0.0,nan,nan,0.0,0.0,0.0,0.0,0.0
17.34,2.2990770811756756,-3.7387987969287613,4.752115564110854,-0.06198909863879216,-0.011037628174804547,0.00916069989810672,0.9979737491495463,3.554938114227594,1.71789267706903,0.6018644897434158,0.06626843057480446,-0.44411294315429906,-0.01067983278153152,2.3105826274624364,-3.539094177332211,4.752264192741356,-0.03154905436552031,-0.0738159892076223,0.002336010380715344,0.9967699834773532,3.513749464364252,1.8055934736159092,0.0669085042774184,0.0014453301197815968,-0.246001057704396,-0.000226066722247683,0.0,0.0,0.0,0.0,nan,nan,0.0,0.0,0.0,0.0,0.0
17.36,2.365545250274217,-3.7035431492592474,4.760789498433002,-0.061336243505219185,-0.015291883513345145,0.009328457465148196,0.9979564135835812,3.536455292472426,1.73325360849554,0.5678464944224214,0.0654923433333606,-0.4540025356769098,-0.011005710935676878,2.38104056122676,-3.502860312358029,4.762679561851134,-0.03153036085936191,-0.07627552064488677,0.0024130623430719594,0.9965851987785883,3.487730878669905,1.8180334875889899,0.05264470844854112,0.0015212164139504268,-0.24590614565637223,-0.00024269605935697838,0.0,0.0,0.0,0.0,nan,nan,0.0,0.0,0.0,0.0,0.0
17.38,2.4350176732924256,-3.6661658746455497,4.769836988470315,-0.06056647839802875,-0.019918328533190508,0.009513755006180808,0.9979200621034668,3.5151974438262594,1.749140960465732,0.5318745271841775,0.0785315179974506,-0.47055133448751774,-0.011061776312700854,2.4501081916808416,-3.466067601708178,4.772570196154396,-0.031509734587258226,-0.07872967760934639,0.002489619449576042,0.9963947893705413,3.4592911823250696,1.8304604977685828,0.039149256979722026,0.0015952141394581776,-0.24574846443162957,-0.00026078254722014803,0.0,0.0,0.0,0.0,nan,nan,0.0,0.0,0.0,0.0,0.0
17.4,2.503941691361309,-3.628514711430754,4.778892087428016,-0.05976533967733751,-0.02454161991511997,0.009697600002818925,0.9978636027130059,3.4915497179655146,1.7644428844614084,0.5028961744926983,0.07472392202852918,-0.45506065903493986,-0.011247622606302209,2.5158074111825064,-3.427913219950921,4.780613963277238,-0.03148457185973834,-0.0811711003101838,0.002564962674041181,0.9961994755949853,3.424806496383956,1.8428550402886197,0.027572195181352403,0.001664496517525786,-0.24543406214989766,-0.00028250722532695863,0.0,0.0,0.0,0.0,nan,nan,0.0,0.0,0.0,0.0,0.0
17.42,2.5756772705045687,-3.588688634721136,4.788477859292916,-0.05888603828258936,-0.029230741919994172,0.00988183781636344,0.9977877266751477,3.464458162228078,1.7800753651659085,0.4751263027618626,0.08149072876820412,-0.4401381244884056,-0.011164615097409132,2.5814547080565196,-3.389738862214546,4.788980402453225,-0.031459220067300245,-0.08361203557839876,0.002640290495900246,0.9959981796395468,3.390321810442836,1.855249582808659,0.015995133382980718,0.0017337788955934068,-0.2451196598681657,-0.00030423190343377307,0.0,0.0,0.0,0.0,nan,nan,0.0,0.0,0.0,0.0,0.0
17.44,2.6433536166933727,-3.550486168409628,4.797720374085746,-0.05809146369245076,-0.03350840672370451,0.010041956968659912,0.9976982147048009,3.436576428911261,1.7944387071578267,0.45171534305895344,0.07270614666675675,-0.4206963167262632,-0.011626574806242261,2.647048498531446,-3.3515445570825717,4.7976692566095585,-0.03143367936218148,-0.0860524687561691,0.0027156024628094844,0.9957909027130083,3.355837124501722,1.8676441253286962,0.004418071584611091,0.0018030612736610152,-0.24480525758643382,-0.00032595658154058367,0.0,0.0,0.0,0.0,nan,nan,0.0,0.0,0.0,0.0,0.0
17.46,2.7103776707851734,-3.5120313314046725,4.8070115892850085,-0.05729952919925511,-0.0376901139854249,0.010192294955865515,0.9975932720226426,3.4071685216319807,1.8085664387566167,0.4242019988414555,0.07568565143526035,-0.41862919044487906,-0.012084430778080947,2.7125872001211095,-3.313330333617633,4.806680260929041,-0.03140794989775405,-0.08849238518868908,0.002790898122520396,0.9955776460600683,3.321352438560608,1.880038667848733,-0.007158990213758529,0.0018723436517286232,-0.24449085530470188,-0.0003476812596473942,0.0,0.0,0.0,0.0,nan,nan,0.0,0.0,0.0,0.0,0.0
17.48,2.7734263540040516,-3.475278437059818,4.815822260612309,-0.05662300754445773,-0.04160001980365869,0.01032169110722095,0.9974751806745081,3.3776658044150207,1.8216019232724425,0.3972504446115306,0.060148238666816616,-0.40854690085790335,-0.012943845529021267,2.778069231662554,-3.2750962213608084,4.81601314285644,-0.03138203182852343,-0.09093177022425555,0.00286617702288239,0.9953584109613333,3.286867752619494,1.89243321036877,-0.018736052012128166,0.0019416260297962318,-0.24417645302296997,-0.0003694059377542048,0.0,0.0,0.0,0.0,nan,nan,0.0,0.0,0.0,0.0,0.0
17.5,2.842384741572619,-3.4344213924218714,4.825459358166432,-0.0559791122374955,-0.04587394188874959,0.010448564497829195,0.9973227902482846,3.3434693789065606,1.8357439385918883,0.36408859693579604,0.053293426379424934,-0.40632293347577064,-0.013797481203097914,2.843493013354037,-3.2368422503309047,4.825667622105031,-0.031355925310127666,-0.09337060921435636,0.0029414387118455163,0.9951331987333103,3.25238306667838,1.9048277528888071,-0.03031311381049779,0.00201090840786384,-0.2438620507412381,-0.00039113061586101535,0.0,0.0,0.0,0.0,nan,nan,0.0,0.0,0.0,0.0,0.0
17.52,2.9040937427603466,-3.3972499947385177,4.834070814590686,-0.05554160534828319,-0.049652860535204284,0.010541898918485117,0.9971652781175241,3.3107801761684033,1.8481272499521688,0.33719022864181014,0.0320671856620654,-0.3912382414835265,-0.01487993164979954,2.9088569667929756,-3.1985684510237364,4.835643410663327,-0.031329630499336465,-0.09580888751375839,0.0030166827374631783,0.9949020107283996,3.217898380737266,1.917222295408844,-0.04189017560886742,0.0020801907859314484,-0.2435476484595062,-0.00041285529396782594,0.0,0.0,0.0,0.0,nan,nan,0.0,0.0,0.0,0.0,0.0
17.54,2.9715155882859885,-3.3559441650415978,4.843469354193584,-0.055210631674218066,-0.053665517318157586,0.010619105627000034,0.9969749410074412,3.272880773330415,1.8615500773057019,0.3095488774174297,0.021848506026538945,-0.37335086329124234,-0.015574553747968116,2.974159515013861,-3.1602748544113926,4.845940212802002,-0.03130314755405023,-0.09824659048059552,0.00309190864789485,0.9946648483348853,3.183413694796152,1.9296168379288814,-0.053467237407237043,0.002149473163999057,-0.24323324617777428,-0.0004345799720746365,0.0,0.0,0.0,0.0,nan,nan,0.0,0.0,0.0,0.0,0.0
17.56,3.0349246595618165,-3.3163872464648128,4.852374004338731,-0.05508697894360554,-0.05719427344057137,0.010658767959627518,0.9967851476130927,3.2348416527925865,1.8739124949874137,0.29180084492627617,-0.0024633567270538723,-0.3348582351505301,-0.01623910309503306,3.033644622308804,-3.120158065754358,4.853694033332586,-0.03127111982848874,-0.10065014996156096,0.0031646595968338707,0.994425285935059,3.141056810847343,1.9419478584771404,-0.06122407454867838,0.0022130950084374526,-0.24271573169468796,-0.0004605661433116432,0.0,0.0,0.0,0.0,nan,nan,0.0,0.0,0.0,0.0,0.0
17.58,3.0944085825271372,-3.2786097704263972,4.860835420235634,-0.055116070284978495,-0.06018159436128579,0.01066489813592134,0.9966075729414389,3.1972955907326366,1.8855070244652439,0.27949275297835807,-0.01022006298670883,-0.2944074086592373,-0.01627106656254925,3.0928530671157977,-3.0799526496678333,4.8616232420852015,-0.03123869853891156,-0.10305180015160535,0.0032372953096525678,0.9941800592036568,3.0983898258855884,1.954276376772817,-0.06883042569692757,0.002276493873574449,-0.24219021623152973,-0.0004867201829552935,0.0,0.0,0.0,0.0,nan,nan,0.0,0.0,0.0,0.0,0.0
17.6,3.156201092768151,-3.2386326908078833,4.869787104267819,-0.055292088460207056,-0.06290116765703496,0.010636849119585068,0.9964301709110869,3.1564965381088532,1.8975512746663101,0.2716514971643142,-0.02802820162618629,-0.25416463302799963,-0.016696038785393125,3.152010416696256,-3.0397297176319227,4.86983978026425,-0.031206094990681717,-0.10545284909758025,0.0033099121348380235,0.9939290320411689,3.055722840923826,1.966604895068496,-0.07643677684517813,0.0023398927387114563,-0.24166470076837138,-0.0005128742225989485,0.0,0.0,0.0,0.0,nan,nan,0.0,0.0,0.0,0.0,0.0
17.62,3.217142708515596,-3.198443108952008,4.878729911564536,-0.055538175783414793,-0.06532144700851378,0.010585377832611691,0.9962612957289393,3.114930092773672,1.909739014720871,0.26191777180782944,-0.029327652203030855,-0.23324273603773554,-0.016928458609431714,3.211115281092306,-2.999489299606717,4.878343399051401,-0.031173309374020946,-0.10785328279083632,0.003382509648715559,0.993672205912185,3.0130558559620715,1.9789334133641727,-0.08404312799342734,0.002403291603848453,-0.2411391853052131,-0.0005390282622425987,0.0,0.0,0.0,0.0,nan,nan,0.0,0.0,0.0,0.0,0.0
17.64,3.277226681415029,-3.158044114215985,4.887619197152668,-0.05589080076850158,-0.06759951121877267,0.010512540097897932,0.9960903628552628,3.0725963407389827,1.9219423280387282,0.25294249193317636,-0.04551974559155054,-0.22331206432732417,-0.017827429693578922,3.270166271570979,-2.959231425960364,4.88713384292858,-0.03114034188021321,-0.1102530872263152,0.003455087427723206,0.9934095823151279,2.9703888710003166,1.9912619316598494,-0.09164947914167654,0.0024666904689854495,-0.2406136698420549,-0.0005651823018862491,0.0,0.0,0.0,0.0,nan,nan,0.0,0.0,0.0,0.0,0.0
17.66,3.3364507142013835,-3.117439161919401,4.896394616028961,-0.056326899138735516,-0.06983442992487614,0.010424114377841763,0.9959125316361472,3.029709412475207,1.934363712935291,0.24105760974777046,-0.049190389479402116,-0.22381549194359293,-0.018480153822046503,3.329162000656581,-2.91895612746839,4.896210849683928,-0.031107192701603618,-0.11265224840262937,0.0035276450484141232,0.9931411627822451,2.9277218860385616,2.003590449955526,-0.09925583028992574,0.002530089334122446,-0.2400881543788967,-0.0005913363415298992,0.0,0.0,0.0,0.0,nan,nan,0.0,0.0,0.0,0.0,0.0
17.68,3.397700025235505,-3.074581688336223,4.905466641785979,-0.05692310131116436,-0.072185208629814,0.010312001957716596,0.9957121666464728,2.9838508888115616,1.9474568687939737,0.23076955597553359,-0.06815277209632825,-0.22170323945975293,-0.019522300316619903,3.38810108216308,-2.8786634353129745,4.905574150417916,-0.031073862031597302,-0.11505075232214439,0.0036001820874590816,0.9928669488796003,2.885054901076807,2.015918968251203,-0.10686218143817496,0.002593488199259442,-0.23956263891573842,-0.0006174903811735496,0.0,0.0,0.0,0.0,nan,nan,0.0,0.0,0.0,0.0,0.0
17.7,3.4551289799744676,-3.0335504267607725,4.913965062167558,-0.05756557468557946,-0.07437968709972521,0.010190787552745825,0.9955149494644069,2.9394493643081785,1.960145890506969,0.2216500823479972,-0.06815592106993117,-0.21523613532385283,-0.01985484056612835,3.446982131226458,-2.8383533810822206,4.915223469549632,-0.031040350064658287,-0.11744858499106041,0.0036726981216489312,0.9925869422070634,2.8423879161150523,2.0282474865468796,-0.11446853258642414,0.002656887064396439,-0.2390371234525802,-0.0006436444208171998,0.0,0.0,0.0,0.0,nan,nan,0.0,0.0,0.0,0.0,0.0
17.72,3.511652370022224,-2.9923010419514555,4.922381888285026,-0.058290090182423114,-0.07648659117446806,0.010053877798727563,0.9953145162702305,2.8941726469569766,1.9728539495865696,0.21835585552135778,-0.07962198580634898,-0.2042957720651033,-0.02031228340599731,3.5011215318354183,-2.796829360669175,4.923380328006317,-0.031003408983496454,-0.1198125561901249,0.003743048017023674,0.9923052602914751,2.794753973777712,2.0405214505599,-0.11880452991604717,0.002716845510084303,-0.23837804673400684,-0.0006722011975348469,0.0,0.0,0.0,0.0,nan,nan,0.0,0.0,0.0,0.0,0.0
17.74,3.564492774935859,-2.9529046930707024,4.9303376102863865,-0.05897618780796461,-0.07836633311511597,0.009916229152580452,0.995129235579542,2.8505314374023483,1.9851245258078223,0.21737830222731397,-0.0720975871847136,-0.18972708187797602,-0.020112475885814437,3.552557566387177,-2.754611871661383,4.930781770805759,-0.030964452248207108,-0.12215704716456484,0.0038121611223759524,0.9920203253727112,2.7443045325695095,2.0527644907075433,-0.12128674095611579,0.0027748537684961633,-0.23764326138027175,-0.0007021199556441741,0.0,0.0,0.0,0.0,nan,nan,0.0,0.0,0.0,0.0,0.0
17.76,3.6191896816512776,-2.9112046221522583,4.938729456397614,-0.05968927063987498,-0.08021649134189403,0.009764577052357578,0.9949407814147855,2.803932734641548,1.9981002808756416,0.22096983282803231,-0.0746968188839618,-0.17959437238253767,-0.02027937741716264,3.6039456989298877,-2.7123797234212583,4.938428264959593,-0.030925322603698017,-0.12450085599938454,0.00388125294016275,0.9917298508933227,2.693855091361298,2.0650075308551883,-0.12376895199618486,0.0028328620269080333,-0.2369084760265365,-0.0007320387137535066,0.0,0.0,0.0,0.0,nan,nan,0.0,0.0,0.0,0.0,0.0
17.78,3.6729307027229976,-2.8692646287781414,4.947129198689973,-0.06032083525933006,-0.08202609143870283,0.009616731722570047,0.9947565710403137,2.7570225074091264,2.011407333025032,0.2217085329741244,-0.060296698104047176,-0.18430361413070678,-0.020336239990054242,3.6552847698821798,-2.6701329450547924,4.946319582685824,-0.030886020268473827,-0.12684396960647315,0.003950323084567035,0.9914338384753544,2.6434056501530954,2.077250571002831,-0.1262511630362535,0.002890870285319893,-0.2361736906728014,-0.0007619574718628337,0.0,0.0,0.0,0.0,nan,nan,0.0,0.0,0.0,0.0,0.0
17.8,3.7283291075246625,-2.8249691263856356,4.955913940005545,-0.06091836923448517,-0.0840987278054494,0.009471954560086591,0.9945484595273011,2.7074189181471273,2.0255991152327657,0.2201915185957023,-0.057955983354784996,-0.20823649756002785,-0.02109739098106539,3.706573620758572,-2.6278715659947407,4.954455490733974,-0.03084654546200348,-0.12918637490160328,0.0040193711698928375,0.9911322897717748,2.5929562089448925,2.089493611150474,-0.1287333740763221,0.002948878543731753,-0.23543890531906625,-0.0007918762299721608,0.0,0.0,0.0,0.0,nan,nan,0.0,0.0,0.0,0.0,0.0
17.82,3.7775465471562817,-2.784666819883279,4.963765391870116,-0.061360024476465026,-0.08618750337132859,0.009357285335960136,0.9943435537428732,2.6622390680883417,2.0387597011892047,0.2135641170086297,-0.044869347975282324,-0.22970327785443406,-0.021466311891124634,3.7578110941953122,-2.585595615999993,4.962835750390282,-0.03080689840471905,-0.13152805880450255,0.004088396810567358,0.9908252064664684,2.54250676773669,2.1017366512981166,-0.13121558511639073,0.0030068868021436127,-0.23470411996533114,-0.000821794988081488,0.0,0.0,0.0,0.0,nan,nan,0.0,0.0,0.0,0.0,0.0
17.84,3.828420270704421,-2.74201256343975,4.971900682112148,-0.06179671606316454,-0.08862785680564605,0.009247237854446231,0.9941029913816324,2.6141041657185453,2.05268493024289,0.20618019347753758,-0.04899107087126869,-0.2559756652221038,-0.022302586121519773,3.8089960339762365,-2.543305125154903,4.97146011748304,-0.03076707931801445,-0.1338690082389268,0.004157399621143132,0.9905125902742252,2.4920573265284873,2.1139796914457594,-0.13369779615645935,0.0030648950605554727,-0.23396933461159602,-0.0008517137461908152,0.0,0.0,0.0,0.0,nan,nan,0.0,0.0,0.0,0.0,0.0
17.86,3.880796005481847,-2.6969703786780928,4.980279062590245,-0.06219133707248337,-0.09143082388894627,0.009145858464854795,0.9938254350282377,2.5628447097226554,2.0675149283220944,0.196232475348028,-0.03629631670520757,-0.27567399270148546,-0.022708781311333408,3.8601272850585975,-2.5010001238686144,4.980328342388049,-0.03072708842424426,-0.13620921013273332,0.004226379216300176,0.9901944429407314,2.441607885320285,2.126222731593402,-0.13618000719652798,0.003122903318967333,-0.2332345492578609,-0.0008816325043001424,0.0,0.0,0.0,0.0,nan,nan,0.0,0.0,0.0,0.0,0.0
17.88,3.927240796603672,-2.655987637178745,4.9877514409526755,-0.06252269207389001,-0.09412883272146966,0.009061412708598851,0.993553504661954,2.5155787468893562,2.080865563575499,0.19063028883980238,-0.04028915594789066,-0.2901223452886006,-0.023242038825540576,3.9084711030701995,-2.458090332017947,4.9886523649469305,-0.0306854707780398,-0.13852689550887773,0.004294040224755655,0.9898738618239956,2.3888675728013533,2.1384330991281972,-0.13673690716572331,0.0031793201971538473,-0.23243020257736097,-0.0009125161063493667,0.0,0.0,0.0,0.0,nan,nan,0.0,0.0,0.0,0.0,0.0
17.9,3.9775061614381864,-2.6104314510063835,4.995924627658339,-0.0628074206922771,-0.09721690166873805,0.008980542180389166,0.9932388694559132,2.462399306918703,2.0957044993927334,0.1851786545605844,-0.025281483874954516,-0.2970505768858169,-0.023172339357211108,3.950807062487106,-2.4138804535565654,4.995470947270416,-0.030640514358572592,-0.1407963835478649,0.004358853580235537,0.9895547168576131,2.331130458710896,2.150572201829189,-0.1330943580695959,0.0032322659893943046,-0.23147413015597448,-0.0009455042062342294,0.0,0.0,0.0,0.0,nan,nan,0.0,0.0,0.0,0.0,0.0
17.92,4.024300440307655,-2.566784075977141,5.00369129171688,-0.06303352431957389,-0.10019154431697014,0.008910388276132653,0.9929295212853745,2.4107117045339583,2.1096900075726857,0.18446629531262992,-0.025768910904083748,-0.2968057652290522,-0.02302787010103432,3.993098858473647,-2.3696590998450673,5.0024863408002815,-0.030595396811324112,-0.14306513118776432,0.0044236440140243,0.989230368168013,2.2733933446204286,2.1627113045301827,-0.12945180897346786,0.003285211781634771,-0.23051805773458783,-0.0009784923061190978,0.0,0.0,0.0,0.0,nan,nan,0.0,0.0,0.0,0.0,0.0
17.94,4.067762768361102,-2.525082519951706,5.011058236989083,-0.06314826876447899,-0.10300915100848639,0.008856861037601313,0.9926343571391838,2.3608823207509784,2.123060800800057,0.18218272637530297,-0.008787184787199904,-0.300195038501551,-0.022674571457354097,4.035345587432831,-2.32542629745684,5.009698342142176,-0.030550118373551843,-0.14533312649802255,0.004488411185411623,0.9889008174608324,2.2156562305299716,2.1748504072311743,-0.12580925987734046,0.003338157573875228,-0.22956198531320135,-0.0010114804060039606,0.0,0.0,0.0,0.0,nan,nan,0.0,0.0,0.0,0.0,0.0
17.96,4.114659885759861,-2.47872494667077,5.019172538041121,-0.06318826594460034,-0.10629938367414825,0.008816591512492396,0.9922852169570564,2.3049911221912565,2.137769324609067,0.17890246665080517,-0.007348978659507229,-0.3268670766047892,-0.023062626128195002,4.077546346715652,-2.2811820732060637,5.0171067437661865,-0.030504679283359273,-0.14760035755204332,0.004553154753809543,0.9885660664690632,2.157919116439514,2.186989509932166,-0.12216671078121305,0.0033911033661156846,-0.22860591289181487,-0.0010444685058888232,0.0,0.0,0.0,0.0,nan,nan,0.0,0.0,0.0,0.0,0.0
17.98,4.158205211893681,-2.4343213390838145,5.026815209746738,-0.06313509341777071,-0.10967156312559381,0.008800427721688956,0.9919217008880458,2.2509405502042377,2.1518616379340223,0.1711760862052465,0.006541623838763029,-0.34852650345752484,-0.023269404865031866,4.11970023464005,-2.2369264541471825,5.024711334011201,-0.03045907977969475,-0.1498668124272491,0.004617874378754208,0.9882261169530443,2.100182002349057,2.1991286126331575,-0.11852416168508562,0.003444049158356142,-0.22764984047042836,-0.0010774566057736858,0.0,0.0,0.0,0.0,nan,nan,0.0,0.0,0.0,0.0,0.0
18.0,4.2006444170656945,-2.389674843114569,5.034347187338542,-0.06305625255552959,-0.11327007381896856,0.008796253665350298,0.9915222767604133,2.195856668496077,2.165801905821224,0.16337106917131122,0.0005239186865534547,-0.3711942501530162,-0.023869223552988983,4.161806350509887,-2.192659467574324,5.032511897089368,-0.030413320102350146,-0.15213247920514403,0.00468256971990768,0.9878809707004517,2.0424448882586,2.211267715334149,-0.11488161258895821,0.0034969949505965986,-0.22669376804904187,-0.0011104447056585484,0.0,0.0,0.0,0.0,nan,nan,0.0,0.0,0.0,0.0,0.0
18.02,4.241963161027465,-2.344790477618303,5.041734539421692,-0.062925633885243,-0.11702014192813225,0.008805029291353536,0.9910949109154169,2.1396725052728613,2.17973460172691,0.15352969365112207,0.014589882377234584,-0.3804132291953791,-0.023870209357832524,4.203863794633886,-2.148381141020727,5.040508213090623,-0.030367400491959663,-0.1543973459713764,0.0047472404370597155,0.987530629526289,1.984707774168143,2.2234068180351407,-0.1112390634928308,0.0035499407428370554,-0.2257376956276554,-0.001143432805543411,0.0,0.0,0.0,0.0,nan,nan,0.0,0.0,0.0,0.0,0.0
18.04,4.282132782174324,-2.299668962484788,5.048992641482788,-0.06274621978753725,-0.12086844634781595,0.008823171253902962,0.9906441753873403,2.082237062529134,2.193420327900086,0.14628942780312942,0.012541190833892029,-0.39104835308198943,-0.02420143216510226,4.245871668344561,-2.1040915022581634,5.048700057987328,-0.03032132118999852,-0.1566614008158017,0.004811886190129562,0.9871750952728786,1.926970660077686,2.2355459207361323,-0.1075965143967034,0.0036028865350775123,-0.2247816232062689,-0.0011764209054282739,0.0,0.0,0.0,0.0,nan,nan,0.0,0.0,0.0,0.0,0.0
18.06,4.321126656758969,-2.254312463542315,5.056126212267318,-0.06251551132429302,-0.12474364314806229,0.008849394293507264,0.990178025689648,2.0235406161801013,2.206944939081322,0.14025086755320743,0.021728071278289254,-0.3862316599017398,-0.023968292419703704,4.27788566667243,-2.057927775136811,5.054931094951376,-0.03027096160912915,-0.15883741389451844,0.004871682303112381,0.9868285623866475,1.862577742457541,2.247564725125666,-0.09707136686288295,0.0019820954616047194,-0.2065242163132578,-0.0006050558230566534,0.0,0.0,0.0,0.0,nan,nan,0.0,0.0,0.0,0.0,0.0
18.08,4.357040393683781,-2.2110030906378486,5.062849482094872,-0.06227014328018917,-0.12832342419891068,0.008873009997722444,0.9897357211656612,1.9665307996549124,2.2194459616133453,0.1402029542904203,0.019339287381409803,-0.370721775010329,-0.02374077093324015,4.309763906183369,-2.011738041085079,5.061285683667155,-0.030220415291695696,-0.16101181617924618,0.004931408337800636,0.9864773706284721,1.79812080319072,2.259582372375275,-0.08648001616013996,0.00034520484586517174,-0.1881003892551041,-2.7877515320220568e-05,0.0,0.0,0.0,0.0,nan,nan,0.0,0.0,0.0,0.0,0.0
18.1,4.393624416960498,-2.165183225307349,5.069889814818635,-0.061976303556712874,-0.13190890126954222,0.008895608555263201,0.9892824913601475,1.9054549426803495,2.232422116419514,0.14119974997521817,0.023502074593528238,-0.3577206988757972,-0.02343386071294559,4.3416014493032495,-1.9655402559281268,5.067784143370506,-0.030169722179106392,-0.16318543635180205,0.004991110418256357,0.9861213870731637,1.7336638639238875,2.2716000196248864,-0.07588866545739509,-0.001291685769874666,-0.16967656219694718,0.0005493007924163149,0.0,0.0,0.0,0.0,nan,nan,0.0,0.0,0.0,0.0,0.0
18.12,4.43065594228707,-2.1168183730665047,5.077276814831823,-0.06178418934810814,-0.13575446231930088,0.008902659256237235,0.988774080649954,1.8402594536259405,2.2457053032153254,0.14543139605611677,0.005354297970475632,-0.3784217498500631,-0.02440273791247259,4.3733976613774885,-1.9193344423035605,5.074426294291333,-0.030118882517602204,-0.16535826385386224,0.00505078825447768,0.9857606134499064,1.6692069246570667,2.2836176668744956,-0.06529731475465209,-0.0029285763856142137,-0.1512527351387935,0.0011264791001527477,0.0,0.0,0.0,0.0,nan,nan,0.0,0.0,0.0,0.0,0.0
18.14,4.464599468507882,-2.0705222220935933,5.0842542325766855,-0.0616434363860798,-0.13956412282568162,0.008906957909631133,0.9882523000080543,1.7771867518105138,2.2583798694534836,0.14571530455731307,0.011164653468199212,-0.3865151606254722,-0.024669506936638698,4.405151908554576,-1.8731206230049546,5.081211953867635,-0.030067896554135904,-0.1675302881309542,0.005110441556580534,0.985395051511152,1.6047499853902458,2.2956353141241053,-0.054705964051909084,-0.004565467001353761,-0.13282890808063985,0.0017036574078891807,0.0,0.0,0.0,0.0,nan,nan,0.0,0.0,0.0,0.0,0.0
18.16,4.495636732316536,-2.026334301739177,5.09079365132992,-0.06148869280285256,-0.1432463492593286,0.008913512901152427,0.9877348699772788,1.7162475845599714,2.270280968729461,0.14640259857688992,0.009761561402731166,-0.39255854221109693,-0.025179276822483693,4.43686355779837,-1.826898820981442,5.088140936749047,-0.03001676453637095,-0.16970149863250678,0.005170070034800015,0.9850247030326116,1.5402930461234248,2.3076529613737145,-0.04411461334916608,-0.006202357617093308,-0.11440508102248619,0.0022808357156256136,0.0,0.0,0.0,0.0,nan,nan,0.0,0.0,0.0,0.0,0.0
18.18,4.527024743140722,-1.979609621195701,5.097537965776873,-0.06129029189447159,-0.14710325321152481,0.008922668145799404,0.9871800843854359,1.6510308222277785,2.282759407825556,0.14519188436891434,0.014596829650674041,-0.38425876241599505,-0.02513524020272232,4.468531976900406,-1.7806690593372587,5.095213054800449,-0.02996548671268026,-0.17187188481190172,0.005229673399491798,0.9846495698132464,1.475836106856604,2.3196706086233236,-0.03352326264642308,-0.007839248232832855,-0.09598125396433252,0.002858014023362046,0.0,0.0,0.0,0.0,nan,nan,0.0,0.0,0.0,0.0,0.0
18.2,4.5585387687914585,-1.930318851734451,5.104465446771062,-0.06114196058839828,-0.15104726580585945,0.008914818197839841,0.9865935891563862,1.5812962802077066,2.295558836182958,0.1477213321595408,0.0030454145360955358,-0.3718944246627601,-0.025386810812757378,4.500156534492174,-1.7344313613312947,5.102428117105616,-0.029914063332144993,-0.17404143612652495,0.005289251361133549,0.9842696536752598,1.4113791675897829,2.331688255872933,-0.022931911943680078,-0.009476138848572405,-0.07755742690617883,0.00343519233109848,0.0,0.0,0.0,0.0,nan,nan,0.0,0.0,0.0,0.0,0.0
18.22,4.587154323850786,-1.8831592242754798,5.11090910348279,-0.061038663257923044,-0.15462267869006913,0.00889150430629387,0.9860461703052068,1.513791916436746,2.3076232229668197,0.15120557676774488,0.002941083840620448,-0.3505399267760899,-0.02509811218551703,4.524022612718316,-1.6869201095076616,5.108975547423108,-0.030066128407512202,-0.17425538379621466,0.005322128058502821,0.9842269880944872,1.3426016106352678,2.3434425995293675,-0.003334154889700241,-0.013888704784234738,-0.05944219607030701,0.004961145536836438,0.0,0.0,0.0,0.0,nan,nan,0.0,0.0,0.0,0.0,0.0
18.24,4.614370483174642,-1.8357876570456046,5.117237980474518,-0.0610300887032242,-0.1579959680363373,0.00884186241592135,0.9855122646756636,1.4452520820511399,2.3193783732909417,0.16020993580007392,-0.010376512616985219,-0.3274816564352925,-0.02499777836687642,4.544034837740817,-1.638773548320218,5.115095314376447,-0.030320001584426146,-0.17349140610776528,0.005341655512741377,0.9843540502416059,1.2716630639219253,2.355065249893445,0.020768224719590472,-0.01968954581705909,-0.04148131197931461,0.006961635715344175,0.0,0.0,0.0,0.0,nan,nan,0.0,0.0,0.0,0.0,0.0
18.26,4.638906769852114,-1.7905884072872766,5.123152879921124,-0.06105903973497013,-0.160912157388013,0.008776235546866164,0.9850391103712607,1.3793217678968293,2.3304633298361535,0.1702517412723809,-0.008858226500315806,-0.2949639772484615,-0.024286491445677114,4.56406117103585,-1.5906258467299,5.121159707043281,-0.030573854609466128,-0.17272731311005546,0.005361179416704106,0.9844804581480335,1.2007245172085703,2.3666879002575234,0.044870604328885455,-0.02549038684988447,-0.023520427888319,0.00896212589385227,0.0,0.0,0.0,0.0,nan,nan,0.0,0.0,0.0,0.0,0.0
18.28,4.664500161222783,-1.7404068928141239,5.129609819415049,-0.061143603607433816,-0.16387267032082362,0.008683575385803912,0.9845464961993105,1.3056790619330738,2.3424958305090713,0.185467246434049,-0.014397053518863282,-0.2717991132094752,-0.023961454084665768,4.5841015270532885,-1.5424770341880816,5.127168703099014,-0.030827687313911296,-0.1719631053109318,0.00538069975741464,0.9846062117297543,1.1297859704952278,2.3783105506216007,0.06897298393817616,-0.031291227882708814,-0.005559543797326594,0.010962616072360008,0.0,0.0,0.0,0.0,nan,nan,0.0,0.0,0.0,0.0,0.0
18.3,4.686266874759548,-1.694803192770945,5.135360182882044,-0.06118516080005462,-0.16629727495126406,0.008595719124203507,0.9841380523353384,1.2384701795206465,2.353374262175294,0.1988617921985642,-0.00892070646782633,-0.24693393996567836,-0.023377710338260915,4.604155820205736,-1.4943271401490652,5.133122280366327,-0.03108149952905441,-0.17119878321831714,0.005400216521898989,0.9847313109031872,1.0588474237818855,2.389933200985678,0.09307536354746687,-0.03709206891553316,0.012401340293665818,0.012963106250867745,0.0,0.0,0.0,0.0,nan,nan,0.0,0.0,0.0,0.0,0.0
18.32,4.707734226695246,-1.6465922588050494,5.141334316212375,-0.061341874496102566,-0.16870154131605442,0.008475564531401292,0.9837200461496991,1.1672146861607768,2.364557777161324,0.21679472124214866,-0.03180838825700372,-0.23642711713150802,-0.023659484125178352,4.6242239648687375,-1.4461761940700362,5.139020416815234,-0.031335291086201825,-0.17043434734021007,0.005419729697185539,0.9848557555851867,0.987908877068543,2.4015558513497544,0.11717774315675758,-0.04289290994835751,0.03036222438465823,0.014963596429375484,0.0,0.0,0.0,0.0,nan,nan,0.0,0.0,0.0,0.0,0.0
18.34,4.727711246063789,-1.598169836253154,5.147215432255854,-0.06162062446401126,-0.17091269669502943,0.00832316941415981,0.9833221616540538,1.09547389648338,2.375744539662133,0.23460965595642547,-0.036082934573366886,-0.21041533850280134,-0.023365382278534106,4.644305875381017,-1.3980242254109774,5.144863090563141,-0.03158906181667364,-0.16966979818468506,0.005439239270305064,0.9849795456930418,0.9169703303552005,2.413178501713831,0.1412801227660483,-0.048693750981181866,0.04832310847565065,0.016964086607883223,0.0,0.0,0.0,0.0,nan,nan,0.0,0.0,0.0,0.0,0.0
18.36,4.7461831992759125,-1.5495337151730433,5.153012278071602,-0.062012147755512684,-0.17290875768053238,0.008138686245007756,0.9829500581587697,1.0233039765695868,2.386777315951953,0.2560522571271212,-0.051006121618747166,-0.19029579614942083,-0.02339314297807369,4.664401466044697,-1.3498712636345898,5.150650279874906,-0.03184281155180375,-0.16890513625989168,0.005458745228290725,0.9851026811444766,0.8460317836418579,2.424801152077908,0.16538250237533902,-0.054494592014006214,0.06628399256664308,0.01896457678639096,0.0,0.0,0.0,0.0,nan,nan,0.0,0.0,0.0,0.0,0.0
18.38,4.763146723106349,-1.500682894401559,5.158708231194159,-0.06243945696663815,-0.17460371418472148,0.007933232481722698,0.9826250154708065,0.9507579604726527,2.3979193494932263,0.27663279429510185,-0.04739807997371867,-0.1517592912295388,-0.02270713702213295,4.6805775575980295,-1.3010150141806778,5.156453814876641,-0.03234272990992424,-0.16813495698744652,0.00551739015468509,0.9852178147327036,0.7796365062436132,2.43679885527403,0.19007934607072857,-0.058125024623440345,0.07596224221955154,0.0202074552138525,0.0,0.0,0.0,0.0,nan,nan,0.0,0.0,0.0,0.0,0.0
18.4,4.778592073342283,-1.4516141533976168,5.164310486131115,-0.06294118789548145,-0.17594801880653568,0.007698419022808566,0.9823550457390191,0.8779089019401218,2.4089299819646737,0.30084104279542634,-0.0614489213284172,-0.1165493398210576,-0.022175670930816224,4.689225172945636,-1.2508044372051677,5.162301645105628,-0.03331475666071316,-0.1673541964588371,0.005651096808753149,0.9853175960171991,0.7219544433857278,2.4495158457417006,0.2159162703467487,-0.05759298459002282,0.0697558137226153,0.019997363705495763,0.0,0.0,0.0,0.0,nan,nan,0.0,0.0,0.0,0.0,0.0
18.42,4.792517577480924,-1.4023246930353725,5.169813067197667,-0.06346480384085439,-0.1768440173648013,0.007441005894898361,0.9821624324046364,0.8048248086986702,2.420059477143789,0.32488637769521256,-0.0540892296230023,-0.06369692214383811,-0.02096522178135382,4.69788765608936,-1.2005834896389416,5.168037342198121,-0.034286730699002614,-0.16657317113291525,0.005784794521334984,0.9854158182762466,0.664272380527832,2.462232836209374,0.2417531946227735,-0.057060944556605195,0.06354938522567796,0.019787272197138987,0.0,0.0,0.0,0.0,nan,nan,0.0,0.0,0.0,0.0,0.0
18.44,4.804911170815413,-1.352808212828156,5.175247386240745,-0.06405262253220284,-0.1772331952921011,0.007150692690802012,0.9820562731469826,0.731595922224571,2.431015753115053,0.3537336257603494,-0.07144715474071184,-0.011913376636331588,-0.020009241729238816,4.706564832135545,-1.1503523932789907,5.173660862816179,-0.03525865048687974,-0.16579188224546396,0.005918483080886435,0.9855124813544328,0.6065903176699464,2.4749498266770447,0.2675901188987937,-0.05652890452318768,0.05734295672874172,0.019577180688782246,0.0,0.0,0.0,0.0,nan,nan,0.0,0.0,0.0,0.0,0.0
18.46,4.815772238524715,-1.3030598043528612,5.180626719254213,-0.064763487284274,-0.17702473990294776,0.006812869596956751,0.9820496509774486,0.6583224299858763,2.4420009053351244,0.38317723309508256,-0.08076861757659705,0.05474426711212659,-0.018513854815748035,4.715256526097539,-1.100111369986512,5.179172164331834,-0.03623051448651804,-0.16501033103268267,0.006052162275877898,0.9856075850988126,0.548908254812061,2.4876668171447154,0.29342704317481383,-0.05599686448977015,0.05113652823180548,0.01936708918042551,0.0,0.0,0.0,0.0,nan,nan,0.0,0.0,0.0,0.0,0.0
18.48,4.825098261272375,-1.2530716917759201,5.185983943309183,-0.0656958834709573,-0.17621043724732294,0.006409517663586687,0.9821368798611514,0.5851646456027145,2.452785687934458,0.4171642542726066,-0.1100017928099285,0.11508217973601245,-0.01720227884155362,4.723962562896813,-1.0498606416855378,5.184571204827351,-0.03720232116017909,-0.16422851873118613,0.0061858318947945546,0.985701129358907,0.49122619195417544,2.500383807612386,0.319263967450834,-0.055464824456352625,0.044930099734869236,0.01915699767206877,0.0,0.0,0.0,0.0,nan,nan,0.0,0.0,0.0,0.0,0.0
18.5,4.8332576563841725,-1.2003193807888086,5.191579186575951,-0.06686151953970508,-0.17462283578951848,0.00592261298925938,0.9823448096676889,0.5085898302438913,2.464280914225463,0.45170328677672433,-0.11843166330126254,0.19199937836076503,-0.01520000229903392,4.7326827673640555,-0.9996004303615252,5.189857943095501,-0.0381740689702152,-0.16344644657800214,0.0063194917261367506,0.985793113986705,0.4335441290962899,2.5131007980800573,0.3451008917268542,-0.054932784422935095,0.038723671237933,0.01894690616371203,0.0,0.0,0.0,0.0,nan,nan,0.0,0.0,0.0,0.0,0.0
18.52,4.83921732925351,-1.1523490224479738,5.1966204855894995,-0.06806602597229011,-0.17256239892275796,0.005430995268754714,0.982628993505053,0.4397159119323102,2.4746919282526774,0.4850690739056786,-0.1378311769548295,0.2521235078672424,-0.013526311866751128,4.74141696424029,-0.9493309580599485,5.195032338639815,-0.03914575637907181,-0.16266411581056964,0.006453141558420306,0.9858835388366635,0.3758620662384043,2.525817788547728,0.37093781600287434,-0.054400744389517565,0.03251724274099675,0.018736814655355292,0.0,0.0,0.0,0.0,nan,nan,0.0,0.0,0.0,0.0,0.0
18.54,4.844065013932721,-1.1015983152147863,5.2018847159938915,-0.06940852195373699,-0.16972697466105854,0.004875196891624566,0.9830317612406377,0.3677651016970783,2.486003194754123,0.5174205772599892,-0.1355678220644943,0.32422752076489797,-0.011252245029198665,4.749947595160736,-0.8990008124118456,5.20010138058865,-0.04010255030721841,-0.16190033910355878,0.006585011678659513,0.9859699302099438,0.3180261258886184,2.538639124227036,0.3967361340018467,-0.05367916463348764,0.026529637567861367,0.018463988262358632,0.0,0.0,0.0,0.0,nan,nan,0.0,0.0,0.0,0.0,0.0
18.56,4.847483047219073,-1.0505755135076285,5.207106689711493,-0.07081192550686159,-0.16624681945467562,0.004285747231021084,0.9835290024182749,0.29660116132459946,2.4974865129959936,0.5507317028335125,-0.1465527274517665,0.38465755935636325,-0.009213101158247056,4.747164494751147,-0.8459769216419406,5.205470429827456,-0.040287092253393476,-0.1621158662714846,0.0066247455360453405,0.9859267259017758,0.2521783968187131,2.556893299883558,0.4205243767704695,-0.04308900570524649,0.031935292160496107,0.014924806050140873,0.0,0.0,0.0,0.0,nan,nan,0.0,0.0,0.0,0.0,0.0
18.58,4.849515766467161,-0.999271982607482,5.2122707558328925,-0.07221522955363338,-0.16214776232013003,0.003674356510283349,0.9841135924776805,0.22641114661087308,2.509440731436205,0.5806225300046465,-0.13755736662236528,0.4451661885877576,-0.0069453303955736845,4.744377113129446,-0.7929511101403971,5.210818246979825,-0.04047163081734298,-0.16233137982928383,0.0066644788372633625,0.9858834388220208,0.18633066774880788,2.5751474755400805,0.4443126195390923,-0.03249884677700535,0.03734094675313084,0.011385623837923109,0.0,0.0,0.0,0.0,nan,nan,0.0,0.0,0.0,0.0,0.0
18.6,4.850202484469673,-0.9450882336561712,5.2176478466812934,-0.07370681861173706,-0.15746447023150603,0.0030191385819110846,0.9847655204702644,0.15429692729729,2.522229734535118,0.612908058549257,-0.14522797403843068,0.46146163791181843,-0.00591615160202956,4.741585459531079,-0.7399233860765428,5.2161448294482415,-0.04065616598357439,-0.1625468797588635,0.006704211578977857,0.9858400689743129,0.12048293867889091,2.593401651196606,0.4681008623077192,-0.021908687848762324,0.042746601345766536,0.007846441625704716,0.0,0.0,0.0,0.0,nan,nan,0.0,0.0,0.0,0.0,0.0
18.62,4.849526072885582,-0.8931735502991688,5.222731407021039,-0.07512426969548727,-0.1529770345882501,0.0024004358989020346,0.9853672457002011,0.0875426011822551,2.5348114579664105,0.6419588130791222,-0.14404845260133053,0.4418285161352474,-0.005806203854481662,4.738789543192927,-0.6868937576203765,5.221450174642328,-0.040840697736595356,-0.16276236604213173,0.006743943757853122,0.9857966163622931,0.054635209608985685,2.611655826853128,0.491889105076342,-0.011318528920521181,0.04815225593840128,0.004307259413486956,0.0,0.0,0.0,0.0,nan,nan,0.0,0.0,0.0,0.0,0.0
18.64,4.847706654464808,-0.8435572570536205,5.227590030063728,-0.07661168598112383,-0.1492344204506675,0.001821127541941486,0.9858277845639972,0.026478782033785536,2.5467083472580674,0.6733212392069441,-0.1690519232670611,0.36421155123226023,-0.007480845929537933,4.735989373353303,-0.6338622329425087,5.226734279978839,-0.0410252260609139,-0.1629778386609977,0.006783675370553527,0.9857530809896096,-0.011212519460919557,2.629910002509651,0.5156773478449648,-0.0007283699922800389,0.05355791053103602,0.0007680772012691956,0.0,0.0,0.0,0.0,nan,nan,0.0,0.0,0.0,0.0,0.0
18.66,4.844587284513211,-0.7910030375611335,5.2327579282233065,-0.07827550784593289,-0.14605495150321343,0.0012386072349460289,0.9861741032216232,-0.03537886066867202,2.5595881979672384,0.7047295398817246,-0.16869643410365637,0.2842196323714993,-0.009135592952736277,4.733184959251946,-0.5808288202141945,5.231997142881649,-0.041209750941038265,-0.16319329759737186,0.006823406413743476,0.9857094628599169,-0.0770602485308248,2.6481641781661733,0.5394655906135876,0.009861788935961097,0.05896356512367075,-0.0027711050109485652,0.0,0.0,0.0,0.0,nan,nan,0.0,0.0,0.0,0.0,0.0
18.68,4.840260111727495,-0.7380982580592926,5.238008905994233,-0.08000698762235792,-0.14380879309922212,0.0006989265854575541,0.9863657660627568,-0.09472386893232336,2.572683993453759,0.7379887107995011,-0.1806565157536596,0.18235595269257673,-0.011490679210852256,4.730376310130023,-0.5277935276073242,5.2372387607817785,-0.04139427236147705,-0.16340874283316575,0.006863136884087432,0.9856657619768775,-0.14290797760073004,2.6664183538226958,0.5632538333822104,0.020451947864202236,0.06436921971630549,-0.006310287223166325,0.0,0.0,0.0,0.0,nan,nan,0.0,0.0,0.0,0.0,0.0
18.7,4.83475977374062,-0.684832958038399,5.243318028006298,-0.08168852240820126,-0.1424243269991327,0.00021586470954013194,0.9864290394083277,-0.15200666733813306,2.5864776357036243,0.7671181121377655,-0.16285139605735457,0.10556199819988836,-0.01321500224081347,4.727563435230119,-0.47475636329441884,5.242459131117373,-0.04157879030673912,-0.16362417435029217,0.0069028667782498965,0.9856219783441598,-0.2087557066706353,2.684672529479218,0.587042076150833,0.031042106792443385,0.06977487430894022,-0.00984946943538409,0.0,0.0,0.0,0.0,nan,nan,0.0,0.0,0.0,0.0,0.0
18.72,4.828111874516658,-0.6311971582918323,5.248664086597054,-0.08325788060638561,-0.14187174541517664,-0.0002021743001112045,0.9863774593406607,-0.20740545611259992,2.60081188012097,0.7959146932351991,-0.15691664081006712,0.01675648460954138,-0.015383680011889278,4.724355649830991,-0.42162101724939016,5.247627119212086,-0.041724078008564314,-0.16377817257148994,0.006933935803660532,0.9855900425824874,-0.274562843011498,2.7028447910371103,0.610419477825931,0.04150689130164415,0.07537311779838991,-0.013338764122098175,0.0,0.0,0.0,0.0,nan,nan,0.0,0.0,0.0,0.0,0.0
18.74,4.82034186050477,-0.577185610985158,5.253999637952033,-0.08466103709207046,-0.14206543492397042,-0.0005517536866461952,0.9862300018587082,-0.26136227904968645,2.6159545089455483,0.8203098954693981,-0.1341407276517364,-0.04986105558122347,-0.01694212333822592,4.709437940864011,-0.36559737933475944,5.251938201663375,-0.040692261207933525,-0.16208890024761102,0.006705134380109815,0.9859139767075269,-0.33915197689981125,2.718559184514109,0.6214694141808841,0.04820976195385141,0.08675007472218042,-0.015331161954415197,0.0,0.0,0.0,0.0,nan,nan,0.0,0.0,0.0,0.0,0.0
18.76,4.811459373079992,-0.5227905011324726,5.259309043146992,-0.08595059880277756,-0.14298883023608597,-0.0008397583556933797,0.9859847786852818,-0.3140212510867765,2.6315141303876324,0.8457598983015585,-0.12891259635046706,-0.12614867152388723,-0.01870712180556475,4.694549795646585,-0.30957917511820826,5.256418760362218,-0.03966027856313122,-0.16039896731902362,0.0064763056293125005,0.9862338926708417,-0.4037411107881358,2.73427357799111,0.632519350535839,0.054912632606059844,0.09812703164597297,-0.017323559786732574,0.0,0.0,0.0,0.0,nan,nan,0.0,0.0,0.0,0.0,0.0
18.78,4.801474132920324,-0.4680078897173735,5.264553572632531,-0.08702895617390079,-0.14452015084293715,-0.0010580629177439189,0.9856666613467648,-0.3658784268931699,2.6479159245106625,0.866697456696599,-0.09497398849512051,-0.17730881213437452,-0.01983173860997563,4.67969179403597,-0.25356677020626395,5.261068681010392,-0.03862813428007558,-0.1587083806731686,0.006247450483876331,0.9865497891685915,-0.46833024467644896,2.7499879714681086,0.6435692868907918,0.061615503258267104,0.1095039885697635,-0.019315957619049594,0.0,0.0,0.0,0.0,nan,nan,0.0,0.0,0.0,0.0,0.0
18.8,4.789809742676237,-0.4100676483365057,5.26994139083063,-0.08785035055869854,-0.1467007949399186,-0.0012047495435449508,0.9852714048673326,-0.4197157873307609,2.665903907463811,0.8868257387303851,-0.0658316095586815,-0.23349114298761292,-0.02117801653875403,4.664864515398006,-0.197560530110882,5.265887846548695,-0.037595832565343,-0.15701714720015048,0.0060185698765165,0.9868616649133183,-0.5329193785647621,2.765702364945107,0.654619223245745,0.06831837391047435,0.12088094549355402,-0.02130835545136662,0.0,0.0,0.0,0.0,nan,nan,0.0,0.0,0.0,0.0,0.0
18.82,4.778219871707438,-0.35727867744541125,5.274657668946249,-0.08821207541879851,-0.14905718717993555,-0.0012550226174391102,0.9848852773894753,-0.46831011686695956,2.6830983582788135,0.9006669604698672,-0.019180309904050886,-0.2631227657678033,-0.021696150088385345,4.650068538597682,-0.14156082024352784,5.270876137158853,-0.0365633776261517,-0.15532527379271013,0.0057896647400520135,0.9871695186339502,-0.5975085124530753,2.7814167584221057,0.665669159600698,0.07502124456268161,0.13225790241734456,-0.02330075328368364,0.0,0.0,0.0,0.0,nan,nan,0.0,0.0,0.0,0.0,0.0
18.84,4.764250191270471,-0.298526238655059,5.279691244753333,-0.08820318759037823,-0.15202446617498255,-0.0012226503091162602,0.9844324580738537,-0.5220176770144553,2.7026542168155716,0.9169770314580095,0.01704310693461136,-0.29970665170074434,-0.02233634143459689,4.635304441989695,-0.08556800590920899,5.276033430265463,-0.035530773670344365,-0.15363276734619663,0.005560736007401847,0.9874733490758077,-0.6620976463413885,2.7971311518991047,0.6767190959556509,0.08172411521488886,0.14363485934113507,-0.02529315111600066,0.0,0.0,0.0,0.0,nan,nan,0.0,0.0,0.0,0.0,0.0
18.86,4.749791400985168,-0.24217397862231663,5.284323171031985,-0.08774123278211281,-0.1550513652108838,-0.001106380884225503,0.984001690109044,-0.5735963495940278,2.721901450653452,0.9319118440028318,0.06664531728423871,-0.30957568581849304,-0.022332359192959124,4.620572803409025,-0.029582452300520146,5.281359600538004,-0.03449802490637102,-0.15193963475853894,0.005331784611581144,0.9877731550006089,-0.7266867802297017,2.812845545376103,0.6877690323106038,0.0884269858670961,0.15501181626492558,-0.027285548948317685,0.0,0.0,0.0,0.0,nan,nan,0.0,0.0,0.0,0.0,0.0
18.88,4.734161062924504,-0.1854276692515615,5.288878667763221,-0.08693914758181719,-0.15819979407407436,-0.0009264188069468304,0.9835718334320385,-0.6256512643798843,2.7411553212938613,0.9518158949929667,0.09389745149317054,-0.3183686016236383,-0.022360114512337687,4.60587420016151,0.026395475508309896,5.2868545198928745,-0.03346513554327184,-0.15024588293021798,0.005102811485697417,0.9880689351864732,-0.7912759141180148,2.8285599388531013,0.6988189686655569,0.09512985651930336,0.16638877318871614,-0.029277946780634705,0.0,0.0,0.0,0.0,nan,nan,0.0,0.0,0.0,0.0,0.0
18.9,4.717320070928602,-0.12828737119227315,5.293413309054727,-0.08573492539261841,-0.16122839267645214,-0.0006878347391134057,0.9831858699382643,-0.6787185466177059,2.760689728008244,0.9719909631532051,0.14116991650043983,-0.2925001091726402,-0.021562699713125077,4.590706818810984,0.08247223965167357,5.292418127748349,-0.03243135420142285,-0.14854673321536838,0.004875107278981058,0.9883614261213973,-0.8556086401194241,2.8440973197364405,0.7095207138737835,0.10153673583601604,0.17729559950373772,-0.031163813283522225,0.0,0.0,0.0,0.0,nan,nan,0.0,0.0,0.0,0.0,0.0
18.92,4.699222254899123,-0.07075391228862041,5.2980056754251255,-0.08418544419545294,-0.16399999630661224,-0.0004059875104854734,0.982861458889902,-0.7328752457750702,2.7801232432815755,0.9948054149553407,0.17245732411065826,-0.26115775137417896,-0.02044441981984281,4.5650684411107605,0.14077654143747104,5.296087546369097,-0.031381641569686404,-0.1467469254059426,0.004674338319819568,0.9886651015473168,-0.9145822286619811,2.85593499062714,0.7129449753829035,0.10175715079431401,0.1783763062464115,-0.030823086661753107,0.0,0.0,0.0,0.0,nan,nan,0.0,0.0,0.0,0.0,0.0
18.94,4.680847726457711,-0.015746187833179527,5.302422927871249,-0.08234971278319267,-0.16616885432040762,-0.00010184985652560933,0.9826527495941664,-0.7857679728652944,2.7987488083789747,1.0129485497512707,0.20948193939862297,-0.20156423915639554,-0.018578076210780683,4.539455771150938,0.19907801517734927,5.299974955291377,-0.030331788544905477,-0.14494646109014522,0.0044735484489225995,0.9889643539508314,-0.9735558172045278,2.8677726615178374,0.7163692368920229,0.10197756575261194,0.17945701298908506,-0.030482360039984044,0.0,0.0,0.0,0.0,nan,nan,0.0,0.0,0.0,0.0,0.0
18.96,4.659186904834673,0.045429176169897216,5.307361904504919,-0.08009389268593359,-0.16800032941046214,0.00024241679337090182,0.9825277598655872,-0.8456802249503184,2.8189581202189298,1.0297154598916574,0.22364285432991532,-0.14995425442461507,-0.01713846717992601,4.513869602728965,0.2573761898364241,5.304080252813357,-0.029281799823840625,-0.14314534832277015,0.004272738564570126,0.9892591819931661,-1.0325294057470744,2.8796103324085345,0.7197934984011423,0.10219798071090985,0.18053771973175864,-0.030141633418214984,0.0,0.0,0.0,0.0,nan,nan,0.0,0.0,0.0,0.0,0.0
18.98,4.637263618833439,0.10402615934911284,5.3120185568864215,-0.07770686428929055,-0.1691302940416561,0.0005792255511631368,0.982525445664116,-0.9042762563224227,2.838130360912642,1.0358441306083064,0.25445142528778714,-0.07970918056450399,-0.015127663197147478,4.488310729168052,0.3156705944388375,5.308403333334112,-0.0282316801038597,-0.1413435951615126,0.004071909565131692,0.9895495843553395,-1.091502994289621,2.8914480032992316,0.7232177599102618,0.1024183956692078,0.18161842647443222,-0.029800906796445932,0.0,0.0,0.0,0.0,nan,nan,0.0,0.0,0.0,0.0,0.0
19.0,4.61529733088315,0.15996385898340365,5.316303435682428,-0.07526710434104596,-0.16963405415473187,0.0008989043493787944,0.9826282830481291,-0.9610771306441023,2.855889680203003,1.0358396608437486,0.26490420792590674,-0.027446611054449038,-0.013909704809650494,4.462779943302971,0.37396075807619655,5.312944087355505,-0.027181434082916567,-0.13954120966693298,0.0038710623490623612,0.9898355597381692,-1.150476582832168,2.903285674189929,0.7266420214193813,0.10263881062750572,0.1826991332171058,-0.029460180174676873,0.0,0.0,0.0,0.0,nan,nan,0.0,0.0,0.0,0.0,0.0
19.02,4.58976202566116,0.2220618584159832,5.320789170094451,-0.072408396387049,-0.1695473617585459,0.0012477039848400012,0.9828576496564185,-1.024977805255329,2.874921523380501,1.0286019212799768,0.2803754164325768,0.0405138867560963,-0.012160967976534084,4.437278037465866,0.43224620991599993,5.317702401484157,-0.026131066459530145,-0.13773819990242028,0.0036701978148986894,0.9901171068622783,-1.2094501713747146,2.9151233450806266,0.7300662829285007,0.10285922558580365,0.18377983995977937,-0.02911945355290781,0.0,0.0,0.0,0.0,nan,nan,0.0,0.0,0.0,0.0,0.0
19.04,4.565531506617762,0.27846871002631823,5.324615349023343,-0.069855831043745,-0.16900529002026712,0.0015357509975885192,0.9831352990729336,-1.0831877051338537,2.8908419976254636,1.023093411672471,0.2657228625492273,0.07625312226757835,-0.011202619507622746,4.411805803472077,0.4905264792100635,5.322678158433468,-0.025080581932763357,-0.13593457393415642,0.00346931686125471,0.9903942244681002,-1.2684237599172612,2.926961015971324,0.7334905444376202,0.10307964054410158,0.18486054670245294,-0.028778726931138754,0.0,0.0,0.0,0.0,nan,nan,0.0,0.0,0.0,0.0,0.0
19.06,4.537504097664572,0.3410387957734798,5.3286281214288715,-0.06712000812345317,-0.16794347853205585,0.0018189637487305563,0.983507287161077,-1.1477538161137546,2.907029524028273,1.0184463718261616,0.260051027365528,0.12788876604762356,-0.009980536746728608,4.386364032605967,0.5488010953029441,5.327871237025719,-0.024029985202202134,-0.1341303398310801,0.0032684203868179103,0.9906669113158851,-1.3273973484598078,2.9387986868620213,0.7369148059467396,0.10330005550239951,0.18594125344512652,-0.02843800030936969,0.0,0.0,0.0,0.0,nan,nan,0.0,0.0,0.0,0.0,0.0
19.08,4.510995029154577,0.3978436664408281,5.332178107340499,-0.06480669078276341,-0.16662118948369836,0.002030447566316784,0.9838868579910524,-1.2059793000206884,2.920009422795066,1.0214066041343242,0.2373978951041435,0.1564380417024203,-0.00951281259242405,4.3603815742227745,0.6071670186127737,5.333120139987468,-0.02297849307190532,-0.13232022721676964,0.0030694289959281467,0.990935883360314,-1.3859967369644008,2.950403031172146,0.7399286070217833,0.10351807183271186,0.1870122677102661,-0.028095039538047973,0.0,0.0,0.0,0.0,nan,nan,0.0,0.0,0.0,0.0,0.0
19.1,4.475928421516147,0.4698432586773552,5.336690815119398,-0.062074235993987883,-0.164426690588991,0.0022408118380988075,0.9844316286111601,-1.279339822378096,2.934629131771765,1.0290031596223155,0.21911580923467167,0.21125577283243416,-0.008488970426065723,4.325313584038584,0.6670812910632429,5.336040035644704,-0.021914343086922184,-0.13042541476298308,0.0029010033254849997,0.991211661014275,-1.4386352890406637,2.9582905891644957,0.7364039600485284,0.10369787911004634,0.1879288852161713,-0.027716489780384355,0.0,0.0,0.0,0.0,nan,nan,0.0,0.0,0.0,0.0,0.0
19.12,4.451559341752814,0.5179866007061933,5.339806762764036,-0.06047984324842296,-0.16267054622538535,0.0023300242327955185,0.9848223458768872,-1.3278952659231025,2.9430161503836647,1.0383531273773037,0.18998643241280996,0.23733497206408616,-0.008022440683131918,4.290265717270603,0.7269939301698375,5.339223191275785,-0.02085008731811919,-0.128529972726163,0.002732563651463836,0.9914826539409196,-1.491273841116917,2.9661781471568434,0.7328793130752741,0.10387768638738078,0.18884550272207634,-0.027337940022720802,0.0,0.0,0.0,0.0,nan,nan,0.0,0.0,0.0,0.0,0.0
19.14,4.418398088828202,0.5813307491471145,5.344026132509406,-0.058571003656164806,-0.1599164710736509,0.0023981957836248825,0.9853884556189214,-1.3915034235246713,2.9531921420447365,1.044659022968426,0.18053844501597738,0.29313482963973025,-0.006964284640913403,4.255238981000855,0.7869043658872515,5.3426695238067685,-0.019785730902818304,-0.12663391025589193,0.0025641107869481873,0.9917488608321243,-1.5439123931931704,2.974065705149192,0.7293546661020199,0.1040574936647152,0.1897621202279814,-0.026959390265057254,0.0,0.0,0.0,0.0,nan,nan,0.0,0.0,0.0,0.0,0.0
19.16,4.387299040456803,0.6387731204606177,5.347882077212725,-0.05693983689137114,-0.1569691014296121,0.002424335810487929,0.9859577469481349,-1.4487629248637013,2.961770168777341,1.042876960828018,0.17092546045568563,0.33683648081646117,-0.0064562538317948955,4.220234381903374,0.8468120282127125,5.346378945082136,-0.018721278978827558,-0.12473723650474783,0.0023956455450852908,0.9920102804028685,-1.596550945269424,2.9819532631415404,0.7258300191287657,0.10423730094204967,0.19067873773388644,-0.0265808405073937,0.0,0.0,0.0,0.0,nan,nan,0.0,0.0,0.0,0.0,0.0
19.18,4.3517983682287085,0.7023791763105669,5.352032042393111,-0.05516596289846896,-0.15317456047068687,0.0024260741809565686,0.986655149850324,-1.5116138090605449,2.970852858184975,1.0294903613167852,0.16964069270672488,0.3892097234570555,-0.005586166053991183,4.185252926224756,0.9067163471969981,5.350351361866502,-0.017656736684415985,-0.12283996062825912,0.00222716873908213,0.9922669113912408,-1.6491894973456773,2.989840821133888,0.7223053721555114,0.1044171082193841,0.19159535523979143,-0.02620229074973015,0.0,0.0,0.0,0.0,nan,nan,0.0,0.0,0.0,0.0,0.0
19.2,4.318721013116235,0.7600131066741279,5.355592687166517,-0.053679455525759395,-0.14946196390073874,0.0023949632043619136,0.9873063868691633,-1.5672934667598613,2.978241697243515,1.012994392347606,0.15061036962061294,0.40264871316728756,-0.0060061649041496185,4.150295619764727,0.9666167529554417,5.354586675846416,-0.01659210915828888,-0.1209420917848611,0.0020586811822015097,0.992518752558445,-1.7018280494219309,2.9977283791262366,0.7187807251822571,0.10459691549671853,0.19251197274569648,-0.025823740992066597,0.0,0.0,0.0,0.0,nan,nan,0.0,0.0,0.0,0.0,0.0
19.22,4.281160731712288,0.8237906717729218,5.359258602004249,-0.05219175650361468,-0.14523397941327498,0.0023256883856342127,0.9880170560017598,-1.6270785415977111,2.985474763368281,0.9919768881610203,0.1351660469245141,0.4060176563788403,-0.006619369701579107,4.1153634678567315,1.0265126756789347,5.359084783632249,-0.015527401539562934,-0.11904363913585116,0.0018901836877581308,0.9927658026888058,-1.7544666014981842,3.0056159371185847,0.7152560782090029,0.10477672277405298,0.19342859025160153,-0.025445191234403045,0.0,0.0,0.0,0.0,nan,nan,0.0,0.0,0.0,0.0,0.0
19.24,4.24443832544918,0.8845971958580641,5.362538564915119,-0.05103475455069291,-0.14140408973865504,0.0022200060034041963,0.9886331012091785,-1.6815151594885613,2.990948383533489,0.9781265285967133,0.10509942719311667,0.375183687311436,-0.00810289215518236,4.080457475348512,1.0864035456449304,5.363845576760207,-0.01446261896774148,-0.11714461184534494,0.0017216770691146652,0.9930080605897753,-1.8071051535744376,3.013503495110933,0.7117314312357487,0.10495653005138741,0.19434520775750658,-0.025066641476739492,0.0,0.0,0.0,0.0,nan,nan,0.0,0.0,0.0,0.0,0.0
19.26,4.208704713769333,0.9424192521118817,5.365549157927653,-0.05013170934613681,-0.13798631200259417,0.002089227488184292,0.9891623853273332,-1.7311146742416559,2.995104267431822,0.970500942030196,0.08696483113082736,0.3516189841463944,-0.009534000366392119,4.0449747540877246,1.1463593042519886,5.368636056360915,-0.013397044338896005,-0.11523954860173553,0.0015557695521337491,0.9932461654706504,-1.859236413371634,3.0211009643004525,0.7077652596143488,0.10513318738644879,0.19525082104050095,-0.024685805703767518,0.0,0.0,0.0,0.0,nan,nan,0.0,0.0,0.0,0.0,0.0
19.28,4.170195090552752,1.0033440753911074,5.368754994645947,-0.049443591108867924,-0.13478605553123799,0.0019161633677168286,0.9896385091792542,-1.7808419093280472,2.998172972743275,0.972801841873944,0.05904276621349776,0.3065624465629739,-0.011624181460479902,4.001783152473239,1.2072138968635158,5.370730767778325,-0.012322159896342898,-0.11326390116422329,0.0014232229140750138,0.9934875074730869,-1.904875541770828,3.0249859886080412,0.698148625430252,0.10526953297229406,0.1960156065127482,-0.024275714386463313,0.0,0.0,0.0,0.0,nan,nan,0.0,0.0,0.0,0.0,0.0
19.3,4.130775325235964,1.0643297896625556,5.372094061642589,-0.04889259411467987,-0.13185558602152656,0.0017201592167654229,0.9900609373810917,-1.8286999706395954,3.000553699415833,0.978934210781369,0.04760874238066366,0.28555895344482307,-0.013090427116335712,3.9586047064367285,1.2680666137691705,5.37312917369352,-0.011247212187213187,-0.11128767218748906,0.001290668968657644,0.9937237485391597,-1.9505146701700227,3.028871012915631,0.6885319912461553,0.10540587855813936,0.19678039198499545,-0.02386562306915911,0.0,0.0,0.0,0.0,nan,nan,0.0,0.0,0.0,0.0,0.0
19.32,4.090465292301669,1.1253738342212498,5.375612850206724,-0.048553195879903796,-0.12924364000455354,0.0014944881295465885,0.9904223519254055,-1.8747107792868842,3.002229135290613,0.9864826515326311,0.022657221995194203,0.2495770012169545,-0.014916642860645778,3.9154406244220565,1.328916796240698,5.375831214565546,-0.01017220673069038,-0.10931087181823143,0.0011581083964631624,0.9939548874559189,-1.996153798569217,3.03275603722322,0.6789153570620586,0.10554222414398465,0.1975451774572427,-0.02345553175185491,0.0,0.0,0.0,0.0,nan,nan,0.0,0.0,0.0,0.0,0.0
19.34,4.045156580493428,1.192579763983095,5.379576053475841,-0.04831539556853337,-0.12659333221642985,0.0012244073297666045,0.990776590163538,-1.9238890964739304,3.0040228055314526,0.9866326345433182,0.018668626086255878,0.23879573396532675,-0.015923678591597656,3.872292114578085,1.389763785601895,5.37883682461755,-0.00909714904625446,-0.10733351020608263,0.0010255418781071146,0.9941809230366107,-2.0417929269684114,3.0366410615308093,0.6692987228779618,0.10567856972982992,0.19830996292948994,-0.0230454404345507,0.0,0.0,0.0,0.0,nan,nan,0.0,0.0,0.0,0.0,0.0
19.36,4.005268794272321,1.250660128152236,5.382934501016903,-0.04817752153047205,-0.12446210331712948,0.0009800820686151144,0.9910535559172349,-1.9651537903388228,3.005588829787779,0.9803539458647526,0.012056701952108966,0.2204259071280812,-0.016967887140082807,3.8291603847338633,1.4506069232421357,5.382145931838146,-0.008022044653653596,-0.10535559750355665,0.0008929700942355791,0.994401854120684,-2.0874320553676053,3.040526085838399,0.659682088693865,0.10581491531567522,0.19907474840173717,-0.0226353491172465,0.0,0.0,0.0,0.0,nan,nan,0.0,0.0,0.0,0.0,0.0
19.38,3.964728565228841,1.3087688925233878,5.386105843605926,-0.047989591160177036,-0.12243205546656567,0.0007384228404765027,0.9913157144251369,-2.005453684799922,3.0074405274982823,0.9676549046622377,0.02286974726874415,0.2106739409062505,-0.01782717333903206,3.7860466423738215,1.5114455506298994,5.385758457982878,-0.006946899072875745,-0.10337714386599683,0.0007603937255216656,0.9946176795737961,-2.1330711837668,3.044411110145988,0.6500654545097683,0.10595126090152049,0.1998395338739844,-0.022225257799942298,0.0,0.0,0.0,0.0,nan,nan,0.0,0.0,0.0,0.0,0.0
19.4,3.9191981475497517,1.3730224386226313,5.389332178527294,-0.047780308396251116,-0.12049417555143765,0.0004714284750676173,0.9915633986502987,-2.04833425733718,3.0093014150155986,0.9537293055379932,0.015703766683369147,0.1672391285028063,-0.019679205017091788,3.7429520946129724,1.5722790093262948,5.389674318575837,-0.005871717824120366,-0.10139815945152403,0.0006278134526620272,0.9948283982878182,-2.1787103121659945,3.0482961344535773,0.6404488203256715,0.10608760648736577,0.20060431934623166,-0.021815166482638093,0.0,0.0,0.0,0.0,nan,nan,0.0,0.0,0.0,0.0,0.0
19.42,3.8751487057483387,1.4342423171254417,5.392138330799571,-0.04759438274172269,-0.11904008502553996,0.00021717949996117388,0.99174804548414,-2.087553513435422,3.010807796221175,0.9434874207642036,0.016372418635429868,0.1278985757810161,-0.02129855451040051,3.6998779481721136,1.633106640998593,5.393893422911386,-0.004796506427769842,-0.0994186544209839,0.0004952299563733376,0.995034009180842,-2.2243494405651965,3.0521811587611674,0.6308321861415731,0.10622395207321109,0.20136910481847906,-0.02140507516533382,0.0,0.0,0.0,0.0,nan,nan,0.0,0.0,0.0,0.0,0.0
19.44,3.830421786318674,1.4954917183507823,5.394796090952746,-0.04748916889982101,-0.11811065099226375,-3.9583041150510066e-05,0.99186423032216,-2.124907612927376,3.0116236152427156,0.9435264061500839,0.0062123108185107405,0.07198985715492122,-0.02309480030204398,3.6562277557302965,1.693954362141351,5.398104765544399,-0.003720715245309032,-0.09743332095986759,0.0003659690258269256,0.9952350326990439,-2.2693370441886054,3.0557197559805727,0.6207793350717812,0.10635636122478873,0.20212100043839848,-0.02099284377407552,0.0,0.0,0.0,0.0,nan,nan,0.0,0.0,0.0,0.0,0.0
19.46,3.787289860538852,1.553711543799131,5.397299554676368,-0.04736544994857602,-0.11759674822713373,-0.00027756585663999225,0.9919311679319126,-2.1592030157269124,3.012112640353659,0.9503117103984731,0.013517334208359183,0.0417975257088907,-0.02440335326397618,3.606228913877218,1.7550801784022507,5.399328952615069,-0.00263899561221577,-0.09539087147372795,0.0002720971951067794,0.995436358239319,-2.3073900930557194,3.055571129472872,0.606083575563359,0.10644687263127994,0.20273570190992957,-0.020557834338806126,0.0,0.0,0.0,0.0,nan,nan,0.0,0.0,0.0,0.0,0.0
19.48,3.7388675134916842,1.618103993445194,5.400197726663388,-0.047271045767078544,-0.11745818840842157,-0.0005393491940597375,0.991951980344989,-2.195748193907304,3.012058662308096,0.9675723268856338,0.0031878792166922356,-0.004315433419795867,-0.025753955857424515,3.556235265216551,1.8162025397425396,5.400891089605006,-0.0015572617521357566,-0.09334790772956589,0.00017822389749401254,0.9956323173213042,-2.3454431419228334,3.0554225029651714,0.5913878160549368,0.10653738403777115,0.20335040338146065,-0.02012282490353673,0.0,0.0,0.0,0.0,nan,nan,0.0,0.0,0.0,0.0,0.0
19.5,3.6943748194613484,1.676405327284047,5.402976321292064,-0.04715098375675411,-0.11756485835799532,-0.0007698754587047136,0.9919449057794555,-2.2283744966222985,3.012139880841523,0.9812375456220268,0.01782707517638436,-0.012154075056413124,-0.02627730583707114,3.5062481969213697,1.8773207124127644,5.4027911440515615,-0.00047551949676239314,-0.09130444074112397,8.434963906531358e-05,0.995822908888572,-2.3834961907899475,3.0552738764574707,0.5766920565465147,0.10662789544426235,0.2039651048529918,-0.019687815468267332,0.0,0.0,0.0,0.0,nan,nan,0.0,0.0,0.0,0.0,0.0
19.52,3.644470793725745,1.7408830551618824,5.406108992568975,-0.04684706649984947,-0.11775799835624631,-0.001004880829604877,0.9919361856480523,-2.2644002739531164,3.0127581484540578,0.9883060509191686,0.035860695000918534,-0.018032001828789637,-0.026523731204801403,3.456269096022849,1.9384339627537972,5.4050290762051665,0.0006062253221656632,-0.08926048152485763,-9.525074097448312e-06,0.9960081319136317,-2.4215492396570615,3.0551252499497696,0.5619962970380925,0.10671840685075354,0.20457980632452288,-0.019252806032997935,0.0,0.0,0.0,0.0,nan,nan,0.0,0.0,0.0,0.0,0.0
19.54,3.596269773172078,1.8023181370514443,5.4089827093489395,-0.046311782452880194,-0.11787797656353441,-0.001201090717448293,0.9919468528244909,-2.299044428268323,3.014079497782183,0.9841573445076428,0.06437563177981448,-0.003806596060834127,-0.02613045486975315,3.4062993493803524,1.9995415572126563,5.407604839030182,0.0016879668728959295,-0.08721604109987609,-0.00010339973590995326,0.9961879853979344,-2.4596022885241755,3.054976623442069,0.5473005375296703,0.10680891825724476,0.20519450779605397,-0.018817796597728538,0.0,0.0,0.0,0.0,nan,nan,0.0,0.0,0.0,0.0,0.0
19.56,3.5498984875240205,1.860696610221791,5.411489042117615,-0.04560790196852215,-0.11792453037600448,-0.0013650206001186013,0.991973719980721,-2.3320696268663363,3.0156516708433587,0.9741253510144967,0.07962042995640166,-0.0016932765505707531,-0.025961708856248013,3.3563403436515267,2.0606427623583246,5.4105183782059205,0.002769699323693542,-0.08517113048788266,-0.00019727384028815783,0.9963624683718794,-2.4976553373912895,3.0548279969343684,0.5326047780212482,0.10689942966373595,0.20580920926758506,-0.018382787162459144,0.0,0.0,0.0,0.0,nan,nan,0.0,0.0,0.0,0.0,0.0
19.58,3.500493823465765,1.9221549066263488,5.413819458885047,-0.04466218628241332,-0.1179006093702689,-0.0015135134005381805,0.9920193771816056,-2.366884865603932,3.017482850191004,0.959605280165925,0.10260565071090429,0.006877478751288069,-0.02563439604613958,3.306393465262399,2.121736844897565,5.413769632127803,0.003851416842872702,-0.08312576071311555,-0.00029114688115102367,0.9965315798948179,-2.5357083862584036,3.054679370426668,0.5179090185128259,0.10698994107022716,0.20642391073911615,-0.017947777727189747,0.0,0.0,0.0,0.0,nan,nan,0.0,0.0,0.0,0.0,0.0
19.6,3.450479663833427,1.9836148902423454,5.415862779334656,-0.043603963270139816,-0.11794783120662247,-0.001644521020433077,0.992060632749533,-2.401171700582351,3.0188685229703203,0.9489642188539481,0.10752190608181778,-0.009337317549363844,-0.025644167509189117,3.2564601003774714,2.1828230716907457,5.417358531908707,0.004933113598828295,-0.08107994280228797,-0.0003850183524232634,0.9966953190550596,-2.5737614351255242,3.054530743918967,0.5032132590044012,0.10708045247671838,0.20703861221064737,-0.017512768291920274,0.0,0.0,0.0,0.0,nan,nan,0.0,0.0,0.0,0.0,0.0
19.62,3.3998404469652135,2.0450729258931033,5.417711786759924,-0.04239952139171652,-0.11803256904673416,-0.001754297130943416,0.9921025731604357,-2.435070849828326,3.0198597677577705,0.943038791308497,0.12731687660979382,-0.005124066441272756,-0.025205181438951233,3.2059887211887754,2.243866710485862,5.420893597580686,0.006015068624034465,-0.07902891134959224,-0.0004748458167677969,0.9968540638638118,-2.611013010292386,3.053980637115033,0.48812694199704854,0.1071662330909677,0.20763813470430972,-0.017075979364770583,0.0,0.0,0.0,0.0,nan,nan,0.0,0.0,0.0,0.0,0.0
19.64,3.345964072354971,2.1095988686761222,5.4196196199711855,-0.04108808404242072,-0.11816147887804138,-0.0018549537973074418,0.9921422243839274,-2.470017787838908,3.01999882301729,0.9465582406020748,0.1213574524443407,-0.010934429816878853,-0.02426244836698887,3.150506390634402,2.3045947715313995,5.42123069195613,0.0070995746022452615,-0.07693411683876554,-0.0005280051904452335,0.997010761685763,-2.640994190587788,3.049788588865226,0.46949776733093906,0.10720909934927184,0.20809996439181247,-0.01662304816291343,0.0,0.0,0.0,0.0,nan,nan,0.0,0.0,0.0,0.0,0.0
19.66,3.2913388534410517,2.1741141388959915,5.421635805168449,-0.03974981587481422,-0.11818262600331152,-0.0019448307771154367,0.9921940519284159,-2.5048233290714776,3.0195367065548493,0.9540315038952636,0.12975527997632189,0.009936108786673736,-0.023033348058469613,3.095020729945229,2.365316667965899,5.421932679133379,0.008184040881783313,-0.07483889213563884,-0.0005811616116774268,0.9971618845252442,-2.670975370883191,3.045596540615419,0.4508685926648296,0.10725196560757601,0.20856179407931522,-0.016170116961056274,0.0,0.0,0.0,0.0,nan,nan,0.0,0.0,0.0,0.0,0.0
19.68,3.2412656163365186,2.2324676406773363,5.423594309734896,-0.03849643543677447,-0.11805189758383373,-0.0020170470856824543,0.9922588903388936,-2.5363797863012345,3.018818599470403,0.9585543612214211,0.13434155315164648,0.024716321094812498,-0.022016510546957517,3.039533272550307,2.4260316074872463,5.422999555639387,0.009268461398641362,-0.07274324895607462,-0.0006343147832297554,0.9973074315372227,-2.7009565511785936,3.0414044923656123,0.4322394179987201,0.10729483186588015,0.20902362376681793,-0.015717185759199122,0.0,0.0,0.0,0.0,nan,nan,0.0,0.0,0.0,0.0,0.0
19.7,3.1879132682569113,2.2938609578185685,5.425697713408892,-0.0370384951475656,-0.11761581012361122,-0.00207295621489003,0.992366048360534,-2.570119380857154,3.018215477987933,0.9536803252925719,0.1533409876726141,0.06512741829731003,-0.020116119769276762,2.9840455519188733,2.486738797948929,5.424431309839721,0.010352830089068038,-0.0706471990182754,-0.0006874644078857689,0.9974474019078434,-2.730937731473996,3.0372124441158057,0.4136102433326107,0.10733769812418432,0.20948545345432068,-0.015264254557341967,0.0,0.0,0.0,0.0,nan,nan,0.0,0.0,0.0,0.0,0.0
19.72,3.136649593956417,2.352140326612975,5.427604665052943,-0.035526529505248004,-0.11684177214073872,-0.002105396022419575,0.992512686715849,-2.6026073965862744,3.0176891280908564,0.9394594599821456,0.16395346499601388,0.10145811328170129,-0.018069448003214514,2.928559101526054,2.5474374473777575,5.426227921938814,0.011437140889601773,-0.0685507540427181,-0.0007406101884488501,0.9975817948544344,-2.760918911769399,3.033020395865999,0.39498106866650123,0.10738056438248848,0.20994728314182343,-0.014811323355484813,0.0,0.0,0.0,0.0,nan,nan,0.0,0.0,0.0,0.0,0.0
19.74,3.082113673843569,2.4134252620967143,5.429385643055765,-0.03378244791878271,-0.11559543966135222,-0.002114762709739221,0.9927194811832771,-2.6371444116266023,3.0171218996303035,0.9151779664416687,0.179487490481456,0.14759140217750283,-0.015770692159476487,2.8730754548185633,2.6081267639915766,5.42838936398041,0.012521387737104692,-0.06645392575208862,-0.0007937518277438766,0.9977106096255111,-2.7909000920648013,3.0288283476161917,0.3763518940003918,0.10742343064079264,0.21040911282932617,-0.014358392153627659,0.0,0.0,0.0,0.0,nan,nan,0.0,0.0,0.0,0.0,0.0
19.76,3.0270140662328435,2.4746323927297165,5.430873212559675,-0.032010442249696104,-0.11404130707239049,-0.002112883075785387,0.9929579284105181,-2.671339149160174,3.0159408260347385,0.8878141966300293,0.17609949261246619,0.16721501935819408,-0.014337958797427951,2.8175961451803966,2.6688059562169872,5.430915599848195,0.013605564568796726,-0.06435672587121587,-0.0008468890286188922,0.99783384550078,-2.8208812723602095,3.0246362993663847,0.35772271933427907,0.1074662968990968,0.210870942516829,-0.013905460951770424,0.0,0.0,0.0,0.0,nan,nan,0.0,0.0,0.0,0.0,0.0
19.78,2.971364635995824,2.535749241107473,5.4320746476063375,-0.030165573571402003,-0.11221756861639845,-0.0020972366021657068,0.9932234678377101,-2.7049864033152056,3.0141391670773707,0.8600457281786515,0.1907479114646085,0.20209699314981486,-0.012846543776751092,2.762122705898572,2.7294742327070076,5.433806585266592,0.014689665322288738,-0.0622591661270077,-0.000900021493946731,0.9979515017911438,-2.8508624526556123,3.0204442511165777,0.3390935446681696,0.10750916315740096,0.21133277220433175,-0.01345252974991327,0.0,0.0,0.0,0.0,nan,nan,0.0,0.0,0.0,0.0,0.0
19.8,2.9151633214414203,2.5967640277272777,5.433093799853896,-0.02833497486301348,-0.11021181892458565,-0.0020754120851002,0.9935019762605023,-2.7374977292420826,3.011201083242084,0.8385481733219897,0.17573992955911485,0.2032978847747276,-0.011767996569069716,2.706187038884157,2.790019791210805,5.436592295505907,0.015773595743308375,-0.06015744267817008,-0.0009484244104140853,0.9980638137207897,-2.8798929493677923,3.015797785563789,0.3201622175610557,0.10754652917410511,0.2117769536608613,-0.012998401642983055,0.0,0.0,0.0,0.0,nan,nan,0.0,0.0,0.0,0.0,0.0
19.82,2.855551272981521,2.6607066728017115,5.434119460936935,-0.02653293757295823,-0.10803774079562851,-0.002056227451553953,0.993790532112373,-2.7703166567244106,3.0068908334391056,0.8229654322950111,0.16315634586773348,0.2128175076852843,-0.010639425321065732,2.6465503409388225,2.8496808565857115,5.43605305950884,0.01685674236962351,-0.058025337887517084,-0.0009596253846304753,0.9981723245606666,-2.901438618465103,3.00757364681031,0.2988520138495251,0.10754059123464266,0.2120821888171991,-0.012534850181846108,0.0,0.0,0.0,0.0,nan,nan,0.0,0.0,0.0,0.0,0.0
19.84,2.8010806763221106,2.718439761580995,5.435147265419612,-0.025148595635735807,-0.1061092814070965,-0.0020559823708713996,0.9940342758040642,-2.7986386451329475,3.00171077964925,0.8168010423582766,0.13389434604397896,0.2016159236895928,-0.010004700030010614,2.5869016950148476,2.909332210806971,5.435897438306501,0.017939792390327117,-0.05589290055495724,-0.0009708208592553618,0.9982751148973938,-2.9229842875624135,2.9993495080568313,0.27754181013799445,0.10753465329518022,0.21238742397353685,-0.012071298720709164,0.0,0.0,0.0,0.0,nan,nan,0.0,0.0,0.0,0.0,0.0
19.86,2.7402960146846236,2.7821064213656683,5.436445920884486,-0.023738974378042184,-0.10391164474978555,-0.0020635741411279894,0.9943010473908982,-2.829129852478353,2.995424949175345,0.8078646667108313,0.13344519801375176,0.22094981465897048,-0.009267423548843669,2.5272427399503976,2.9689730217239148,5.4361254574719355,0.019022739598483888,-0.05376014290144099,-0.000982010770127731,0.9983721841418821,-2.9445299566597236,2.9911253693033526,0.25623160642646386,0.10752871535571779,0.21269265912987462,-0.011607747259572216,0.0,0.0,0.0,0.0,nan,nan,0.0,0.0,0.0,0.0,0.0
19.88,2.6818764536077353,2.8425902697844916,5.437745871886238,-0.022449767870951858,-0.10165647129927764,-0.0020719855417426223,0.9945640636185457,-2.8575771058373833,2.9891493487545864,0.7916688690537282,0.12713503204462975,0.23727993084071697,-0.008333085911032809,2.467575114819961,3.028602457427566,5.436737133783672,0.02010557778774771,-0.05162707714975448,-0.0009931950531184557,0.9984635317378299,-2.9660756257570338,2.9829012305498734,0.23492140271493328,0.10752277741625535,0.2129978942862124,-0.011144195798435272,0.0,0.0,0.0,0.0,nan,nan,0.0,0.0,0.0,0.0,0.0
19.9,2.6259415090752816,2.8999045126572502,5.438899833759788,-0.021169575869048798,-0.09923475992617711,-0.0020695762731461373,0.9948366842522284,-2.8842571685812137,2.98322099627324,0.7665209015978032,0.141011252383211,0.27528583331151596,-0.00707376521232661,2.40790045889678,3.0882196862697135,5.437732475225328,0.02118830075239728,-0.04949371552444958,-0.0010043736441306616,0.9985491571617262,-2.9876212948543444,2.9746770917963943,0.21361119900340267,0.1075168394767929,0.21330312944255017,-0.010680644337298324,0.0,0.0,0.0,0.0,nan,nan,0.0,0.0,0.0,0.0,0.0
19.92,2.5636698714485266,2.963076999898426,5.439944983900654,-0.01973027565594805,-0.09626296333374448,-0.002060188210295702,0.9951582355270364,-2.912912404763971,2.976363092839564,0.7309492722323778,0.1334883504666008,0.2937481022706318,-0.006302137243579866,2.348220411615257,3.1478238768819837,5.439111480985431,0.022270902287371806,-0.047360070251773405,-0.0010155464791000962,0.9986290599228534,-3.0091669639516585,2.9664529530429142,0.19230099529186828,0.10751090153733045,0.213608364598888,-0.010217092876161297,0.0,0.0,0.0,0.0,nan,nan,0.0,0.0,0.0,0.0,0.0
19.94,2.5069563641300285,3.020066240737923,5.44061180123725,-0.018459936724291276,-0.09342692941362848,-0.002052200076178793,0.9954528758667199,-2.9377148671472266,2.9697082092901916,0.6954587965799006,0.13174477285832403,0.30325680773995656,-0.006002656954906362,2.288536612533419,3.207414198194859,5.440874141457426,0.02335337618830586,-0.04522615355959982,-0.0010267134939954904,0.998703239563291,-3.030712633048969,2.958228814289435,0.1709907915803377,0.10750496359786801,0.21391359975522578,-0.009753541415024351,0.0,0.0,0.0,0.0,nan,nan,0.0,0.0,0.0,0.0,0.0
19.96,2.4438862929454226,3.082860069948311,5.44105620229611,-0.01720325556926966,-0.09040047102800737,-0.0020579404668599277,0.9957547728817409,-2.9632289762417066,2.9613803515742547,0.6606612821800256,0.11046002134133165,0.2812722030711709,-0.006640360249269174,2.2288507012952654,3.266989819456792,5.443020438239913,0.02443571625156604,-0.04309197767735703,-0.001037874624818934,0.9987716956579168,-3.0522583021462792,2.9500046755359564,0.1496805878688071,0.10749902565840558,0.21421883491156354,-0.009289989953887405,0.0,0.0,0.0,0.0,nan,nan,0.0,0.0,0.0,0.0,0.0
19.98,2.383453620510075,3.14246538709609,5.441287627416671,-0.016090259612582168,-0.08764114678342715,-0.0020744060245418156,0.9960199946666387,-2.9857427763673803,2.9526142008371217,0.6344225931614607,0.11127294539385736,0.2721949201360261,-0.0071206689873816315,2.168816289386388,3.326345436506924,5.445008342051977,0.025517355388835695,-0.04095512805362937,-0.0010436911149475693,0.9988345472444009,-3.072711873912379,2.9412760817982573,0.1281998228695278,0.10748687874716144,0.2145040096100189,-0.008826041345382016,0.0,0.0,0.0,0.0,nan,nan,0.0,0.0,0.0,0.0,0.0
20.0,2.322666912020223,3.2018681085742213,5.4414906138263675,-0.015082639947599268,-0.08514097451635301,-0.0021026526624433905,0.9962525318825532,-3.0062882582506547,2.9428614033323965,0.6186421694324428,0.09208631704666552,0.23828606969157196,-0.007931159847339657,2.1063583462620734,3.384269704532036,5.443629457560855,0.026594960445625915,-0.03880122517173449,-0.0010125060549412057,0.9988924605960127,-3.085597536013263,2.9290517650680767,0.10553711887893753,0.10743170550830458,0.21465017130225378,-0.008359340623743248,0.0,0.0,0.0,0.0,nan,nan,0.0,0.0,0.0,0.0,0.0
20.02,2.264595659880708,3.2581053699617044,5.441780397009321,-0.014233409039999334,-0.08294617919738798,-0.0021418465796414756,0.9964500759781616,-3.02443656793366,2.932943563196994,0.6098207523128658,0.08561899503223493,0.22702460144940148,-0.008408147466245608,2.0438802216660505,3.4421802364022756,5.442644037105053,0.027672411122480547,-0.03664709705428586,-0.0009813151174822368,0.9989445755199846,-3.0984831981141463,2.9168274483378966,0.08287441488834726,0.10737653226944772,0.2147963329944887,-0.00789263990210448,0.0,0.0,0.0,0.0,nan,nan,0.0,0.0,0.0,0.0,0.0
20.04,2.203141335581548,3.3170904974574222,5.44223333000931,-0.013459746737433446,-0.08079589464551779,-0.00219635193884064,0.9966373636706359,-3.042419692266096,2.922071472104342,0.6008898832465801,0.06984764882937934,0.2089464937878351,-0.009018040762117058,1.9813836127539162,3.5000761804096996,5.442052133415292,0.028749701164952766,-0.034492756205688625,-0.0009501184836295875,0.9989908917137973,-3.1113688602150305,2.904603131607716,0.06021171089775697,0.10732135903059085,0.21494249468672355,-0.0074259391804657095,0.0,0.0,0.0,0.0,nan,nan,0.0,0.0,0.0,0.0,0.0
20.06,2.138285687258963,3.37878699260069,5.44277858233918,-0.012692590394960483,-0.07859732333857788,-0.0022608511526861805,0.9968230773136937,-3.0605573927721554,2.910645161093257,0.5849863029635961,0.07672378459046957,0.2127514416986456,-0.009254220669468346,1.918870217110464,3.557956685185086,5.441853790085076,0.02982682431952819,-0.032338215131582804,-0.0009189163344752477,0.9990314089085917,-3.1242545223159146,2.892378814877536,0.03754900690716668,0.10726618579173401,0.21508865637895846,-0.006959238458826941,0.0,0.0,0.0,0.0,nan,nan,0.0,0.0,0.0,0.0,0.0
20.08,2.076242100597974,3.4373170854995583,5.443211794323677,-0.011900355143095618,-0.07649117450333144,-0.0023190537512783227,0.9969965414986492,-3.077180385357826,2.899884132953551,0.561352591358356,0.08158663183412317,0.2131992882176902,-0.009340152039484323,1.8563417327102631,3.6158208997177015,5.442049041569676,0.030903774333661208,-0.030183486338770663,-0.0008877088511432235,0.9990661268691712,-3.137140184416798,2.8801544981473555,0.014886302916576402,0.10721101255287716,0.21523481807119332,-0.006492537737188173,0.0,0.0,0.0,0.0,nan,nan,0.0,0.0,0.0,0.0,0.0
20.1,2.0170813321944436,3.4927122816665053,5.443418718626851,-0.011047185317282453,-0.07442213627760814,-0.002367336209368837,0.9971628257449805,-3.0923594746242893,2.8897433175865026,0.5322912039954583,0.0958166545915777,0.22251393036265307,-0.009281673619413964,1.7937998578782253,3.6736679733750743,5.442637913185328,0.03198054495581146,-0.028028582335143822,-0.0008564962147884792,0.9990950453940033,-3.1500258465176842,2.867930181417173,-0.007776401074017898,0.10715583931402028,0.21538097976342824,-0.006025837015549321,0.0,0.0,0.0,0.0,nan,nan,0.0,0.0,0.0,0.0,0.0
20.12,1.9546010694580052,3.5508000856996715,5.443346293726033,-0.010061588082355783,-0.07227655296149392,-0.0024136273017328807,0.9973309574762601,-3.1073301504506916,2.8788605200991446,0.49921004955819365,0.09999443246036684,0.210992495569732,-0.009770269529157398,1.7312462912502118,3.731497055922701,5.443620421108653,0.03305712993547936,-0.02587351562961207,-0.0008252786065959092,0.9991181643152197,-3.1629115086185684,2.8557058646869926,-0.030439105064608195,0.10710066607516343,0.21552714145566315,-0.005559136293910552,0.0,0.0,0.0,0.0,nan,nan,0.0,0.0,0.0,0.0,0.0
20.14,1.891926271581896,3.6086534777206096,5.44297979535205,-0.008981178256679954,-0.07016917159300053,-0.002457332425091119,0.9974916477406848,-3.1211750417710897,2.867570264161136,0.46792562203768256,0.11375111196961112,0.2113146041818916,-0.010189483338273565,1.6686827317335282,3.789307297543853,5.444996572376268,0.034133523023243496,-0.023718298732028544,-0.0007940562077792517,0.9991354834986188,-3.1757971707194517,2.843481547956812,-0.05310180905519848,0.10704549283630657,0.215673303147898,-0.005092435572271784,0.0,0.0,0.0,0.0,nan,nan,0.0,0.0,0.0,0.0,0.0
20.16,1.82906484071446,3.6662636048686945,5.442415609431188,-0.007842020131700501,-0.06821634841098623,-0.002501143369788799,0.9976365955655239,-3.1335709302826764,2.8555704487906537,0.44374489191025873,0.11342110399096507,0.1850370604241973,-0.010834175048649586,1.6059223047274003,3.8467832232300365,5.4461635213856265,0.035208590752981245,-0.0215623180192999,-0.0007569775512619,0.9991470605290347,-3.187464203072526,2.8307063564157406,-0.07576202701515725,0.10698349824991268,0.21579727455041248,-0.004626336591288036,0.0,0.0,0.0,0.0,nan,nan,0.0,0.0,0.0,0.0,0.0
20.18,1.766019874783418,3.7236197500927157,5.44179354251253,-0.006665983152594111,-0.06641740147429058,-0.002544729810308386,0.9977664144478932,-3.144692323034349,2.8428749227551235,0.4273853022926877,0.11852902953322889,0.17627591208548316,-0.01093862029828789,1.5419793118129264,3.902300135036279,5.444006205906874,0.03627650171222447,-0.019402350303540393,-0.0006838037109557189,0.9991531897755751,-3.1916151758674505,2.8145335718853413,-0.09840691205359221,0.10687943210368082,0.21578438441688505,-0.004163948925090271,0.0,0.0,0.0,0.0,nan,nan,0.0,0.0,0.0,0.0,0.0
20.2,1.702793634356091,3.780709999188698,5.44126092100687,-0.005559038480871569,-0.06484547812801966,-0.002592601060419537,0.9978764650382622,-3.1545085975579,2.8293930248385926,0.41954232258319185,0.10260747969403927,0.14483881393606,-0.01106624196766195,1.4780087544416844,3.9577992036969185,5.442242965466203,0.03734420185832926,-0.01724226983516783,-0.000610625896870381,0.9991535126568437,-3.1957661486623747,2.798360787354942,-0.12105179709202718,0.10677536595744899,0.21577149428335768,-0.003701561258892507,0.0,0.0,0.0,0.0,nan,nan,0.0,0.0,0.0,0.0,0.0
20.22,1.636219475391361,3.840358454358353,5.440870372543363,-0.004464262187618973,-0.06333375513149127,-0.002645499820867942,0.9979789111773666,-3.164082159937864,2.8148680767956376,0.411835236348973,0.10510962603742563,0.14629502016250795,-0.010787602943259252,1.4140123374371683,4.0132795790978015,5.440873876207401,0.03841168498658433,-0.015082089167028297,-0.0005374445342631166,0.9991480291709641,-3.1999171214572995,2.7821880028245425,-0.1436966821304621,0.10667129981121716,0.21575860414983028,-0.0032391735926947424,0.0,0.0,0.0,0.0,nan,nan,0.0,0.0,0.0,0.0,0.0
20.24,1.5726580912678274,3.8968802035363113,5.440568128307378,-0.0033915645518478466,-0.061888235012321206,-0.0026901738040939573,0.9980736979912125,-3.1728286696950243,2.8009988611125944,0.3973624961139501,0.11095453922530185,0.14785932974014188,-0.01033445119485403,1.3499917662239818,4.0687404115592996,5.439899005112167,0.039478944893539585,-0.012921820852550177,-0.0004642600484117779,0.9991367393498023,-3.2040680942522237,2.766015218294143,-0.1663415671688971,0.10656723366498533,0.21574571401630288,-0.0027767859264969785,0.0,0.0,0.0,0.0,nan,nan,0.0,0.0,0.0,0.0,0.0
20.26,1.5089667665094462,3.9531207284903243,5.4401895163758285,-0.0021753114004535623,-0.06031639939956608,-0.0027203028186898303,0.9981732314264683,-3.1813196541051862,2.7871900715435163,0.3741266963382628,0.12904562309442494,0.16757875832534053,-0.009609923202388203,1.2859487467881856,4.1241808518560745,5.43931840999855,0.0405459753770423,-0.010761477445670815,-0.0003910728646123541,0.9991196432589667,-3.208219067047149,2.749842433763741,-0.1889864522073361,0.10646316751875348,0.21573282388277548,-0.002314398260299132,0.0,0.0,0.0,0.0,nan,nan,0.0,0.0,0.0,0.0,0.0
20.28,1.4483601431520887,4.006286054087989,5.439639646999075,-0.000901862251284562,-0.05868363541797441,-0.002734965006617471,0.9982724766039693,-3.188966417571783,2.773954077962614,0.34521352406899025,0.13807342517762056,0.1779756272945684,-0.008878671494245996,1.2218849856376846,4.179600051236773,5.439132139519617,0.04161277023627243,-0.008601071500765086,-0.0003178834081765516,0.9990967409978079,-3.212370039842073,2.7336696492333417,-0.21163133724577105,0.10635910137252164,0.21571993374924808,-0.0018520105941013684,0.0,0.0,0.0,0.0,nan,nan,0.0,0.0,0.0,0.0,0.0
20.3,1.378083707610772,4.067519256429053,5.438688573298271,0.0007164179523684711,-0.05661113648679715,-0.0027354071265731587,0.998392299408826,-3.1970500860477835,2.758245745132648,0.3077545678118754,0.15231789611675645,0.1971002548883986,-0.008178133916650123,1.1578021897624942,4.234997161443822,5.439340233162309,0.042679323271779805,-0.006440615572570127,-0.00024469210442924495,0.9990680326994169,-3.2165210126369974,2.7174968647029423,-0.234276222284206,0.1062550352262898,0.21570704361572068,-0.0013896229279036043,0.0,0.0,0.0,0.0,nan,nan,0.0,0.0,0.0,0.0,0.0
20.32,1.3205171088305534,4.117349936638882,5.437667590301412,0.0020957955225211927,-0.054879378454399705,-0.0027297508345775815,0.9984870604679702,-3.2027047020205823,2.7447914635273993,0.27893342974552987,0.15433786290812396,0.1930000525756366,-0.008010377001171746,1.093702066595105,4.290371334733103,5.439942721246532,0.04374562828551934,-0.00428012221611395,-0.00017149937870605749,0.9990335185306264,-3.220671985431922,2.701324080172543,-0.25692110732264095,0.10615096908005797,0.21569415348219328,-0.0009272352617058404,0.0,0.0,0.0,0.0,nan,nan,0.0,0.0,0.0,0.0,0.0
20.34,1.2564908662577414,4.172420116661798,5.436368310894851,0.00367884362049552,-0.052928277366572865,-0.002715568007710928,0.9985878475402246,-3.2078525107100306,2.7290849176897063,0.2526112986571828,0.1582501218219453,0.1949220986731963,-0.007325075883551694,1.0295943701430286,4.34527980312211,5.440291626480083,0.044809900645303415,-0.002121150263328495,-9.207151817302869e-05,0.9989932757774468,-3.2234991557218455,2.684558257866956,-0.2793529009534511,0.10603959769242065,0.21565741483531659,-0.00046661674417772676,0.0,0.0,0.0,0.0,nan,nan,0.0,0.0,0.0,0.0,0.0
20.36,1.1891984771021948,4.229888557019952,5.434975972321507,0.005250910332768404,-0.05103879411126112,-0.00269998099152374,0.9986792175363374,-3.2117968500281586,2.7115935659538,0.234919543150168,0.14204978270890556,0.17168481299017174,-0.006765154845246611,0.9655049766181959,4.397717967788206,5.437440315639567,0.04586406308699131,2.9268843052553882e-05,2.1888950028979863e-05,0.998947689511999,-3.2189935277270187,2.6645074845477033,-0.30060434003558534,0.10588776115877743,0.21548857465734222,-1.579788353292625e-05,0.0,0.0,0.0,0.0,nan,nan,0.0,0.0,0.0,0.0,0.0
20.38,1.1282639201197966,4.281554575472933,5.433819536955698,0.006575947076429226,-0.04943450047943581,-0.0026840765710019116,0.9987521127964424,-3.2143785512786356,2.695114359782295,0.22512326035437047,0.13591374889590402,0.16867159776279642,-0.0058558763296317606,0.9013819133207318,4.45013450545492,5.434974391508106,0.04691796178161096,0.002179687781119438,0.00013584929235582592,0.9988963586721126,-3.2144878997321924,2.644456711228452,-0.3218557791177196,0.10573592462513422,0.2153197344793679,0.00043502097711187426,0.0,0.0,0.0,0.0,nan,nan,0.0,0.0,0.0,0.0,0.0
20.4,1.0640810516683474,4.33559101649332,5.432746639782962,0.007891888197561954,-0.047765556422714066,-0.002661159952358665,0.9988238523123153,-3.2164229377550866,2.6774067880871497,0.21382024888667236,0.12901237352429062,0.1695672375459134,-0.004780927301121377,0.8372268415537973,4.502528588824748,5.432893948321231,0.04797159066858521,0.00433009418461735,0.00024980885346421506,0.9988392835529721,-3.209982271737366,2.6244059379092004,-0.3431072181998539,0.105584088091491,0.21515089430139356,0.000885839837756675,0.0,0.0,0.0,0.0,nan,nan,0.0,0.0,0.0,0.0,0.0
20.42,0.9966621358898086,4.391939687857317,5.431694578837516,0.009289497045549036,-0.04589256650047159,-0.002623686428668754,0.9988997416428561,-3.2180762150999414,2.658662792923943,0.19524079371077724,0.1360035919187218,0.1871430998798392,-0.003634258847804335,0.7730414233568162,4.554899391116699,5.4311990714474625,0.04902494368888875,0.0064804756873639525,0.0003637669780153662,0.9987764644827953,-3.2054766437425384,2.604355164589945,-0.3643586572819919,0.10543225155784776,0.2149820541234192,0.0013366586984015555,0.0,0.0,0.0,0.0,nan,nan,0.0,0.0,0.0,0.0,0.0
20.44,0.9324493596134977,4.4452333345202515,5.4306201813602835,0.01066876572934726,-0.043961251642859224,-0.0025734634610358915,0.9989729541271978,-3.2191680336887685,2.640685540363136,0.1688343544011821,0.1406459138379608,0.2038428014937366,-0.0025643327962085703,0.7088273214672891,4.607246086085277,5.429889837386341,0.050078014785082024,0.008630819923318957,0.0004777230106786982,0.998707901822831,-3.200971015747712,2.5843043912706936,-0.3856100963641262,0.10528041502420454,0.21481321394544484,0.0017874775590463563,0.0,0.0,0.0,0.0,nan,nan,0.0,0.0,0.0,0.0,0.0
20.46,0.8714614456346848,4.495525313879388,5.429420941847335,0.012071958909443369,-0.04189540193575192,-0.0025090155664227345,0.9990459188373765,-3.2196126697834018,2.6233986901732833,0.13731724079181815,0.1527744921297083,0.2288387428134336,-0.001556735583111514,0.644586199282478,4.659567848039543,5.428966313766673,0.05113079790134734,0.010781114526657523,0.0005916762961357203,0.9986335959673573,-3.1964653877528857,2.564253617951442,-0.40686153544626047,0.10512857849056134,0.21464437376747048,0.0022382964196911567,0.0,0.0,0.0,0.0,nan,nan,0.0,0.0,0.0,0.0,0.0
20.48,0.8040897696177817,4.550724410162335,5.42781859162363,0.013695038284060764,-0.03946552406113469,-0.002424374175121275,0.9991241368052506,-3.219082766502389,2.603810813409187,0.0991115073111187,0.15660673631552952,0.23858906818233994,-0.0008546980041835711,0.5803197208211899,4.711863851862067,5.42842855934497,0.052183286983522835,0.012931347131839849,0.0007056261790837197,0.9985535473436797,-3.191959759758059,2.5442028446321903,-0.4281129745283947,0.10497674195691811,0.21447553358949614,0.0026891152803359573,0.0,0.0,0.0,0.0,nan,nan,0.0,0.0,0.0,0.0,0.0
20.5,0.7399780907512677,4.6029072958160535,5.4260336127928275,0.015325834094455083,-0.03697932689585549,-0.0023314656686574202,0.9991957828471228,-3.217344411356152,2.584489843348044,0.06407976446446591,0.16764275331507003,0.2547337989658218,-0.0003171847575458263,0.5160295506854897,4.764133273027923,5.4282766240040985,0.05323547597913759,0.015081505373682663,0.0008195720042395504,0.9984677564121278,-3.187454131763233,2.524152071312938,-0.4493644136105289,0.1048249054232749,0.21430669341152178,0.0031399341409807575,0.0,0.0,0.0,0.0,nan,nan,0.0,0.0,0.0,0.0,0.0
20.52,0.6791335769552515,4.652115852103624,5.4241874087914095,0.016905144570846242,-0.03463794493219165,-0.002239383877503598,0.9992544290708759,-3.2143317714025823,2.5653382019270654,0.036360464768217096,0.16578877487746765,0.24406153044785828,-2.5333957023448983e-05,0.45195832713586775,4.815788292440852,5.427837242301469,0.05428485539527514,0.01722754658867595,0.000939975484149933,0.9983764232789846,-3.181546160855402,2.503470900499226,-0.4701604249776617,0.10466543406258079,0.21411294674492876,0.003587688961465307,0.0,0.0,0.0,0.0,nan,nan,0.0,0.0,0.0,0.0,0.0
20.54,0.6151658036586319,4.703510807985531,5.422216081502364,0.01859352371088963,-0.032156085143969095,-0.0021351981671871045,0.999307614297526,-3.209812233171114,2.5443720926619053,0.013964398059712932,0.16890455217057498,0.25070378489915207,0.0007496732111352371,0.38906322247065417,4.864475540242757,5.424398398549206,0.05532137919097083,0.01935328989916647,0.0010927634598490406,0.9982804220470861,-3.168609546807071,2.4796301322830954,-0.488673800011446,0.1044676964017667,0.21379436697313714,0.004020086593166112,0.0,0.0,0.0,0.0,nan,nan,0.0,0.0,0.0,0.0,0.0
20.56,0.5481049188949995,4.757008578554486,5.420245557602706,0.020291831186022444,-0.02963087180158019,-0.0020225839580544466,0.9993528717012469,-3.203636270683237,2.5215349530673103,-0.0031961662189994994,0.15438781742704105,0.23542307029790105,0.0014156090886889398,0.32612998446268915,4.9131380845314965,5.421327197985251,0.05635759176371188,0.021478924333339137,0.001245545287959681,0.9981788047624599,-3.155672932758742,2.4557893640669644,-0.5071871750452304,0.1042699587409526,0.2134757872013455,0.004452484224866916,0.0,0.0,0.0,0.0,nan,nan,0.0,0.0,0.0,0.0,0.0
20.58,0.487540492544492,4.804984873424824,5.4186037788405805,0.021728600430673522,-0.02735438849011457,-0.0019159392756980683,0.9993877798584231,-3.197134355819479,2.500425357462258,-0.018074099747465378,0.14824529214312102,0.24561891747587175,0.0023165493143423796,0.2631601822230621,4.961775141305168,5.418623746483617,0.05739348728404965,0.023604437932955774,0.0013983201089730597,0.998071571996777,-3.142736318710411,2.431948595850834,-0.5257005500790147,0.10407222108013853,0.21315720742955388,0.00488488185656772,0.0,0.0,0.0,0.0,nan,nan,0.0,0.0,0.0,0.0,0.0
20.6,0.42391975081226896,4.855044605635741,5.416948306810886,0.02316609260606562,-0.024869283764925438,-0.0017943061835493498,0.9994206478473948,-3.18951123037328,2.477967491631447,-0.03964502820027298,0.14032721642522214,0.2538501460133624,0.0032997161361508105,0.20015538568565155,5.0103859271354185,5.41628814164291,0.058429059924319356,0.025729818740458356,0.0015510870634198285,0.9979587243532996,-3.1297997046620796,2.4081078276346988,-0.5442139251128023,0.1038744834193244,0.21283862765776218,0.005317279488268602,0.0,0.0,0.0,0.0,nan,nan,0.0,0.0,0.0,0.0,0.0
20.62,0.36045282323336914,4.904652215458242,5.415248591256545,0.02458882164653639,-0.022203750175874403,-0.0016587828524762844,0.9994496644491958,-3.181035372196049,2.455294209511097,-0.0679819116099946,0.1443672458925262,0.28001903838959813,0.004297667890733461,0.1371171655718415,5.058969659185044,5.4143204727841265,0.059464303858672046,0.02785505479903478,0.0017038452918748137,0.9978402624668777,-3.1168630906137493,2.384267059418568,-0.5627273001465867,0.1036767457585103,0.21252004788597056,0.005749677119969407,0.0,0.0,0.0,0.0,nan,nan,0.0,0.0,0.0,0.0,0.0
20.64,0.2971594069405875,4.95380917367188,5.413385356356463,0.02603473028838004,-0.01933390878833007,-0.001508815045103119,0.9994729192263968,-3.1714948484481376,2.4323231897785433,-0.10307708516357038,0.1445784905003925,0.29327071895211604,0.0050579953119158985,0.07404709335510962,5.10752555522565,5.412720820948646,0.06049921326310858,0.029980134152688392,0.0018565939349620127,0.9977161870039457,-3.1039264765654195,2.360426291202437,-0.5812406751803709,0.1034790080976962,0.21220146811417895,0.006182074751670211,0.0,0.0,0.0,0.0,nan,nan,0.0,0.0,0.0,0.0,0.0
20.66,0.23091058253090446,5.0049361750908945,5.411176963746035,0.027592061604567245,-0.01615550811800517,-0.0013395995928107876,0.9994878104143091,-3.1600789992840044,2.407707251841515,-0.14276032357929275,0.15108323516109712,0.31154625376739264,0.0055983168481582544,0.010946741225707934,5.156052833655227,5.411489258896409,0.061533782315511584,0.032105044846303735,0.0020093321333593205,0.9975864986625178,-3.0909898625170893,2.3365855229863066,-0.5997540502141554,0.10328127043688211,0.21188288834238728,0.006614472383371016,0.0,0.0,0.0,0.0,nan,nan,0.0,0.0,0.0,0.0,0.0
20.68,0.1680385269769579,5.0531554906916005,5.408826519585988,0.029091104226885905,-0.013084411604134545,-0.001174475266785068,0.9994904333887752,-3.147654172309125,2.3836135701632024,-0.17928281752803749,0.14893115052192754,0.304169739882296,0.0056622058250383606,-0.05218231794472583,5.204550713515744,5.410625851104274,0.06256800519567844,0.03422977492571418,0.002162059027803391,0.9974511981721856,-3.078053248468759,2.312744754770176,-0.6182674252479397,0.10308353277606802,0.2115643085705957,0.00704687001507182,0.0,0.0,0.0,0.0,nan,nan,0.0,0.0,0.0,0.0,0.0
20.7,0.10540723670096958,5.100896978748038,5.406312562231442,0.03056332345730318,-0.010091325382926758,-0.0010108475750524523,0.9994813788152535,-3.133660042765918,2.3587780612611997,-0.20935655669843067,0.1437336298330574,0.29383760718481894,0.005731467471895749,-0.11482928055170241,5.252267800849513,5.409455543923315,0.06359858667538466,0.03634755964229775,0.0023212929877700016,0.9973107270453918,-3.0636659820407517,2.288241475078478,-0.6360586173534599,0.10287800288914917,0.2112204090944355,0.007474829391152929,0.0,0.0,0.0,0.0,nan,nan,0.0,0.0,0.0,0.0,0.0
20.72,0.04304164471272909,5.148140448486507,5.403752480877005,0.031901266037376697,-0.007347083771722901,-0.0008577546712788034,0.9994636530870883,-3.118232657635448,2.333251660679872,-0.23073919856843816,0.12568425707680714,0.25846067882972507,0.00542733791088177,-0.1751876672225288,5.296531360542223,5.405556654888424,0.06461380578275104,0.03843432689625814,0.0025102652319658448,0.9971667649830522,-3.0426585292077846,2.260714762946919,-0.6505540608216325,0.10263691245716398,0.21076096080383402,0.00788253437691499,0.0,0.0,0.0,0.0,nan,nan,0.0,0.0,0.0,0.0,0.0
20.74,-0.01593770440555184,5.192542193847419,5.4013911773653405,0.033033328271419,-0.0050184431779071335,-0.0007242455744377974,0.9994413889367055,-3.1025582210554226,2.3085177289632512,-0.24335541692509957,0.11293586135497015,0.23632682126769952,0.0053329903685466265,-0.235586727263573,5.340768183920998,5.401999142078211,0.06562867328097712,0.04052088500202683,0.002699223816043862,0.9970173766353434,-3.021651076374817,2.2331880508153605,-0.665049504289805,0.1023958220251788,0.2103015125132326,0.008290239362677053,0.0,0.0,0.0,0.0,nan,nan,0.0,0.0,0.0,0.0,0.0
20.76,-0.07772065553683769,5.238765292737728,5.399022886648807,0.034082114075438576,-0.0027529761729322066,-0.0005902667065279025,0.999415070032244,-3.085319458126369,2.282247430755434,-0.2552782201802978,0.09780248076923678,0.2211978063036314,0.005464079719433329,-0.29602502712711815,5.384977549213689,5.398783115973656,0.06664318364745558,0.04260722260517473,0.0028881677117475963,0.9968625628151924,-3.0006436235418468,2.2056613386837967,-0.67954494775798,0.10215473159319356,0.20984206422263105,0.008697944348439186,0.0,0.0,0.0,0.0,nan,nan,0.0,0.0,0.0,0.0,0.0
20.78,-0.1391807680350391,5.284457966689514,5.3967356310479495,0.03502045288509031,-0.0005352792907013176,-0.00045580496464090207,0.9993863485147464,-3.0674151632491835,2.255881010285768,-0.26905053550984226,0.09125734723634145,0.22327693284909064,0.005740571329457381,-0.3565011324112898,5.429158735245793,5.395908679622671,0.06765733136152197,0.04469332835247149,0.0030770958909004166,0.99670232436505,-2.979636170708879,2.1781346265522377,-0.6940403912261527,0.10191364116120838,0.20938261593202961,0.009105649334201249,0.0,0.0,0.0,0.0,nan,nan,0.0,0.0,0.0,0.0,0.0
20.8,-0.20030615255521508,5.329625424262417,5.394434149647003,0.03592269364630427,0.0016836524959769528,-0.00031978416035586437,0.99935310232848,-3.0488992815229077,2.2294893017302306,-0.2882148531433204,0.09168093517098118,0.22234678354396276,0.005767126246932347,-0.4170136078913442,5.473311021456207,5.393375928637864,0.0686711109044858,0.04677919089194959,0.003266007325411319,0.9965366621568865,-2.9586287178759125,2.1506079144206787,-0.7085358346943252,0.10167255072922318,0.20892316764142815,0.009513354319963311,0.0,0.0,0.0,0.0,nan,nan,0.0,0.0,0.0,0.0,0.0
20.82,-0.26108560730643554,5.374273505816091,5.392023672476115,0.03688529832599477,0.003931804932517084,-0.000183019972285475,0.9993117542494259,-3.0296742452888403,2.202934222558077,-0.31135272419317395,0.10048438624694711,0.2278545918962519,0.005749975403304044,-0.4775610175508643,5.517433687912873,5.3911849511944485,0.06968451675965992,0.048864798872964646,0.003454900987280384,0.9963655770921862,-2.937621265042945,2.1230812022891197,-0.7230312781624979,0.10143146029723799,0.2084637193508267,0.009921059305725372,0.0,0.0,0.0,0.0,nan,nan,0.0,0.0,0.0,0.0,0.0
20.84,-0.3245187156294844,5.420597990672778,5.389300403308015,0.037981722907736014,0.006333468477439359,-3.84584925151063e-05,0.9992583621981603,-3.0086092224084613,2.1747524745565285,-0.3387206179664973,0.10855432212446445,0.23201149511687494,0.005759842238920131,-0.5381419246130286,5.561526015328461,5.389335828028325,0.07069754341239065,0.05095014094625742,0.0036437758486044074,0.9961890701019434,-2.916613812209978,2.0955544901575607,-0.7375267216306703,0.10119036986525282,0.20800427106022523,0.010328764291487432,0.0,0.0,0.0,0.0,nan,nan,0.0,0.0,0.0,0.0,0.0
20.86,-0.378562719488919,5.45984727411884,5.386806428324136,0.0389887697293193,0.008453077663086898,8.817175025396909e-05,0.9992038898737127,-2.989636430833577,2.150202877242548,-0.3609807222423992,0.1128091777311418,0.23734006604455543,0.005885823463513431,-0.5987548915718846,5.605587285076025,5.387828632434332,0.07171018535008784,0.05303520576401574,0.0038326308815824915,0.9960071421466564,-2.895606359377011,2.068027778026002,-0.7520221650988429,0.10094927943326762,0.20754482276962377,0.010736469277249496,0.0,0.0,0.0,0.0,nan,nan,0.0,0.0,0.0,0.0,0.0
20.88,-0.44418472142241916,5.507232192953038,5.383615804729495,0.04017935142044686,0.01098784339309596,0.00024196739808185242,0.9991320375549868,-2.9652831374475124,2.1197107413149214,-0.3834741982311234,0.10635177558758055,0.22730203860288709,0.0059631457234961376,-0.6585867027007657,5.648683176757122,5.386013046563069,0.07271831463697398,0.055110344510534606,0.004027859687067102,0.9958206028148994,-2.8731318321647423,2.0398120152478745,-0.7655124747916875,0.1007004214538685,0.20706022259628837,0.01113833381752592,0.0,0.0,0.0,0.0,nan,nan,0.0,0.0,0.0,0.0,0.0
20.9,-0.5004549488511548,5.547620715533349,5.380828746457926,0.04118206562813686,0.0131121964050445,0.0003738879101519906,0.9990655473910938,-2.9432364805777502,2.0929415866794856,-0.39657312837210584,0.103104250564884,0.2184863984656382,0.006119823908933375,-0.7150644868976899,5.6878499635877615,5.381801865798486,0.07370883757792274,0.057144931871754595,0.004249779919841821,0.9956321626961018,-2.844528779835806,2.008717827044472,-0.7748039601613638,0.10041911548812801,0.20647055348627114,0.011515800605816326,0.0,0.0,0.0,0.0,nan,nan,0.0,0.0,0.0,0.0,0.0
20.92,-0.5592613122605925,5.5895840534599905,5.377952214374984,0.0421592952013025,0.015159434815101925,0.0005063259348003513,0.9989957602503945,-2.9192616531551234,2.064451858591483,-0.40527104170164047,0.09444809662193784,0.19446146433615796,0.0060891093469185205,-0.7715833740142384,5.726989291783998,5.377898056207991,0.07469897683196267,0.0591792217684782,0.00447167803064349,0.9954385398741228,-2.815925727506865,1.9776236388410637,-0.7840954455310417,0.10013780952238749,0.2058808843762538,0.011893267394106798,0.0,0.0,0.0,0.0,nan,nan,0.0,0.0,0.0,0.0,0.0
20.94,-0.6234237623121396,5.6350789663246035,5.374914896644775,0.04319670816291913,0.017254692255078197,0.0006477173606680998,0.9989173641804865,-2.8922438518678897,2.0328771598782844,-0.4123713011268082,0.0964955059714339,0.18997676762433377,0.006353422762191519,-0.8281421018846123,5.766100518453165,5.374301725858708,0.07568872724498321,0.06121320361133132,0.004693552864394794,0.9952397353568543,-2.787322675177929,1.9465294506376614,-0.793386930900718,0.09985650355664702,0.20529121526623653,0.012270734182397207,0.0,0.0,0.0,0.0,nan,nan,0.0,0.0,0.0,0.0,0.0
20.96,-0.6783855336974888,5.673810609346557,5.372354038371527,0.0441559713824194,0.019069551542082994,0.0007708715072250014,0.9988423339808833,-2.8684562024848916,2.005465478797308,-0.42248514809434945,0.1070189780818024,0.19480501668776315,0.006544354233154696,-0.8847394075134885,5.805183001287736,5.371012976415508,0.07667808366489853,0.06324686681254452,0.004915403266139708,0.9950357501791613,-2.758719622848994,1.9154352624342588,-0.8026784162703944,0.09957519759090655,0.20470154615621933,0.012648200970687612,0.0,0.0,0.0,0.0,nan,nan,0.0,0.0,0.0,0.0,0.0
20.98,-0.7329231897128831,5.712027607622934,5.369783109206924,0.045267315182227555,0.020986196590909202,0.0008978022709163852,0.9987540456388264,-2.844120586634858,1.9777856786533068,-0.43679396253067737,0.12641087372927898,0.2093204158178158,0.006824399440671262,-0.9413740271022787,5.8442360985786745,5.368031903138898,0.07766704094167338,0.06528020078600662,0.005137228081049342,0.9948265854028763,-2.7301165705200576,1.8843410742308562,-0.8119699016400705,0.09929389162516608,0.20411187704620204,0.013025667758978017,0.0,0.0,0.0,0.0,nan,nan,0.0,0.0,0.0,0.0,0.0
21.0,-0.7927021184006416,5.753673442555961,5.366838280933457,0.04668591483524347,0.023236654268928927,0.0010431762281314818,0.9986387710467383,-2.816490409031685,1.9467658234398768,-0.4583846019777351,0.14392177819778296,0.22020814458633414,0.00710504039710593,-0.9980446960754528,5.883259169228806,5.36535859488303,0.07865559392735032,0.06731319494732023,0.005359026154428002,0.9946122421167939,-2.7015135181911214,1.8532468860274536,-0.8212613870097469,0.09901258565942561,0.2035222079361848,0.013403134547268422,0.0,0.0,0.0,0.0,nan,nan,0.0,0.0,0.0,0.0,0.0
21.02,-0.8491371913109748,5.7927554274482835,5.36387861075881,0.048225351481340675,0.025519056499265797,0.0011870617946622573,0.9985097316071506,-2.789263863557539,1.9166290781237276,-0.48122660903763725,0.16357982672147042,0.2363877768354129,0.00750817617342135,-1.0547501491068705,5.922251572766156,5.362993134093856,0.07964373747607638,0.06934583871385688,0.005580796331719189,0.9943927214366653,-2.6729104658621856,1.8221526978240508,-0.8305528723794233,0.09873127969368514,0.20293253882616757,0.013780601335558827,0.0,0.0,0.0,0.0,nan,nan,0.0,0.0,0.0,0.0,0.0
21.04,-0.9050731056924421,5.83126348019491,5.360756639894227,0.049924746934349486,0.027924358873152852,0.0013366479065009382,0.9983616394861324,-2.7609941539322977,1.885778720381487,-0.50433286061328,0.17545601626898027,0.2459482715793284,0.007873681933543914,-1.1114891201461274,5.9612126693573,5.360935596807418,0.08063146644412991,0.07137812150481196,0.00580253745851162,0.9941680245051919,-2.64430741353325,1.7910585096206482,-0.8398443577490995,0.09844997372794467,0.20234286971615031,0.014158068123849234,0.0,0.0,0.0,0.0,nan,nan,0.0,0.0,0.0,0.0,0.0
21.06,-0.9604886099170938,5.869180531035045,5.357528638950159,0.05174293183412465,0.03041056288418978,0.001490030339273544,0.9981961963861934,-2.731551522005293,1.854115411814405,-0.5235652365770802,0.18745354216819962,0.24944892155379622,0.00810384684033259,-1.1671127803602643,5.9990050449317,5.358589230119822,0.08161378773772901,0.07339741529489563,0.006030333088652897,0.9939394569901978,-2.6142524307630746,1.7592545140705154,-0.8478400986873988,0.09816111068827213,0.2017285933515985,0.014528314853067556,0.0,0.0,0.0,0.0,nan,nan,0.0,0.0,0.0,0.0,0.0
21.08,-1.0153594227980383,5.906486032877647,5.3542677876095235,0.053609468189351056,0.03283355448043257,0.0016407413580362424,0.9980206864531574,-2.7011133405112573,1.8216674929627465,-0.5384447380154143,0.18399577582825644,0.23809002404254404,0.008423849867653885,-1.2183650014710292,6.032402040633457,5.354233290448489,0.08257653781789343,0.0753678721006541,0.006281471564818958,0.993710894763668,-2.5786201410586798,1.7247239323669163,-0.8508584907136321,0.09784321862651517,0.20101979302952813,0.014870827136898917,0.0,0.0,0.0,0.0,nan,nan,0.0,0.0,0.0,0.0,0.0
21.1,-1.0669594285690405,5.941338973605333,5.351214664791315,0.055301385685652044,0.0350693174463353,0.0017886120794886435,0.9978520434322536,-2.671368030365833,1.7903066927925089,-0.5477417233180919,0.174392186248012,0.23462122704940847,0.00912966876043056,-1.2696565579712216,6.065772347935669,5.350143972234521,0.0835388812169523,0.07733795772725754,0.006532579105372251,0.9934774386113802,-2.5429878513542783,1.690193350663311,-0.8538768827398657,0.09752532656475814,0.20031099270745759,0.015213339420730337,0.0,0.0,0.0,0.0,nan,nan,0.0,0.0,0.0,0.0,0.0
21.12,-1.123373754791473,5.979179724557078,5.347918830954925,0.05710900937038749,0.03751841805221737,0.0019603485846904295,0.9976608072832263,-2.637703643439276,1.7552130070129355,-0.5576698663330979,0.17125031070061625,0.23497674795602966,0.009821264094736264,-1.3209863857905673,6.099115416555911,5.346321374671033,0.08450081319546131,0.0793076624722326,0.006783654473633418,0.9932390896830825,-2.5073555616498835,1.6556627689597119,-0.8568952747660988,0.09720743450300118,0.19960219238538718,0.015555851704561696,0.0,0.0,0.0,0.0,nan,nan,0.0,0.0,0.0,0.0,0.0
21.14,-1.173844250640062,6.012793367900487,5.344990729478136,0.05874016997057766,0.03978157222231477,0.0021249495233114737,0.9974780717052739,-2.6064975618365307,1.7230441473951972,-0.567604034583774,0.17499345628915638,0.2433966932241789,0.010449309014033887,-1.3723534201048913,6.132430696748367,5.342765591696861,0.08546232901600279,0.08127697663498276,0.007034696433081684,0.9929958491526192,-2.4717232719454882,1.6211321872561129,-0.859913666792332,0.09688954244124423,0.1988933920633168,0.01589836398839306,0.0,0.0,0.0,0.0,nan,nan,0.0,0.0,0.0,0.0,0.0
21.16,-1.2263763123961602,6.047534971906342,5.341906712068545,0.060542267606195854,0.04225594631619317,0.002305676302809335,0.9972681448290672,-2.572871024579987,1.6886815080161115,-0.5819684471114344,0.1852232524296614,0.253713012872789,0.010939169205960244,-1.4237565953570577,6.165717639314635,5.339476711994704,0.08642342394320847,0.08324589051683477,0.007285703747360762,0.9927477182179253,-2.436090982241093,1.5866016055525134,-0.8629320588185652,0.09657165037948726,0.19818459174124636,0.016240876272224418,0.0,0.0,0.0,0.0,nan,nan,0.0,0.0,0.0,0.0,0.0
21.18,-1.2834458843761944,6.084988255248098,5.338446134244164,0.06263305351598729,0.045140302475382046,0.0025157044151444467,0.9970120986883712,-2.534767169170077,1.6501578122996248,-0.6006514218018967,0.1987961000320139,0.2719588001999114,0.011486991005838054,-1.4751948452779688,6.1989756956145525,5.336454818989384,0.08738409324378295,0.08521439442108664,0.007536675180284988,0.9924946981010206,-2.400458692536698,1.5520710238489144,-0.8659504508447983,0.0962537583177303,0.19747579141917596,0.016583388556055775,0.0,0.0,0.0,0.0,nan,nan,0.0,0.0,0.0,0.0,0.0
21.2,-1.3295713838535508,6.115034150069147,5.33551911845914,0.06448789728511142,0.04762837326349915,0.002692476802038803,0.9967776079611179,-2.502633812000756,1.61793838103443,-0.6182769652921688,0.21213113862940977,0.28250564370858033,0.011793514506166676,-1.5266671029075718,6.232204317577004,5.333699990846197,0.088344332186527,0.08718247865305556,0.007787609495845415,0.9922367900480037,-2.364826402832303,1.5175404421453151,-0.8689688428710315,0.09593586625597333,0.19676699109710558,0.016925900839887136,0.0,0.0,0.0,0.0,nan,nan,0.0,0.0,0.0,0.0,0.0
21.22,-1.3827198187960281,6.149395033778607,5.331992905613652,0.06671715485959351,0.050632274977225,0.0029062898586032773,0.9964821862217755,-2.4639299914097514,1.579496477230202,-0.6373553789211631,0.21290058687712513,0.2900986896376566,0.01226853061424359,-1.5781723006158759,6.265402957710717,5.331212300469375,0.08930413604236083,0.08915013352012553,0.008038505458215888,0.9919739953290456,-2.329194113127908,1.483009860441716,-0.8719872348972645,0.09561797419421639,0.19605819077503517,0.0172684131237185,0.0,0.0,0.0,0.0,nan,nan,0.0,0.0,0.0,0.0,0.0
21.24,-1.432649628096899,6.181409602307656,5.328544149746125,0.06881828493596771,0.0535087903655725,0.003116618180293924,0.9961883053435246,-2.4259336952189723,1.542160547913329,-0.6532451590221615,0.20706099814123663,0.28656759386964525,0.012687057182510477,-1.6281938228210773,6.297210212128316,5.32847893162131,0.0902576292196292,0.09110169761032107,0.008294951513444974,0.9917082407843343,-2.2921544871464574,1.447754576775516,-0.8734199544155017,0.09529292255065853,0.19532529946805638,0.017602394405159313,0.0,0.0,0.0,0.0,nan,nan,0.0,0.0,0.0,0.0,0.0
21.26,-1.481880113614639,6.212708522413995,5.3250662789632806,0.07079424594073604,0.0563053197236483,0.003332101814805162,0.9958949657519092,-2.386920197415335,1.5042396284566302,-0.6636530448650662,0.19092228885080276,0.27403601543734907,0.013030275101420644,-1.6728750588476733,6.324164917757266,5.324165329090726,0.09118987610603206,0.09299732659227437,0.008571180460526788,0.9914446220581206,-2.2501241633124773,1.4099293540070221,-0.8692295598923541,0.09494248158821417,0.19450697667706937,0.01790612303412155,0.0,0.0,0.0,0.0,nan,nan,0.0,0.0,0.0,0.0,0.0
21.28,-1.5279765494766753,6.241760603693958,5.321784541256004,0.07254995914989802,0.058786167282480685,0.003533259262551044,0.9956245306552907,-2.3491848984698445,1.4678138278287192,-0.669603653404008,0.18000551724236089,0.2508679300095436,0.013163544839472973,-1.7175916786150116,6.351095287042533,5.320072005020844,0.09212170276297145,0.09489252701550666,0.008847369909116845,0.9911764344668175,-2.2080938394785043,1.372104131238535,-0.8650391653692071,0.09459204062576987,0.19368865388608247,0.018209851663083726,0.0,0.0,0.0,0.0,nan,nan,0.0,0.0,0.0,0.0,0.0
21.3,-1.575767420815139,6.271605813266245,5.31839798161353,0.07423944133975896,0.06117637181837163,0.0037403678019194402,0.9953551961633632,-2.30896896687157,1.429146276971714,-0.6717035156307807,0.16240322685595615,0.23468463063306305,0.01343865916291622,-1.7623428329541133,6.37800087262707,5.316199044283927,0.09305310489631936,0.09678729014638365,0.009123518586453914,0.9909036792463115,-2.166063515644532,1.334278908470048,-0.8608487708460604,0.09424159966332557,0.1928703310950956,0.018513580292045907,0.0,0.0,0.0,0.0,nan,nan,0.0,0.0,0.0,0.0,0.0
21.32,-1.625125305092529,6.3021223224720915,5.314907807094376,0.07593922961718437,0.06362857763883199,0.003960619816477516,0.9950723345583862,-2.2661832940683597,1.3882609805471129,-0.6745863401924956,0.16543696942859631,0.23844104976343594,0.013611826503652277,-1.807127672059409,6.404881227610669,5.312546527690241,0.09398407821390392,0.09868160725328591,0.009399625219964599,0.9906263576535379,-2.1240331918105593,1.296453685701561,-0.8566583763229136,0.09389115870088127,0.19205200830410876,0.018817308921008087,0.0,0.0,0.0,0.0,nan,nan,0.0,0.0,0.0,0.0,0.0
21.34,-1.6713396769584765,6.3304005678624415,5.311612954287409,0.07761516785741394,0.06607741000968272,0.00417658132251161,0.9947824977216547,-2.2246482699127887,1.3488332197300663,-0.6788465511751656,0.17179560204959596,0.2539620226397157,0.013708451494215599,-1.8519453455044146,6.431735905558198,5.309114531986582,0.09491461842552944,0.10057546960664947,0.00967568853726925,0.9903444709664753,-2.0820028679765863,1.258628462933074,-0.8524679817997667,0.09354071773843697,0.19123368551312186,0.019121037549970264,0.0,0.0,0.0,0.0,nan,nan,0.0,0.0,0.0,0.0,0.0
21.36,-1.7145189616822392,6.356554140306965,5.3084681658249,0.07930013473916113,0.06853831699584195,0.004386116833524155,0.9944821515305597,-2.1843767389000925,1.3108587971419197,-0.6851694421946852,0.18293405793481765,0.26632553081203175,0.013691474714092967,-1.896795002257405,6.458564460507838,5.305903129854847,0.095844721242996,0.10246886847900591,0.009951707266187833,0.9900580204841395,-2.0399725441426138,1.2208032401645867,-0.84827758727662,0.09319027677599268,0.190415362722135,0.01942476617893244,0.0,0.0,0.0,0.0,nan,nan,0.0,0.0,0.0,0.0,0.0
21.38,-1.7614078347566384,6.384647609241364,5.304956432238261,0.0811841860674132,0.0713773692168938,0.004626316411129286,0.994129265383889,-2.138854983300372,1.2682830517754538,-0.6918080792473414,0.17701317368879707,0.2770083197493136,0.013803195294080209,-1.941675790697103,6.485366446979296,5.302912389910705,0.0967743823801194,0.1043617951450227,0.010227680134745789,0.9897670075265774,-1.9979422203086408,1.1829780173960995,-0.844087192753473,0.09283983581354838,0.18959703993114813,0.019728494807894622,0.0,0.0,0.0,0.0,nan,nan,0.0,0.0,0.0,0.0,0.0
21.4,-1.8030598759031764,6.409321511481419,5.301738848667031,0.08284999051751128,0.0740081539800383,0.004851536502047772,0.9937983370932376,-2.096789757231481,1.2293566375484193,-0.6975110391668985,0.1767492027475771,0.2794606820830521,0.013700935849301984,-1.9865868586283764,6.51214141998202,5.300142376702325,0.09770359755275086,0.10625424088154341,0.010503605871179902,0.9894714334348617,-1.955911896474668,1.1451527946276125,-0.8398967982303261,0.09248939485110406,0.18877871714016126,0.020032223436856803,0.0,0.0,0.0,0.0,nan,nan,0.0,0.0,0.0,0.0,0.0
21.42,-1.848221293133536,6.435756709910093,5.298154482314489,0.08463875340314567,0.07689678714785515,0.005101159664277431,0.9934269694943753,-2.0493934877508098,1.1858461507342182,-0.7010154049133875,0.1656265909314575,0.2731289441554275,0.01352467232707491,-2.02961264041413,6.5372825175100315,5.297195350812219,0.09862560773564111,0.1081274477482325,0.010784392926978813,0.9891739692346464,-1.9125447225847534,1.1065937836229411,-0.8338393470161138,0.09213238294524169,0.18793605096284807,0.020326216962648642,0.0,0.0,0.0,0.0,nan,nan,0.0,0.0,0.0,0.0,0.0
21.44,-1.8715025338669002,6.44924855014945,5.296271346439938,0.08552194764166658,0.07836222351338087,0.005231188375828646,0.9932361215067601,-2.0242715548849826,1.1629293835983614,-0.7020363181339938,0.15907668285945537,0.264085117009127,0.013403880217733824,-2.0663780543698116,6.55712346576838,5.293130755188569,0.09952499509199779,0.10993858814483455,0.011081261067265364,0.988880927029042,-1.8647859862180562,1.0656242727498708,-0.8216486005455482,0.0917537854408872,0.18701341657857468,0.020588230601391026,0.0,0.0,0.0,0.0,nan,nan,0.0,0.0,0.0,0.0,0.0
21.46,-1.9336516924411205,6.4847817110100205,5.291155889712698,0.08766046756693806,0.08202013942388413,0.005575251398310203,0.9927523637477162,-1.9550450291392756,1.1001494347977099,-0.6983552094916823,0.1281651283507069,0.22927835961889573,0.013144465715383986,-2.1031728242226575,6.57694400551805,5.289235765558964,0.10042395816020491,0.11174925985876963,0.011378081966677916,0.9885836690939286,-1.8170272498513589,1.0246547618768005,-0.8094578540749825,0.09137518793653271,0.1860907821943013,0.02085024424013341,0.0,0.0,0.0,0.0,nan,nan,0.0,0.0,0.0,0.0,0.0
21.48,-1.969975007738885,6.505202121873617,5.288126771705282,0.08880044655312419,0.0840243755573161,0.005773855886721072,0.9924822656311639,-1.9131356950683205,1.062385247018422,-0.6933557926834837,0.12911540118333611,0.2223710458863381,0.012775862260579442,-2.1399963224709833,6.596743798882584,5.285510448366538,0.10132249310786463,0.11355945517090597,0.011674854359829916,0.9882821966965561,-1.7692685134846613,0.9836852510037304,-0.7972671076044169,0.09099659043217823,0.18516814781002794,0.021112257878875794,0.0,0.0,0.0,0.0,nan,nan,0.0,0.0,0.0,0.0,0.0
21.5,-2.011416503511462,6.528162960414163,5.2846504501791705,0.09016564073845754,0.08633062191953644,0.005996192481144611,0.9921598795682773,-1.8637447370717222,1.0180006911506208,-0.6859287686325956,0.13387170234701298,0.22312785880375038,0.012488597746543473,-2.176847921123213,6.616522508339303,5.281954867161083,0.10222059610440418,0.11536916636414277,0.011971576981541601,0.987976511122141,-1.7215097771179642,0.9427157401306601,-0.7850763611338513,0.09061799292782374,0.18424551342575454,0.02137427151761818,0.0,0.0,0.0,0.0,nan,nan,0.0,0.0,0.0,0.0,0.0
21.52,-2.0480320300129233,6.548131900415815,5.281553006553346,0.09147937083952094,0.08848567795994548,0.006194496452618876,0.9918484953461759,-1.8185053245942597,0.9774945442551101,-0.6796520988338771,0.1444031832968336,0.2343635719294698,0.012330976021197947,-2.213726991708588,6.636279796725059,5.278569082597966,0.10311826332109238,0.1171783857234431,0.012268248566845394,0.987666613673861,-1.673751040751267,0.9017462292575898,-0.7728856146632856,0.09023939542346923,0.18332287904148115,0.02163628515636056,0.0,0.0,0.0,0.0,nan,nan,0.0,0.0,0.0,0.0,0.0
21.54,-2.0875163525319156,6.569306636121131,5.278177363792532,0.09300667200154145,0.09098474448693991,0.006416135577339759,0.9914788794715181,-1.7677514225299054,0.9322840761720937,-0.6722892617781696,0.14872241706232853,0.24547065529151982,0.012160370302039942,-2.2506329052878855,6.656015327241991,5.275353152437097,0.10401549093105572,0.11898710553586672,0.01256486785099129,0.9873525056728498,-1.6259923043845697,0.8607767183845196,-0.7606948681927199,0.08986079791911475,0.18240024465720778,0.02189829879510295,0.0,0.0,0.0,0.0,nan,nan,0.0,0.0,0.0,0.0,0.0
21.56,-2.122336920167111,6.587648976104433,5.275156289843357,0.09443892940081634,0.09335201762021131,0.006619887144878823,0.9911220240283497,-1.7211461606134335,0.8910167342573687,-0.6661577574581061,0.15497734830042484,0.2559316386287556,0.011961269246830643,-2.2875650324641406,6.675728763463261,5.272307131541939,0.10491227510929488,0.12079531809060315,0.012861433569452255,0.9870341884581912,-1.578233568017872,0.8198072075114493,-0.7485041217221542,0.08948220041476025,0.18147761027293438,0.022160312433845333,0.0,0.0,0.0,0.0,nan,nan,0.0,0.0,0.0,0.0,0.0
21.58,-2.161567312219254,6.607912356972956,5.271685522911266,0.09608500002386412,0.09615598159229334,0.0068605915464249444,0.9906940154548576,-1.6663781413179644,0.8428388537658638,-0.6585590961803627,0.14656315397708028,0.25741354184896587,0.011690116236793044,-2.324522743393382,6.695419769338795,5.269431071878581,0.10580861203270092,0.12260301567900432,0.013157944457929609,0.9867116633869133,-1.530474831651175,0.7788376966383791,-0.7363133752515886,0.08910360291040575,0.180554975888661,0.022422326072587716,0.0,0.0,0.0,0.0,nan,nan,0.0,0.0,0.0,0.0,0.0
21.6,-2.192785300665867,6.6237093303915096,5.268851476117264,0.09735424321649318,0.09843945230958667,0.007061320206655596,0.9903443660230876,-1.6210278283938895,0.8032442116535697,-0.6524014408689992,0.13899563207590096,0.2533182044556343,0.011421437042094366,-2.3591614028297414,6.713214206736949,5.266473440050486,0.1066968778895279,0.1243881804951632,0.013458436652338587,0.9863884768612237,-1.4814710537663023,0.7371309289049848,-0.7219901999061163,0.08878531644353409,0.1789887137910276,0.02268838154048856,0.0,0.0,0.0,0.0,nan,nan,0.0,0.0,0.0,0.0,0.0
21.62,-2.228191462321728,6.6412445761617125,5.265538842249645,0.09870388478798246,0.10097570975154786,0.007293243150160146,0.9899536644572233,-1.5676419173034208,0.7569199149215663,-0.6438959406567281,0.12157341113930906,0.23416729057054836,0.011131697337973635,-2.3866685220307784,6.725271534726715,5.262884228847145,0.10756145571471944,0.1261056645520454,0.013771197508087423,0.9860721316068164,-1.4286671653311727,0.6931739088448555,-0.7011584340060533,0.0886511110747561,0.17545797386008963,0.022966773462558272,0.0,0.0,0.0,0.0,nan,nan,0.0,0.0,0.0,0.0,0.0
21.64,-2.2592718692621405,6.656275940801571,5.262527190526929,0.09978016317336727,0.1030861580973879,0.007496798195789721,0.9896266776227428,-1.5190687930459166,0.7149905469982479,-0.634968693378644,0.10808695971599644,0.2147928867631079,0.010859913924714294,-2.4141970922002955,6.737313855907599,5.259410969995087,0.10842561457298512,0.12782265740971258,0.01408390472309435,0.9857519454634317,-1.3758632768960428,0.649216888784726,-0.68032666810599,0.08851690570597809,0.17192723392915163,0.023245165384627984,0.0,0.0,0.0,0.0,nan,nan,0.0,0.0,0.0,0.0,0.0
21.66,-2.2925522273061207,6.6719598490642715,5.259196580754101,0.10080156433536386,0.10523141086595689,0.007717699963671089,0.9892956241194917,-1.4651321434416453,0.668678078381951,-0.6216004832322193,0.09410056116638678,0.2064362970366765,0.010527613742465303,-2.4417467045564143,6.749340944471299,5.25605370894424,0.10928935109830527,0.12953915238023728,0.014396557079320998,0.9854279196782395,-1.323059388460913,0.6052598687245968,-0.6594949022059269,0.0883827003372001,0.16839649399821366,0.023523557306697702,0.0,0.0,0.0,0.0,nan,nan,0.0,0.0,0.0,0.0,0.0
21.68,-2.321673530120729,6.68529750028509,5.256223055456594,0.10177574630836912,0.1073096368705316,0.007921381596077888,0.9889709758186529,-1.41580346250693,0.6266442124485659,-0.6067883375449316,0.1145827326646057,0.23581820177752683,0.00999687938434662,-2.469316949989408,6.761352574846839,5.252812489337225,0.11015266192630516,0.13125514277763128,0.014709153358942673,0.9851000555133655,-1.2702555000257831,0.5613028486644674,-0.6386631363058637,0.0882484949684221,0.1648657540672757,0.023801949228767414,0.0,0.0,0.0,0.0,nan,nan,0.0,0.0,0.0,0.0,0.0
21.7,-2.351288620070353,6.6984488686221475,5.253180639923494,0.10297509469599016,0.10978139600010124,0.008141746224538312,0.9885736628764881,-1.3630292380908833,0.5819943867466809,-0.5893200437358074,0.1267823460184808,0.2631804973888939,0.009678685476255798,-2.4969074190680747,6.773348521704096,5.249687353008679,0.11101554369426832,0.13297062191787185,0.01502169234435311,0.9847683542458866,-1.2174516115906533,0.5173458286043381,-0.6178313704058005,0.0881142895996441,0.16133501413633772,0.024080341150837126,0.0,0.0,0.0,0.0,nan,nan,0.0,0.0,0.0,0.0,0.0
21.72,-2.3812151890108666,6.711266326555464,5.250105805713382,0.10436010330476433,0.11268817658481052,0.008387243917631489,0.9880991842095993,-1.3066415911215314,0.5347468422317266,-0.570543615412773,0.1411182495974843,0.291497339149176,0.00924620941517388,-2.524517702046117,6.7853285599573026,5.246678339984588,0.11187799304114945,0.13468558311892753,0.015334172818169215,0.9844328171678255,-1.1646477231555235,0.47338880854420873,-0.5969996045057373,0.08798008423086609,0.15780427420539972,0.02435873307290684,0.0,0.0,0.0,0.0,nan,nan,0.0,0.0,0.0,0.0,0.0
21.74,-2.4072427649889416,6.721982625801234,5.247425349102691,0.10569817709093621,0.11545206604337402,0.008609416315512443,0.987635860910627,-1.2548321428750517,0.49166145315889687,-0.5536033527311914,0.14570867102097804,0.2952826948833807,0.00885119032082736,-2.552147388868527,6.797292464768556,5.243785488481683,0.11274000660758762,0.13640001970078447,0.0156465935632358,0.9840934455861463,-1.1118438347203936,0.42943178848407926,-0.576167838605674,0.0878458788620881,0.15427353427446175,0.024637124994976552,0.0,0.0,0.0,0.0,nan,nan,0.0,0.0,0.0,0.0,0.0
21.76,-2.4348364107581797,6.7328518922627705,5.244548741388135,0.10725293104906232,0.11856622291478151,0.008847517652363008,0.9870970474054203,-1.1968388783510917,0.44370064837462175,-0.535591595846352,0.15481112796895435,0.3016880672052653,0.008350329924915197,-2.5797960691779775,6.809240011551322,5.241008834906829,0.11360158103591952,0.13811392498547245,0.015958953362630392,0.9837502408227486,-1.0590399462852544,0.3854747684239422,-0.5553360727056071,0.08771167349331006,0.15074279434352314,0.024915516917046313,0.0,0.0,0.0,0.0,nan,nan,0.0,0.0,0.0,0.0,0.0
21.78,-2.45995840265935,6.742251006806425,5.2418594961051586,0.1087297596548375,0.1214970919178715,0.009066177334670215,0.9865769612399419,-1.140942528078507,0.397713804026179,-0.5189554525659806,0.14631622938811542,0.2901950837575006,0.007934426083618627,-2.6046647471327438,6.819003579644895,5.23828973647024,0.11446886711467294,0.13968646396270526,0.016261855219164498,0.9834226570055776,-1.005162283987053,0.3407796869602281,-0.5320100468702178,0.08694531452259321,0.14510151862970844,0.024962043042191247,0.0,0.0,0.0,0.0,nan,nan,0.0,0.0,0.0,0.0,0.0
21.8,-2.482769214512459,6.750319944364748,5.239314646678013,0.1100439218134945,0.12414609493955747,0.009266868477912272,0.9860994917003949,-1.0873937690748186,0.35388334259902343,-0.5035472472783835,0.1360337043639176,0.272507118970733,0.007663209482600755,-2.6215882496618543,6.8225954042552255,5.235475990980631,0.11535332063616369,0.14085817075270632,0.016537994320414237,0.9831475382129936,-0.9482314760430504,0.29398601748074377,-0.5015918956600718,0.08438150351507889,0.133459190592486,0.024349286917471805,0.0,0.0,0.0,0.0,nan,nan,0.0,0.0,0.0,0.0,0.0
21.82,-2.506773435779655,6.758262079639785,5.2364847681667905,0.11131814337635317,0.12680725949352198,0.009478664250403498,0.9856157186343025,-1.027857286625896,0.3053796626448608,-0.4853948989403024,0.11581765894268817,0.24415366639034186,0.0073445095329281555,-2.6385203592289876,6.826182664537005,5.232708585184251,0.11623750802624062,0.14202955256910527,0.016814095266890584,0.9828701512027035,-0.8913006680990476,0.2471923480012594,-0.4711737444499258,0.08181769250756454,0.12181686255526354,0.02373653079275236,0.0,0.0,0.0,0.0,nan,nan,0.0,0.0,0.0,0.0,0.0
21.84,-2.527379553909434,6.764555832654069,5.233925936905606,0.11241143072958612,0.12909704984091333,0.009661841334011555,0.9851925044303457,-0.9736615634107468,0.26144424506494834,-0.4651494573100897,0.1204541299696098,0.24482099417426922,0.007101634438530343,-2.655460964420118,6.829765270238169,5.229987530662064,0.11712142724499683,0.1432006067094094,0.017090157421601592,0.9825904966146664,-0.8343698601550449,0.20039867852177506,-0.4407555932397799,0.07925388150005021,0.11017453451804111,0.023123774668032917,0.0,0.0,0.0,0.0,nan,nan,0.0,0.0,0.0,0.0,0.0
21.86,-2.5488912385157985,6.770505600780499,5.231166865706393,0.11369454473478892,0.13166202641437386,0.009855792444507069,0.9847037750782216,-0.9132327233277756,0.2126733238424302,-0.43790667303508213,0.13391042889045887,0.25397520573470606,0.00683970141196583,-2.67240995374282,6.833343131149603,5.227312838567288,0.11800507625314402,0.14437133047188216,0.017366180147644815,0.9823085750940728,-0.7774390522110421,0.15360500904229069,-0.41033744202963396,0.07669007049253587,0.09853220648081869,0.022511018543313478,0.0,0.0,0.0,0.0,nan,nan,0.0,0.0,0.0,0.0,0.0
21.88,-2.567175806873995,6.774955841859341,5.228807293900521,0.11509585439429332,0.13418897796942508,0.010019066354238123,0.9841980902248074,-0.8579557003354468,0.16820542943323896,-0.40885325552016616,0.16399533029285782,0.2805310213196629,0.006442236474423057,-2.689367215627295,6.836916157105981,5.224684519625289,0.11888845301201736,0.14554172115554895,0.017642162808208784,0.9820243872913433,-0.7205082442670392,0.10681133956280633,-0.37991929081948794,0.07412625948502152,0.08688987844359623,0.021898262418594036,0.0,0.0,0.0,0.0,nan,nan,0.0,0.0,0.0,0.0,0.0
21.9,-2.5860508553560435,6.778824200799718,5.226393940793717,0.116802231489766,0.13714236907456656,0.010191532370022538,0.983587994025739,-0.7961650417614553,0.11862276733149053,-0.3750965885686348,0.16919102178543424,0.2872808830900534,0.005971120482895657,-2.706332638427402,6.8404842579865965,5.222102584133485,0.11977155548358015,0.14671177606020397,0.017918104766574457,0.981737933862127,-0.6635774363230366,0.060017670083322004,-0.34950113960934204,0.07156244847750719,0.07524755040637379,0.02128550629387459,0.0,0.0,0.0,0.0,nan,nan,0.0,0.0,0.0,0.0,0.0
21.92,-2.601904172944575,6.781365710850639,5.224381744082629,0.11839744034985576,0.13987292248533972,0.010342565690674552,0.9830110085899071,-0.7397407902953813,0.07348283235590708,-0.344394900380277,0.17357639989550216,0.29192991187891126,0.00550281221571023,-2.723306110421692,6.844047343716192,5.219567041961248,0.12065438163042856,0.14788149248641602,0.018194005386116752,0.9814492154673001,-0.6066466283790236,0.013224000603829313,-0.3190829883991907,0.0689986374699924,0.06360522236914928,0.020672750169155037,0.0,0.0,0.0,0.0,nan,nan,0.0,0.0,0.0,0.0,0.0
21.94,-2.6180659158991073,6.7831157444839,5.222300133478923,0.12008197085680801,0.14280770203839718,0.010506698617748866,0.9823827613500823,-0.6768740922817421,0.023331386865468914,-0.31232011165197704,0.15740356493192156,0.27439359291414783,0.005214529988896332,-2.7402875198144248,6.8476053242657935,5.217077902549816,0.12153692941579589,0.14905086773553425,0.018469864030305802,0.9811582327729642,-0.5497158204350209,-0.03356966887565503,-0.28866483718904473,0.06643482646247806,0.05196289433192685,0.0200599940444356,0.0,0.0,0.0,0.0,nan,nan,0.0,0.0,0.0,0.0,0.0
21.96,-2.631458185853034,6.783746894848973,5.220485906245467,0.12149769431680228,0.14531405473393466,0.010650678441938635,0.9818394465599812,-0.6196502862128802,-0.022179171028751703,-0.2852020870059288,0.14849376489001484,0.2578316979042502,0.005010637053580458,-2.7540702406855884,6.848655893282004,5.214842933929474,0.12229475017702102,0.1498073150066935,0.01867617866114902,0.9809449336228014,-0.49245712138651043,-0.08119513475392667,-0.25582646704892287,0.06215611799500529,0.039593542815297506,0.018896292821999963,0.0,0.0,0.0,0.0,nan,nan,0.0,0.0,0.0,0.0,0.0
21.98,-2.6442977491347497,6.7834436267439875,5.2185762561774505,0.1228101291560254,0.14764794757312755,0.010790594850710246,0.9813263059843506,-0.5591398702445549,-0.07020768909667242,-0.25899196919552947,0.12294617468288119,0.2170686561558667,0.005007457954945914,-2.7593422989070473,6.843062578470916,5.213171177821461,0.12272203613886823,0.14946818597655936,0.018697945956304002,0.9809428882681306,-0.43432786221326425,-0.13102904351682756,-0.2165623474309928,0.053324308433520186,0.02529392346822862,0.0162698168356358,0.0,0.0,0.0,0.0,nan,nan,0.0,0.0,0.0,0.0,0.0
22.0,-2.6563921459370263,6.7820631884325016,5.216519727471331,0.12398532265751705,0.14971534946254475,0.010919655679212362,0.98086375966322,-0.49547010503173683,-0.12065220513441874,-0.23132270873630978,0.10652153991624985,0.18313478695564842,0.004792837856364016,-2.764614201489038,6.837471588205634,5.211491175449265,0.12314928552221101,0.14912901239596896,0.018719707678353122,0.9809405505338277,-0.3761986030400179,-0.18086295227972846,-0.17729822781306273,0.04449249887203508,0.010994304121159738,0.013643340849271633,0.0,0.0,0.0,0.0,nan,nan,0.0,0.0,0.0,0.0,0.0
22.02,-2.6660978125812878,6.779870731893896,5.21462047336051,0.12489644668351209,0.15128393015781508,0.01102119241775838,0.980506289321761,-0.43778727933189077,-0.16627647391364592,-0.2026902562618293,0.09541630621282621,0.15682752321632762,0.004836100020948413,-2.769885942646939,6.831882929533702,5.209802928914013,0.12357649819970352,0.14878979436601633,0.01874146382081009,0.9809379204205894,-0.31806934386677166,-0.23069686104262935,-0.13803410819513268,0.03566068931054998,-0.0033053152259091417,0.011016864862907469,0.0,0.0,0.0,0.0,nan,nan,0.0,0.0,0.0,0.0,0.0
22.04,-2.675002019968708,6.776564187261283,5.212690389425182,0.1259496977172676,0.15286374563836352,0.011105873649032932,0.980125506496403,-0.37701560223791963,-0.21426464071034435,-0.1639735782048603,0.12047505548402147,0.16271004544109544,0.004984911459701414,-2.7751575165963214,6.8262966094998845,5.208106440326656,0.12400367404401083,0.14845053198780866,0.018763214377190265,0.9809349979291996,-0.2599400846935254,-0.2805307698055302,-0.09876998857720264,0.026828879749064873,-0.017604934572978025,0.008390388876543305,0.0,0.0,0.0,0.0,nan,nan,0.0,0.0,0.0,0.0,0.0
22.06,-2.6825148609370553,6.7721998555290615,5.210946292754515,0.12720970741437107,0.15441603144985053,0.011155096500779149,0.9797188083286382,-0.31611834093276625,-0.2623708572578603,-0.11938432749063412,0.1387221154829939,0.1526896486214092,0.005005306361818029,-2.780428917552954,6.820712635146158,5.206401711807976,0.12443081292780898,0.14811122536246654,0.0187849593410107,0.9809317830605295,-0.20181082552027912,-0.3303646785684311,-0.05950586895927255,0.01799707018757976,-0.0319045539200469,0.005763912890179139,0.0,0.0,0.0,0.0,nan,nan,0.0,0.0,0.0,0.0,0.0
22.08,-2.689128049563863,6.766143134870347,5.209345702260113,0.12890835707276324,0.15605727836516853,0.011151176909249248,0.9792366479046809,-0.24909100999271383,-0.3154305516580643,-0.06510382171373741,0.16939855584197916,0.143481779605127,0.0050360523661865525,-2.7857001397328136,6.815131013511703,5.204688745488576,0.12485791472378503,0.1477718745911235,0.01880669870579007,0.9809282758155373,-0.14368156634703289,-0.380198587331332,-0.020241749341342492,0.00916526062609466,-0.04620417326711578,0.0031374369038149755,0.0,0.0,0.0,0.0,nan,nan,0.0,0.0,0.0,0.0,0.0
22.1,-2.6932445814346417,6.760200009156523,5.208285236562888,0.130365453124069,0.15718394286304327,0.011110101097571604,0.9788639447805734,-0.19422050987949288,-0.35907568045283883,-0.021926849486183064,0.15982571469379925,0.10930357070204624,0.005245002706313154,-2.7909711773520907,6.809551751632893,5.202967543508881,0.12528497930463722,0.1474324797749264,0.018828432465048763,0.9809244761952683,-0.08555230717377625,-0.43003249609424177,0.019022370276594563,0.0003334510646079824,-0.060503792614187216,0.0005109609174503427,0.0,0.0,0.0,0.0,nan,nan,0.0,0.0,0.0,0.0,0.0
22.12,-2.6965880200317685,6.752147145440941,5.207275051958935,0.1319492149914002,0.1581310179557552,0.011034701787821182,0.9784999852733183,-0.13030187014728473,-0.41017583412297254,0.025657054868979352,0.14447933267309537,0.07164984926870704,0.005416467593151862,-2.7962420246271926,6.803974856543291,5.201238108019137,0.12571200654307463,0.14709304101503526,0.01885016061230881,0.9809203842008551,-0.027423048000530005,-0.4798664048571426,0.05828648989452461,-0.00849835849687712,-0.07480341196125609,-0.0021155150689138214,0.0,0.0,0.0,0.0,nan,nan,0.0,0.0,0.0,0.0,0.0
22.14,-2.698287728649611,6.7438386960335155,5.206481621429447,0.1331165824749708,0.15855272796085929,0.010954956744474708,0.9782744997438506,-0.0725703068824411,-0.4566300174672252,0.0630801850641236,0.10681248952675736,0.020421260780601413,0.005844377024160581,-2.798137435537676,6.795625236104162,5.199785045268012,0.1258220908595046,0.14647603426760697,0.018789414611758235,0.980999760823378,0.029590590173644828,-0.5296860060500582,0.09573488002606949,-0.017455295716303675,-0.08652903056476874,-0.004721390221852667,0.0,0.0,0.0,0.0,nan,nan,0.0,0.0,0.0,0.0,0.0
22.16,-2.69875150858037,6.734063680122372,5.205675680294547,0.13404893197331233,0.158556248111778,0.010864249821226843,0.9781476208105567,-0.012054966852042775,-0.5056121359164302,0.09824043577918919,0.0824637795979449,-0.019281094048339102,0.006180148252871387,-2.791653012914248,6.780378910694385,5.199060987440368,0.12514469366090936,0.1451693472272429,0.018523764070266124,0.9812856548624372,0.08383271776155152,-0.5794700632887895,0.1286724967878909,-0.02672308458598448,-0.09186012063595198,-0.007276087216643055,0.0,0.0,0.0,0.0,nan,nan,0.0,0.0,0.0,0.0,0.0
22.18,-2.697891240664576,6.723253474143143,5.204816719051521,0.1347140286448569,0.1581410397231729,0.010764318679472055,0.9781245684905954,0.04814407748898079,-0.5546692590830862,0.12878628969005287,0.0544310493312758,-0.06129331476482382,0.006527918891345411,-2.7851768535416883,6.765127285680176,5.198375619506347,0.12446700630137711,0.14386232359670803,0.018258070579508,0.9815692736890468,0.1380748453494582,-0.6292541205275207,0.16161011354971228,-0.03599087345566529,-0.09719121070713521,-0.009830784211433442,0.0,0.0,0.0,0.0,nan,nan,0.0,0.0,0.0,0.0,0.0
22.2,-2.695728325566289,6.711416919466106,5.203875069236559,0.13527813068536718,0.15745885914320873,0.010647045072841872,0.9781580523958329,0.10783967591868092,-0.6036005661794885,0.15954941171427484,0.0565240205282955,-0.07702253605743235,0.006678223042694401,-2.778709061720537,6.749870421874546,5.197728927328796,0.12378903035219618,0.14255496640647203,0.017992334755521727,0.9818506166456066,0.19231697293736486,-0.679038177766252,0.1945477303115337,-0.045258662325346095,-0.10252230077831843,-0.012385481206223828,0.0,0.0,0.0,0.0,nan,nan,0.0,0.0,0.0,0.0,0.0
22.22,-2.6920634842608546,6.697880173010747,5.202816846648119,0.13583339656290833,0.15652870801325988,0.010502898288325643,0.9782319464592375,0.1699763708070896,-0.6548918895732679,0.193270163871243,0.04763739147496728,-0.1005467281423963,0.006940760302853566,-2.7722497416737295,6.734608380139091,5.197120896411864,0.12311076738532417,0.14124727868777806,0.017726557214443363,0.9821296830797941,0.24655910052527155,-0.7288222350049833,0.22748534707335508,-0.0545264511950269,-0.10785339084950167,-0.014940178201014216,0.0,0.0,0.0,0.0,nan,nan,0.0,0.0,0.0,0.0,0.0
22.24,-2.687510430863907,6.684638093368397,5.201861983587678,0.13630752671338042,0.15554893682075813,0.010361222115977403,0.9783237866327674,0.22561504210466432,-0.701146262019393,0.2274252134045922,0.04673502049217423,-0.11157535475161008,0.00733325094234645,-2.7657989975456316,6.719341221383428,5.196551511901144,0.12243221897338392,0.13993926347263558,0.017460738572505664,0.9824064723445649,0.3008012281131782,-0.7786062922437145,0.2604229638351765,-0.06379424006470771,-0.11318448092068492,-0.0174948751958046,0.0,0.0,0.0,0.0,nan,nan,0.0,0.0,0.0,0.0,0.0
22.26,-2.681446353110506,6.669665311156423,5.200912674570721,0.13673343661909615,0.15435460364998657,0.010205687342853667,0.9784551433705314,0.2836052527957354,-0.7497367049280762,0.265138275484241,0.03761909576747654,-0.12890792765286757,0.007749077872561572,-2.7593569334010706,6.704069006564634,5.1960207585838045,0.12175338668966018,0.13863092379381303,0.01719487944603664,0.9826809837981543,0.3550433557010945,-0.8283903494824547,0.2933605805970037,-0.07306202893439015,-0.11851557099186909,-0.02004957219059544,0.0,0.0,0.0,0.0,nan,nan,0.0,0.0,0.0,0.0,0.0
22.28,-2.673672074913276,6.652786005122858,5.200049448614397,0.1372183060031494,0.15304345739139702,0.010032052445773385,0.9785950104977231,0.3437133653291779,-0.8004954937465958,0.30810701305776667,0.046418392084289696,-0.12935110304061498,0.007991192926268008,-2.7529236532243755,6.68879179668668,5.195528620888732,0.12107427210809607,0.137322262684832,0.016928980451458315,0.9829532168040791,0.40928548328900116,-0.8781744067211859,0.32629819735882504,-0.08232981780407095,-0.12384666106305232,-0.022604269185385828,0.0,0.0,0.0,0.0,nan,nan,0.0,0.0,0.0,0.0,0.0
22.3,-2.6644698943002907,6.634716199626628,5.199346848954316,0.13762504721138824,0.15158599280991972,0.009853371157084682,0.9787665422564947,0.40317518912972944,-0.851216309496666,0.3498838037865078,0.02625955380699077,-0.15316082809216786,0.008342516816946005,-2.7464992609184065,6.673509652799859,5.195075082886678,0.12039487680328906,0.1360132831799587,0.016663042205285004,0.9832231707311387,0.46352761087690786,-0.9279584639599172,0.3592358141206465,-0.09159760667375176,-0.12917775113423557,-0.025158966180176216,0.0,0.0,0.0,0.0,nan,nan,0.0,0.0,0.0,0.0,0.0
22.32,-2.655461893468701,6.618281393727352,5.198876438789956,0.1378512087813007,0.1501759404863524,0.009699705608463262,0.9789535979032321,0.45357155512250685,-0.8946115116533542,0.3849407459095166,0.015710774149250303,-0.16799826597423825,0.008585192735268546,-2.740083860303594,6.658222636000224,5.1946601282904,0.11971520235048755,0.13470398831419764,0.01639706532412209,0.9834908449534173,0.5177697384648146,-0.9777425211986485,0.3921734308824679,-0.10086539554343257,-0.13450884120541878,-0.027713663174966603,0.0,0.0,0.0,0.0,nan,nan,0.0,0.0,0.0,0.0,0.0
22.34,-2.644276938120642,6.5990143666484675,5.198440349709765,0.13771083300203277,0.1481934886783392,0.009534831103145446,0.9792770309687978,0.5092399769503251,-0.9431235475335833,0.4164642852836833,-0.05391217283917718,-0.23679201249505,0.008983144232076586,-2.723106868671087,6.634002827872728,5.194501180413501,0.11839302842287196,0.13339733171279003,0.016068201411123573,0.9838343639130421,0.5691520266840483,-1.0233078478900508,0.41534910964096444,-0.10481326385743936,-0.1351411383897144,-0.028467245604959272,0.0,0.0,0.0,0.0,nan,nan,0.0,0.0,0.0,0.0,0.0
22.36,-2.6318912771397707,6.578707116482852,5.198052755148055,0.13706279693497875,0.1456657542066933,0.009374355144431442,0.9797486408326282,0.564271931783126,-0.9915951966997261,0.4464304634603005,-0.08182495289959457,-0.2691278422858615,0.009125237257232972,-2.7058419640148976,6.609516666764463,5.194460520994065,0.1170520303897509,0.1320902642313245,0.015737478695459255,0.9841764659049949,0.6204524481272697,-1.068752407704629,0.438245339700098,-0.10860884223890495,-0.13563892626239898,-0.02916926869065319,0.0,0.0,0.0,0.0,nan,nan,0.0,0.0,0.0,0.0,0.0
22.38,-2.618335049691451,6.557372152662617,5.197716985132798,0.1362051228811201,0.14293724343145223,0.009218474911979893,0.9802714566187541,0.6183030671824341,-1.0397550233972088,0.47320444948688,-0.09684401511338639,-0.2777848390757781,0.009113944941136709,-2.688592125916616,6.585019962681035,5.19453295322199,0.11571059538824217,0.13078270364205388,0.015406697230017858,0.9845148938555657,0.6717528695704913,-1.1141969675192072,0.4611415697592316,-0.11240442062037057,-0.13613671413508355,-0.029871291776347106,0.0,0.0,0.0,0.0,nan,nan,0.0,0.0,0.0,0.0,0.0
22.4,-2.602877446393498,6.533881026107611,5.197419680906429,0.13529743493705454,0.14019330173690514,0.009070159294588114,0.9807946647784792,0.673587047883719,-1.0896888147605719,0.5005695296372019,-0.09088835986217328,-0.253840594103745,0.008771610527954873,-2.6713576579280534,6.5605130377408685,5.194718465819608,0.11436872842607342,0.12947465482624881,0.01507585824964378,0.9848496465013649,0.7230532910137129,-1.1596415273337852,0.48403779981836514,-0.11619999900183617,-0.1366345020077681,-0.030573314862041026,0.0,0.0,0.0,0.0,nan,nan,0.0,0.0,0.0,0.0,0.0
22.42,-2.5878451537567657,6.511682570325305,5.1971862373837965,0.134420727215861,0.13787041938649622,0.008962200799247453,0.981245379357164,0.7224127589074248,-1.1344628796613399,0.5228936055241632,-0.10432799950665049,-0.24086870226917487,0.008385341267574845,-2.654138863371505,6.5359962142150065,5.195017045820688,0.11302643451258462,0.12816612266700234,0.014744962989396072,0.9851807225927234,0.7743537124569434,-1.2050860871483713,0.5069340298775028,-0.11999557738330244,-0.13713228988045278,-0.03127533794773507,0.0,0.0,0.0,0.0,nan,nan,0.0,0.0,0.0,0.0,0.0
22.44,-2.570973840207878,6.487358824370092,5.196983522304959,0.13343576631144471,0.1356536611920056,0.008883091562208406,0.9816893964785296,0.772486546341365,-1.181047024533879,0.5469240553437922,-0.10612599580738435,-0.21046260223534016,0.00776259707403467,-2.6369360453352315,6.511469814522314,5.195428678570624,0.11168371865871034,0.1268571120492126,0.014414012684544047,0.9855081208936969,0.8256541339001651,-1.2505306469629494,0.5298302599366363,-0.12379115576476804,-0.13763007775313735,-0.03197736103342899,0.0,0.0,0.0,0.0,nan,nan,0.0,0.0,0.0,0.0,0.0
22.46,-2.5502740528699475,6.45818915308356,5.196815805679789,0.13211545798844831,0.1333867617644695,0.008847360745558279,0.9821788033521845,0.8285842667319767,-1.234122410535024,0.5733717305744646,-0.13003991642691312,-0.18497540366450949,0.006885815243512994,-2.6197495066689176,6.486934161224641,5.19595334772666,0.11034058587695954,0.12554762785956305,0.014083008570562341,0.9858318401820705,0.8769545553433866,-1.2959752067775274,0.5527264899957699,-0.12758673414623364,-0.1381278656258219,-0.03267938411912291,0.0,0.0,0.0,0.0,nan,nan,0.0,0.0,0.0,0.0,0.0
22.48,-2.533119729841148,6.434473836711779,5.1967673401910135,0.13100205973801604,0.13190706393290783,0.008862152668646048,0.9825275818413826,0.8712897133102235,-1.2750691516904744,0.5957325820628084,-0.1313912948267187,-0.15243578221711473,0.006163314305258644,-2.602579549979159,6.4623895770220185,5.1965910352581295,0.1089970411813979,0.12423767498650555,0.01375195188312652,0.986151879249364,0.9282549767866081,-1.3414197665921055,0.5756227200549034,-0.13138231252769925,-0.13862565349850647,-0.03338140720481683,0.0,0.0,0.0,0.0,nan,nan,0.0,0.0,0.0,0.0,0.0
22.5,-2.514123726218585,6.408612647865281,5.196785364630266,0.12951882657953262,0.1303834462492525,0.008917323322833825,0.9829270124736554,0.9157894031437049,-1.3182259049526939,0.6149603473451197,-0.19260525632467174,-0.1743759239563151,0.005459224729766392,-2.5854264776249427,6.437836384747838,5.197341721446726,0.1076530895876288,0.1229272583202413,0.013420843858108416,0.9864682369008355,0.9795553982298296,-1.3868643264066838,0.5985189501140371,-0.13517789090916485,-0.13912344137119104,-0.03408343029051075,0.0,0.0,0.0,0.0,nan,nan,0.0,0.0,0.0,0.0,0.0
22.52,-2.4931557728496396,6.380484507660081,5.1969002140451925,0.1275819782669204,0.12871368122355809,0.009010198078473098,0.9833994322847487,0.9617911459155012,-1.3631042263976343,0.6375712959317724,-0.20001395290473628,-0.1575514960755384,0.0047518036083088674,-2.5618672203472563,6.407968881570724,5.197767767849777,0.10627456226068666,0.12155706180315817,0.013103211417383421,0.9867917227017229,1.0283788188090262,-1.4291768259046118,0.6154976977019805,-0.13686301362734576,-0.13989452196686503,-0.03413782916506773,0.0,0.0,0.0,0.0,nan,nan,0.0,0.0,0.0,0.0,0.0
22.54,-2.4689493955628423,6.348483589040662,5.197203182628567,0.12548733990219035,0.12713598413487498,0.009133836850732416,0.9838729298475047,1.0111289388721867,-1.4113150635425327,0.6631326943714804,-0.18759744317412602,-0.12723723511477208,0.004189654835007498,-2.5349788609818855,6.375321775051658,5.198125285295925,0.10487778989757204,0.12015544940062113,0.012792576699744923,0.9871168457416359,1.0759110041162687,-1.4698566143229905,0.6293917220671978,-0.13744797734602587,-0.1408080672700074,-0.03385462814753885,0.0,0.0,0.0,0.0,nan,nan,0.0,0.0,0.0,0.0,0.0
22.56,-2.4482643470991143,6.321488318737136,5.197621625550463,0.12396560153328996,0.1261910154726315,0.009248089100042028,0.984186379756636,1.050386587300866,-1.4496780346168519,0.6856552545413426,-0.16585638772811026,-0.08846633418486223,0.003580297707793865,-2.508110683485956,6.342660347748678,5.198652026914051,0.10348058568030627,0.11875334223527814,0.012481889306250486,0.9874379041410949,1.1234431894235115,-1.5105364027413697,0.6432857464324154,-0.13803294106470604,-0.1417216125731498,-0.033571427130009976,0.0,0.0,0.0,0.0,nan,nan,0.0,0.0,0.0,0.0,0.0
22.58,-2.4231572087093647,6.289099910030267,5.198263634240128,0.12220471280251485,0.12534181730864766,0.009404687577686971,0.9845135798221306,1.09540782777935,-1.4937588728037394,0.707175999727601,-0.17821914332169148,-0.07373293606807929,0.0029770895321465755,-2.481263172502037,6.309985096231961,5.199347975504501,0.1020829553621421,0.11735074608057086,0.012171150516214254,0.9877548965780812,1.1709753747307539,-1.5512161911597486,0.6571797707976328,-0.13861790478338615,-0.14263515787629216,-0.0332882261124811,0.0,0.0,0.0,0.0,nan,nan,0.0,0.0,0.0,0.0,0.0
22.6,-2.398300027915435,6.257394689256388,5.198960875656021,0.1204773921987706,0.12473579260350433,0.00957716107540013,0.9848017353753471,1.1375403094912921,-1.5350006830989738,0.724025295647925,-0.17764358900469004,-0.05010452775566428,0.002055244367797169,-2.4544368123323004,6.277296517299374,5.200213111080659,0.10068490469808672,0.11594766671195415,0.011860361609161957,0.9880678217473184,1.218507560038005,-1.5918959795781347,0.6710737951628527,-0.13920286850206642,-0.1435487031794347,-0.03300502509495217,0.0,0.0,0.0,0.0,nan,nan,0.0,0.0,0.0,0.0,0.0
22.62,-2.372549551330853,6.224888309004861,5.199668885860934,0.11869121457455262,0.12426846056515967,0.009765853575475459,0.9850758211404467,1.1791596598066767,-1.5755667945898728,0.7366138928524445,-0.1834685334667646,-0.041239149096758396,0.0013440003235857326,-2.4276320869305623,6.244595107968313,5.201247410869274,0.0992864394448788,0.11454410990687339,0.011549523864825863,0.9883766783602779,1.2660397453452477,-1.6325757679965136,0.6849678195280703,-0.13978783222074653,-0.14446224848257705,-0.032721824077423294,0.0,0.0,0.0,0.0,nan,nan,0.0,0.0,0.0,0.0,0.0
22.64,-2.3459206403008768,6.191606013695839,5.200367582359539,0.1170201911116841,0.12397400332751943,0.009952645493914282,0.9853109489997589,1.2201382238422458,-1.6150282523675363,0.7499319274088747,-0.1616632253312486,-0.019977858948188716,0.0005049445030224087,-2.4008494798942843,6.211881365467484,5.202450849310837,0.09788756536096355,0.11314008144473918,0.011238638563139156,0.9886814651451841,1.3135719306524902,-1.6732555564148925,0.6988618438932876,-0.1403727959394267,-0.14537579378571944,-0.032438623059894416,0.0,0.0,0.0,0.0,nan,nan,0.0,0.0,0.0,0.0,0.0
22.66,-2.3198167079064067,6.159286310494822,5.201023825129054,0.11554883342528846,0.12382446379907383,0.010122338736069575,0.9855016527218202,1.2586245930393596,-1.651608492169901,0.7630353381937189,-0.1528364047725567,-0.008095274565974806,-0.00039257446281515396,-2.374089474456627,6.179155787228732,5.203823398059993,0.09648828820646975,0.11173558710690445,0.010927706984230914,0.9889821808470198,1.3611041159597328,-1.7139353448332715,0.7127558682585051,-0.1409577596581068,-0.14628933908886183,-0.03215542204236554,0.0,0.0,0.0,0.0,nan,nan,0.0,0.0,0.0,0.0,0.0
22.68,-2.2914842917024787,6.124533301748631,5.201759200742557,0.11421663717832983,0.12389718388354629,0.010290156520844392,0.985646062385569,1.2984648483093353,-1.6889008360631168,0.7818213026463027,-0.12193310336921284,0.020011008919067062,-0.0014451686690816756,-2.3473525534784856,6.14641887087885,5.205365025986024,0.09508861374318593,0.11033063267664046,0.010616730408420767,0.9892788242275311,1.4086363012669756,-1.7546151332516506,0.7266498926237226,-0.14154272337678694,-0.14720288439200419,-0.03187222102483666,0.0,0.0,0.0,0.0,nan,nan,0.0,0.0,0.0,0.0,0.0
22.7,-2.262267795639835,6.089034248067591,5.202590680103901,0.113061901857231,0.12411170098946683,0.01044095863864966,0.98575061674271,1.3379564964541728,-1.7252430576355582,0.8032138881492328,-0.11256614913837093,0.024750899917563924,-0.0024949822977168683,-2.3176803058636524,6.111284550141758,5.206589017259134,0.0936722185080964,0.10889624941253105,0.010314973341034633,0.9895760322828302,1.4546409208913655,-1.7935556897800562,0.7376688129223544,-0.14210971155498434,-0.14809205765874714,-0.031567483074579544,0.0,0.0,0.0,0.0,nan,nan,0.0,0.0,0.0,0.0,0.0
22.72,-2.2321531355574837,6.052788433627266,5.203591234643377,0.11207924434196517,0.12444941730308616,0.010573198274943437,0.9858188439053572,1.377043504772186,-1.7605659097746955,0.8297120020175333,-0.09003356483942886,0.039133818169645056,-0.0035323452135613415,-2.2823508322057897,6.071553557478773,5.207084043367452,0.09222406736382328,0.10740576885388063,0.010030953633537648,0.9898778218472124,1.4977131072913992,-1.8291574822629824,0.7431684610986948,-0.14264219249547072,-0.14893444447952237,-0.03122140116262445,0.0,0.0,0.0,0.0,nan,nan,0.0,0.0,0.0,0.0,0.0
22.74,-2.1995618629311235,6.013935270912451,5.204849587975148,0.11114431329420817,0.12474353300690118,0.010683458785810115,0.9858863303158671,1.418201294222526,-1.7969916810591637,0.8562278218499608,-0.08935726728983778,0.018246488772140988,-0.004247471069293449,-2.2470443221890113,6.031805560842162,5.207802132210707,0.09077550209492256,0.10591480599841442,0.009746888882864225,0.9901751664462395,1.5407852936914332,-1.8647592747459085,0.7486681092750352,-0.1431746734359571,-0.14977683130029762,-0.03087531925066936,0.0,0.0,0.0,0.0,nan,nan,0.0,0.0,0.0,0.0,0.0
22.76,-2.169225950329291,5.978097255335001,5.206146087854497,0.11038397343880746,0.12489345178929959,0.010751399524341234,0.9859520330707182,1.4555482948248786,-1.8293366453055875,0.8777566804549229,-0.07474489610707508,0.01205463519195881,-0.00517856212548537,-2.2117614521211206,5.992041231477438,5.208743263297624,0.0893265292060578,0.10442336754117884,0.009462780364583834,0.9904680647447098,1.5838574800914744,-1.9003610672288405,0.7541677574513765,-0.14370715437644355,-0.15061921812107298,-0.030529237338714203,0.0,0.0,0.0,0.0,nan,nan,0.0,0.0,0.0,0.0,0.0
22.78,-2.1347871692215064,5.937761697511689,5.207651759608919,0.10957819139288356,0.12486709349839696,0.01079249791154883,0.98604480168051,1.4971878756276762,-1.8647331698977372,0.8940751535814186,-0.08025333381965064,-0.015236526795123207,-0.005881753576376807,-2.1765028978853276,5.952261240923495,5.209907412130719,0.08787715520372368,0.10293146017935678,0.009178629354462625,0.9907565154273877,1.6269296664915085,-1.9359628597117666,0.7596674056277168,-0.14423963531692996,-0.15146160494184824,-0.03018315542675911,0.0,0.0,0.0,0.0,nan,nan,0.0,0.0,0.0,0.0,0.0
22.8,-2.1028307734517346,5.900638407874908,5.20899389656282,0.10887652971841004,0.12469098177480849,0.010800962059164693,0.9861447153228106,1.534970657499818,-1.8962989145892004,0.9048925159703746,-0.07071531712820357,-0.023604291842844488,-0.006880714982345463,-2.141269334928071,5.91246626100051,5.211294550206741,0.08642738659621528,0.10143909061223588,0.008894437128457408,0.9910405171990087,1.6700018528915423,-1.9715646521946923,0.7651670538040571,-0.14477211625741632,-0.15230399176262346,-0.029837073514804014,0.0,0.0,0.0,0.0,nan,nan,0.0,0.0,0.0,0.0,0.0
22.82,-2.068396663434512,5.860938774799223,5.2103176727669585,0.10818486345720464,0.12435742753238692,0.010778435704941072,0.9862631955315111,1.5748507262619122,-1.929069649843506,0.9125265696871236,-0.06647452593246005,-0.0418255099340794,-0.007766011097350967,-2.106061438246911,5.872656963797899,5.212904645017186,0.08497722989359993,0.09994626554117958,0.008610204962710118,0.9913200687842865,1.713074039291576,-2.0071664446776185,0.7706667019803976,-0.14530459719790267,-0.1531463785833987,-0.029490991602848918,0.0,0.0,0.0,0.0,nan,nan,0.0,0.0,0.0,0.0,0.0
22.84,-2.033154027250849,5.820610308366369,5.21155136330808,0.10768467503304695,0.12397677835704694,0.010716931010144268,0.9863665224352247,1.6144218684447909,-1.9609224021762297,0.9227896484738639,-0.03911088738879232,-0.03917581478303232,-0.008775314447172361,-2.070879882378399,5.83283402166224,5.214737660048875,0.08352669160768762,0.0984529916695967,0.008325934133542035,0.991595168927917,1.7561462256916096,-2.0427682371605442,0.776166350156738,-0.14583707813838906,-0.15398876540417392,-0.029144909690893825,0.0,0.0,0.0,0.0,nan,nan,0.0,0.0,0.0,0.0,0.0
22.86,-1.995277804363428,5.777588933230313,5.212792467580565,0.10729975204788303,0.12348565404029796,0.010613421559074836,0.9864711915405903,1.6557930618258658,-1.9936756941908025,0.936040553786729,-0.03400603569387014,-0.0555306633411067,-0.00984754129601775,-2.035725341385962,5.792998107185197,5.216793554784616,0.0820757782520018,0.09695927570291135,0.008041625917448052,0.991865816394586,1.7992184120916437,-2.0783700296434704,0.7816659983330783,-0.14636955907887544,-0.15483115222494917,-0.02879882777893873,0.0,0.0,0.0,0.0,nan,nan,0.0,0.0,0.0,0.0,0.0
22.88,-1.958360926146645,5.735959634775874,5.214024011824343,0.10707156845289467,0.12298056330289293,0.010482577396750238,0.9865604775429945,1.6947372568294639,-2.0240603956754404,0.9551300903562502,-0.01880508755330408,-0.05359175126865141,-0.010945655998313007,-2.0003916938791355,5.752987386256594,5.219013710113658,0.0806233150414036,0.09546297985982904,0.0077582024192368185,0.9921323051101796,1.8421478327223164,-2.113823202420768,0.7869550337549494,-0.14690034150214548,-0.15567116478688056,-0.02845110340770689,0.0,0.0,0.0,0.0,nan,nan,0.0,0.0,0.0,0.0,0.0
22.9,-1.9225194873597422,5.695810344176836,5.215306868870733,0.10683949484698534,0.1224056703558915,0.010339439329890378,0.9866586391452262,1.7315841066895157,-2.0526584711612808,0.9749672159186152,-0.028812836568284463,-0.07023148130670995,-0.011972208531310171,-1.9578166153950234,5.707250690344677,5.21942415280915,0.07912896458235333,0.09389088113688984,0.007507100485798181,0.9924045308470528,1.8800604781720285,-2.1440538932688535,0.7848431575707411,-0.14737143819645296,-0.15642774612510757,-0.028045663178029544,0.0,0.0,0.0,0.0,nan,nan,0.0,0.0,0.0,0.0,0.0
22.92,-1.883973422897131,5.652906330748929,5.216850246475204,0.10661436963562446,0.1217286288587587,0.010168887716100325,0.9867685193732026,1.770010382511012,-2.082258088443684,0.9996225432758711,-0.019713788761238228,-0.07360371700985047,-0.012892494754376909,-1.9152647929156672,5.661495620038434,5.220107577297593,0.0776342310016892,0.0923183278190233,0.007255962204955403,0.9926719516224661,1.9179731236217474,-2.1742845841169447,0.7827312813865325,-0.14784253489076052,-0.15718432746333466,-0.02764022294835213,0.0,0.0,0.0,0.0,nan,nan,0.0,0.0,0.0,0.0,0.0
22.94,-1.8426074625268167,5.607154018579013,5.2186865154243005,0.1062789170770978,0.12079748538623633,0.009969229002591173,0.9869211588482513,1.810512406765643,-2.1133958576164593,1.0200704786961887,-0.04297640525682638,-0.10718146982177289,-0.013708994326672939,-1.872737095882631,5.6157230143124846,5.221063963305854,0.07613912153651822,0.09074532752011916,0.007004788792654008,0.9929345661416384,1.9558857690714593,-2.20451527496503,0.7806194052023241,-0.14831363158506797,-0.1579409088015616,-0.02723478271867478,0.0,0.0,0.0,0.0,nan,nan,0.0,0.0,0.0,0.0,0.0
22.96,-1.8044243589992301,5.565160275049808,5.220452679547211,0.10584893674897647,0.11973942064372337,0.009773356260472184,0.9870982500442509,1.8472141797373265,-2.1416208464130286,1.0317305877327347,-0.05044309414782486,-0.12199200501510941,-0.01453842470230722,-1.8302343932702216,5.569933712481024,5.222293285274377,0.07464364342576653,0.08917188785623038,0.006753581465009487,0.9931923731330594,1.9937984145211716,-2.234745965813116,0.7785075290181158,-0.14878472827937544,-0.1586974901397886,-0.026829342488997435,0.0,0.0,0.0,0.0,nan,nan,0.0,0.0,0.0,0.0,0.0
22.98,-1.759364660667682,5.515861856087676,5.222469523381134,0.10512504746139203,0.11822575057265133,0.009535532859177505,0.9873603546379938,1.8898729902517715,-2.17461353550588,1.034463103634425,-0.07949906201093977,-0.15549316251378292,-0.015218844630563073,-1.7877575535686878,5.524128554181612,5.223795512357679,0.07314780391014541,0.08759801644553761,0.0065023414383015826,0.9934453713484954,2.031711059970884,-2.2649766566612013,0.7763956528339075,-0.1492558249736829,-0.15945407147801555,-0.026423902259320092,0.0,0.0,0.0,0.0,nan,nan,0.0,0.0,0.0,0.0,0.0
23.0,-1.7218541444293731,5.4750123045215195,5.224011309234301,0.10439530496478534,0.11682172984501368,0.009332600440665143,0.98760680754354,1.9245300147377264,-2.2015166982795598,1.0319062625502262,-0.0870209764149254,-0.16515719778249133,-0.01607068938422882,-1.7453074447673929,5.478308379358898,5.2255706084249365,0.07165161023211596,0.08602372090831187,0.006251069928968357,0.9936935595629957,2.069623705420596,-2.295207347509287,0.7742837766496993,-0.1497269216679904,-0.16021065281624255,-0.026018462029642746,0.0,0.0,0.0,0.0,nan,nan,0.0,0.0,0.0,0.0,0.0
23.02,-1.6773873845169025,5.42678758330916,5.22564402259465,0.10347389357641483,0.11508379110938811,0.009085549422643188,0.9879100805051624,1.9643780894218283,-2.2324981148417717,1.0271939739555704,-0.08945454314537,-0.16902138486901852,-0.016868483000215113,-1.7028849343380057,5.432474028248357,5.227618532060703,0.07015506963585406,0.08444900886687763,0.005999768153600304,0.9939369365748983,2.107536350870308,-2.3254380383573725,0.7721719004654909,-0.15019801836229785,-0.1609672341544695,-0.0256130217999654,0.0,0.0,0.0,0.0,nan,nan,0.0,0.0,0.0,0.0,0.0
23.04,-1.6365104818582037,5.382632359623244,5.227007589840939,0.10271257944131502,0.11361830671152985,0.008857140674106062,0.9881612001407439,1.99932667705898,-2.2597141269683156,1.02677495878566,-0.07775590011125705,-0.14981034927070858,-0.017633642596933393,-1.660490889217699,5.386626341360012,5.229939236565695,0.06865818936721528,0.08287388794557604,0.005748437328934461,0.9941755012058359,2.1454489963200203,-2.355668729205458,0.7700600242812827,-0.1506691150566053,-0.1617238154926965,-0.025207581570288053,0.0,0.0,0.0,0.0,nan,nan,0.0,0.0,0.0,0.0,0.0
23.06,-1.5928230857146741,5.335613536768162,5.228392273003571,0.1018528805989275,0.11214295920411721,0.008621994372216443,0.9884207649719273,2.035227497743162,-2.2879158563787305,1.0294116748193878,-0.09365849589360409,-0.15217890764875344,-0.01840558100509609,-1.6181261757923604,5.340766159462161,5.232532669957704,0.06716097667369977,0.08129836577072788,0.005497078671848507,0.9944092523007412,2.1833616417697326,-2.3858994200535437,0.7679481480970745,-0.15114021175091277,-0.16248039683092344,-0.02480214134061071,0.0,0.0,0.0,0.0,nan,nan,0.0,0.0,0.0,0.0,0.0
23.08,-1.5462149943572083,5.285636161159248,5.229922615481335,0.10093974467897443,0.11068833567501658,0.00837931587459452,0.9886804576581416,2.071730538317888,-2.316676749825767,1.0397381662589138,-0.08569672927431841,-0.13540775682457834,-0.01896840099526811,-1.5713140373231875,5.291477894691992,5.233463080735053,0.06563706128895909,0.07967346449646708,0.005273564521796833,0.9946437074438836,2.217114336930851,-2.4121126887308604,0.7610930993999012,-0.15156110491024186,-0.16316416179336235,-0.024358252087887645,0.0,0.0,0.0,0.0,nan,nan,0.0,0.0,0.0,0.0,0.0
23.1,-1.50112265561011,5.237454281617544,5.231548885645768,0.10002004517339885,0.10933512159656045,0.008151787394216826,0.9889263724419811,2.10572558464858,-2.343581274881616,1.0521772580273119,-0.09749846887331409,-0.14026074604543662,-0.019447214448166883,-1.5227206324256937,5.240796110426786,5.2339246586573225,0.06410218414979221,0.07802842215885152,0.005061251162481378,0.9948752982456125,2.249191214995069,-2.436707557116782,0.7523272851792545,-0.1519617738033165,-0.1638185930092383,-0.023898873820702955,0.0,0.0,0.0,0.0,nan,nan,0.0,0.0,0.0,0.0,0.0
23.12,-1.4576548912298808,5.191155707151787,5.233292618304824,0.09910373300522983,0.10809550611298585,0.007939234827168004,0.9891566004495773,2.137314477312265,-2.368706370154867,1.0638607296456892,-0.10158758675254792,-0.13230293386211855,-0.02007226744180102,-1.4741493549545521,5.190097002247064,5.2347035967905375,0.06256697619698472,0.07638297713813315,0.004848911683448719,0.9951017547711226,2.281268093059281,-2.4613024255026996,0.7435614709586092,-0.15236244269639107,-0.16447302422511412,-0.023439495553518343,0.0,0.0,0.0,0.0,nan,nan,0.0,0.0,0.0,0.0,0.0
23.14,-1.411264493016856,5.141889333003008,5.235265705562743,0.09791339180001583,0.10669179670684815,0.007726542745762146,0.9894291934033882,2.1704081567303066,-2.395353933083781,1.0679475683506343,-0.13602765463781377,-0.15347889697643394,-0.02030406272799987,-1.4256012580950828,5.139381562973682,5.235799872597415,0.061031445353319926,0.07473713792599833,0.004636547180524135,0.9953230758517346,2.313344971123494,-2.485897293888618,0.7347956567379641,-0.15276311158946565,-0.16512745544099,-0.022980117286333736,0.0,0.0,0.0,0.0,nan,nan,0.0,0.0,0.0,0.0,0.0
23.16,-1.3642606938221558,5.092110346159842,5.237263300029559,0.09649358657382905,0.10515779683346335,0.007523556788193731,0.9897344197351661,2.203227706007896,-2.4219866539963353,1.0636865432933529,-0.14858895429503396,-0.15814740816452408,-0.02053681775074809,-1.3770773945541002,5.088650785764629,5.2372134569899105,0.05949559954324775,0.07309091301616794,0.004424158749662081,0.9955392603452714,2.345421849187707,-2.5104921622745353,0.7260298425173191,-0.15316378048254026,-0.16578188665686583,-0.022520739019149125,0.0,0.0,0.0,0.0,nan,nan,0.0,0.0,0.0,0.0,0.0
23.18,-1.3142908822713624,5.039329491358995,5.2392465275197475,0.09481029822082179,0.10344179188133598,0.007319450657638885,0.9900794052426943,2.237319427343397,-2.4498019181237063,1.0502342782618055,-0.17034770355537635,-0.17220442143961595,-0.020611800142789443,-1.3285788165381736,5.03790566409451,5.238944314329822,0.0579594466928436,0.07144431090435337,0.004211747486940502,0.9957503071360649,2.377498727251919,-2.5350870306604527,0.7172640282966738,-0.1535644493756148,-0.16643631787274166,-0.022061360751964514,0.0,0.0,0.0,0.0,nan,nan,0.0,0.0,0.0,0.0,0.0
23.2,-1.2661451554479446,4.988601561372785,5.24095409611136,0.09316467275272634,0.10180193046561287,0.007126369444034031,0.9904069494722354,2.2689660878658087,-2.475508753820126,1.0352340467058458,-0.16299322004894198,-0.16279565721525355,-0.021001677502696308,-1.2801065757319063,4.987147191734043,5.240992402429525,0.056422994729767424,0.06979734008821266,0.003999314488555167,0.995956215134961,2.4095756053161312,-2.5596818990463706,0.7084982140760286,-0.15396511826868942,-0.1670907490886175,-0.021601982484779902,0.0,0.0,0.0,0.0,nan,nan,0.0,0.0,0.0,0.0,0.0
23.22,-1.217475432499965,4.937441054944929,5.242481317931607,0.09153041949670462,0.10022420186833461,0.006934288348091906,0.9907215589214349,2.299657896579938,-2.5003145971876104,1.0212836117384816,-0.16365235400671563,-0.15595353938842754,-0.021370954632305126,-1.2316617232762268,4.936376362729542,5.2433576725528415,0.05488625158322278,0.06815000906730663,0.00378686085081402,0.9961569832793252,2.4416524833803437,-2.5842767674322884,0.6997323998553835,-0.154365787161764,-0.16774518030449337,-0.02114260421759529,0.0,0.0,0.0,0.0,nan,nan,0.0,0.0,0.0,0.0,0.0
23.24,-1.1682831208233984,4.885850593842138,5.243916776859868,0.0900323789091173,0.0988539341434796,0.006743573867405381,0.9909977773253665,2.3289506054868143,-2.5237571467944315,1.014657756231885,-0.14252920031564384,-0.1291657318501707,-0.02170562365460355,-1.1832453097466886,4.885594171382395,5.246040069416045,0.05334922518391597,0.06650232634305499,0.0035743876701315163,0.9963526105330488,2.473729361444556,-2.608871635818206,0.6909665856347382,-0.15476645605483857,-0.1683996115203692,-0.02068322595041068,0.0,0.0,0.0,0.0,nan,nan,0.0,0.0,0.0,0.0,0.0
23.26,-1.1185655938657997,4.833829768654196,5.24536239434235,0.08862622825211705,0.0976415335939645,0.00655449546368678,0.9912459640131903,2.357161840707525,-2.5461351485966084,1.0136951703695207,-0.1382780430697945,-0.11767011897695641,-0.022043025325349824,-1.1328458319724641,4.83332093250383,5.2477460505762,0.05179974434975355,0.06483115786209946,0.0033795252979595455,0.9965451752250473,2.503237373185204,-2.6311325842877076,0.6800002416506986,-0.1551357024411832,-0.1690068979754821,-0.020205342362705544,0.0,0.0,0.0,0.0,nan,nan,0.0,0.0,0.0,0.0,0.0
23.28,-1.0683149881296625,4.781374154006156,5.246948598527648,0.08738928053616006,0.09666053060314607,0.006366311857069713,0.9914531383500832,2.3840944079865274,-2.5672156924431064,1.0211282688295371,-0.11626986037387757,-0.08954932463269492,-0.02229053424873171,-1.0794231143353241,4.77879353762188,5.247838966976284,0.050231564887048163,0.0631246383521639,0.0032113097983085107,0.9967355503900149,2.528859870637139,-2.6498633844187185,0.6657055073335645,-0.15545742101427945,-0.16954287607176677,-0.019699468728714486,0.0,0.0,0.0,0.0,nan,nan,0.0,0.0,0.0,0.0,0.0
23.3,-1.0175324292040704,4.728487375502581,5.248738806181971,0.08619962518418531,0.09579823269853548,0.006181844945559401,0.991642126990888,2.410372921483232,-2.5876508085898133,1.029243539063346,-0.12072720916302762,-0.08902144169864495,-0.02237734343948073,-1.0260182276533343,4.724250436408945,5.248286598930595,0.048663112368829975,0.06141777570080854,0.0030430768421867162,0.9969205073654952,2.554482368089075,-2.668594184549729,0.6514107730164306,-0.15577913958737571,-0.1700788541680515,-0.01919359509472343,0.0,0.0,0.0,0.0,nan,nan,0.0,0.0,0.0,0.0,0.0
23.32,-0.9662333053987721,4.675185986781374,5.250702446397309,0.08502211164627553,0.09496450004728027,0.005998269504064537,0.991825087918699,2.436273672830539,-2.6076055643382094,1.0333897901409939,-0.11778543465629597,-0.0858475721556636,-0.02236789465233991,-0.9726323894080653,4.66969275387366,5.24908893117854,0.047094395321104696,0.0597105791864275,0.0028748273440975477,0.9971000451460738,2.5801048655410104,-2.6873249846807394,0.6371160386992963,-0.15610085816047198,-0.17061483226433616,-0.018687721460732373,0.0,0.0,0.0,0.0,nan,nan,0.0,0.0,0.0,0.0,0.0
23.34,-0.9118462038168111,4.618805057579261,5.252811914002897,0.08368837500047452,0.0939776226174996,0.005808592146226083,0.9920336297697885,2.463533027725063,-2.6284906829796753,1.0278779636815865,-0.13345351503405206,-0.10588901642209173,-0.021817015429880595,-0.9192668166669035,4.615121615341709,5.2502459407470194,0.04552542227131592,0.05800305808922977,0.002706562218634309,0.9972741627557953,2.605727362992946,-2.7060557848117504,0.6228213043821623,-0.15642257673356827,-0.17115081036062085,-0.01818184782674132,0.0,0.0,0.0,0.0,nan,nan,0.0,0.0,0.0,0.0,0.0
23.36,-0.8622075877161768,4.567456996540276,5.254631685833094,0.08242375853047204,0.09293870074426308,0.0056357588780546345,0.9922383585386867,2.488179520474215,-2.6471314400039363,1.0154680789783743,-0.13792692951317662,-0.12005709696612897,-0.02125522373223806,-0.8659227260565886,4.560538146431362,5.251757596950938,0.043956201748298895,0.05629522169118875,0.002538282380475257,0.9974428592481676,2.6313498604448817,-2.724786584942761,0.6085265700650282,-0.15674429530666453,-0.17168678845690552,-0.017675974192750264,0.0,0.0,0.0,0.0,nan,nan,0.0,0.0,0.0,0.0,0.0
23.38,-0.8121849039323195,4.515812854695996,5.256265897451635,0.08103094017024595,0.09172642176277063,0.005465476624257138,0.9924668149872791,2.5127569258354168,-2.6656074615767134,0.9971643498764375,-0.15162697234591138,-0.13531101743642657,-0.02086299258230581,-0.8126013337367588,4.505943473028997,5.253623861393867,0.042386742282234116,0.05458707927599179,0.002369988744378622,0.9976061337061674,2.656972357896817,-2.7435173850737717,0.5942318357478942,-0.1570660138797608,-0.17222276655319022,-0.017170100558759206,0.0,0.0,0.0,0.0,nan,nan,0.0,0.0,0.0,0.0,0.0
23.4,-0.7591297053064046,4.461145897278359,5.257768686788766,0.0796256399246035,0.09047086013196695,0.005284341977112931,0.9926967596720805,2.5378249320584607,-2.684105619203644,0.979377459495264,-0.1311455179786374,-0.12156682754099862,-0.020776281894685555,-0.7593038553735079,4.451338721264616,5.255844687968876,0.04081705240460094,0.052878640128989705,0.0022016822251776417,0.9977639852422456,2.6825948553487526,-2.7622481852047827,0.5799371014307602,-0.15738773245285703,-0.17275874464947488,-0.016664226924768148,0.0,0.0,0.0,0.0,nan,nan,0.0,0.0,0.0,0.0,0.0
23.42,-0.7029873262213153,4.403417545844341,5.259153000010531,0.07830125241067812,0.08922879722338797,0.005087911719648244,0.9929155295247022,2.563212789134922,-2.702402447739273,0.9650021839485406,-0.12068705232065487,-0.1173792908437107,-0.020584404666297598,-0.7060315061129412,4.396725017487356,5.258420022859543,0.03924714064813095,0.05116991353714607,0.0020333637377755553,0.9979164129983316,2.7082173528006925,-2.7809789853357962,0.5656423671136235,-0.15770945102595338,-0.1732947227457597,-0.016158353290777003,0.0,0.0,0.0,0.0,nan,nan,0.0,0.0,0.0,0.0,0.0
23.44,-0.6490990034812971,4.34812282580526,5.2604154519297,0.07725852364595064,0.08823486317679273,0.004897464958700343,0.9930869771984724,2.5861057915440053,-2.7184681668920905,0.9610658721932244,-0.0940306595392046,-0.09232459220710766,-0.020466484112297963,-0.6524689892643248,4.341882355532741,5.261043641214886,0.037675055961447226,0.04945709165919199,0.0018690793943984974,0.9980636717089414,2.7332592902822497,-2.799206739983095,0.5509939243770743,-0.1580239860046307,-0.17381962534818043,-0.015649393484849856,0.0,0.0,0.0,0.0,nan,nan,0.0,0.0,0.0,0.0,0.0
23.46,-0.5975201033802837,4.295304088481694,5.261675156307077,0.07637205404653237,0.0873835605056624,0.004715070735515651,0.9932316904036166,2.6071061009657117,-2.732949132440761,0.9627517657611182,-0.0917706174028785,-0.09065282526493887,-0.0204378218072166,-0.5954356042292672,4.284591369191001,5.260662506816888,0.03608116048640182,0.047701916846419085,0.001749377030036965,0.9982082030654419,2.751901402013356,-2.8118891528835213,0.5324463629168452,-0.15825933234666595,-0.1742224368067991,-0.015106413140761889,0.0,0.0,0.0,0.0,nan,nan,0.0,0.0,0.0,0.0,0.0
23.48,-0.5400691948012539,4.236594334404307,5.263255356054687,0.0755466784178984,0.08655682959583587,0.004509323338356937,0.9933681495967999,2.6294097903736198,-2.7479474950729665,0.9713979420858037,-0.06960206198099336,-0.07647742559923401,-0.020319958158280915,-0.5384138198230665,4.227287569275807,5.260665038246022,0.034487060923345934,0.04594647221446148,0.0016296647705702633,0.9983470881976121,2.770543513744463,-2.8245715657839474,0.5138988014566164,-0.15849467868870126,-0.17462524826541775,-0.014563432796673924,0.0,0.0,0.0,0.0,nan,nan,0.0,0.0,0.0,0.0,0.0
23.5,-0.48492856049198196,4.180363223707911,5.264960737900048,0.07478590016073947,0.08572665056913713,0.004309605238000191,0.9934985847106363,2.6505093653931477,-2.7620091738258674,0.9758477173682005,-0.08296289331317416,-0.09405197504098659,-0.02004058519116072,-0.48140498715750574,4.169972185293998,5.261051231363335,0.032892766289079584,0.04419076769274491,0.001509943293133954,0.9984803263198676,2.78918562547557,-2.8372539786843736,0.4953512399963873,-0.15873002503073652,-0.17502805972403643,-0.014020452452585961,0.0,0.0,0.0,0.0,nan,nan,0.0,0.0,0.0,0.0,0.0
23.52,-0.4321831197797831,4.126675708831768,5.26665725926268,0.07394100282601451,0.08480241900245815,0.0041240059968279666,0.9936419226295522,2.670628276786532,-2.7755184736548846,0.9717127846827494,-0.09602742504081475,-0.10577922718683806,-0.019602122138788952,-0.42441045705132985,4.112646447014508,5.26182107334938,0.03129828560150618,0.04243481321216508,0.0013902132749157386,0.9986079166785659,2.8078277372066767,-2.8499363915847997,0.47680367853615835,-0.15896537137277184,-0.1754308711826551,-0.013477472108497996,0.0,0.0,0.0,0.0,nan,nan,0.0,0.0,0.0,0.0,0.0
23.54,-0.37350863747629476,4.067060435029495,5.26844872448779,0.07274565396720428,0.08355154669061021,0.003930243008762496,0.9938368890639865,2.693092983286224,-2.790870115699157,0.9553954229033178,-0.12797437213681062,-0.13398868543438058,-0.01891657207290161,-0.3674315799996823,4.055311584440538,5.26297454270449,0.0297036278795815,0.04067861870503158,0.0012704753931516285,0.9987298585520097,2.8264698489377835,-2.862618804485226,0.4582561170759294,-0.1592007177148071,-0.17583368264127375,-0.012934491764410031,0.0,0.0,0.0,0.0,nan,nan,0.0,0.0,0.0,0.0,0.0
23.56,-0.3172892467144725,4.0100387325580344,5.269942761437532,0.07143881700085496,0.08218816843258765,0.003753339775314741,0.9940460315477075,2.7142904736922966,-2.8053781975201963,0.9328378780193157,-0.13410658149416818,-0.1440348953977622,-0.018396269869664705,-0.31046970614354985,3.997968827781734,5.264511609249279,0.028108802143262706,0.0389221941050117,0.0011507303251221137,0.9988461512504523,2.84511196066889,-2.875301217385652,0.4397085556157004,-0.1594360640568424,-0.1762364940998924,-0.012391511420322066,0.0,0.0,0.0,0.0,nan,nan,0.0,0.0,0.0,0.0,0.0
23.58,-0.2550906837810896,3.9470599209603483,5.271273809948892,0.06987776544452699,0.08054814167419817,0.00356402277747476,0.9942919050816791,2.7370722567090486,-2.8208910890501517,0.9048412834979698,-0.14590381491043958,-0.15284309268868945,-0.018085639788931306,-0.2535261852392153,3.9406194074263454,5.2664322341253165,0.026513817413457312,0.0371655493470742,0.0010309787481483335,0.9989567941161004,2.8637540723999972,-2.887983630286078,0.4211609941554714,-0.1596714103988777,-0.17663930555851104,-0.0118485310762341,0.0,0.0,0.0,0.0,nan,nan,0.0,0.0,0.0,0.0,0.0
23.6,-0.20677905413795433,3.8982183467760456,5.27211107441338,0.06870336215241842,0.07931622668701527,0.003420041777543512,0.99447327139915,2.753817033011457,-2.832067501212958,0.8869546643597805,-0.13500952719811804,-0.14570949905284525,-0.01774317780535271,-0.19660236662770791,3.883264553913382,5.268736369796014,0.024918682711971854,0.0354086943674328,0.0009112213395882214,0.9990617865231178,2.882396184131107,-2.900666043186506,0.4026134326952391,-0.159906756740913,-0.17704211701712977,-0.01130555073214604,0.0,0.0,0.0,0.0,nan,nan,0.0,0.0,0.0,0.0,0.0
23.62,-0.14966462752641405,3.8405629846583165,5.2729728175169885,0.06732333969769637,0.07781332519032487,0.003250983404900483,0.9946869283657418,2.7727542270753585,-2.8444419977303452,0.870759539209586,-0.14090865315087506,-0.15620937569802834,-0.017282595924206053,-0.13969959920431563,3.8259054979048113,5.271423960047688,0.02332340706146207,0.033651639103491254,0.0007914587768327615,0.9991611278776303,2.901038295862214,-2.9133484560869327,0.3840658712350102,-0.1601421030829483,-0.17744492847574844,-0.010762570388058074,0.0,0.0,0.0,0.0,nan,nan,0.0,0.0,0.0,0.0,0.0
23.64,-0.09224613615367311,3.782694415940715,5.273853011297625,0.06603516263172858,0.07638003470611265,0.0030832567848219743,0.9948848883775917,2.79044423219464,-2.855641124702992,0.8638718393221139,-0.12051146495486983,-0.13626692130779122,-0.017057121097355448,-0.08086523783926061,3.7673063992828593,5.271431273534494,0.02171571025001887,0.03186964117720799,0.0007115819582232766,0.999255846893422,2.9140090665035974,-2.9212806841018826,0.36332712988292715,-0.16030661156125448,-0.1777363780940941,-0.010199586268835367,0.0,0.0,0.0,0.0,nan,nan,0.0,0.0,0.0,0.0,0.0
23.66,-0.0316280599748843,3.721702393989255,5.274939754520777,0.06475652374742888,0.07497325525641212,0.002908219989300723,0.995076452281381,2.8079966557067166,-2.866501567351676,0.8626776325550303,-0.1231126875248801,-0.13482143870146895,-0.01715092588347339,-0.021447983821584582,3.708326247629725,5.27091566336627,0.020104182267313125,0.030079995469337185,0.0006437284240421387,0.9993450862147886,2.9252698568384483,-2.9277806719327115,0.3419277203742541,-0.16044976153722107,-0.17799425072407787,-0.009630570761093516,0.0,0.0,0.0,0.0,nan,nan,0.0,0.0,0.0,0.0,0.0
23.68,0.026410686617539682,3.663400994365262,5.276198785188032,0.06357641727844009,0.07370998954854573,0.0027410954707914738,0.9952473878400339,2.8239580578504935,-2.876179597409939,0.8623609902537739,-0.11614835645081582,-0.12628640070199493,-0.01741976717397328,0.037963863011429316,3.6493385030020193,5.270803157809442,0.01849253743061693,0.028290174923840238,0.0005758711482397742,0.9994285169208332,2.9365306471732997,-2.934280659763542,0.3205283108655812,-0.1605929115131877,-0.17825212335406163,-0.009061555253351665,0.0,0.0,0.0,0.0,nan,nan,0.0,0.0,0.0,0.0,0.0
23.7,0.0818070202900589,3.6078370004234257,5.277533129451755,0.062394770352982444,0.07243441854184822,0.0025825172590864367,0.9954162336669566,2.8390015936372954,-2.885277345461004,0.8551275626189814,-0.1336471124843673,-0.14590248815697868,-0.017123693655194984,0.09736885810133628,3.5903444666239874,5.271093757308564,0.016880785107490134,0.026500189943909385,0.0005080105252313034,0.9995061385266214,2.9477914375081506,-2.940780647594371,0.2991289013569082,-0.16073606148915426,-0.17850999598404538,-0.008492539745609812,0.0,0.0,0.0,0.0,nan,nan,0.0,0.0,0.0,0.0,0.0
23.72,0.14329927819863902,3.546247332039406,5.279008153225802,0.06091153203824735,0.0708127646431048,0.0024121398260852378,0.9956251901241817,2.8556076241319848,-2.8953775630660514,0.8362031035611417,-0.15009299357446962,-0.16776528915041744,-0.01647556167769624,0.15676555704899217,3.5313454398661577,5.2717874529361355,0.015268934666117315,0.024710050933692627,0.0004401469494513009,0.9995779505809835,2.9590522278430016,-2.9472806354252006,0.2777294918482352,-0.16087921146512085,-0.17876786861402916,-0.007923524237867961,0.0,0.0,0.0,0.0,nan,nan,0.0,0.0,0.0,0.0,0.0
23.74,0.19914726259435403,3.490386103941051,5.280197882683623,0.059356765643524,0.06909234345850995,0.0022637908022867434,0.9958402972861434,2.870572916117473,-2.9045518247548325,0.8093081938184649,-0.17621265695591914,-0.1942050952060444,-0.015907113408899443,0.21615251564813534,3.472342724215082,5.272884226392811,0.013656995475253385,0.02291976829823326,0.00037228081535150496,0.9996439526665175,2.970313018177853,-2.95378062325603,0.25633008233956217,-0.16102236144108745,-0.17902574124401288,-0.00735450873012611,0.0,0.0,0.0,0.0,nan,nan,0.0,0.0,0.0,0.0,0.0
23.76,0.26108158155028893,3.4285153467541583,5.281247181400141,0.05744852578261963,0.06703235292792308,0.0021073138354729126,0.9960933137887981,2.8864797058195246,-2.9142563217710764,0.7741006838249881,-0.18761189966748248,-0.20193585710497758,-0.01572579416552779,0.2755282899189744,3.413337621243068,5.274384050007822,0.01204497690416879,0.021129352443409063,0.0003044125173985117,0.9997041443995917,2.9815738085127057,-2.960280611086861,0.23493067283088542,-0.16116551141705407,-0.17928361387399672,-0.006785493222384156,0.0,0.0,0.0,0.0,nan,nan,0.0,0.0,0.0,0.0,0.0
23.78,0.3202505924888805,3.3694809372041554,5.281964465262653,0.05551804694568255,0.0649823158526292,0.0019615451164708203,0.9963388968772233,2.900724478351177,-2.9227196669385385,0.7399448659906132,-0.19656572078389267,-0.20722586671204402,-0.015760287463603216,0.3348914361417179,3.3543314325779576,5.2762868867396335,0.010432888322596251,0.019338813775873095,0.0002365424500715302,0.9997585254303459,2.9928345988475566,-2.96678059891769,0.2135312633222124,-0.16130866139302064,-0.1795414865039805,-0.006216477714642304,0.0,0.0,0.0,0.0,nan,nan,0.0,0.0,0.0,0.0,0.0
23.8,0.3766178681713583,3.313308273427341,5.282463040631534,0.05373229958084762,0.06314395981214838,0.0018253584176937106,0.9965552410115773,2.9129116343664494,-2.9295591150418687,0.7138237272068007,-0.18316621743466377,-0.18589983851554887,-0.01582834252428058,0.39424051089020384,3.295325459872806,5.27859269017678,0.00882073910067455,0.017548162702991303,0.000168671007860018,0.999807095442695,3.0040953891824076,-2.97328058674852,0.19213185381353942,-0.16145181136898726,-0.17979935913396425,-0.005647462206900452,0.0,0.0,0.0,0.0,nan,nan,0.0,0.0,0.0,0.0,0.0
23.82,0.44207018353464816,3.248164120870461,5.2829645278362145,0.05171952374213743,0.061141554164163295,0.0016703970471559958,0.9967868433080274,2.925578868885665,-2.936149183727477,0.6919576237591388,-0.18089355225058887,-0.17875753565768815,-0.01581200947642793,0.45414388583526105,3.2360652722956544,5.27940377979786,0.007204892859278439,0.01574948288081401,0.00012527036939363295,0.9998500025579875,3.0118956168542623,-2.9769410354345984,0.1701150534550132,-0.16155141074019658,-0.17998798805242502,-0.005072230523828568,0.0,0.0,0.0,0.0,nan,nan,0.0,0.0,0.0,0.0,0.0
23.84,0.4987541902565704,3.1918201641303363,5.2834863664833644,0.050124455656479654,0.05961409490273067,0.0015386562063791046,0.9969610479708565,2.9351136357116556,-2.940528719182521,0.6825998565353626,-0.16042399080343217,-0.15225830277048805,-0.01579532270581219,0.5147324998318177,3.1764945665943105,5.278337791688678,0.0055846109881111244,0.013941158399643971,0.00011135883251972532,0.999887215550733,3.0155256770228642,-2.977179683963069,0.14735426331517376,-0.1615985292479187,-0.18009317450683643,-0.004489508009097133,0.0,0.0,0.0,0.0,nan,nan,0.0,0.0,0.0,0.0,0.0
23.86,0.5555780549072842,3.1354066413852775,5.284178798603698,0.04863095622139829,0.0581849466982759,0.0014060534242118815,0.9971196342909308,2.943887822365203,-2.94411001621658,0.6758651781041533,-0.15433133296283286,-0.15171925844780024,-0.015724016314693508,0.57532405470966,3.1169209017912456,5.277684038029988,0.003964296184888708,0.01213275170845115,9.744663897067668e-05,0.9999185322794513,3.019155737191466,-2.9774183324915398,0.12459347317533434,-0.1616456477556408,-0.18019836096124786,-0.003906785494365698,0.0,0.0,0.0,0.0,nan,nan,0.0,0.0,0.0,0.0,0.0
23.88,0.6185309722588472,3.072988776398405,5.285121913306483,0.04706958965535972,0.05663708801657664,0.001257770471281168,0.9972838673136752,2.953004900145503,-2.9474398873089296,0.6650324946553188,-0.14701857981465136,-0.1478489043010913,-0.015439635852231619,0.6359170591784891,3.0573456137956057,5.277442534187754,0.0023439580044927275,0.010324273471281616,8.353387078570613e-05,0.9999439525594701,3.0227857973600685,-2.97765698102001,0.10183268303549492,-0.16169276626336293,-0.1803035474156593,-0.003324062979634265,0.0,0.0,0.0,0.0,nan,nan,0.0,0.0,0.0,0.0,0.0
23.9,0.6816148556917921,3.010522254901016,5.286116273025511,0.045457448990413964,0.05502259521727505,0.001113053513952234,0.9974491944248162,2.961834635554454,-2.950529115840203,0.6452120212892826,-0.15914493226450876,-0.16169515553481228,-0.014978568712901574,0.6965100219138137,2.997770038554825,5.277613285803929,0.000723606001942558,0.00851573435260332,6.962061000742135e-05,0.9999634762408878,3.0264158575286704,-2.977895629548481,0.07907189289565547,-0.16173988477108503,-0.18040873387007067,-0.00274134046490283,0.0,0.0,0.0,0.0,nan,nan,0.0,0.0,0.0,0.0,0.0
23.92,0.7387814278927394,2.953981890663444,5.286916994575853,0.043939569087153046,0.053480556114372274,0.0009870596860083543,0.9976012079480001,2.9694846709071836,-2.9530435169580675,0.6195772216238579,-0.1622952334889879,-0.16653464415566963,-0.014355321030799102,0.7571014515921376,2.938195512023102,5.278196288796309,-0.000896750267661197,0.006707145017242913,5.570693868133242e-05,0.9999771032085745,3.0300459176972727,-2.9781342780769515,0.056311102755812,-0.16178700327880718,-0.1805139203244821,-0.0021586179501712917,0.0,0.0,0.0,0.0,nan,nan,0.0,0.0,0.0,0.0,0.0
23.94,0.796015732210685,2.8974353934823753,5.287516321542502,0.04234688505272875,0.051836685120617385,0.00086720030350517,0.9977569580642727,2.976727852030712,-2.9552214825090166,0.5883948124156986,-0.17125627554406228,-0.18019798835419276,-0.013620021056339433,0.8176898569260935,2.8786233701299304,5.279191529358637,-0.0025171012491919053,0.004898516130324134,4.179293885537756e-05,0.999984833382173,3.033675977865875,-2.978372926605422,0.03355031261597258,-0.16183412178652928,-0.18061910677889353,-0.001575895435439858,0.0,0.0,0.0,0.0,nan,nan,0.0,0.0,0.0,0.0,0.0
23.96,0.8563197655235307,2.8379200698760285,5.287881479453214,0.040649347220827255,0.0500760725825603,0.0007453497847356597,0.9979175627169438,2.9835367242187285,-2.956811746260885,0.5546563312709623,-0.17182513735691998,-0.17499783508723032,-0.013493712060210135,0.8782737466996839,2.8190549487485246,5.280598983960932,-0.004137437387554989,0.003089858357202998,2.7878692579425118e-05,0.9999866667160993,3.037306038034477,-2.9786115751338924,0.010789522476133132,-0.16188124029425138,-0.18072429323330494,-0.0009931729207084232,0.0,0.0,0.0,0.0,nan,nan,0.0,0.0,0.0,0.0,0.0
23.98,0.9166712795941474,2.7784229987471245,5.288006829111035,0.0388605574069708,0.048291336214244016,0.0006280767831413392,0.9980768554796855,2.9894078114033777,-2.9575821561405053,0.5237284058081804,-0.18174573943381842,-0.18208203785444008,-0.013243428933147118,0.938851629803412,2.7594915836643508,5.282418619350034,-0.005757749127743103,0.0012811823634061741,1.3964281904798877e-05,0.9999826031995419,3.040936098203079,-2.978850223662363,-0.011971267663706295,-0.16192835880197354,-0.18082947968771637,-0.000410450405976989,0.0,0.0,0.0,0.0,nan,nan,0.0,0.0,0.0,0.0,0.0
24.0,0.9770628655097331,2.718953657328505,5.288013790718638,0.037174792122470796,0.04657510867636721,0.0005132512053397669,0.998222685905122,2.9940014969682904,-2.9571047355696845,0.5012899710038526,-0.15931795040130703,-0.16570545063809963,-0.012648316721679318,0.9994166510738399,2.7000011351679754,5.2840608406854,-0.007378008623648945,-0.0005278020227387815,7.628779787814351e-06,0.9999726428035798,3.0434968341645914,-2.978217728519657,-0.03470765303366537,-0.16196193988314334,-0.1809130767579014,0.00017236536703546466,0.0,0.0,0.0,0.0,nan,nan,0.0,0.0,0.0,0.0,0.0
24.02,1.0374882519302098,2.659520306172299,5.288045871029384,0.03561392548238191,0.044934147363373804,0.00040193738860955615,0.9983548513223129,2.997490628102895,-2.9556007453098165,0.4866092465287665,-0.15097243010706513,-0.16230657241425647,-0.01194005056234934,1.0599518037672313,2.6409275460009707,5.282452399727671,-0.008998110958862712,-0.002338651898264519,4.836903027113439e-05,0.9999567802494803,3.0394156139049042,-2.972174247552475,-0.057292451623806744,-0.16191143515206657,-0.18086257441845582,0.0007557604006834556,0.0,0.0,0.0,0.0,nan,nan,0.0,0.0,0.0,0.0,0.0
24.04,1.1009631923622867,2.5971633666798337,5.2882479770881465,0.03419668499713887,0.043406360648146194,0.0002879317206057408,0.998472028494446,2.9999192209762056,-2.952914534896895,0.47950342916289285,-0.12433827948537084,-0.13452894632486764,-0.011581046740948295,1.1204983278560459,2.5818558571623065,5.281254597778522,-0.01061816015285068,-0.004149487962132549,8.910899509565662e-05,0.9999350121303922,3.0353343936452175,-2.966130766585293,-0.07987725021394812,-0.16186093042098984,-0.1808120720790103,0.0013391554343314465,0.0,0.0,0.0,0.0,nan,nan,0.0,0.0,0.0,0.0,0.0
24.06,1.1674787924992283,2.5319017679406906,5.28868490000848,0.03282827252227527,0.04195588808489004,0.00017200841402300191,0.9985799809686338,3.0018000555368447,-2.949581415477008,0.47079800239931974,-0.12431832213729775,-0.13309960354147723,-0.011150773372705878,1.181054736067321,2.5227874004569992,5.280467465006074,-0.012238146637893542,-0.0059602995198705985,0.0001298484336584723,0.9999073385748737,3.03125317338553,-2.960087285618111,-0.10246204880408949,-0.16181042568991308,-0.1807615697395647,0.0019225504679794372,0.0,0.0,0.0,0.0,nan,nan,0.0,0.0,0.0,0.0,0.0
24.08,1.2219005120694653,2.478566417232065,5.2891127712244295,0.03171942359796888,0.04075661331059988,8.173477787430317e-05,0.9986654945263148,3.00312102690141,-2.946716932335652,0.4568439451923057,-0.12604155637136025,-0.13799135963476475,-0.010491910135734103,1.2416195408945998,2.4637235076137145,5.280091021877097,-0.013858060846642328,-0.007771075877151128,0.00017058710535978078,0.9998737597463601,3.027171953125843,-2.954043804650929,-0.12504684739423086,-0.16175992095883635,-0.1807110674001191,0.0025059455016274283,0.0,0.0,0.0,0.0,nan,nan,0.0,0.0,0.0,0.0,0.0
24.1,1.2793314913920932,2.4223376704726496,5.289498020684744,0.030417260012000253,0.0393503207026155,-5.721068184263355e-06,0.9987624054404695,3.0043951048740225,-2.9437103831020637,0.4337775418098055,-0.1468450858517582,-0.1583627360581012,-0.009701713066376311,1.3021912546330803,2.4046655102532917,5.280125279156547,-0.015477893212175207,-0.0095818063398548,0.00021132476960431754,0.9998342758431618,3.023090732866155,-2.9480003236837464,-0.14763164598437625,-0.16170941622775958,-0.18066056506067354,0.0030893405352755226,0.0,0.0,0.0,0.0,nan,nan,0.0,0.0,0.0,0.0,0.0
24.12,1.3397547762305633,2.3632382450241276,5.2897089181403425,0.028895782460920224,0.03771129988043558,-8.851360052664048e-05,0.9988708043499127,3.0053623578610433,-2.9403220694505947,0.4024369842049112,-0.15786674177649104,-0.17166015804921717,-0.008889053300431512,1.3627683894147173,2.345614739857333,5.280570237907296,-0.017097634168052843,-0.01139248021413236,0.00025206118580274606,0.9997888870984637,3.0190095126064684,-2.9419568427165643,-0.17021644457451762,-0.16165891149668285,-0.18061006272122798,0.0036727355689235132,0.0,0.0,0.0,0.0,nan,nan,0.0,0.0,0.0,0.0,0.0
24.14,1.4031506102787914,2.301294387151288,5.289645257451077,0.027123982792385218,0.0357912011936383,-0.00016709390612675278,0.9989911168545103,3.0057168705433335,-2.936260170429978,0.3659855371706758,-0.17310686544532097,-0.18829467234061342,-0.008312438247585865,1.4233494572434362,2.2865725277366833,5.281425889490118,-0.01871727414837661,-0.013203086806469724,0.00029279611337312264,0.9997375937803236,3.0149282923467813,-2.9359133617493827,-0.19280124316465902,-0.1616084067656061,-0.18055956038178242,0.004256130602571504,0.0,0.0,0.0,0.0,nan,nan,0.0,0.0,0.0,0.0,0.0
24.16,1.4604535253667297,2.245358923442773,5.289363339316841,0.025565166172001722,0.0340815946849405,-0.0002351432919262672,0.9990919937072671,3.005016079677676,-2.9316796257364057,0.336608559706616,-0.15831529423709143,-0.17728056703050307,-0.007925838891603289,1.4839329700302386,2.227540205000025,5.2826922155638885,-0.020336803587843927,-0.015013615423749838,0.0003335293117422875,0.9996803961916705,3.010847072087094,-2.9298698807822,-0.21538604175480036,-0.16155790203452933,-0.18050905804233686,0.004839525636219495,0.0,0.0,0.0,0.0,nan,nan,0.0,0.0,0.0,0.0,0.0
24.18,1.523715959371059,2.1836674402789513,5.288902583202107,0.023888207524300518,0.032162309222991105,-0.0003061323411854617,0.9991971005210686,3.003172615499314,-2.925687625054097,0.31027817521156736,-0.16185037312507405,-0.1869088698318953,-0.007169778320154012,1.5445174396283696,2.16851910252242,5.2843691880860195,-0.021956212921805066,-0.016824055373316157,0.0003742605403472936,0.9996172946703032,3.0067658518274074,-2.923826399815019,-0.23797084034494173,-0.1615073973034526,-0.1804585557028913,0.0054229206698674865,0.0,0.0,0.0,0.0,nan,nan,0.0,0.0,0.0,0.0,0.0
24.2,1.5838844042222102,2.1250531603649234,5.288459986317361,0.022330421072289025,0.03036205227026301,-0.0003676509484499308,0.9992894289991524,3.000214366577697,-2.9189966199375177,0.2930998084276891,-0.15343378452941547,-0.17930251822847404,-0.006546935389475864,1.6040105252844303,2.110763862141861,5.283002589689576,-0.023568626334393297,-0.018623538399954884,0.00045943937811430193,0.9995486344273764,2.99640950430882,-2.912639006150627,-0.2591438460892106,-0.16137707919233452,-0.18028145487120648,0.005996059939985,0.0,0.0,0.0,0.0,nan,nan,0.0,0.0,0.0,0.0,0.0
24.22,1.6409605352697965,2.0695056568248966,5.288155773459602,0.02084005540677161,0.028621505314139494,-0.0004207591473691221,0.9993729656569339,2.9965195434627607,-2.9119376584063814,0.28168394472386066,-0.16088128358943152,-0.18597481415317862,-0.006049096380935816,1.6632876373735894,2.053283806880408,5.281296779552624,-0.025179433775361422,-0.02042059088398798,0.0005541203614463137,0.9994742060370173,2.984711329462499,-2.9003516758086487,-0.2800149643747026,-0.16122969437164392,-0.1800772831436613,0.0065670061926218805,0.0,0.0,0.0,0.0,nan,nan,0.0,0.0,0.0,0.0,0.0
24.24,1.7039355754569543,2.0082774181707066,5.2880185436058005,0.01915298054228296,0.026722458363876274,-0.0004746424735120801,0.9994592779447594,2.991594236613913,-2.903508686842309,0.26928339776245647,-0.16164314862173385,-0.17927283403994468,-0.005858845828067104,1.7225824647949013,1.9958115824126026,5.279989333755337,-0.02679009420362918,-0.02221752414031184,0.0006487981094898998,0.9993939421142437,2.9730131546161775,-2.888064345466669,-0.3008860826601945,-0.16108230955095332,-0.1798731114161161,0.00713795244525876,0.0,0.0,0.0,0.0,nan,nan,0.0,0.0,0.0,0.0,0.0
24.26,1.7608006250395707,1.9530421733349146,5.288028065881572,0.017562981466120557,0.02497204241787113,-0.0005197805933815119,0.9995337255979089,2.986661760127706,-2.895526147909122,0.2532201157653419,-0.1727978121249991,-0.19044451012394004,-0.00548766559141395,1.7818935746363742,1.9383484773771638,5.279080286025549,-0.02840059821519117,-0.024014327677348117,0.0007434720694593581,0.9993078431276852,2.9613149797698544,-2.8757770151246884,-0.32175720094569016,-0.16093492473026272,-0.1796689396885709,0.0077088986978957426,0.0,0.0,0.0,0.0,nan,nan,0.0,0.0,0.0,0.0,0.0
24.28,1.8235113456884633,1.892183952108949,5.288051516385803,0.015719077022783596,0.02292916213649292,-0.0005639460011109545,0.9996133483033218,2.980724226519563,-2.886352356335005,0.2267966397133641,-0.17921578223415066,-0.20100544342554957,-0.004844706181877854,1.8412195336057187,1.8808957801998603,5.278569660786753,-0.030010936406954347,-0.025810991004274877,0.0008381416885910525,0.999215909580039,2.949616804923533,-2.863489684782709,-0.3426283192311821,-0.16078753990957212,-0.17946476796102567,0.008279844950532623,0.0,0.0,0.0,0.0,nan,nan,0.0,0.0,0.0,0.0,0.0
24.3,1.8801091676608785,1.8373053428929338,5.287959878802323,0.013936501074150667,0.02090703544849591,-0.0005972627219572579,0.9996841066475982,2.97483536530659,-2.877680123907872,0.19567062318699605,-0.19498617196238102,-0.22431671605948025,-0.004100545833648546,1.9005589080638845,1.823454779063362,5.27845747315754,-0.03162109937679472,-0.027607503631089783,0.0009328064141467429,0.999118142008069,2.9379186300772115,-2.8512023544407303,-0.363499437516674,-0.16064015508888155,-0.17926059623348048,0.008850791203169502,0.0,0.0,0.0,0.0,nan,nan,0.0,0.0,0.0,0.0,0.0
24.32,1.9424933560241324,1.7768655344184063,5.2876334723803255,0.011856977790929034,0.018485278617115287,-0.0006266439820455699,0.999758627804448,2.96744940044721,-2.867433413073423,0.15616049203371113,-0.20178824913451654,-0.23750613093697967,-0.003437785140586664,1.959910264058501,1.7660267618771956,5.278743728951231,-0.03323107772361101,-0.029403855068670035,0.001027465693416743,0.9990145409826009,2.9262204552308906,-2.8389150240987515,-0.38437055580216595,-0.16049277026819095,-0.17905642450593529,0.009421737455806382,0.0,0.0,0.0,0.0,nan,nan,0.0,0.0,0.0,0.0,0.0
24.34,2.001723209462158,1.7195276076855197,5.2870805424181455,0.009780440429435523,0.01602773689664474,-0.000650610392793989,0.9998235000944392,2.9593185971395166,-2.856794686049116,0.11817304107652418,-0.2125369967839772,-0.25329959218917075,-0.0032317205986544554,2.0192721673573764,1.7086130162476552,5.279428424675757,-0.034840862047379954,-0.031200034828833986,0.001122118973723166,0.99890510710852,2.914522280384569,-2.8266276937567727,-0.40524167408765793,-0.16034538544750038,-0.1788522527783901,0.009992683708443261,0.0,0.0,0.0,0.0,nan,nan,0.0,0.0,0.0,0.0,0.0
24.36,2.0578090321815914,1.6652731969249182,5.2863928731610885,0.00779666096902526,0.013648774817561483,-0.0006721767538574525,0.9998762279413014,2.9503493197599004,-2.8456493846103386,0.08635297511514475,-0.20633032586885403,-0.24856511216882296,-0.0030633805923427964,2.0786431834819923,1.651214829447732,5.280511547533731,-0.03645044294921105,-0.03299603242440232,0.0012167657024231499,0.9987898410247671,2.902824105538248,-2.814340363414794,-0.42611279237314986,-0.16019800062680978,-0.17864808105084487,0.010563629961080142,0.0,0.0,0.0,0.0,nan,nan,0.0,0.0,0.0,0.0,0.0
24.38,2.1166359017250893,1.6084078396356554,5.285609697630196,0.0057064951369781595,0.011153986491643895,-0.0006923282229861822,0.9999212694908672,2.9396035113567973,-2.8328609110637375,0.05917865001403101,-0.21128951106819974,-0.24929067650810544,-0.0028202119259949725,2.1366912068847026,1.5951426941569102,5.2799554111677995,-0.03805147074853413,-0.03477757014958172,0.001337820394561819,0.9986695231281248,2.887382789571578,-2.79892384407485,-0.4453525828592674,-0.16000282789192372,-0.1783691732790888,0.0111218343420848,0.0,0.0,0.0,0.0,nan,nan,0.0,0.0,0.0,0.0,0.0
24.4,2.175226231565522,1.5518113681303305,5.284888453766194,0.0036605924527611964,0.008758724669897704,-0.0007109493693926951,0.9999546886514639,2.9275352701667736,-2.818966005218378,0.03902140084541658,-0.19913354883691697,-0.2317672082209999,-0.0027173435225180745,2.193476481292175,1.5403458435824526,5.2778149743152625,-0.0396442352016579,-0.03654514603845165,0.001484348011501557,0.9985442321836747,2.8683307522431973,-2.780488835931917,-0.4630187564434911,-0.15976155781871418,-0.17801817337330794,0.01166774761607227,0.0,0.0,0.0,0.0,nan,nan,0.0,0.0,0.0,0.0,0.0
24.42,2.2364698340302898,1.4926937042721464,5.284292435137875,0.0015779857927832105,0.006375297520430977,-0.0007299609204719355,0.9999781661113498,2.913771978409536,-2.803465406044864,0.02156201833290926,-0.19759983150648489,-0.22381516374487043,-0.0027298253988527798,2.250286006874831,1.4855607417257066,5.276050290220929,-0.04123677374641742,-0.03831251367878004,0.0016308671700455426,0.99841325114347,2.849278714914812,-2.762053827788981,-0.48068493002771784,-0.15952028774550456,-0.17766717346752697,0.01221366089005984,0.0,0.0,0.0,0.0,nan,nan,0.0,0.0,0.0,0.0,0.0
24.44,2.294516993392134,1.4366994126930637,5.283859371337482,-0.00037175312577391364,0.00417786272810251,-0.0007475770695836793,0.9999909241543963,2.8998969340073772,-2.7880595746138326,0.0022735309449716835,-0.19428579686043967,-0.21876023997603125,-0.002536759275126696,2.3071184523773542,1.4307885971445353,5.274661402711788,-0.042829077307904334,-0.040079662999413894,0.001777377035270226,0.9982765807538918,2.830226677586431,-2.743618819646048,-0.49835110361194146,-0.15927901767229502,-0.1773161735617461,0.01275957416404731,0.0,0.0,0.0,0.0,nan,nan,0.0,0.0,0.0,0.0,0.0
24.46,2.3551579768987376,1.3782404152781642,5.283442018741915,-0.002463308755512242,0.0018414318794094779,-0.0007623060029642919,0.9999949800514831,2.8846212769727164,-2.7713318748571263,-0.024070781512321622,-0.20398205610548686,-0.22745718984185959,-0.002092586060797713,2.363972486022034,1.3760306181014317,5.273648347049105,-0.04442113681255018,-0.04184658393044523,0.0019238767723050933,0.9981342217937414,2.8111746402580504,-2.725183811503115,-0.5160172771961652,-0.15903774759908545,-0.1769651736559652,0.013305487438034778,0.0,0.0,0.0,0.0,nan,nan,0.0,0.0,0.0,0.0,0.0
24.48,2.4068746141527826,1.3284132490538327,5.283009081190776,-0.004327758487937585,-0.00024000108323371915,-0.0007703074287407713,0.9999903097192568,2.8708915041861416,-2.7564951955659565,-0.0525857139409854,-0.2114525174670115,-0.2361872786410135,-0.0016173385646068663,2.4208467755390783,1.3212880125360145,5.273011149927604,-0.046012943188176954,-0.0436132664032672,0.00207036554633732,0.9979861750742361,2.792122602929669,-2.706748803360182,-0.5336834507803888,-0.15879647752587592,-0.17661417375018432,0.01385140071202225,0.0,0.0,0.0,0.0,nan,nan,0.0,0.0,0.0,0.0,0.0
24.5,2.4668932541520747,1.2706187519744243,5.282321145227537,-0.006636475485257775,-0.00280464471139508,-0.0007733187008932288,0.9999737462250513,2.8539394926978043,-2.738435853180402,-0.09053068993884447,-0.22627909940509802,-0.25209180170211826,-0.000976927440014287,2.477739988196993,1.2665619880374872,5.272749829474869,-0.04760448736404908,-0.04537970035063181,0.0022168425226165517,0.9978324414390037,2.7730705656012877,-2.688313795217249,-0.5513496243646125,-0.15855520745266638,-0.17626317384440343,0.014397313986009718,0.0,0.0,0.0,0.0,nan,nan,0.0,0.0,0.0,0.0,0.0
24.52,2.523721137876008,1.2159268237903107,5.281438743844473,-0.008911303955924543,-0.005366856272564038,-0.0007701336132342354,0.9999455947249193,2.836645163284921,-2.7202774697536216,-0.12820455771897693,-0.22996820407623556,-0.26129194468122313,-0.0005646861370184272,2.534650790832957,1.2118537518171126,5.272864395250922,-0.04919576027092508,-0.047145875706707224,0.0023633068664596626,0.9976730217640789,2.7540185282729066,-2.6698787870743157,-0.5690157979488362,-0.15831393737945681,-0.17591217393862255,0.014943227259997189,0.0,0.0,0.0,0.0,nan,nan,0.0,0.0,0.0,0.0,0.0
24.54,2.5802049453308182,1.161594181937826,5.280365737248731,-0.011243718464517983,-0.008014378190043893,-0.0007625213904843266,0.9999043789775335,2.8180282040215796,-2.701013744778297,-0.16290649723127099,-0.23459411629544158,-0.2649892161493722,-0.00019613698934705347,2.5915778498832145,1.1571645106806951,5.273354848248016,-0.05078675284110928,-0.048911782407135194,0.0025097577432555123,0.9975079169578973,2.7349664909445255,-2.651443778931383,-0.5866819715330598,-0.15807266730624728,-0.17556117403284166,0.01548914053398466,0.0,0.0,0.0,0.0,nan,nan,0.0,0.0,0.0,0.0,0.0
24.56,2.6335241962405105,1.110330594104462,5.279251903621426,-0.01341959533902997,-0.010443821626672073,-0.0007542843470077421,0.9998551255586433,2.799098799345007,-2.681622662982161,-0.18979742357934118,-0.22497717985149399,-0.24961527629212257,-0.00013299452375786238,2.647764288645933,1.103200717105074,5.273504840962249,-0.05237277322242002,-0.05066927598878316,0.002665628027328141,0.9973377620059242,2.7145670089101777,-2.6318443639210964,-0.6034536485616835,-0.15781413701717203,-0.1751838013639873,0.016027963092927703,0.0,0.0,0.0,0.0,nan,nan,0.0,0.0,0.0,0.0,0.0
24.58,2.6920438002564784,1.0540949981754586,5.278036446572824,-0.01573033038745344,-0.012977868874239077,-0.0007446551617300795,0.9997917668765204,2.7769301253704053,-2.6590656016096026,-0.21163744777086493,-0.21194200453099488,-0.23114768890150286,9.316462832661618e-05,2.7008385960823,1.0521804668705932,5.271038534272767,-0.05393906754905579,-0.05239272839720405,0.0028606345012147194,0.9971646783622481,2.6885754635302384,-2.60741251539168,-0.6165130534806027,-0.15748397468260206,-0.174696978443815,0.016537358301332065,0.0,0.0,0.0,0.0,nan,nan,0.0,0.0,0.0,0.0,0.0
24.6,2.7473501808237484,1.0009743000354594,5.276991214800015,-0.017668233349530667,-0.015114932709094732,-0.0007343293015382843,0.9997293799323811,2.754854678077488,-2.636717119059307,-0.2253769603121888,-0.17791164133080184,-0.20050377368630373,0.0002763381184920045,2.753941805752987,1.0011748386603632,5.268915864708667,-0.05550506566651943,-0.05411589308825406,0.003055625265779376,0.9969861187372927,2.662583918150294,-2.5829806668622597,-0.6295724583995244,-0.15715381234803202,-0.17421015552364258,0.017046753509736518,0.0,0.0,0.0,0.0,nan,nan,0.0,0.0,0.0,0.0,0.0
24.62,2.810415584402222,0.9404331914857584,5.275962657887484,-0.019575809859642756,-0.01729317459292998,-0.0007197136271524083,0.9996585496023792,2.728758984184692,-2.6104774786210747,-0.2388435227845272,-0.15730329600584592,-0.17965477418413664,0.0005583877431054019,2.8070727281151653,0.9501849276811469,5.267136881909026,-0.05707075897505095,-0.05583876059908482,0.0032505992502201994,0.9968020841116275,2.6365923727703544,-2.5585488183328438,-0.6426318633184436,-0.15682365001346207,-0.17372333260347023,0.01755614871814088,0.0,0.0,0.0,0.0,nan,nan,0.0,0.0,0.0,0.0,0.0
24.64,2.853942447735636,0.8986673106173898,5.275299660989955,-0.02079801567839591,-0.01867592411175874,-0.0007083424321354554,0.9996089988857703,2.7103184576287007,-2.5920187290031667,-0.2507816418868678,-0.15058256261984193,-0.16989736193265986,0.0008055753682268182,2.8602301730172917,0.8992118287944335,5.265701627963429,-0.05863613887656503,-0.05756132146848078,0.0034455553838275265,0.9966125754958881,2.6106008273904147,-2.5341169698034283,-0.6556912682373629,-0.1564934876788921,-0.17323650968329793,0.018065543926545243,0.0,0.0,0.0,0.0,nan,nan,0.0,0.0,0.0,0.0,0.0
24.66,2.907950075830761,0.8468649140380571,5.274443369597095,-0.022343019504323422,-0.02039623950839063,-0.0006911093687080907,0.9995420477704708,2.6868994040862004,-2.5686690263535987,-0.26966687722134236,-0.16048439190512465,-0.17556708001677218,0.0012231033186086175,2.9134129497252155,0.8482566364924236,5.2646101374110605,-0.06020119677469717,-0.059283566236910064,0.0036404925959896937,0.9964175939307709,2.584609282010475,-2.5096851212740123,-0.6687506731562821,-0.15616332534432212,-0.17274968676312558,0.018574939134949606,0.0,0.0,0.0,0.0,nan,nan,0.0,0.0,0.0,0.0,0.0
24.68,2.9615090872986505,0.7955139299095919,5.273467025426144,-0.023999267565793493,-0.022159438758822647,-0.0006709312753646172,0.9994661296319267,2.662966710302457,-2.5448778611239384,-0.2935323471607261,-0.17182284423712518,-0.1792549050054482,0.0016456644424866365,2.966619866948343,0.7973204448739782,5.263862437239932,-0.06176592407485119,-0.06100548544657666,0.00383540981619894,0.996217140487027,2.5586177366305356,-2.485253272744596,-0.6818100780752013,-0.15583316300975217,-0.17226286384295325,0.019084334343353965,0.0,0.0,0.0,0.0,nan,nan,0.0,0.0,0.0,0.0,0.0
24.7,3.0172566579914237,0.7420867516157562,5.272247165696076,-0.02591404835771198,-0.02412908247169039,-0.0006462835405235978,0.9993727191565586,2.6371062893550663,-2.5192028604723418,-0.32145504029505084,-0.1899585814111798,-0.19481075928545916,0.0021386343534576333,3.019849732865805,0.7464043476205864,5.263458546886298,-0.06333031218424638,-0.06272706964147239,0.004030305974057296,0.9960112162654572,2.532626191250596,-2.46082142421518,-0.6948694829941207,-0.1555030006751822,-0.17177604092278093,0.019593729551758327,0.0,0.0,0.0,0.0,nan,nan,0.0,0.0,0.0,0.0,0.0
24.72,3.0698717740066774,0.6916830421780472,5.270892486831478,-0.027827929045862555,-0.026071044770095593,-0.0006185770523921999,0.9992724975461119,2.611594766567795,-2.4939211711189655,-0.3472483812624735,-0.1933435904893189,-0.19558818277121215,0.002587384939122578,3.0731013551526387,0.6955094379723409,5.2633984782342225,-0.06489435251196475,-0.06444830936742883,0.004225179999282455,0.9957998223969046,2.506634645870656,-2.4363895756857645,-0.7079288879130398,-0.1551728383406122,-0.17128921800260863,0.02010312476016269,0.0,0.0,0.0,0.0,nan,nan,0.0,0.0,0.0,0.0,0.0
24.74,3.1194079395603387,0.6442491131101263,5.269487658474009,-0.029673643055874634,-0.027963321827910823,-0.0005855693136730177,0.9991682464173488,2.5864819143987376,-2.4691027965703265,-0.36768112312454687,-0.19392264190599423,-0.20165615796377515,0.0033526703042219327,3.126373541005975,0.6446368087039236,5.263682235615327,-0.06645803646899809,-0.06616919517216921,0.004420030821713652,0.9955829600422498,2.4806431004907163,-2.411957727156348,-0.7209882928319591,-0.15484267600604223,-0.1708023950824363,0.020612519968567052,0.0,0.0,0.0,0.0,nan,nan,0.0,0.0,0.0,0.0,0.0
24.76,3.1736275866034953,0.5923543657774595,5.267898698709654,-0.03162904983574615,-0.02998605319239247,-0.000541278457497405,0.9990496218096789,2.557760856061596,-2.4408426387961053,-0.3838329676693153,-0.17979796979124668,-0.18509929403608816,0.004014944772632679,3.175143369438764,0.5979203836905367,5.261425286339154,-0.06799376232606794,-0.0678419113700694,0.004653714166346868,0.9953655942872748,2.449023221413064,-2.3824289001046437,-0.7288744641444205,-0.1544401382926785,-0.17020855373020372,0.021081058625512177,0.0,0.0,0.0,0.0,nan,nan,0.0,0.0,0.0,0.0,0.0
24.78,3.2272647261377885,0.5410430224151913,5.266384063322731,-0.03345645080428267,-0.03184755506427014,-0.0004912435502256917,0.998932509139523,2.5282577476312396,-2.4118726476001893,-0.39285234548934284,-0.16766765339275003,-0.16925457845259317,0.004686392590166154,3.223323169158285,0.5517877434602407,5.259078122843836,-0.06952534535424011,-0.0695077118777033,0.004892705078603199,0.9951436910215095,2.4166310178460186,-2.3522006615492703,-0.7360507601690539,-0.1540276691714641,-0.16960002722241072,0.02154399091351409,0.0,0.0,0.0,0.0,nan,nan,0.0,0.0,0.0,0.0,0.0
24.8,3.272761251754288,0.49754048203288004,5.265188763869775,-0.034914887798834206,-0.03328766019753117,-0.0004444306865353551,0.9988356645464425,2.5025884924764488,-2.386683287402133,-0.3988794349902188,-0.15875510089722616,-0.15440374665695297,0.0052562705899866806,3.2715331787156843,0.5056722367899048,5.257034157306334,-0.0710565649737367,-0.07117314906883174,0.005131670416711519,0.9949165861440311,2.384238814278974,-2.321972422993897,-0.7432270561936873,-0.15361520005024973,-0.1689915007146178,0.022006923201516006,0.0,0.0,0.0,0.0,nan,nan,0.0,0.0,0.0,0.0,0.0
24.82,3.3227883969970406,0.44972938967620685,5.26394933070485,-0.03653087619544191,-0.03482767862581184,-0.0003889971124742055,0.9987253759503545,2.4737458871526496,-2.358347613335591,-0.4068471568267852,-0.1655594287668218,-0.15737160206625517,0.005843984429033807,3.319772380239764,0.459574817220405,5.255293434049307,-0.07258741318087951,-0.07283821423822183,0.005370608931601055,0.9946842808419157,2.351846610711929,-2.291744184438523,-0.7504033522183207,-0.1532027309290353,-0.1683829742068248,0.022469855489517916,0.0,0.0,0.0,0.0,nan,nan,0.0,0.0,0.0,0.0,0.0
24.84,3.3747206261159834,0.4001252063301765,5.262676408154736,-0.0383255696154157,-0.036525308728339284,-0.00032359497257071306,0.9985974903945267,2.4430036683360177,-2.328132802158419,-0.4199983160985858,-0.17559048650866624,-0.16795523543771548,0.0066872976926394476,3.368039755248983,0.4134964379144537,5.253855991055246,-0.0741178819739316,-0.07450289868258521,0.005609519374341232,0.9944467763294221,2.3194544071448844,-2.2615159458831497,-0.757579648242954,-0.15279026180782093,-0.16777444769903185,0.022932787777519833,0.0,0.0,0.0,0.0,nan,nan,0.0,0.0,0.0,0.0,0.0
24.86,3.4211787250836063,0.355775185076544,5.261482539706057,-0.040052784341970356,-0.03820148148487514,-0.00025460962157322804,0.9984670031867638,2.4146392232760534,-2.300296489367008,-0.43558310735273087,-0.18786776418622203,-0.18580963476235607,0.007516934993940067,3.4163342846727476,0.36743805163666965,5.252721859965663,-0.07564796335313935,-0.07616719370062355,0.0058484004961482155,0.9942040738479854,2.287062203577839,-2.231287707327776,-0.7647559442675873,-0.15237779268660653,-0.1671659211912389,0.02339572006552175,0.0,0.0,0.0,0.0,nan,nan,0.0,0.0,0.0,0.0,0.0
24.88,3.4695358321915304,0.30963928921103473,5.260125959308815,-0.04198802871726773,-0.04014897525354536,-0.00017015078396707752,0.9983110919343923,2.3840556206934744,-2.2703770000333003,-0.45530128095386874,-0.1982587328289702,-0.20457930688978235,0.008477528034553554,3.4646549488727243,0.32140061073365866,5.251891066080448,-0.07717764932077407,-0.07783109059307414,0.00608725104839143,0.9939561746662104,2.254670000010794,-2.2010594687724025,-0.7719322402922207,-0.15196532356539216,-0.16655739468344594,0.02385865235352366,0.0,0.0,0.0,0.0,nan,nan,0.0,0.0,0.0,0.0,0.0
24.9,3.517323169068542,0.2640754645622528,5.2586482822241125,-0.0440072989942993,-0.04230677326363012,-7.064773636803543e-05,0.9981350056881801,2.3525239686941934,-2.239709275731503,-0.4754737165509596,-0.20496602384852852,-0.22638082262382753,0.00937837419293086,3.5130007276641524,0.2753850671141014,5.25136362835732,-0.0787069318811739,-0.07949458066275518,0.00632606978260008,0.9937030800798651,2.2222777964437492,-2.1708312302170287,-0.7791085363168541,-0.15155285444417776,-0.165948868175653,0.024321584641525576,0.0,0.0,0.0,0.0,nan,nan,0.0,0.0,0.0,0.0,0.0
24.92,3.564524019170537,0.21909937965839305,5.257074869216841,-0.04607560031019354,-0.044620258930545525,4.1279451145729995e-05,0.9979409150070123,2.3199311487112104,-2.2082361678566214,-0.49378999389913825,-0.20931624710934035,-0.23604906173967605,0.010024853863378614,3.5613706003371854,0.22939237222884307,5.251139559411451,-0.08023580304078588,-0.08115765521461163,0.006564855450469736,0.9934447914118735,2.1898855928766987,-2.14060299166165,-0.7862848323414887,-0.15114038532296328,-0.16534034166785994,0.024784516929527572,0.0,0.0,0.0,0.0,nan,nan,0.0,0.0,0.0,0.0,0.0
24.94,3.611115005917518,0.17473228965377083,5.255472440157591,-0.04818716768866527,-0.04699388948669639,0.00015958197716557535,0.9977322014221297,2.286303829081928,-2.1758925000161518,-0.5078290693542316,-0.21079519022606183,-0.23969052090787218,0.010518299042349008,3.6061632747147967,0.18668925208192888,5.249665673939988,-0.0817427552254594,-0.0827835008329353,0.006825572818049688,0.9931859974414156,2.1542360684832347,-2.1072401394563975,-0.7895056545054674,-0.1506857682728098,-0.1646720750634716,0.025216631161683923,0.0,0.0,0.0,0.0,nan,nan,0.0,0.0,0.0,0.0,0.0
24.96,3.6570710368801493,0.13099725021400666,5.253913456991704,-0.05023551559508897,-0.04933095077463764,0.0002834524694869558,0.99751830555798,2.2517710160860496,-2.1428052925805168,-0.5174268096859237,-0.19834189533215724,-0.22794655764237767,0.010910582685759123,3.6482074954987147,0.14652366896759308,5.2472596089837635,-0.08323271387139626,-0.08438054029289883,0.00710320227613049,0.9929258704852569,2.116073623155939,-2.0714590310583976,-0.7896749525496716,-0.15019863541638703,-0.16395772084680205,0.025624970229586826,0.0,0.0,0.0,0.0,nan,nan,0.0,0.0,0.0,0.0,0.0
24.98,3.7023688884547394,0.08791512018745137,5.2524540987568,-0.05213825663330358,-0.05154161259424505,0.0004126156085059573,0.9973088258482345,2.2165670486687676,-2.109185945041669,-0.5230622930569017,-0.18253621410500948,-0.2192913062250119,0.011433652435210441,3.6902818512874433,0.10637514121380964,5.245109255296075,-0.0847222634072408,-0.08597716500090938,0.0073807968201540205,0.9926608630443028,2.077911177828644,-2.0356779226603976,-0.7898442505938759,-0.1497115025599643,-0.1632433666301325,0.026033309297489732,0.0,0.0,0.0,0.0,nan,nan,0.0,0.0,0.0,0.0,0.0
25.0,3.7492068092296504,0.04339549117902236,5.251034738058485,-0.05401177529307571,-0.05383468393000118,0.0005588453594716627,0.997087881095599,2.178944339737025,-2.0734952714495383,-0.5288271979203699,-0.178878337343216,-0.22129684134142044,0.011884334671394901,3.7323855162705226,0.06624445967081302,5.243214654889069,-0.08621139651147584,-0.0875733671091479,0.007658355085672045,0.9923909764211327,2.0397487325013484,-1.9998968142623972,-0.79001354863808,-0.14922436970354153,-0.1625290124134629,0.02644164836539263,0.0,0.0,0.0,0.0,nan,nan,0.0,0.0,0.0,0.0,0.0
25.02,3.79964060127235,-0.004513661834118288,5.249569701126054,-0.056161893041090635,-0.05642808288852719,0.0007212396232341643,0.9968255579814216,2.1368796882816237,-2.033738169073578,-0.5376260906357733,-0.19656298113283036,-0.23359508047910024,0.01206583493487149,3.774517664061244,0.026132414837963636,5.241575844746533,-0.08770010586463098,-0.08916913877187245,0.007935875708414648,0.9921162119423086,2.001586287174053,-1.9641157058643977,-0.7901828466822842,-0.14873723684711876,-0.16181465819679336,0.026849987433295537,0.0,0.0,0.0,0.0,nan,nan,0.0,0.0,0.0,0.0,0.0
25.04,3.834186333080416,-0.0373145947610585,5.248564772720189,-0.05780671730684235,-0.058334131272389365,0.0008327635480734615,0.996621703088878,2.107011341416833,-2.0055259797061207,-0.5465265058829377,-0.21398103217458603,-0.2447764096309657,0.012200960659382934,3.8166774677128994,-0.013960203151794554,5.2401928568231595,-0.08918838414931872,-0.09076447214545683,0.008213357324296936,0.991836570958368,1.9634238418467578,-1.9283345974663972,-0.7903521447264885,-0.148250103990696,-0.16110030398012382,0.027258326501198436,0.0,0.0,0.0,0.0,nan,nan,0.0,0.0,0.0,0.0,0.0
25.06,3.8788485006136386,-0.0797035409814944,5.2472187364294305,-0.06015318196658092,-0.06096045532484342,0.0009766956884800734,0.9963254807799585,2.06694786625365,-1.9676520453662545,-0.5604631855727765,-0.2306237078555755,-0.2574622679910393,0.012314881740351015,3.858864099735038,-0.05403260454746853,5.239065718043922,-0.09067622405027037,-0.09235935938842924,0.008490798569425747,0.9915520548438179,1.9252613965194625,-1.8925534890683973,-0.7905214427706926,-0.14776297113427322,-0.16038594976345427,0.02766666556910134,0.0,0.0,0.0,0.0,nan,nan,0.0,0.0,0.0,0.0,0.0
25.08,3.9206560348647637,-0.11936573948039726,5.245876979653963,-0.06251697666784789,-0.06356907489466816,0.0011132354868185542,0.9960167473753133,2.0278311476748114,-1.9306773176648484,-0.5749793990871015,-0.24355478099427236,-0.26503592859889835,0.01235128503665259,3.9010767321097366,-0.09408399999554432,5.23819445030354,-0.092163618254372,-0.09395379266151063,0.008768198080106343,0.9912626649971279,1.8870989511921672,-1.8567723806703973,-0.7906907408148969,-0.14727583827785048,-0.1596715955467847,0.02807500463700424,0.0,0.0,0.0,0.0,nan,nan,0.0,0.0,0.0,0.0,0.0
25.1,3.961735637683963,-0.15832143982088223,5.244478306172575,-0.06498538396611729,-0.0661926272737715,0.0012435186067492928,0.9956876466175758,1.9877843035863405,-1.8927170462527525,-0.5879597722965862,-0.24730045210634344,-0.26257614936215445,0.01230839066321635,3.9433145363078865,-0.13411360055551227,5.237579070466058,-0.09365055945070064,-0.09554776412765362,0.009045554492849182,0.9909684028407232,1.848936505864865,-1.8209912722723909,-0.790860038859101,-0.14678870542142763,-0.15895724133011502,0.028483343704907217,0.0,0.0,0.0,0.0,nan,nan,0.0,0.0,0.0,0.0,0.0
25.12,4.002065386609662,-0.19654984058726233,5.243050345795326,-0.06738264387051994,-0.06875962983981247,0.0013757320975238286,0.9953541078282173,1.9468975137597389,-1.8539470342293485,-0.597676818719702,-0.23361959138229335,-0.2526686418247283,0.01247458717333737,3.9836826292591097,-0.1724018493073802,5.236687126134978,-0.09512601046607726,-0.09712272150309703,0.009331099132211175,0.9906720697029993,1.8095047711982999,-1.7838934308514391,-0.7890416586325164,-0.14628494099621056,-0.1582204656335045,0.028876494283548337,0.0,0.0,0.0,0.0,nan,nan,0.0,0.0,0.0,0.0,0.0
25.14,4.041620756270721,-0.23402812406676649,5.241636864976055,-0.06964151930438492,-0.0711690079405547,0.0015082581023645022,0.9950290228205559,1.905338119454475,-1.8145410906455697,-0.6029978599458298,-0.21812698532755045,-0.23205097357967586,0.012572666937115026,4.018384908607642,-0.2055066924897324,5.2344176644372,-0.09656786676892382,-0.09864149131607382,0.009641341530880957,0.990379496875882,1.7662584578086227,-1.742838428822599,-0.7812497347815068,-0.14573119393386585,-0.15741630695519132,0.029223999093189637,0.0,0.0,0.0,0.0,nan,nan,0.0,0.0,0.0,0.0,0.0
25.16,4.0803800513543695,-0.270736071740353,5.240270923339326,-0.0716855705871086,-0.0733454710529646,0.0016411935723270135,0.9947255537731388,1.8633425129687524,-1.7746903376719643,-0.6044608737521098,-0.19208439237825528,-0.20663224862829774,0.012750084129250584,4.053114584926549,-0.23859608184052145,5.232350979728497,-0.09800928200184869,-0.10015981058793065,0.009951539893103666,0.9900824005294852,1.723012144418945,-1.7017834267937586,-0.773457810930497,-0.14517744687152112,-0.1566121482768782,0.029571503902830937,0.0,0.0,0.0,0.0,nan,nan,0.0,0.0,0.0,0.0,0.0
25.18,4.116447700128865,-0.304879868427241,5.239037602398017,-0.07340137266241034,-0.07518803597038934,0.001769172954434168,0.9944626024970706,1.8231975784633596,-1.73660273006904,-0.6027491433675223,-0.1741575497000186,-0.18928850960669658,0.012775452762958654,4.087871033036756,-0.271669403213054,5.23048710777447,-0.09945024958124468,-0.10167767238380411,0.010261692802060522,0.9897807820207847,1.6797658310292676,-1.660728424764918,-0.7656658870794874,-0.1446236998091764,-0.155807989598565,0.029919008712472238,0.0,0.0,0.0,0.0,nan,nan,0.0,0.0,0.0,0.0,0.0
25.2,4.155446326621411,-0.34178156349950317,5.237744291238823,-0.07524568274591502,-0.07718163152331621,0.0019104354647460143,0.9941717322574783,1.77845683025591,-1.694151437401363,-0.6005564949614483,-0.18136543583009537,-0.19593486815168892,0.012646295886800416,4.122653627270073,-0.3047260427541959,5.228826080635368,-0.10089076292554924,-0.10319506977092033,0.010571798841140349,0.9894746427274111,1.6365195176395901,-1.6196734227360778,-0.7578739632284777,-0.14406995274683165,-0.15500383092025183,0.030266513522113535,0.0,0.0,0.0,0.0,nan,nan,0.0,0.0,0.0,0.0,0.0
25.22,4.1917353408437705,-0.37610350542196536,5.2365610764755095,-0.07714451259144516,-0.07919038708146606,0.0020414745612018295,0.9938679183636686,1.7352626976275933,-1.6531023878512463,-0.5996782527891177,-0.19738615738805104,-0.20959047929457597,0.012637777499748135,4.157461741480623,-0.3377653869155872,5.2273679266655,-0.1023308154552745,-0.10471199581862665,0.010881856593946049,0.9891639840476438,1.5932732042499125,-1.5786184207072376,-0.7500820393774679,-0.14351620568448692,-0.15419967224193865,0.03061401833175483,0.0,0.0,0.0,0.0,nan,nan,0.0,0.0,0.0,0.0,0.0
25.24,4.225432474478209,-0.4079597005408672,5.235459135200226,-0.0790800638833404,-0.08123992385282798,0.002166723935900328,0.9935500609309926,1.6935898732830401,-1.613472730051274,-0.6000921583555385,-0.21090903349485285,-0.22349280073134659,0.012669253663214145,4.192294749056284,-0.3707868224648512,5.226112670512721,-0.1037704005930373,-0.10622844359842316,0.011191864644301067,0.9888488074004037,1.550026890860235,-1.5375634186783969,-0.7422901155264583,-0.14296245862214219,-0.15339551356362546,0.030961523141396136,0.0,0.0,0.0,0.0,nan,nan,0.0,0.0,0.0,0.0,0.0
25.26,4.266900177540571,-0.44714199843532076,5.234077073812625,-0.08163873530030426,-0.08394200261832857,0.0023246578813280235,0.9931180458841364,1.6400510721543886,-1.5625037024979975,-0.6008622474428303,-0.21344592973971896,-0.2305987301093928,0.012685287002593455,4.227152022930145,-0.4037897364968042,5.225060333117976,-0.10520951176358961,-0.10774440618399474,0.011501821576255919,0.988529114225248,1.5067805774705498,-1.4965084166495495,-0.7344981916754472,-0.14240871155979737,-0.15259135488531217,0.031309027951037495,0.0,0.0,0.0,0.0,nan,nan,0.0,0.0,0.0,0.0,0.0
25.28,4.295521732602248,-0.47417233716851703,5.233095011924379,-0.08343587865242102,-0.08590835503237457,0.002442347185884821,0.9928002032782596,1.6015394472443818,-1.525897395158382,-0.6011456731221915,-0.2110655539227846,-0.234140863623558,0.01270260507996968,4.262032935591932,-0.43677351644463014,5.224210931714922,-0.10664814239384743,-0.10925987665124152,0.011811725974094436,0.9882049059823625,1.4635342640808724,-1.455453414620709,-0.7267062678244374,-0.14185496449745263,-0.15178719620699901,0.03165653276067879,0.0,0.0,0.0,0.0,nan,nan,0.0,0.0,0.0,0.0,0.0
25.3,4.328383153347878,-0.5051927832633792,5.231932783145907,-0.08551622587077734,-0.08818900940628686,0.0025807838801459324,0.9924227996611725,1.5556758248773208,-1.4823263338988883,-0.600276816218177,-0.20615333038394362,-0.22564600555719372,0.01265990271600392,4.296936859099517,-0.4697375500911063,5.223564479829613,-0.1080862859129223,-0.11077484807831224,0.01212157642234056,0.9878761841525557,1.4202879506911947,-1.4143984125918687,-0.7189143439734277,-0.1413012174351079,-0.1509830375286858,0.032004037570320096,0.0,0.0,0.0,0.0,nan,nan,0.0,0.0,0.0,0.0,0.0
25.32,4.360353619457599,-0.5353574289004842,5.230765127999262,-0.08748077275819231,-0.09037340098517557,0.0027216277412234857,0.9920546131813714,1.5093389832105368,-1.4383115903583774,-0.5976066434289977,-0.18711822970688033,-0.21452494047004672,0.012777958105492902,4.3236687522097865,-0.4952106613991675,5.221748698906647,-0.10947753012270042,-0.11221298951902205,0.012456222303456697,0.9875564580859992,1.372950256114805,-1.3686994356264393,-0.7029542624353327,-0.14062145231529316,-0.14941873287043775,0.03226226446219348,0.0,0.0,0.0,0.0,nan,nan,0.0,0.0,0.0,0.0,0.0
25.34,4.394473531957719,-0.567533715128174,5.229484505679652,-0.08936959265663484,-0.09256346615766357,0.0028840646471111468,0.991683801830189,1.4579803147713937,-1.3896511637731808,-0.5913856026650214,-0.1593238894597997,-0.1892075411855674,0.012887564111006201,4.349851526537045,-0.5201503398118134,5.219985155276286,-0.11086507909389606,-0.1136453387334997,0.01279254803141181,0.9872335194555117,1.3253273693382093,-1.322676747579244,-0.6864248145253202,-0.13993290303056308,-0.14780144177689997,0.03251426818281096,0.0,0.0,0.0,0.0,nan,nan,0.0,0.0,0.0,0.0,0.0
25.36,4.421558690529974,-0.5930642288697381,5.228459412861266,-0.09075254997616682,-0.09422904630203621,0.0030212296663388416,0.9914008945311354,1.4157343449659396,-1.3497007267084238,-0.5833858621103908,-0.15055310869559047,-0.1862703596512567,0.01290718217018218,4.376055958511412,-0.5450771692141935,5.218367676441815,-0.11225216306138734,-0.11507721128297228,0.013128820103316964,0.9869064400509648,1.2777044825616135,-1.2766540595320488,-0.6698953666153078,-0.13924435374583302,-0.14618415068336216,0.03276627190342846,0.0,0.0,0.0,0.0,nan,nan,0.0,0.0,0.0,0.0,0.0
25.38,4.449323440924031,-0.6192252688548344,5.227421841133722,-0.09219080715891426,-0.09597449786152644,0.00316680612088368,0.9911002583869145,1.370811073614645,-1.3072922619665914,-0.5731435355263543,-0.1568639896167972,-0.1877171968440402,0.012827798142936761,4.402281621181075,-0.5699907186647213,5.216896286538471,-0.1136387762072992,-0.11650860116170696,0.013465037108739218,0.9865752212442344,1.2300815957850177,-1.2306313714848536,-0.6533659187052954,-0.13855580446110294,-0.14456685958982438,0.03301827562404595,0.0,0.0,0.0,0.0,nan,nan,0.0,0.0,0.0,0.0,0.0
25.4,4.477620249567306,-0.6458783086948082,5.226399359973651,-0.09387199334216306,-0.09792850191231141,0.0033126055242160895,0.9907507678643608,1.3230431449924256,-1.2621498042277555,-0.5613938834938657,-0.17813192976434153,-0.20683299476287448,0.01257886367569977,4.428528087238031,-0.5948905574446117,5.215571007250516,-0.11502491271573123,-0.11793950236599537,0.013801197637476602,0.9862398644245582,1.182458709008422,-1.1846086834376583,-0.6368364707952829,-0.13786725517637288,-0.14294956849628657,0.033270279344663437,0.0,0.0,0.0,0.0,nan,nan,0.0,0.0,0.0,0.0,0.0
25.42,4.508967045213227,-0.6753938839909838,5.225319508449264,-0.0959914112237746,-0.10036401782958389,0.003477229445130868,0.9903032978697773,1.267363369861272,-1.2095277215006837,-0.5480099175957592,-0.19326477754145802,-0.22192658757474887,0.01242283457669523,4.454794929025255,-0.6197762550651116,5.2143918578108766,-0.11641056677278261,-0.11936990889417926,0.014137300279564094,0.9859003709985307,1.1348358222318178,-1.138585995390455,-0.6203070228852676,-0.1371787058916427,-0.14133227740274848,0.033522283065280975,0.0,0.0,0.0,0.0,nan,nan,0.0,0.0,0.0,0.0,0.0
25.44,4.5325982755741085,-0.697638069718728,5.224535399671279,-0.09776985601545717,-0.1024245369322107,0.0036081760066646513,0.9899177998979731,1.2232001925507712,-1.1678157596542453,-0.5381624963076455,-0.20137898225418438,-0.23853529848236318,0.012409331751333984,4.4810817185438605,-0.6446473812747042,5.213358855000819,-0.11779573256657518,-0.12079981474667417,0.01447334362527927,0.9855567423900957,1.0872129354552218,-1.0925633073432595,-0.6037775749752551,-0.13649015660691263,-0.13971498630921067,0.033774286785898465,0.0,0.0,0.0,0.0,nan,nan,0.0,0.0,0.0,0.0,0.0
25.46,4.55791864644837,-0.7214668625125955,5.223703568658365,-0.09977092906417921,-0.1048162142907665,0.0037611467992306486,0.9894671175487224,1.1735018515986895,-1.1209998769966882,-0.527808243281932,-0.20267332703968735,-0.24376870503297332,0.012417765345750488,4.507388027460306,-0.6695035060663551,5.212472013149672,-0.11918040428727956,-0.12222921392599662,0.014809326265148613,0.9852089800405424,1.0395900486786263,-1.0465406192960642,-0.5872481270652428,-0.13580160732218255,-0.1380976952156729,0.034026290506515955,0.0,0.0,0.0,0.0,nan,nan,0.0,0.0,0.0,0.0,0.0
25.48,4.582242888954087,-0.7443549161057286,5.222892853548083,-0.1017938842102763,-0.10723257425848848,0.0039138705928069475,0.9890014467998848,1.1232194739191084,-1.0736932590028916,-0.5173975500951853,-0.2016378243056356,-0.24234456968994234,0.012335860255056546,4.533713427113564,-0.6943441996847077,5.211731344134577,-0.1205645761271384,-0.1236581004367879,0.015145246789953153,0.9848570854084973,0.9919671619020305,-1.000517931248869,-0.5707186791552303,-0.1351130580374525,-0.13648040412213508,0.03427829422713344,0.0,0.0,0.0,0.0,nan,nan,0.0,0.0,0.0,0.0,0.0
25.5,4.606698830888349,-0.7673660004314198,5.222043219966697,-0.10381270126767514,-0.1096293594412274,0.004069917324949512,0.988528078699327,1.0699554989752567,-1.0236133585195029,-0.5057170192363883,-0.18675826470155468,-0.21962830424117621,0.01219439643121378,4.553912373771387,-0.7135161943297685,5.210705109766388,-0.12190662651590245,-0.12494851725954023,0.015480773503357088,0.9845237366858619,0.9421201058729919,-0.9516200938347741,-0.5483080026619646,-0.13233657070461227,-0.13273778882635678,0.03385990422245134,0.0,0.0,0.0,0.0,nan,nan,0.0,0.0,0.0,0.0,0.0
25.52,4.627856571733941,-0.7872750873834559,5.221267151245836,-0.10549144292754332,-0.11160260673810424,0.00420622650097912,0.9881288991305474,1.021520249930588,-0.9780476880022151,-0.49362337349768687,-0.1663875890260446,-0.200665750900785,0.01216374893867863,4.570358997375542,-0.7292147847677664,5.209508724983968,-0.12322273785963118,-0.12615394084459522,0.015816042817861142,0.9842007889009938,0.890909868383796,-0.9009600927239028,-0.5222927525694402,-0.12828039728942248,-0.12769257367396408,0.0330306334827125,0.0,0.0,0.0,0.0,nan,nan,0.0,0.0,0.0,0.0,0.0
25.54,4.64808196461372,-0.8063096414293296,5.220486396723362,-0.10695537988579165,-0.11338455261175996,0.004346696190116959,0.9877679870165603,0.9729141559340828,-0.9323882011909987,-0.47900013019870274,-0.14923363695224456,-0.183902758612388,0.012221453981178375,4.586818377704321,-0.7449060631552554,5.208394683681642,-0.1245384300124365,-0.12735893526707945,0.016151258327834393,0.9838744929675232,0.8396996308946003,-0.8503000916130316,-0.4962775024769158,-0.12422422387423265,-0.12264735852157144,0.03220136274297367,0.0,0.0,0.0,0.0,nan,nan,0.0,0.0,0.0,0.0,0.0
25.56,4.668343513373198,-0.8253837706198953,5.219706067601031,-0.10853002039284808,-0.11524564080766966,0.0044894542523738114,0.9873801303190547,0.9214680942747187,-0.8840678839098531,-0.4593522290121875,-0.168159801945743,-0.19507930682036892,0.012224024447449886,4.60329031131186,-0.7605897977383864,5.20736299621971,-0.12585369849847064,-0.12856349642772735,0.016486418892908593,0.9835448499954749,0.7884893934054045,-0.7996400905021602,-0.47026225238439145,-0.12016805045904286,-0.11760214336917879,0.03137209200323484,0.0,0.0,0.0,0.0,nan,nan,0.0,0.0,0.0,0.0,0.0
25.58,4.694894853543351,-0.8503929178131756,5.218778511747976,-0.11106996700611076,-0.11805510625682392,0.0046718099724667225,0.9867647280418634,0.8486847928729837,-0.8155885796826227,-0.4275175688724996,-0.20446179953595092,-0.21616461275740392,0.01214178003432832,4.619774594581475,-0.7762657568659629,5.206413671837839,-0.12716853884332724,-0.12976762022874727,0.01682152337290239,0.9832118611062601,0.7372791559162085,-0.7489800893912888,-0.44424700229186703,-0.11611187704385305,-0.11255692821678612,0.030542821263496008,0.0,0.0,0.0,0.0,nan,nan,0.0,0.0,0.0,0.0,0.0
25.6,4.705612093604963,-0.8604937726822589,5.218466271849851,-0.1123472964369036,-0.11938234278725451,0.00474059307999228,0.9864600691316374,0.8171755502898119,-0.7858533380465063,-0.4128650381394243,-0.22208762900613582,-0.22990094444731132,0.01208260901154665,4.636271023728437,-0.7919337089925963,5.205546718654933,-0.1284829465740565,-0.1309713025738356,0.017156570627825298,0.982875527432672,0.6860689184270036,-0.6983200882804086,-0.418231752199338,-0.11205570362866255,-0.10751171306439256,0.029713550523757036,0.0,0.0,0.0,0.0,nan,nan,0.0,0.0,0.0,0.0,0.0
25.62,4.722581222968412,-0.8764955153973248,5.218056319768009,-0.11460748307651616,-0.12169606972197416,0.004850027270462273,0.9859166641621218,0.764231174790925,-0.7358034784080275,-0.38896818486645085,-0.23446326400201586,-0.23769117837602668,0.012041146182829284,4.652779394802732,-0.8075934226818455,5.204762143669025,-0.12979691721917982,-0.13217453936818999,0.017491559517881332,0.9825358501188832,0.6348586809378077,-0.6476600871695373,-0.3922165021068136,-0.10799953021347274,-0.10246649791199991,0.028884279784018207,0.0,0.0,0.0,0.0,nan,nan,0.0,0.0,0.0,0.0,0.0
25.64,4.738426512625952,-0.8914485016992318,5.217763100430966,-0.11700716054436917,-0.12408849290441042,0.0049507832787055416,0.9853359122933578,0.7108060653676621,-0.6851720666401147,-0.36560894793956816,-0.24749476080404942,-0.24579755311501095,0.011985875212208426,4.669299503691852,-0.823244666609383,5.204059952757179,-0.131110446308706,-0.13337732651852433,0.017826488903473214,0.9821928303204402,0.5836484434486119,-0.597000086058666,-0.3662012520142892,-0.10394335679828293,-0.09742128275960724,0.028055009044279374,0.0,0.0,0.0,0.0,nan,nan,0.0,0.0,0.0,0.0,0.0
25.66,4.753851694986896,-0.9060165960715061,5.217526086793709,-0.11953034892958894,-0.12657329117649438,0.005053324940395907,0.984716284801144,0.6542250061093008,-0.6314274339492452,-0.34318671551615165,-0.23955946158532643,-0.233522911784127,0.012129376265721813,4.685831146123569,-0.8388872095661312,5.203440150675414,-0.13242352937414595,-0.13457965993308194,0.018161357645206058,0.9818464692042609,0.532438205959416,-0.5463400849477947,-0.34018600192176485,-0.09988718338309313,-0.09237606760721456,0.02722573830454055,0.0,0.0,0.0,0.0,nan,nan,0.0,0.0,0.0,0.0,0.0
25.68,4.767386450348912,-0.9188099794891574,5.217312540604111,-0.12185848887482098,-0.12882231411572825,0.005147840647863538,0.9841386181893677,0.5999904451297036,-0.5797784159170157,-0.3227454848639797,-0.22815566339496562,-0.2217162450821285,0.01226458464101021,4.69904762014507,-0.8513987418064315,5.202940175597823,-0.13352876665034774,-0.13556977698836062,0.01844360736324272,0.9815552645631287,0.48057794437215756,-0.49439416922045903,-0.31155695305330117,-0.0959518669267941,-0.08769544471187632,0.026367744076760933,0.0,0.0,0.0,0.0,nan,nan,0.0,0.0,0.0,0.0,0.0
25.7,4.779200407976023,-0.9299858159128753,5.217070524245104,-0.12386898149884516,-0.13076067621830384,0.005241630489521574,0.9836313569052086,0.5482138003406993,-0.5303879574589847,-0.3043507255752102,-0.20237318859094724,-0.1940635954409077,0.012527091658901732,4.704695283772046,-0.856797841848649,5.20256243439619,-0.13416157396572514,-0.1360775261885999,0.01860616120556614,0.9813956336272455,0.42723766713725275,-0.4395204024187141,-0.27697664314741005,-0.09229172517681503,-0.08384494834116919,0.02544435040935739,0.0,0.0,0.0,0.0,nan,nan,0.0,0.0,0.0,0.0,0.0
25.72,4.791068160873003,-0.9412223925774462,5.216735083002837,-0.12587923216169286,-0.13267380599699422,0.005347897440400135,0.9831192603675414,0.4908230924797717,-0.4755283763573932,-0.2822283781066496,-0.18317855334087296,-0.17711843291019294,0.012813471491748746,4.710344886418025,-0.8621957958558083,5.202197528101528,-0.1347942860049009,-0.1365851787520047,0.01876870183453559,0.9812353057433055,0.373897389902348,-0.3846466356169692,-0.24239633324151896,-0.08863158342683596,-0.07999445197046207,0.02452095674195385,0.0,0.0,0.0,0.0,nan,nan,0.0,0.0,0.0,0.0,0.0
25.74,4.8007154409840656,-0.9503651413663773,5.216385377521642,-0.12751087492159588,-0.13425205228020595,0.005453126025125702,0.98269406564395,0.4387469035521293,-0.4256884612168548,-0.25863155736255244,-0.1701779115553332,-0.1651264906323229,0.013191163509127767,4.715996414657669,-0.8675925864522366,5.201845457171783,-0.13542690231854815,-0.13709273431806032,0.018931229134721186,0.9810742810251672,0.32055711266744324,-0.32977286881522433,-0.2078160233356279,-0.0849714416768569,-0.07614395559975494,0.02359756307455031,0.0,0.0,0.0,0.0,nan,nan,0.0,0.0,0.0,0.0,0.0
25.76,4.809715327414699,-0.9589038996735793,5.216067219633477,-0.12933372817073804,-0.13595009768179536,0.0055577908043359815,0.9822217003605364,0.3837590217084302,-0.3729700992542671,-0.22626678561528463,-0.1975918708060604,-0.18078316817752674,0.013482953947566717,4.721649855060166,-0.8729881962655668,5.2015062220284385,-0.13605942245740812,-0.1376001925263212,0.019093742990702555,0.980912559587184,0.26721683543252894,-0.2748991020134696,-0.17323571342973065,-0.08131129992687718,-0.07229345922904713,0.022674169407146602,0.0,0.0,0.0,0.0,nan,nan,0.0,0.0,0.0,0.0,0.0
25.78,4.8174956196483265,-0.9662956274216667,5.215888594164539,-0.13136892268586553,-0.1377514262354966,0.00564777522895639,0.9816999813371725,0.3285113428115634,-0.3198282983916489,-0.18973488718284656,-0.21420663850706376,-0.1866400874303007,0.013492414671028977,4.727305194189274,-0.878382607926783,5.201179823056518,-0.13669184597229003,-0.13810755301641053,0.019256243287068774,0.980750141544204,0.21387655819762422,-0.22002533521172474,-0.13865540352383957,-0.0776511581768981,-0.06844296285834,0.02175077573974306,0.0,0.0,0.0,0.0,nan,nan,0.0,0.0,0.0,0.0,0.0
25.8,4.82432032429149,-0.9727896286988775,5.2159195246911265,-0.1337371701788681,-0.13974952935765322,0.005723173074706577,0.9810971835892813,0.27026631907440385,-0.26359047705298444,-0.14762671892243603,-0.23641158712756938,-0.1974782544017703,0.013392801513722642,4.732962418603357,-0.8837758040702759,5.20086626060458,-0.137324172414072,-0.13861481542802123,0.019418729908418638,0.9805870270115702,0.1605362809627194,-0.1651515684099798,-0.10407509361794846,-0.07399101642691905,-0.06459246648763288,0.020827382072339518,0.0,0.0,0.0,0.0,nan,nan,0.0,0.0,0.0,0.0,0.0
25.82,4.829300797208826,-0.9775359664809026,5.216126083439796,-0.1359002505990277,-0.14153252692646043,0.005783958619552391,0.9805438345793723,0.21734793402993752,-0.21228955842057176,-0.11133157677416929,-0.22494592226375262,-0.18440554165857406,0.013285022611869177,4.738621514855425,-0.8891677673338879,5.20056553498472,-0.137956401333701,-0.13912197940091572,0.019581202739360627,0.9804232161051196,0.10719600372781464,-0.11027780160823492,-0.06949478371205739,-0.07033087467693999,-0.06074197011692575,0.019903988404935978,0.0,0.0,0.0,0.0,nan,nan,0.0,0.0,0.0,0.0,0.0
25.84,4.833491949598913,-0.9815355633417232,5.216488040167576,-0.1381597699182393,-0.14335784121228518,0.005848238344496397,0.9799623489947757,0.15870858449178696,-0.15523318312009227,-0.07331193865112615,-0.2075801451397449,-0.16914411219113124,0.013066348740219681,4.74428246949317,-0.8945584803589639,5.200277646472567,-0.13858853228219328,-0.13962904457492642,0.019743661664513017,0.9802587089411845,0.05385572649290983,-0.05540403480648998,-0.03491447380616629,-0.06667073292696092,-0.056891473746218627,0.018980594737532434,0.0,0.0,0.0,0.0,nan,nan,0.0,0.0,0.0,0.0,0.0
25.86,4.836110871889256,-0.9840373176219508,5.216854134659481,-0.13991759179085447,-0.14478270417400946,0.005915729672241849,0.9795029556984267,0.10552096604447968,-0.10330277499507289,-0.04291826468066945,-0.16949042902193767,-0.1387884259382483,0.01304735105792311,4.749945269059003,-0.8999479257903997,5.200002595307288,-0.13922056481063458,-0.14013601058995578,0.019906106568503952,0.9800935056365913,0.0005154492580050785,-0.0005302680047450955,-0.00033416390027521923,-0.06301059117698185,-0.05304097737551151,0.018057201070128894,0.0,0.0,0.0,0.0,nan,nan,0.0,0.0,0.0,0.0,0.0
