time,px,py,pz,qx,qy,qz,qw,vx_b,vy_b,vz_b,wx_b,wy_b,wz_b,ref_px,ref_py,ref_pz,ref_qx,ref_qy,ref_qz,ref_qw,ref_vx_b,ref_vy_b,ref_vz_b,ref_wx_b,ref_wy_b,ref_wz_b,u0,u1,u2,u3,u4,u5,cmd_wx,cmd_wy,cmd_wz,cmd_thrust_norm,solve_ms
0.006,-4.814488741842716,4.303504019942851,1.2011172324754427,0.0013245041492628933,0.0014544994909201432,-0.0009477656372097041,0.9999976159273015,-0.0006586138775630895,0.005526680850061769,0.00684917742300098,0.01588303037820065,-0.007734193816374783,-0.0006004523300624787,-5.000057404828065,4.49997240359841,1.2024382163746135,0.01549392381271025,-0.005914671284053257,-9.398544759119276e-05,0.9998624636194836,-0.0006146282646761545,0.00014728233047296197,0.01780181209026253,0.38363783198677365,-0.011748811063095567,-0.004821238195763511,0.0,0.0,0.0,0.0,nan,nan,0.0,0.0,0.0,0.0,0.0
0.026,-4.814495212311855,4.303603283116128,1.2012538749785693,0.0014569855871691222,0.0013620817655944863,-0.0009553530905309488,0.9999975546103775,-0.00011358631277152711,0.004988348918510896,0.010924107298055845,0.015580438515341175,-0.013141467787582895,-0.0009035328639295642,-5.000250373900866,4.49984062446776,1.2105650006830655,0.01925977727540459,-0.006067570319433088,-0.00012623567548479504,0.9997960940283147,-0.002663389146919014,0.0006382234320507869,0.07714118572447812,0.4092740723579103,0.00013603676744371185,-0.0035374402943328526,0.0,0.0,0.0,0.0,nan,nan,0.0,0.0,0.0,0.0,0.0
0.046,-4.8144886225714325,4.303695216283642,1.2022295122793667,0.002063089217727209,0.001053600585227891,-0.0009666803505272116,0.9999968495539306,0.0005020727982252328,0.004612889760253359,0.09456319389763079,0.11696933774318014,-0.05160258945856674,-0.0010753325370090232,-5.00044583562962,4.499647634809744,1.218690502249303,0.02302535704750742,-0.006220383131754051,-0.00015848410950943404,0.9997155168593294,-0.004712150029161874,0.001129164533628612,0.13648055935869371,0.43491031272904684,0.012020884597982994,-0.0022536423929021923,0.0,0.0,0.0,0.0,nan,nan,0.0,0.0,0.0,0.0,0.0
0.066,-4.814467188925441,4.303764808542734,1.20560891400032,0.003952148145646423,0.0002919628957085779,-0.0009814144976195754,0.9999916660194156,0.0011774360242780477,0.004491932299750459,0.24430035559102417,0.24796304953285214,-0.0957922807342668,-0.0011446973977643805,-5.000643791062201,4.499393446088504,1.2268142592458624,0.026790609618339952,-0.006373107549473431,-0.0001907302913995309,0.9996207332575673,-0.006760910911404735,0.001620105635206437,0.1958199329929093,0.46054655310018344,0.02390573242852228,-0.0009698444914715324,0.0,0.0,0.0,0.0,nan,nan,0.0,0.0,0.0,0.0,0.0
0.086,-4.814438631585821,4.303779880112148,1.2128067898581587,0.007096300215007517,-0.000887823378987599,-0.0009990582500544786,0.9999739277478785,0.001997851251009408,0.004775981284256838,0.42881130336266504,0.33795906496670375,-0.12301607845471568,-0.0011547816547221165,-5.000844241104735,4.4990780732468405,1.2349358099444436,0.030555481481873082,-0.0065257414023046495,-0.00022297376292151034,0.9995117445699486,-0.008809671793647592,0.0021110467367842617,0.2551593066271248,0.48618279347132,0.03579058025906155,0.0003139534099591266,0.0,0.0,0.0,0.0,nan,nan,0.0,0.0,0.0,0.0,0.0
0.106,-4.814422464674189,4.303696659070805,1.2229720341772436,0.010786391850857379,-0.0021848193563322226,-0.0010162271722263768,0.999938921933512,0.0028017288300663415,0.0053591628981418515,0.5736848406960833,0.39568161055026363,-0.13325031434959156,-0.0011089971253139767,-5.001047186521551,4.498701534705363,1.2430546927421575,0.03431991913748774,-0.0066782825212480905,-0.0002552140658803131,0.9993885523452544,-0.010858432675890454,0.002601987838362087,0.3144986802613404,0.5118190338424566,0.04767542808960083,0.0015977513113897865,0.0,0.0,0.0,0.0,nan,nan,0.0,0.0,0.0,0.0,0.0
0.126,-4.814432726739274,4.303482362278873,1.2355788778692312,0.015055099657877928,-0.00353317801987538,-0.0010318307799711847,0.999879890763192,0.0034412767095111036,0.006031558882046057,0.6716876335293024,0.45461564497936685,-0.13486097247943563,-0.0010046142867569865,-5.001252627935136,4.498263852361442,1.251170446187762,0.03808386909073519,-0.006830728738621932,-0.0002874507421259066,0.9992511583341046,-0.012907193558133315,0.0030929289399399124,0.3738380538955561,0.5374552742135932,0.05956027592014012,0.0028815492128204468,0.0,0.0,0.0,0.0,nan,nan,0.0,0.0,0.0,0.0,0.0
0.146,-4.814479177775377,4.303115758426296,1.2495455154432076,0.01986499898041531,-0.0048851110135175,-0.0010443695747410285,0.999790191389216,0.003727549219259693,0.006240933942766036,0.7156420744094003,0.5024232349091936,-0.13370291747331667,-0.000883414483174321,-5.0014605658261,4.497765051587969,1.2592826090078932,0.04184727785409712,-0.006983077888092952,-0.00031968333355979537,0.9990995644889338,-0.014955954440376173,0.0035838700415177366,0.4331774275297716,0.5630915145847297,0.07144512375067939,0.004165347114251105,0.0,0.0,0.0,0.0,nan,nan,0.0,0.0,0.0,0.0,0.0
0.166,-4.814567947560023,4.302580300717488,1.26399029829607,0.025072777288422027,-0.006193752514485843,-0.0010529974937545164,0.9996658864166131,0.0034774083658886054,0.0052640847307876305,0.7231893138064731,0.534041551076747,-0.12643953003378755,-0.0007937921113526349,-5.00167100053315,4.497205161231907,1.2673907201332848,0.04561009194774583,-0.007135327804707306,-0.00035191138214153136,0.9989337729639621,-0.017004715322619036,0.0040748111430955625,0.49251680116398733,0.5887277549558664,0.0833299715812187,0.005449145015681767,0.0,0.0,0.0,0.0,nan,nan,0.0,0.0,0.0,0.0,0.0
0.186,-4.814703294400003,4.301860074113374,1.2782974361954296,0.030486992143187272,-0.007420415055591946,-0.001057529232985793,0.9995070596961211,0.0025951670308885823,0.002399567299924077,0.7087583072122786,0.5456516071018831,-0.11862465801624676,-0.0007322783477810368,-5.00188393225307,4.496584213612659,1.2754943187249748,0.04937225790030412,-0.007287476324921297,-0.00038413442989522224,0.9987537861151663,-0.019053476204861895,0.004565752244673387,0.5518561747982028,0.6143639953270029,0.09521481941175797,0.006732942917112425,0.0,0.0,0.0,0.0,nan,nan,0.0,0.0,0.0,0.0,0.0
0.206,-4.81489228241521,4.300922869418103,1.2923034239819993,0.03593295032158986,-0.008575942233396599,-0.0010591807849849734,0.9993168438648776,0.0011195133325645635,-0.0027144486701199816,0.695053792084362,0.5412078991293475,-0.11178894180765232,-0.0006912287047850363,-5.002099361040707,4.495902244520221,1.2835929442005016,0.05313372224960523,-0.0074395212866321175,-0.00041635201891604005,0.9985596065002449,-0.021102237087104757,0.005056693346251213,0.6111955484324184,0.6400002356981396,0.10709966724229725,0.008016740818543085,0.0,0.0,0.0,0.0,nan,nan,0.0,0.0,0.0,0.0,0.0
0.226,-4.815144783835716,4.299722488473885,1.306095000476325,0.04124644833804826,-0.009669461125528125,-0.0010594873358771265,0.9991016512385632,-0.0008906787578739205,-0.01022472857014721,0.6929174509259018,0.5202349322995172,-0.10618330412669129,-0.0006724023710338765,-5.002317286808974,4.495159293213159,1.2916861362600847,0.05689443154345247,-0.007591460529208578,-0.00044856369137672824,0.9983512368785825,-0.023150997969347616,0.005547634447829038,0.6705349220666341,0.6656364760692761,0.11898451507283654,0.009300538719973744,0.0,0.0,0.0,0.0,nan,nan,0.0,0.0,0.0,0.0,0.0
0.246,-4.815458077732045,4.298272038681429,1.3193659078310023,0.04605769198262172,-0.010624156042812463,-0.0010585613020386248,0.9988817226106311,-0.0032824482713160463,-0.019435537054533353,0.7122309725811189,0.49316952819506693,-0.09325068596809295,-0.0006981747177372474,-5.0025377093288474,4.494355402416368,1.2997734349127874,0.06065433234037889,-0.007743291893521806,-0.00048076898953410707,0.9981286802112107,-0.025199758851590474,0.006038575549406863,0.7298742957008496,0.6912727164404127,0.1308693629033758,0.010584336621404402,0.0,0.0,0.0,0.0,nan,nan,0.0,0.0,0.0,0.0,0.0
0.266,-4.815879621296494,4.296351744592612,1.3338170831114482,0.05080799807426773,-0.011467040292480293,-0.0010533294207806423,0.9986420503943078,-0.006333358794763204,-0.031148917251320324,0.7461917064924543,0.4599240257565585,-0.07546278903280255,-0.0006514504739580772,-5.002760628229389,4.49349061831865,1.3078543805026643,0.06441337121040662,-0.007895013221975932,-0.0005129674557355786,0.9978919396607654,-0.027248519733833337,0.006529516650984688,0.7892136693350652,0.7169089568115493,0.14275421073391512,0.011868134522835064,0.0,0.0,0.0,0.0,nan,nan,0.0,0.0,0.0,0.0,0.0
0.286,-4.816409597812869,4.293956074573328,1.3490713168832014,0.055227801070422605,-0.012136368575066694,-0.0010429221956056488,0.9983994745892196,-0.009857865879707349,-0.044691539125257945,0.7933405213988987,0.4239637591173856,-0.058631329005493824,-0.0006702394819677604,-5.00456495964008,4.490474634417499,1.325372103057213,0.07224121878247922,-0.006190290058905852,-0.00018688786813649845,0.9973679620334379,-0.03674328860322586,-0.0015721716492538389,0.8535467564672296,0.7337336852029593,0.1621514237179692,0.014779975910258331,0.0,0.0,0.0,0.0,nan,nan,0.0,0.0,0.0,0.0,0.0
0.306,-4.817089908490547,4.290882172515819,1.365972971839697,0.05936515064574714,-0.012653392561221959,-0.0010278786270528457,0.9981556061111051,-0.014029426682957761,-0.06105829829984648,0.8363312361708888,0.36327845561610467,-0.039253330632718846,-0.0006638895679767268,-5.0074567542325505,4.485410865163625,1.3500719935815073,0.08318707213509552,-0.0030591944688597673,0.00041437437611461353,0.9965291669854267,-0.051956983727786996,-0.016273451834404158,0.921715278544333,0.7437907083628466,0.1873185287554558,0.01894224043081115,0.0,0.0,0.0,0.0,nan,nan,0.0,0.0,0.0,0.0,0.0
0.326,-4.81781500197214,4.287592558244232,1.381880360443649,0.06255007574786908,-0.012904103475106522,-0.0010084201454898284,0.9979578925116278,-0.018287128714569237,-0.07781109417098461,0.8689055235734535,0.3208009716485345,-0.013278019184146016,-0.0006536121460320142,-5.010187543451616,4.479800994615187,1.374672013288907,0.09412205455465442,7.230089842846499e-05,0.001015582469690773,0.9955601449491829,-0.06717067885234813,-0.030974732019554474,0.9898838006214365,0.7538477315227341,0.21248563379294239,0.023104504951363975,0.0,0.0,0.0,0.0,nan,nan,0.0,0.0,0.0,0.0,0.0
0.346,-4.818699218957053,4.283550793160263,1.3994992963241855,0.06609405855626582,-0.012927096030000957,-0.0009696689899629599,0.9977291843751198,-0.023191690924468922,-0.09561216662471703,0.9335067675753299,0.4076055201665768,0.00687943548514981,-0.000526308578437832,-5.012757007186637,4.4736476451087235,1.3991592134738884,0.10504473705154466,0.003203786817394896,0.0016166578463824568,0.9944610225570474,-0.08238437397690923,-0.04567601220470475,1.0580523226985399,0.7639047546826214,0.23765273883042892,0.027266769471916787,0.0,0.0,0.0,0.0,nan,nan,0.0,0.0,0.0,0.0,0.0
0.366,-4.819720265278002,4.278820684443579,1.4185220309339674,0.07093955100156975,-0.012750481354736809,-0.0008992809857964372,0.9973987149694082,-0.028432221129044075,-0.1115643989145339,1.019470672208509,0.5682950733422022,0.02896387777596563,-0.0003786406356394399,-5.015164909652634,4.466953723060029,1.4235207044022755,0.11595369224351593,0.006334854063710305,0.0022175219573236636,0.9932319434429484,-0.09759806910147037,-0.06037729238985507,1.1262208447756432,0.7739617778425087,0.2628198438679155,0.03142903399246961,0.0,0.0,0.0,0.0,nan,nan,0.0,0.0,0.0,0.0,0.0
0.386,-4.820954914586067,4.272961479554467,1.4407055452393307,0.07815995374053564,-0.012317447772481628,-0.0007786052441845703,0.9968644320495758,-0.03436479079696653,-0.12446457830333893,1.1557064558898715,0.808907844268119,0.05551965029666688,-0.00020880024125595129,-5.017411099513537,4.45972241744495,1.4477436620487676,0.12684749454220962,0.009465093467757826,0.0028180962812567123,0.9918730682236312,-0.11281176422603151,-0.07507857257500539,1.1943893668527468,0.7840188010023961,0.2879869489054021,0.035591298513022424,0.0,0.0,0.0,0.0,nan,nan,0.0,0.0,0.0,0.0,0.0
0.406,-4.822298997462152,4.266330187584208,1.464702721420845,0.08757918558299065,-0.01161428685698115,-0.0006076264573643998,0.9960896673410041,-0.04061566516972649,-0.1312523567612926,1.3101597074016076,1.045356406643267,0.08293766967038797,-8.005627716592412e-05,-5.019495509961289,4.451957198132499,1.4718153348001257,0.1377247203394557,0.012594095968103501,0.003418302334793455,0.9903845744776687,-0.12802545935059262,-0.0897798527601557,1.26255788892985,0.7940758241622836,0.31315405394288875,0.03975356303357525,0.0,0.0,0.0,0.0,nan,nan,0.0,0.0,0.0,0.0,0.0
0.426,-4.823792350491387,4.25858491994846,1.4912777221131572,0.09866564841321933,-0.010615818697595418,-0.00038970207179625196,0.9950639388244727,-0.04755693470105744,-0.13496834373952327,1.4363011421214193,1.1631381167527686,0.12067794191653172,-3.477683268478249e-06,-5.021418158750768,4.443661814071128,1.4957230501205054,0.14858394819331067,0.01572145266495262,0.004018061682671518,0.9887666567222549,-0.14323915447515373,-0.10448113294530598,1.3307264110069534,0.8041328473221709,0.3383211589803753,0.04391582755412806,0.0,0.0,0.0,0.0,nan,nan,0.0,0.0,0.0,0.0,0.0
0.446,-4.825408774098126,4.249697883150284,1.5198153160232455,0.11061926896637331,-0.00922889089234534,-0.00012386777262050859,0.9938199985726877,-0.055397094147254605,-0.13819957835232466,1.5279930170385925,1.221044125241197,0.156314188228528,-7.515284853616688e-05,-5.0231791481905,4.434840291329141,1.5194542211754574,0.15942375901381226,0.018846754873585003,0.004617295948004282,0.987019526387786,-0.15845284959971487,-0.11918241313045629,1.398894933084057,0.8141898704820583,0.3634882640178619,0.04807809207468089,0.0,0.0,0.0,0.0,nan,nan,0.0,0.0,0.0,0.0,0.0
0.466,-4.82711427692572,4.23973088288846,1.5493779529803093,0.12287879674840586,-0.007447009026791365,0.00018775100131780643,0.9923937263585357,-0.06405198024594416,-0.14367815640275422,1.5734117617606644,1.247912426356947,0.20009456428131642,-0.00023966914992007426,-5.024778665089193,4.4254969309902386,1.5429963534111295,0.1702427362484271,0.02196959417776215,0.005215926822523201,0.9851434117902301,-0.173666544724276,-0.13388369331560657,1.4670634551611603,0.8242468936419456,0.3886553690553485,0.052240356595233704,0.0,0.0,0.0,0.0,nan,nan,0.0,0.0,0.0,0.0,0.0
0.486,-4.828879833074304,4.228728148673523,1.5792667301447942,0.13548117798685538,-0.005282456436599422,0.0005467904354236938,0.9907656872770217,-0.07323898869320254,-0.15197916385472665,1.5923623850819602,1.284512028564453,0.23204082050463476,-0.00048453896048931966,-5.026216980658081,4.41563630690533,1.5663370510852361,0.1810394660671663,0.02508956248309928,0.00581387607681118,0.9831385581012909,-0.1888802398488371,-0.14858497350075686,1.5352319772382639,0.8343039168018329,0.413822474092835,0.05640262111578651,0.0,0.0,0.0,0.0,nan,nan,0.0,0.0,0.0,0.0,0.0
0.506,-4.830589369267023,4.217352424694205,1.607452423436869,0.14776655398359267,-0.0029416711468611815,0.0009265333779753267,0.989017458708681,-0.0820651930451419,-0.16312657204166592,1.5923249937659565,1.3307638289632444,0.2613675669992454,-0.00061406552962813,-5.027494450369165,4.405263263301748,1.5894640237463755,0.19181253754734578,0.028206252070395326,0.006411065570525636,0.9810052273163684,-0.20409393497339823,-0.16328625368590716,1.603400499315367,0.8443609399617205,0.43898957913032166,0.060564885636339334,0.0,0.0,0.0,0.0,nan,nan,0.0,0.0,0.0,0.0,0.0
0.526,-4.832402542874033,4.204331254010525,1.6368200083298106,0.16133030579194776,-0.00028394077844363214,0.0013547821602690596,0.9868994965932495,-0.09095715568871528,-0.17732627372304754,1.6003683833354687,1.4019220674766806,0.2685894008472274,-0.0007582695077850282,-5.028611513769407,4.394382912251152,1.6123650926583126,0.2025605428579664,0.031319255648913975,0.0070074172626099236,0.9787436982203214,-0.21930763009795937,-0.1779875338710575,1.6715690213924708,0.8544179631216078,0.46415668416780825,0.06472715015689216,0.0,0.0,0.0,0.0,nan,nan,0.0,0.0,0.0,0.0,0.0
0.546,-4.834208244243514,4.190125797553689,1.665894749820858,0.17538912260636588,0.0024230905161160077,0.001789917737239268,0.9844945812437028,-0.09900899529519873,-0.19466362035302975,1.6161160175039528,1.4498023632500228,0.2784537295706624,-0.0008527291368953943,-5.029568694250973,4.383000630997421,1.6350281971658664,0.21328207744368993,0.034428166409608545,0.0076028532214917795,0.9763542663510354,-0.2345213252225205,-0.1926888140562078,1.739737543469574,0.8644749862814952,0.48932378920529485,0.06888941467744499,0.0,0.0,0.0,0.0,nan,nan,0.0,0.0,0.0,0.0,0.0
0.566,-4.835981947562544,4.17450660543024,1.6949912019372655,0.1899067696722742,0.0052341115098302185,0.002240325855250052,0.9817856201072649,-0.10646985137769704,-0.2146137980546866,1.6561139609312936,1.4863401783970507,0.2825760409986447,-0.0010439905203495775,-5.031617287376516,4.351456056937499,1.669882533177785,0.22042267992125492,0.04034349852999065,0.009629385843490382,0.9745222004813281,-0.24582845611753368,-0.27133942026760177,1.8408500917495239,0.8154639261495215,0.4997739435925164,0.062475687842953834,0.0,0.0,0.0,0.0,nan,nan,0.0,0.0,0.0,0.0,0.0
0.586,-4.837696729124517,4.157296412044229,1.724228629265437,0.20440117054092005,0.00805587912624673,0.0026913257932584702,0.978850356826047,-0.11313060101626575,-0.23858440776304546,1.7049352688286734,1.4745621526403059,0.2886041669241961,-0.0011013524243185802,-5.033276386250706,4.3154102680211635,1.706826667087218,0.22682076844046334,0.04682591684054949,0.01194586784241442,0.9727368445564356,-0.25634217469206605,-0.362977956581848,1.948653480046357,0.7544563027263363,0.5072351262696324,0.053914006604200364,0.0,0.0,0.0,0.0,nan,nan,0.0,0.0,0.0,0.0,0.0
0.606,-4.839393416883157,4.137123316747131,1.7556251466757005,0.21976696187750983,0.011228888204230892,0.003206205476807753,0.9754825035761874,-0.12017862228571494,-0.2658875755234916,1.8047416804016039,1.5106018516550743,0.32056971905302845,-0.001296830782194655,-5.034249214009685,4.27886643402597,1.7433029928489583,0.2331981003941619,0.05330405007079078,0.014261256664597422,0.9708624726380928,-0.2668558932665984,-0.45461649289609424,2.05645686834319,0.6934486793031513,0.5146963089467484,0.04535232536544688,0.0,0.0,0.0,0.0,nan,nan,0.0,0.0,0.0,0.0,0.0
0.626,-4.840862323770739,4.115478935348622,1.7867561239871446,0.23481018069186524,0.014802040587128463,0.003812607407766976,0.9719210578347733,-0.12856912778559648,-0.2917348833753427,1.9355221502542523,1.572387007615021,0.3999472039050747,-0.0017775479056804655,-5.034538022055589,4.24183560543921,1.7792968098469397,0.23955409218716495,0.05977730540111646,0.016575340426797397,0.9688992562517017,-0.2773696118411308,-0.5462550292103404,2.1642602566400235,0.6324410558799662,0.5221574916238645,0.036790644126693396,0.0,0.0,0.0,0.0,nan,nan,0.0,0.0,0.0,0.0,0.0
0.646,-4.842079193742825,4.092453399432906,1.8176231932056477,0.24919050652795793,0.018876236715890803,0.004543790833069603,0.9682598479275338,-0.1388931310608243,-0.3169664979217165,2.0623045132643494,1.5510257680816684,0.4718363150381016,-0.002672728928155177,-5.034145312165776,4.204329011005291,1.8147935940802402,0.24588816217714332,0.06624509045830933,0.018887907365199515,0.9668473750528989,-0.28788333041566316,-0.6378935655245866,2.272063644936857,0.5714334324567814,0.5296186743009806,0.02822896288793993,0.0,0.0,0.0,0.0,nan,nan,0.0,0.0,0.0,0.0,0.0
0.666,-4.843109023172972,4.065316782832519,1.8516650725114445,0.2641988632429292,0.02413124722921721,0.005551159741226339,0.9641503141076259,-0.15374402188799763,-0.3440079381429588,2.2277216762358645,1.5583444249404839,0.591427411359232,-0.0044616617523236535,-5.03307383557709,4.166358053615619,1.8497790034793753,0.25219973072785135,0.07270681336974164,0.02119874585479483,0.9647070168111148,-0.2983970489901955,-0.7295321018388328,2.3798670332336895,0.5104258090335961,0.5370798569780967,0.01966728164918644,0.0,0.0,0.0,0.0,nan,nan,0.0,0.0,0.0,0.0,0.0
0.686,-4.843799595141247,4.034883247748783,1.8874847237733419,0.27910612253679196,0.030557430327533185,0.006856653908356866,0.9597494475702688,-0.17396948401692786,-0.37098146273577237,2.391135021020061,1.5419219179632309,0.7141137981576164,-0.007152058861977617,-5.031326591978811,4.1279343061347396,1.884238883155998,0.2584882202621693,0.07916188281753787,0.023507644428746227,0.9624783773923912,-0.3089107675647279,-0.8211706381530791,2.487670421530523,0.44941818561041125,0.5445410396552127,0.011105600410432973,0.0,0.0,0.0,0.0,nan,nan,0.0,0.0,0.0,0.0,0.0
0.706,-4.844102568481896,4.001301196896596,1.9244702085524492,0.2933317301420872,0.03801164634815998,0.008449933581039142,0.9552173624135128,-0.19884783845007697,-0.4018536047748167,2.519187593936975,1.4348822045012806,0.8039456106459733,-0.010641544614821474,-5.028906828414662,4.089069507164265,1.9181592705840873,0.26475305531495863,0.08560970809268674,0.025814391797739956,0.9601616607414567,-0.3194244861392602,-0.9128091744673248,2.5954738098273555,0.38841056218722647,0.5520022223323288,0.0025439191716795373,0.0,0.0,0.0,0.0,nan,nan,0.0,0.0,0.0,0.0,0.0
0.726,-4.84397005479319,3.964747056741665,1.9620374598366326,0.3064857756470056,0.04631410602670969,0.010305326063807688,0.9506919970020357,-0.22737691250788739,-0.4391735816100324,2.6215184600646935,1.3393620934157733,0.8944639958738703,-0.014828985784259285,-5.025818038094283,4.049775556746132,1.9515264007107198,0.27099366258572255,0.09204969914909754,0.028118776869320936,0.957757078863064,-0.3299382047137926,-1.0044477107815708,2.703277198124189,0.3274029387640415,0.5594634050094448,-0.00601776206707394,0.0,0.0,0.0,0.0,nan,nan,0.0,0.0,0.0,0.0,0.0
0.746,-4.843393363016963,3.92560929451766,1.9993863500992883,0.3183683920872696,0.0553013056839777,0.012399485343093378,0.9462714120550406,-0.25805678684874356,-0.48544452778607683,2.6802273713677427,1.2007929153991435,0.9533848280422963,-0.019210237576025246,-5.022063959114587,4.0100645120067755,1.9843267109945646,0.2772094709910701,0.09848126665759564,0.030420588767209943,0.9552648518025892,-0.34045192328832496,-1.0960862470958173,2.811080586421022,0.2663953153408563,0.5669245876865608,-0.014579443305827427,0.0,0.0,0.0,0.0,nan,nan,0.0,0.0,0.0,0.0,0.0
0.766,-4.842337210788094,3.8840765400028157,2.0360746477693357,0.3292304415063617,0.06482644510803114,0.014684035127112699,0.9419072287187137,-0.28969294981761573,-0.5391327634422567,2.731147878005208,1.1323290038610752,1.01056857877298,-0.024179430629307108,-5.017648573091486,3.969948582743786,2.016546846370247,0.2833999117169756,0.10490382205985266,0.03271961685060111,0.9526852076258951,-0.35096564186285734,-1.1877247834100635,2.918883974717855,0.20538769191767126,0.5743857703636769,-0.023141124544580907,0.0,0.0,0.0,0.0,nan,nan,0.0,0.0,0.0,0.0,0.0
0.786,-4.84075805736493,3.840258428032182,2.0718172514053763,0.33931614824597006,0.07479033160347788,0.017119916754460684,0.9375381945758161,-0.3214204982186566,-0.5990881111460753,2.776041891543267,1.06158586648284,1.0498987625892395,-0.02966277323850275,-5.012576103702484,3.929440126956704,2.048173664136775,0.289564418270832,0.11131677762224579,0.035015650733437854,0.9500183823984607,-0.3614793604373897,-1.2793633197243097,3.026687363014688,0.14438006849448623,0.5818469530407929,-0.031702805783334384,0.0,0.0,0.0,0.0,nan,nan,0.0,0.0,0.0,0.0,0.0
0.806,-4.838529957957762,3.793924896437742,2.106770981691452,0.34901469511693806,0.08513124171332083,0.019654986152981925,0.9330354204402452,-0.35311417882640067,-0.6620173705139256,2.8472108003434995,1.055610680994902,1.0905038550701944,-0.036140806138255877,-5.006851015140659,3.8885516463235543,2.079194238768224,0.2957024265332909,0.11771954648964207,0.03730848030366551,0.9472646201637785,-0.371993079011922,-1.371001856038556,3.134490751311521,0.0833724450713012,0.589308135717909,-0.04026448702208786,0.0,0.0,0.0,0.0,nan,nan,0.0,0.0,0.0,0.0,0.0
0.826,-4.835531662822773,3.7449019724611996,2.1410175492105963,0.35836210336182206,0.0957039797790257,0.022234142519976012,0.9283980795084337,-0.38417405736537047,-0.727765794462762,2.925740122795287,1.006677520665154,1.0992028164728844,-0.043090047580499835,-4.9996369241625604,3.8433916571042044,2.1092187822136697,0.3006292225628658,0.12400667263185892,0.03941086363158054,0.9448233694780389,-0.3774580236919324,-1.4690405611177542,3.235092023005928,0.021076732932622043,0.5928891455944731,-0.05028970275747973,0.0,0.0,0.0,0.0,nan,nan,0.0,0.0,0.0,0.0,0.0
0.846,-4.8314708449293855,3.690538508729189,2.1760739448655113,0.36741725722904933,0.10675538922726546,0.02492351543275554,0.9235727715452046,-0.4144289712919922,-0.8023721961035464,2.9981198419464885,0.9216113347614783,1.0862667074126113,-0.050132000655728315,-4.983914519549195,3.761863786848426,2.1359312602776788,0.29448148841094723,0.1293054195621212,0.039764706716496394,0.9460335773929421,-0.33580530757866317,-1.6268088138429626,3.268479572288454,-0.0532400616384021,0.5602584593928907,-0.07397334792792591,0.0,0.0,0.0,0.0,nan,nan,0.0,0.0,0.0,0.0,0.0
0.866,-4.826621623564009,3.635920674661172,2.2085806898388776,0.3751485065958984,0.1170982759978919,0.027442587517124934,0.9191292053610057,-0.4402308181609076,-0.8792307339295855,3.088369164499208,0.8414967842825757,1.0683414002592044,-0.05732245574471334,-4.967517628124756,3.6807649721123736,2.1635295993511106,0.28831388819552706,0.1345954433984804,0.040115867228076266,0.9471799647830833,-0.29415259146539396,-1.784577066568171,3.3018671215709805,-0.12755685620942625,0.527627773191308,-0.09765699309837211,0.0,0.0,0.0,0.0,nan,nan,0.0,0.0,0.0,0.0,0.0
0.886,-4.820650913113401,3.5782887758738666,2.2403803212611044,0.3822627481466041,0.1274214279623179,0.02995195757564189,0.914735946223191,-0.46466372540654305,-0.959863034739207,3.1835078779492827,0.7816114106159548,1.0803017060478044,-0.06498299723166606,-4.950440621873297,3.6001099463460777,2.1920021615069007,0.2821268379900848,0.13987638726977958,0.040464321476623856,0.9482624543118363,-0.2524998753521248,-1.9423453192933797,3.335254670853507,-0.2018736507804504,0.49499708698972555,-0.1213406382688183,0.0,0.0,0.0,0.0,nan,nan,0.0,0.0,0.0,0.0,0.0
0.906,-4.813569424108323,3.5178797313477266,2.271137680750934,0.38833764751097727,0.13780971716753265,0.03256073870820524,0.9105724307679324,-0.48816741010868403,-1.0481359441691236,3.252351758441206,0.6462223844458818,1.0914153469039496,-0.07239032049101074,-4.9326780563011265,3.51991332324751,2.2213370729175415,0.27592075518021897,0.14514789491740696,0.04081004595501054,0.9492809729531995,-0.21084715923885564,-2.1001135720185884,3.3686422201360333,-0.2761904453514745,0.462366400788143,-0.1450242834392645,0.0,0.0,0.0,0.0,nan,nan,0.0,0.0,0.0,0.0,0.0
0.926,-4.805820348111552,3.4581116987850877,2.299131896634824,0.3928727723857976,0.1478376241344282,0.035227364827254165,0.9069476580131359,-0.5100769744012074,-1.14086299815962,3.307162939808205,0.5100885569711593,1.119493210886166,-0.07989507408823504,-4.914224671905947,3.4401895928192205,2.2515222270591178,0.2696960584354894,0.1504096107193291,0.041153017340261146,0.9502354519967213,-0.1691944431255864,-2.2578818247437966,3.4020297694185593,-0.3505072399224987,0.4297357145865604,-0.16870792860971068,0.0,0.0,0.0,0.0,nan,nan,0.0,0.0,0.0,0.0,0.0
0.946,-4.796591365510766,3.392870066754518,2.3270885570906814,0.3961068933389713,0.15854601361975476,0.03828439595097492,0.9036021224196534,-0.5322805802157407,-1.249687359707426,3.3537762042605435,0.3319031895489779,1.135675405565459,-0.08812066060978685,-4.895075395596077,3.3609531174583562,2.282545287978132,0.26345316768117394,0.15566117971408203,0.04149321249512738,0.951125827052136,-0.12754172701231742,-2.4156500774690044,3.4354173187010852,-0.42482403449352246,0.3971050283849781,-0.19239157378015675,0.0,0.0,0.0,0.0,nan,nan,0.0,0.0,0.0,0.0,0.0
0.966,-4.7856649249398675,3.3218674045807854,2.354674165698578,0.3976964961030429,0.16980849202193193,0.04174674816889411,0.9006996069955415,-0.5533344336614412,-1.3767312646544227,3.402015381901792,0.15045337396755012,1.1402178122618194,-0.09705520497997372,-4.875225342059383,3.282218128081106,2.314393693620239,0.2571925040699395,0.1609022476247172,0.041830608469648645,0.9519520380537075,-0.08588901089904823,-2.573418330194213,3.4688048679836117,-0.49914082906454665,0.3644743421833955,-0.21607521895060294,0.0,0.0,0.0,0.0,nan,nan,0.0,0.0,0.0,0.0,0.0
0.986,-4.7737787218588394,3.2514477309628984,2.379639572315055,0.39767241255127894,0.18052719137845805,0.0452436242438373,0.898454005463793,-0.5711733351317558,-1.50701154586092,3.505091995530315,0.011427415208409536,1.1420138304374592,-0.10811416856936695,-4.854669815081522,3.2039987202826343,2.3470546592199932,0.25091448995343013,0.16613246088270134,0.04216518250270035,0.9527140292642813,-0.044236294785779076,-2.7311865829194213,3.502192417266138,-0.5734576236355707,0.331843655981813,-0.2397588641210491,0.0,0.0,0.0,0.0,nan,nan,0.0,0.0,0.0,0.0,0.0
1.006,-4.759812860576792,3.177319759282534,2.404243878475206,0.39664789504800213,0.19119187922022698,0.04879058203233374,0.8965130181872282,-0.5876573723281252,-1.6422347277358962,3.6757660856619654,-0.07999223993290294,1.1331399589231332,-0.12194117792036452,-4.833404308813178,3.12630885053352,2.380515180750689,0.2446195488537757,0.1713514666517686,0.042496912023529294,0.9534117492790444,-0.0025835786725098564,-2.88895483564463,3.5355799665486645,-0.6477744182065949,0.29921296978023043,-0.2634425092914953,0.0,0.0,0.0,0.0,nan,nan,0.0,0.0,0.0,0.0,0.0
1.026,-4.743354857128922,3.0990145218637295,2.428939298439862,0.3943389152750374,0.2015680542781467,0.05235595759439319,0.8950564189472098,-0.6018766408312552,-1.7865160113788545,3.8596945044721025,-0.25678058375674395,1.0826557585470151,-0.13581555172274057,-4.8114245089859144,3.0491623324137422,2.414762038433371,0.2383081054350197,0.17655891285172354,0.04282577465327645,0.9540451510289939,0.03906913744075936,-3.0467230883698386,3.56896751583119,-0.7220912127776191,0.2665822835786479,-0.2871261544619415,0.0,0.0,0.0,0.0,nan,nan,0.0,0.0,0.0,0.0,0.0
1.046,-4.725216869667522,3.020693794067847,2.4525787508507366,0.39023258054541865,0.21072536327295818,0.055781302961141394,0.8945399938484028,-0.6099546105133551,-1.9394061193646421,4.025315154975018,-0.5203166016522136,0.9954946156059713,-0.14752405168522637,-4.788726294076341,2.9725728328852252,2.4497818003040566,0.23198058547447137,0.18175444818219258,0.04315174820648655,0.9546141917841114,0.0807218535540285,-3.204491341095047,3.6023550651137164,-0.7964080073486433,0.2339515973770654,-0.31080979963238764,0.0,0.0,0.0,0.0,nan,nan,0.0,0.0,0.0,0.0,0.0
1.066,-4.703494600049002,2.9343927890555874,2.477468206336202,0.38325169753047034,0.21932904728409702,0.05951987972311968,0.8952487303957536,-0.6098690762902654,-2.1237882733466313,4.17019354001499,-0.8300065496695915,0.8886204455375409,-0.15756298198949348,-4.765305736418259,2.8965538686039394,2.485560825838225,0.22563741583398197,0.18693772214632315,0.043474810692604775,0.955118833156246,0.1223745696672977,-3.3622595938202555,3.635742614396243,-0.8707248019196673,0.20132091117548281,-0.33449344480283383,0.0,0.0,0.0,0.0,nan,nan,0.0,0.0,0.0,0.0,0.0
1.086,-4.679006696886425,2.8443057943191015,2.5023398475186203,0.37354641516073545,0.22681372425996346,0.06342969084873537,0.8972152944119504,-0.5998965138472561,-2.332334732123737,4.296138367609968,-1.1331393534503218,0.7793037336545162,-0.16542324967795408,-4.7411591032625156,2.821118802272569,2.522085269631569,0.2192790244311486,0.1921083850744289,0.043794940317460306,0.9555590411017044,0.1640272857805669,-3.520027846545464,3.669130163678769,-0.9450415964906915,0.16869022497390027,-0.35817708997328007,0.0,0.0,0.0,0.0,nan,nan,0.0,0.0,0.0,0.0,0.0
1.106,-4.6518317690398945,2.750804649682797,2.527015817645371,0.36103617337830707,0.23293221633020603,0.06750633366511637,0.9004656345596656,-0.5773254151136078,-2.5661352511342974,4.380847461248832,-1.4467818424515886,0.6400076665245442,-0.16950928401325127,-4.708966763229996,2.735101681331502,2.546939702899317,0.20989367193688047,0.19481567477031989,0.04290033476377127,0.9571578034064157,0.24198223691116508,-3.66510702117524,3.6498927086713024,-1.0053355653445466,0.135187297759691,-0.3764316995861506,0.0,0.0,0.0,0.0,nan,nan,0.0,0.0,0.0,0.0,0.0
1.126,-4.621887838016812,2.6540462106941862,2.5515924951195963,0.34594182313066774,0.2375254412248371,0.07169457955429193,0.9048567881397085,-0.5403351295083905,-2.821454417773963,4.452512453973491,-1.712995971586302,0.4893808196475873,-0.17100937476865752,-4.663759017947571,2.6296705746270552,2.552550768440289,0.19516956438112176,0.19317512496728068,0.039865627049852484,0.9607304221336392,0.3838133033130517,-3.7878589475040956,3.5380581769666275,-1.0409554712512705,0.10014960643411826,-0.38513357226912953,0.0,0.0,0.0,0.0,nan,nan,0.0,0.0,0.0,0.0,0.0
1.146,-4.5892391918617275,2.554352129912552,2.5760148155789087,0.3282502122304165,0.2404031562155053,0.07599597124616665,0.9103201266624074,-0.4875553554849998,-3.0983670960403393,4.467923629332029,-2.020169141968597,0.33341829283743996,-0.16950375619974467,-4.618696911046406,2.5244165935004728,2.561603311153985,0.18039833044022519,0.19148793036402828,0.03682129323003921,0.9640710592400064,0.5256443697149399,-3.910610873832952,3.426223645261951,-1.0765753771579947,0.06511191510854514,-0.39383544495210854,0.0,0.0,0.0,0.0,nan,nan,0.0,0.0,0.0,0.0,0.0
1.166,-4.5542338540463945,2.4523300583508756,2.5998755665266238,0.307621785392203,0.24163588366603123,0.08059019802938251,0.9167803209377015,-0.42058782908812314,-3.3973977339445245,4.397965532442528,-2.360351494491313,0.20257971193807733,-0.16599716369650186,-4.573795743393276,2.4194455447822065,2.5740895686126155,0.16558353683250504,0.1897544983569872,0.033768068400751514,0.9671789080825784,0.6674754361168281,-4.033362800161809,3.3143891135572754,-1.112195283064719,0.030074223782972018,-0.4025373176350877,0.0,0.0,0.0,0.0,nan,nan,0.0,0.0,0.0,0.0,0.0
1.186,-4.517438120720406,2.3487410837902214,2.622468090879847,0.2835278801964084,0.24132055542150935,0.08570526201671311,0.9241379435695907,-0.34178512768035474,-3.7175119618262014,4.2273789529015104,-2.7380179007196768,0.09961589312189356,-0.16100748288351052,-4.529070660420329,2.3148629620474632,2.5899984621173173,0.1507287607943584,0.187975247507241,0.030706689805266443,0.9700532182283567,0.8093065025187162,-4.1561147264906655,3.2025545818525987,-1.1478151889714434,-0.004963467542601102,-0.41123919031806666,0.0,0.0,0.0,0.0,nan,nan,0.0,0.0,0.0,0.0,0.0
1.206,-4.477383138779471,2.238918168728923,2.6441950608519633,0.25471189605248745,0.23972389349353587,0.091700688900341,0.9323332497304008,-0.25107273378979156,-4.06340956806435,3.958617910219286,-3.054509449906877,0.04345719221319133,-0.15672994462786172,-4.484536637497674,2.210774003692206,2.6093156073979262,0.13583758921649197,0.1861506074394655,0.027637896655700357,0.9726932956354836,0.9511375689206044,-4.278866652819522,3.0907200501479224,-1.1834350948781678,-0.04000115886817422,-0.4199410630010458,0.0,0.0,0.0,0.0,nan,nan,0.0,0.0,0.0,0.0,0.0
1.226,-4.440136408994539,2.1389489989954535,2.6618132427983086,0.22620063227515766,0.23753806161129268,0.0975629111864564,0.9396224888778962,-0.16544521738431045,-4.369349917957127,3.659629895398405,-3.2358301731187593,0.03404007977730095,-0.15591191314001918,-4.440208465470213,2.107283351371498,2.6320233285052614,0.12091361777781784,0.18428101873818947,0.024562429954516102,0.97509850282083,1.0929686353224926,-4.401618579148379,2.9788855184432466,-1.219055000784892,-0.07503885019374736,-0.4286429356840249,0.0,0.0,0.0,0.0,nan,nan,0.0,0.0,0.0,0.0,0.0
1.246,-4.397839079472053,2.027924721379075,2.6791905733917014,0.19376841750357335,0.235200906698136,0.1041644370597804,0.946722823174003,-0.07236129811399011,-4.676522228010112,3.3153640775270667,-3.196350525912937,0.11897824817738084,-0.16048049179203006,-4.396100736372692,2.0044951088982876,2.658100674882503,0.10596045007722725,0.18236693284140976,0.02148103231559764,0.9772682590139231,1.234799701724381,-4.524370505477235,2.8670509867385703,-1.2546749066916163,-0.11007654151932048,-0.4373448083670039,0.0,0.0,0.0,0.0,nan,nan,0.0,0.0,0.0,0.0,0.0
1.266,-4.3562024929247825,1.9216933047061058,2.694264040252125,0.16372687528695584,0.23391357248023162,0.11020737755443867,0.9520148553730023,0.01139402711728238,-4.924350744103836,3.0217924184244915,-2.9882336324320433,0.247790461315526,-0.16739660713500404,-4.3522278293367584,1.902512701700266,2.6875234415991742,0.09098169676345177,0.18040881193158528,0.018394447784935746,0.9792020402971822,1.376630768126269,-4.647122431806092,2.755216455033894,-1.2902948125983404,-0.14511423284489358,-0.446046681049983,0.0,0.0,0.0,0.0,nan,nan,0.0,0.0,0.0,0.0,0.0
1.286,-4.314899013447644,1.8202829385444892,2.708329483313768,0.13762238416625172,0.23416454787967217,0.11534466640536062,0.9554698591920844,0.08540620798360754,-5.112866667737094,2.8230762167613257,-2.637961669481337,0.3954470037748334,-0.17462715830986353,-4.308603896703639,1.8014387769319098,2.7202641927281874,0.07598097466322262,0.17840712882403653,0.01530342166096774,0.9808993797324255,1.5184618345281573,-4.769874358134949,2.643381923329218,-1.3259147185050648,-0.18015192417046672,-0.454748553732962,0.0,0.0,0.0,0.0,nan,nan,0.0,0.0,0.0,0.0,0.0
1.306,-4.266684650494724,1.7077105490490532,2.7247920939846564,0.11211148722808818,0.23569671921578977,0.12015640165902386,0.9578311490668774,0.16497841982578004,-5.275829456420696,2.691770596346473,-2.274956852526402,0.43331457072513774,-0.17725187291085176,-4.26524285035585,1.701375104338176,2.7562922878433795,0.06096190590793743,0.17636236685277787,0.012208700314615007,0.9823598674736187,1.6602929009300453,-4.892626284463805,2.5315473916245415,-1.3615346244117892,-0.21518961549603982,-0.46345042641594114,0.0,0.0,0.0,0.0,nan,nan,0.0,0.0,0.0,0.0,0.0
1.326,-4.217794099447936,1.6002033921639065,2.7423423600168473,0.09111820008728352,0.23683406456286463,0.12381959434713123,0.9593100685029833,0.2465288370546586,-5.396446237948031,2.633739854321875,-1.963022017825447,0.27959189738890344,-0.171669957623522,-4.222158348281152,1.6024224779655996,2.7955739116119407,0.045928117059047285,0.17427501975381013,0.009111031009061354,0.9835831508658388,1.8021239673319336,-5.015378210792662,2.4197128599198656,-1.3971545303185136,-0.250227306821613,-0.47215229909892015,0.0,0.0,0.0,0.0,nan,nan,0.0,0.0,0.0,0.0,0.0
1.346,-4.16854129508646,1.4980493283647003,2.761015916800538,0.07382086035789949,0.23611575943532617,0.12654799344600612,0.9606172151679816,0.33555922860805676,-5.488480577770238,2.6030325749314773,-1.7173653231606478,0.007121802162544155,-0.1608387493257527,-4.179363781381697,1.5046806188157107,2.838072106453155,0.030883238232372656,0.17214559154590078,0.006011161719315997,0.9845689345304262,1.9439550337338218,-5.138130137121518,2.3078783282151893,-1.4327744362252377,-0.28526499814718614,-0.48085417178189926,0.0,0.0,0.0,0.0,nan,nan,0.0,0.0,0.0,0.0,0.0
1.366,-4.113797987459851,1.390744557649178,2.782793688086074,0.05884694615595984,0.23222117722456145,0.12858882841703098,0.9623280495667222,0.44633143410190523,-5.56287152563937,2.5907358504755464,-1.4147021338060002,-0.4231272685586087,-0.1428143247190215,-4.1368722605411445,1.408248078534808,2.8837468082319218,0.015830902221562526,0.16997459640888193,0.002909840951604785,0.9853169804363088,2.08578610013571,-5.260882063450375,2.1960437965105135,-1.4683943421319618,-0.3203026894727592,-0.48955604446487827,0.0,0.0,0.0,0.0,nan,nan,0.0,0.0,0.0,0.0,0.0
1.3860000000000001,-4.056260096919033,1.2838713058322122,2.806600564262165,0.04721949568082661,0.22427220526746056,0.1298569971613749,0.9646810133201281,0.5767301755836667,-5.617118827456795,2.5898385984708217,-1.125097374595709,-0.8876993665150251,-0.1235474217928674,-4.082281728035032,1.3051028283372614,2.899386524389233,-0.0003898441361624601,0.16628428605562942,0.0006059326768184288,0.9860775918142093,2.203813741791021,-5.284639532129152,2.0424752669809343,-1.4800658815394845,-0.3303029028044351,-0.48645725382666755,0.0,0.0,0.0,0.0,nan,nan,0.0,0.0,0.0,0.0,0.0
1.4060000000000001,-3.9961750023612486,1.1775659055391547,2.832243664627316,0.03893590038569685,0.21191855539993434,0.13043666438228357,0.9677607132567345,0.7266353982405682,-5.653118860059888,2.5954269349410275,-0.8441397675207299,-1.378672487717307,-0.10343021951295402,-4.020207458213759,1.1974754014644833,2.8994016597064496,-0.01730030244520923,0.16166865858785262,-0.0012253090715481612,0.9866926790968846,2.3077394587187636,-5.249749457225836,1.8641821567587424,-1.4775496280005933,-0.3254700980390464,-0.4763673655769785,0.0,0.0,0.0,0.0,nan,nan,0.0,0.0,0.0,0.0,0.0
1.426,-3.930601684394666,1.0666425323338358,2.8610752095424585,0.03402915063554391,0.19455012347515396,0.13032224711009768,0.9716009357092037,0.9015579715223373,-5.671387047496064,2.6102098072542885,-0.5546686674390523,-1.8165911923000833,-0.08704068808604061,-3.957936341009135,1.090045650265714,2.903648392289914,-0.034205380370647354,0.15700275226492727,-0.003056169749533753,0.9870009055524718,2.4116651756465046,-5.214859382322521,1.6858890465365524,-1.475033374461702,-0.32063729327365775,-0.4662774773272896,0.0,0.0,0.0,0.0,nan,nan,0.0,0.0,0.0,0.0,0.0
1.446,-3.8662942156206204,0.9616510453154054,2.889691585476431,0.03149515608759786,0.17479255020110943,0.12981498933040622,0.9755017622138653,1.0771726856947619,-5.682176080570976,2.5645861803666903,-0.5078970145605453,-2.0859204479048876,-0.07936564305160862,-3.8955083684888145,0.9829575014622645,2.912119215805354,-0.05109982044345558,0.15228801818090076,-0.004886079960573644,0.987002175322729,2.5155908925742474,-5.179969307419207,1.5075959363143605,-1.472517120922811,-0.31580448850826914,-0.4561875890776006,0.0,0.0,0.0,0.0,nan,nan,0.0,0.0,0.0,0.0,0.0
1.466,-3.804168219541339,0.862406675666587,2.916690546979522,0.028676231575735088,0.15379161989189113,0.12936229911115307,0.9791788431958277,1.243684169233345,-5.699296659876268,2.4283402562612695,-0.6645976241711844,-2.2635548914987207,-0.079134018560953,-3.8329637278329187,0.8763544568559345,2.9248013695681414,-0.06797836850297789,0.14752592261522485,-0.006714470603697723,0.9866964880127588,2.6195166095019893,-5.145079232515892,1.3293028260921684,-1.4700008673839196,-0.3109716837428804,-0.44609770082791156,0.0,0.0,0.0,0.0,nan,nan,0.0,0.0,0.0,0.0,0.0
1.486,-3.738206033917461,0.7583633943759143,2.943739503252019,0.023840391730547323,0.13019421521747887,0.12904163583896194,0.9827661768020121,1.4087526009620155,-5.727303065517188,2.1948254651673014,-0.8982980985583383,-2.3258527751747247,-0.08930908419229468,-3.77034275134516,0.7703794148269938,2.9416768544163214,-0.08483577533096487,0.14271794657674344,-0.008540773050520605,0.9860839386911295,2.7234423264297325,-5.110189157612577,1.1510097158699768,-1.4674846138450288,-0.3061388789774918,-0.43600781257822263,0.0,0.0,0.0,0.0,nan,nan,0.0,0.0,0.0,0.0,0.0
1.506,-3.671973460398064,0.654683626423699,2.9686168765756884,0.01659283192437615,0.10612520424376326,0.12879504797916122,0.985836677431406,1.5548839142962947,-5.760345399286823,1.8946686701527036,-1.1423738971650679,-2.2807104971645793,-0.11182954284172704,-3.7076858662834593,0.6651744925827638,2.9627224550997817,-0.10166679828407756,0.13786558534309984,-0.010364419322084683,0.9851647178603105,2.827368043357475,-5.075299082709262,0.9727166056477845,-1.4649683603061374,-0.3013060742121031,-0.4259179243285335,0.0,0.0,0.0,0.0,nan,nan,0.0,0.0,0.0,0.0,0.0
1.526,-3.6022941299697,0.5461907870313559,2.992155080367506,0.0061989455009189625,0.08187829530174219,0.12839224038341288,0.9883182435038247,1.681599723322755,-5.7907553955061575,1.5454097967088392,-1.3970248645133612,-2.05687765285198,-0.15575132355641766,-3.645033544572443,0.560880849377902,2.987909769157727,-0.1184662029243459,0.13297034799570603,-0.012184842265501256,0.9839391113974245,2.931293760285217,-5.0404090078059465,0.794423495425593,-1.4624521067672462,-0.2964732694467145,-0.41582803607884455,0.0,0.0,0.0,0.0,nan,nan,0.0,0.0,0.0,0.0,0.0
1.546,-3.5391930922525083,0.44839906215492215,3.011412590977475,-0.0060858653914024315,0.06244466977904334,0.12770179368024745,0.9898261854232142,1.7708832560641319,-5.807180628881088,1.2298756622045521,-1.6694235309651024,-1.6675186643608548,-0.2107257660083859,-3.582426252460382,0.4576385109262817,3.0172052422485214,-0.13522876464707623,0.12803375695041969,-0.01400147573033475,0.9824075004653412,3.0352194772129595,-5.005518932902632,0.616130385203401,-1.4599358532283553,-0.29164046468132576,-0.4057381478291555,0.0,0.0,0.0,0.0,nan,nan,0.0,0.0,0.0,0.0,0.0
1.5659999999999998,-3.472746823885024,0.34598129623775775,3.030493026985526,-0.022592417382598522,0.04676233027765442,0.12643312725252503,0.9906147240360205,1.8407127080703,-5.806843052013628,0.9366962788847536,-1.9619717457893875,-1.048163134542447,-0.27679516213109945,-3.51990440018319,0.35558619522288804,3.0505702098879626,-0.1519492703056996,0.12305734748407342,-0.015813754744675078,0.9805703613941351,3.139145194140701,-4.970628857999317,0.43783727498121094,-1.457419599689464,-0.28680765991593715,-0.3956482595794666,0.0,0.0,0.0,0.0,nan,nan,0.0,0.0,0.0,0.0,0.0
1.5859999999999999,-3.4063338320392123,0.24434000342562576,3.0495548240286574,-0.04231379636072096,0.03708770424071565,0.12444730688952528,0.9906295536877754,1.8936379097523253,-5.784893863541925,0.7072179811963646,-2.1425377242506207,-0.39386553940839014,-0.335468135563253,-3.4575082916980966,0.25486113999238014,3.0879609455440695,-0.16862251983305826,0.11804266725700471,-0.017621115690843726,0.9784282655329474,3.2430709110684433,-4.935738783096003,0.25954416475901904,-1.454903346150573,-0.28197485515054854,-0.38555837132977755,0.0,0.0,0.0,0.0,nan,nan,0.0,0.0,0.0,0.0,0.0
1.6059999999999999,-3.336710142320465,0.13887919510066807,3.071184490468893,-0.06475667556794477,0.033618541932873176,0.12148683379477729,0.98990773096396,1.939785147776288,-5.737977620534919,0.5628926689642547,-2.123431046963156,0.23594968423563817,-0.3818535496055365,-3.3952780745495197,0.15559893197897257,3.1293287150285516,-0.1852433278586223,0.1129912758317346,-0.01942299648067832,0.9759818790722968,3.3469966279961856,-4.9008487081926875,0.08125105453682732,-1.4523870926116818,-0.2771420503851598,-0.37546848308008857,0.0,0.0,0.0,0.0,nan,nan,0.0,0.0,0.0,0.0,0.0
1.626,-3.2738625590135313,0.04496388447525575,3.0930461726223686,-0.0844561832819131,0.03535316619985922,0.11809199740386998,0.9887727680788247,1.9793687792865495,-5.678755945429725,0.49641869788393556,-1.9066585649335173,0.6363491165436157,-0.4059744153809878,-3.3332536899295,0.057933338289963165,3.1746198371173073,-0.20180652532113705,0.10790474418794457,-0.021218836730341827,0.9732319628368946,3.4509223449239284,-4.865958633289372,-0.09704205568536456,-1.4498708390727906,-0.27230924561977116,-0.36537859483039953,0.0,0.0,0.0,0.0,nan,nan,0.0,0.0,0.0,0.0,0.0
1.646,-3.2078573192636597,-0.052003381492984495,3.118751072845179,-0.1022028102799127,0.04106824628946956,0.11387954015636836,0.9873699585521983,2.020829596213405,-5.60270760440402,0.4950568927845681,-1.478225796557148,0.954498831703148,-0.4168919248589297,-3.2714748229948203,-0.03800385999728517,3.223775750324546,-0.21830696107619849,0.10278465423390276,-0.02300807793460159,0.9701793720490286,3.5548480618516707,-4.8310685583860575,-0.2753351659075565,-1.4473545855338994,-0.26747644085438255,-0.35528870658071054,0.0,0.0,0.0,0.0,nan,nan,0.0,0.0,0.0,0.0,0.0
1.666,-3.1419524868629987,-0.14679686570019287,3.1471411418965656,-0.11569650994989406,0.0496998330077302,0.10915130110523975,0.9860173617393616,2.0623143537015745,-5.5170203311453285,0.5534088170774194,-0.9897263630952194,1.1481203083825189,-0.41657634345868755,-3.1997640696181664,-0.12193346215323146,3.2340479594151206,-0.23202753755323266,0.10120046242422943,-0.024130682582957228,0.9671294630917754,3.6033951066198497,-4.680487517494734,-0.33530635432768424,-1.4117695911564165,-0.250690506363759,-0.34286414176072433,0.0,0.0,0.0,0.0,nan,nan,0.0,0.0,0.0,0.0,0.0
1.686,-3.076048809171059,-0.2392530862909449,3.1780719073499446,-0.12397081786460667,0.060825910990954725,0.1039376442647404,0.9849509688176347,2.1020513903847324,-5.423230917815626,0.6773440709923865,-0.4018147541765326,1.3289241300635937,-0.4093422326934133,-3.126776659815506,-0.2043070475215796,3.2416926459679236,-0.2453793206297206,0.10002128900174945,-0.025169971557057604,0.963924895043977,3.6453457804867684,-4.516126071768437,-0.3811837544441219,-1.3722456493231245,-0.23248078769731878,-0.3301614844551006,0.0,0.0,0.0,0.0,nan,nan,0.0,0.0,0.0,0.0,0.0
1.706,-3.0034316682842497,-0.33836348775061054,3.214232858663737,-0.1275445894135983,0.07508408388452321,0.09776174729466941,0.9841429768201528,2.144551173751862,-5.316675109557981,0.8171015953871499,-0.013301118684463084,1.4301749796382623,-0.3984423364912514,-3.053713051360335,-0.2863577977369043,3.251712341434385,-0.25868423381708755,0.09882301051893581,-0.026204452816420528,0.9605362077605574,3.687296454353687,-4.35176462604214,-0.42706115456055943,-1.3327217074898328,-0.21427106903087853,-0.3174588271494768,0.0,0.0,0.0,0.0,nan,nan,0.0,0.0,0.0,0.0,0.0
1.726,-2.940575511814921,-0.4222251114743097,3.245808322607223,-0.12907044487549002,0.08835331848684715,0.09226727178242611,0.9833723922959364,2.182826204985543,-5.2288789607224935,0.8760364406758663,0.004994396660133571,1.4941799894628898,-0.39229762110081434,-2.9805771147490567,-0.36802025660004534,3.264097347572679,-0.27193973574467434,0.09760585585888883,-0.027233928764843533,0.9569640485144684,3.7292471282206057,-4.187403180315844,-0.472938554676997,-1.2931977656565405,-0.19606135036443828,-0.304756169843853,0.0,0.0,0.0,0.0,nan,nan,0.0,0.0,0.0,0.0,0.0
1.746,-2.877621751776531,-0.5049973326808976,3.2762312183504143,-0.1312294749314673,0.10187255903641745,0.08681992892529022,0.9822744558248426,2.226078842750271,-5.1485560187620525,0.8623027589759354,-0.12998423916184476,1.5108933974788734,-0.38832347116158566,-2.90737277573702,-0.44922926456770584,3.278836159035886,-0.2851432944798632,0.09637005751024606,-0.028258202762188253,0.9532090996236309,3.7711978020875243,-4.0230417345895475,-0.5188159547934346,-1.2536738238232488,-0.17785163169799806,-0.29205351253822925,0.0,0.0,0.0,0.0,nan,nan,0.0,0.0,0.0,0.0,0.0
1.766,-2.811292908779394,-0.5913380292319554,3.3059811105766443,-0.13537741077262297,0.11609508487460887,0.08125789002585386,0.9806079967188744,2.278838484154569,-5.071064547106437,0.7905907072089764,-0.3634654968305465,1.5318820802737259,-0.3881742101882442,-2.8341040123392327,-0.5299200085345573,3.2959154721621164,-0.2982923880117026,0.09511585152277499,-0.029277079161940726,0.9492720783206039,3.8131484759544434,-3.8586802888632503,-0.5646933549098722,-1.2141498819899568,-0.15964191303155784,-0.2793508552326055,0.0,0.0,0.0,0.0,nan,nan,0.0,0.0,0.0,0.0,0.0
1.786,-2.7449214280395444,-0.6770828513697552,3.3328683411468902,-0.14201982516299974,0.1302328003599151,0.07594453044994906,0.9783160099200168,2.3398625474842345,-4.997315651378292,0.680655102370049,-0.643310952832866,1.5419322529747106,-0.3895561109527828,-2.7607748517911443,-0.6100280713506635,3.3153201951385523,-0.3113845047326362,0.0938434774622851,-0.030290363348581748,0.9451537366155875,3.855099149821362,-3.694318843136953,-0.6105707550263098,-1.1746259401566645,-0.14143219436511756,-0.2666481979269817,0.0,0.0,0.0,0.0,nan,nan,0.0,0.0,0.0,0.0,0.0
1.806,-2.6751598972944506,-0.7665064807966503,3.3579165623702303,-0.15238740698725126,0.14469361659649319,0.07080635237789938,0.9751042487707996,2.412543805989587,-4.91885427037304,0.543303442051378,-1.0529516093379125,1.5154395828578344,-0.38922916750121234,-2.6873893674718246,-0.6894894810363932,3.33703345953164,-0.32441714391824455,0.0925531783648683,-0.03129786177476039,0.9408548611527805,3.8970498236882802,-3.529957397410657,-0.6564481551427472,-1.1351019983233726,-0.12322247569867732,-0.25394554062135793,0.0,0.0,0.0,0.0,nan,nan,0.0,0.0,0.0,0.0,0.0
1.826,-2.611850715273603,-0.8466447552606363,3.378230382861489,-0.16628387196509928,0.1570303158328238,0.06690223510273366,0.9711926918855992,2.4836318084778464,-4.8418425047250615,0.42335006596610225,-1.6168983868948863,1.4694947937243539,-0.3833513723541284,-2.6139516757918884,-0.7682407596572242,3.3610366331746317,-0.33738781620490926,0.09124520069047684,-0.03229938199826353,0.9363762730601236,3.9390004975551998,-3.3655959516843597,-0.7023255552591848,-1.0955780564900803,-0.10501275703223706,-0.24124288331573418,0.0,0.0,0.0,0.0,nan,nan,0.0,0.0,0.0,0.0,0.0
1.846,-2.541300849009658,-0.9337086938347839,3.3993448244386975,-0.1880021661233111,0.1696558384319616,0.06381818280506078,0.9652975300716101,2.5651327629865284,-4.746154783352969,0.31558087898041554,-2.278143019485342,1.4009413931800894,-0.36351235944060106,-2.5404659330485453,-0.8462189718210902,3.3873093344026173,-0.35029404406530473,0.08991979427584675,-0.033294732718774124,0.9317188277924564,3.980951171422118,-3.2012345059580634,-0.7482029553756224,-1.0560541146567886,-0.08680303836579681,-0.22854022601011037,0.0,0.0,0.0,0.0,nan,nan,0.0,0.0,0.0,0.0,0.0
1.866,-2.4731033757569514,-1.0143565218524098,3.419394934531789,-0.2135818525909851,0.18015232060447744,0.062230282670889654,0.958152036757907,2.64394992457331,-4.642638407733567,0.2439250358904066,-2.65964572995223,1.2548525712481968,-0.3273330957072976,-2.4669363322501745,-0.9233617727612281,3.4158294476241884,-0.363133362281632,0.0885772122867768,-0.03428372381441155,0.9268834149681163,4.022901845289036,-3.0368730602317666,-0.79408035549206,-1.0165301728234963,-0.06859331969935656,-0.21583756870448662,0.0,0.0,0.0,0.0,nan,nan,0.0,0.0,0.0,0.0,0.0
1.8860000000000001,-2.40700521313461,-1.0881326971390668,3.4393143211609973,-0.23941476874068585,0.18856545214902198,0.06170332089674688,0.9504295549671169,2.7179963120874437,-4.533899646706463,0.20678846967165987,-2.739644476707885,1.0904727841947355,-0.2825314632640943,-2.3933670999128527,-0.9996074559677832,3.446573140217817,-0.3759033184164987,0.08721771116977109,-0.035266166378046714,0.9218709581990131,4.064852519155956,-2.87251161450547,-0.8399577556084976,-0.9770062309902043,-0.05038360103291632,-0.20313491139886283,0.0,0.0,0.0,0.0,nan,nan,0.0,0.0,0.0,0.0,0.0
1.9060000000000001,-2.3359761454236714,-1.1625112418033374,3.461082831999128,-0.26614757139083933,0.19540949321186032,0.06203826514792158,0.9418767721219576,2.7963329343262417,-4.4118450046747615,0.14460770279824764,-2.6516784116994545,0.8531063239723639,-0.23305227869315193,-2.3197624928312828,-1.0748950003317845,3.479514880740061,-0.3886014732813596,0.08584155060305533,-0.03624187275338525,0.9166824149142097,4.106803193022874,-2.7081501687791736,-0.8858351557249351,-0.9374822891569123,-0.032173882366476086,-0.19043225409323908,0.0,0.0,0.0,0.0,nan,nan,0.0,0.0,0.0,0.0,0.0
1.9260000000000002,-2.260055022178608,-1.2372812269778097,3.4838369036204146,-0.29209978544366644,0.2000535364503227,0.06324204842123558,0.9330898891366093,2.879895271612479,-4.275710839677244,0.0308962694017636,-2.443549607589691,0.5646599018780658,-0.18280057149086548,-2.2444046511280553,-1.1427626482191102,3.5096493579185815,-0.39994218053579517,0.08471832475465375,-0.03716391024560897,0.9118595842860319,4.146703239146588,-2.5412461213560418,-0.9075590153684402,-0.8960573050011787,-0.01767928462627645,-0.17813011538266987,0.0,0.0,0.0,0.0,nan,nan,0.0,0.0,0.0,0.0,0.0
1.946,-2.1867573616842675,-1.3057161350482323,3.5045104377478196,-0.3141159493185528,0.20209444517602151,0.06509560104867293,0.9253386236058734,2.9587175745006142,-4.137051449685538,-0.0897596954633455,-2.1627515754206437,0.3182693970861774,-0.13961557557132548,-2.159951197544177,-1.176380676054619,3.5145508461581034,-0.40446586132805856,0.0850099284404007,-0.03783548001628194,0.9098072078955229,4.175769693663083,-2.3609093538818864,-0.8016782455420938,-0.8445889981518838,-0.022811897636396756,-0.16794394087101408,0.0,0.0,0.0,0.0,nan,nan,0.0,0.0,0.0,0.0,0.0
1.966,-2.108850624338897,-1.3746724081843456,3.5248545765944663,-0.33374603868341074,0.20242032309365598,0.06742133676434749,0.9182014799654266,3.0381235120432404,-3.9831744944956617,-0.18945049669939007,-1.8334905332648899,0.1326722522199274,-0.10190496455299708,-2.0755227085962704,-1.2100196537706616,3.5197307725039586,-0.408979344736966,0.08529938885792092,-0.038506095879762545,0.9077318934680468,4.204836148179579,-2.1805725864077297,-0.6957974757157463,-0.7931206913025884,-0.027944510646517123,-0.15775776635935818,0.0,0.0,0.0,0.0,nan,nan,0.0,0.0,0.0,0.0,0.0
1.986,-2.0375997566953474,-1.4345086116733763,3.541870296991456,-0.3487794456954179,0.20162505640096787,0.0697118491823646,0.9126009494709496,3.107413719387772,-3.8401507474108847,-0.27289124117029007,-1.596998246710909,0.015492240221678999,-0.07562985450518006,-1.991119011760585,-1.2436767794312293,3.5251893490119945,-0.41348251696868454,0.08558669870934549,-0.039175740928500125,0.9056336933263803,4.233902602696074,-2.0002358189335725,-0.5899167058893988,-0.741652384453293,-0.03307712365663749,-0.14757159184770227,0.0,0.0,0.0,0.0,nan,nan,0.0,0.0,0.0,0.0,0.0
2.006,-1.961956322370524,-1.4950909837681434,3.558011819372877,-0.36253377225362715,0.19997006891348018,0.07227821897995135,0.9073902658588417,3.1783885477069322,-3.6870602853393772,-0.3660536138051669,-1.430108708029231,-0.08066393593393728,-0.056464276004959346,-1.9067399320131528,-1.2773492492701428,3.5309267596369507,-0.4179752644893465,0.08587185075102549,-0.039844398279420136,0.9035126603702934,4.262969057212569,-1.8198990514594178,-0.4840359360630524,-0.690184077603998,-0.03820973666675779,-0.13738541733604645,0.0,0.0,0.0,0.0,nan,nan,0.0,0.0,0.0,0.0,0.0
2.026,-1.8896110128469088,-1.5505891003961203,3.571373671236157,-0.3744702041945804,0.19798898245790145,0.07479800113479391,0.902761146717111,3.2442570055812356,-3.5387964171534634,-0.4590763172521011,-1.351770095206177,-0.10048902216366729,-0.04742730520565358,-1.822385291847437,-1.3110342579738052,3.53694316021391,-0.422457474027912,0.08615483779371466,-0.04051205107434992,0.9013688480752172,4.292035511729065,-1.6395622839852606,-0.37815516623670486,-0.6387157707547025,-0.04334234967687815,-0.12719924282439055,0.0,0.0,0.0,0.0,nan,nan,0.0,0.0,0.0,0.0,0.0
2.046,-1.8130349008107212,-1.6069744001953088,3.5831818325099145,-0.3864481317549757,0.19607429033078572,0.07730513585766483,0.8979068047990258,3.312544578294935,-3.378607599386991,-0.5495250416414488,-1.3077822731065392,-0.059922439455469156,-0.04580240126585211,-1.738054911292239,-1.3447289989641087,3.5432386784425796,-0.4269290325790242,0.08643565270275064,-0.041178682480443596,0.8992023104908944,4.32110196624556,-1.4592255165111037,-0.2722743964103572,-0.5872474639054072,-0.04847496268699852,-0.11701306831273463,0.0,0.0,0.0,0.0,nan,nan,0.0,0.0,0.0,0.0,0.0
2.066,-1.7321670930349062,-1.663800887840105,3.5931261627804227,-0.3987620116380281,0.19462042496525786,0.07960466141240564,0.8926224544241266,3.3830960000675505,-3.2047232612059537,-0.6129108212499682,-1.300432486722481,0.02696699641163247,-0.050260365375171145,-1.6537486079298438,-1.3784306646814708,3.5498134138744146,-0.4313898274058587,0.08671428839823478,-0.04184427569060653,0.8970131022400173,4.350168420762055,-1.2788887490369465,-0.16639362658400975,-0.5357791570561117,-0.05360757569711888,-0.10682689380107871,0.0,0.0,0.0,0.0,nan,nan,0.0,0.0,0.0,0.0,0.0
2.086,-1.6585088704350166,-1.7126947318423726,3.600218023427025,-0.4098943426451222,0.19420171268512468,0.08118960710270771,0.8875137015033601,3.4461440752670107,-3.0422610770462324,-0.6217707294466106,-1.284788389975071,0.14697860972219545,-0.05641002195694739,-1.5694661969144175,-1.4121364468679691,3.556667437902581,-0.43583974604296616,0.08699073785521089,-0.04250881392391909,0.8948012785168507,4.37923487527855,-1.0985519815627895,-0.06051285675766216,-0.48431085020681625,-0.05874018870723925,-0.09664071928942279,0.0,0.0,0.0,0.0,nan,nan,0.0,0.0,0.0,0.0,0.0
2.106,-1.5803149375202568,-1.760896297319196,3.6061463936463998,-0.4213373248979423,0.19469824442601333,0.08228371145425471,0.8819279126405895,3.5116596241823768,-2.867918413223398,-0.5706164519001061,-1.2379487678569865,0.2458867610493751,-0.06156859578582258,-1.4852074909906476,-1.4458435368505476,3.56380079375475,-0.44027867629910705,0.08726499410384195,-0.043172280426059646,0.8925668950858396,4.408301329795046,-0.9182152140886324,0.04536791306868532,-0.43284254335752076,-0.06387280171735961,-0.08645454477776687,0.0,0.0,0.0,0.0,nan,nan,0.0,0.0,0.0,0.0,0.0
2.126,-1.4973255345814718,-1.8071990884647202,3.6110599474670115,-0.43273378739137225,0.19621227557934906,0.08276085687008022,0.87600961908647,3.5797472678092785,-2.6841098211927155,-0.4623557115523469,-1.134493882838484,0.3523869702434568,-0.06511433323021117,-1.4009723005126284,-1.4795491258242617,3.571213496488745,-0.4447065062600809,0.08753705022958619,-0.04383465846972706,0.8903100082802046,4.437367784311541,-0.7378784466144754,0.1512486828950329,-0.38137423650822533,-0.06900541472747998,-0.07626837026611097,0.0,0.0,0.0,0.0,nan,nan,0.0,0.0,0.0,0.0,0.0
2.146,-1.4213793665583634,-1.8449119989979117,3.614488987875948,-0.4419526623794531,0.198224980917043,0.08264286481993853,0.870950548567773,3.6408950258740447,-2.519544433161287,-0.33602121113633887,-0.9881992382407822,0.3938511708500181,-0.06526400913941482,-1.3167604334629865,-1.5132504051355393,3.5789055329910173,-0.44912312429154755,0.08780689937337126,-0.044495931355062364,0.8880306750005201,4.466434238828036,-0.5575416791403183,0.25712945272138044,-0.32990592965892984,-0.07413802773760034,-0.06608219575445505,0.0,0.0,0.0,0.0,nan,nan,0.0,0.0,0.0,0.0,0.0
2.166,-1.3364973230977457,-1.8819558116718418,3.6170448118477254,-0.4505736839999358,0.2010199365482764,0.08192906508849053,0.8659457077037676,3.708093612232702,-2.3407117783150784,-0.18578933487988278,-0.7964309473735866,0.44463013918470173,-0.06384705811928851,-1.2325716954722432,-1.546944566565427,3.586876861977975,-0.4535284190418418,0.08807453473176723,-0.04515608241006984,0.8857289527132809,4.495500693344532,-0.37720491166616127,0.363010222547728,-0.2784376228096344,-0.07927064074772071,-0.05589602124279913,0.0,0.0,0.0,0.0,nan,nan,0.0,0.0,0.0,0.0,0.0
2.186,-1.2588833626737232,-1.9114066764219022,3.6180685874768725,-0.4567282870886973,0.20390018934023782,0.0808128189029571,0.8621445777020219,3.7684029384210866,-2.181476980657756,-0.044632061246510465,-0.5964435093752707,0.45147390748392835,-0.061012863156739004,-1.1484058898384184,-1.5806288026127888,3.5951274140001384,-0.4579222794447806,0.0883399495571579,-0.04581509499103729,0.8834048994494524,4.524567147861028,-0.1968681441920042,0.4688909923740755,-0.22696931596033892,-0.08440325375784107,-0.045709846731143214,0.0,0.0,0.0,0.0,nan,nan,0.0,0.0,0.0,0.0,0.0
2.206,-1.1722310673848837,-1.9396327747791107,3.6175991503305247,-0.4615731149935853,0.20733043178014637,0.07911467304633847,0.8588976773060616,3.834011370084672,-2.0075457887681156,0.11939454136241659,-0.3730142974102956,0.44886889964174964,-0.0572445380261459,-1.0583487390077855,-1.5932954696801709,3.5950556690789983,-0.4600299134774289,0.08760151700095456,-0.04568804801911936,0.8823894011111441,4.555165220203026,-0.02377020950939976,0.5789806700369434,-0.17688292911264553,-0.09300507028315379,-0.03690723014476771,0.0,0.0,0.0,0.0,nan,nan,0.0,0.0,0.0,0.0,0.0
2.226,-1.093011895022725,-1.961206156588129,3.615713005716024,-0.4642311378986084,0.2103937776914443,0.07731121826264269,0.8568820714922399,3.891540487159828,-1.8509626250000413,0.2874864215134778,-0.18896150269387427,0.41310928437203254,-0.053662724358792574,-0.9603100222921842,-1.5772163011581313,3.583640688257713,-0.4590511619979871,0.08550547634693384,-0.04449742017621392,0.8831652301696683,4.587837584649387,0.13952406955214713,0.6947705322679878,-0.12866809644801974,-0.1063052791490105,-0.02997838600511357,0.0,0.0,0.0,0.0,nan,nan,0.0,0.0,0.0,0.0,0.0
2.246,-1.0044284845478098,-1.980348043158696,3.6121731545523557,-0.46553867860852344,0.21349875391564616,0.07519737423350405,0.8555918277451476,3.9528068685834414,-1.6779220013634308,0.4966147018084932,-0.024193374487680913,0.35646713173764843,-0.05044716068273078,-0.8623034495005069,-1.5607243215151545,3.5725430434698473,-0.458069026923,0.08340880544519168,-0.04330646434966493,0.8839345495530498,4.620509949095748,0.30281834861369394,0.8105603944990323,-0.08045326378339399,-0.11960548801486723,-0.023049541865459426,0.0,0.0,0.0,0.0,nan,nan,0.0,0.0,0.0,0.0,0.0
2.266,-0.9190516747786289,-1.9940649502571963,3.6073362469858083,-0.4656193788828904,0.21622548199788208,0.07310503202311752,0.85504432004218,4.011069791316859,-1.5135266186186211,0.6744641462003194,0.07589515290664992,0.3344527319719831,-0.04899810305374798,-0.7643315398528641,-1.5438204431933524,3.561763653856879,-0.45708351549163445,0.08131151974996702,-0.042115189317824715,0.8846973535907537,4.653182313542109,0.46611262767524075,0.9263502567300765,-0.032238431118768215,-0.13290569688072393,-0.016120697725805287,0.0,0.0,0.0,0.0,nan,nan,0.0,0.0,0.0,0.0,0.0
2.286,-0.8371205061317804,-2.0034360893004415,3.6011916588793107,-0.465024786209882,0.2187248711976962,0.07104535973589825,0.8549058052148212,4.066704386500415,-1.3575983080813105,0.821583699554991,0.14263432647295268,0.3171478882383427,-0.047601369110978176,-0.6663968115473813,-1.5265055907789813,3.551303429177064,-0.4560946349679435,0.07921363472003029,-0.04092360386139841,0.8854536366602688,4.68585467798847,0.6294069067367877,1.042140118961121,0.015976401545857527,-0.14620590574658066,-0.009191853586151152,0.0,0.0,0.0,0.0,nan,nan,0.0,0.0,0.0,0.0,0.0
2.306,-0.7501233998094532,-2.0099339077636573,3.5928365725641465,-0.46394086779761634,0.22130212959910722,0.06882472814266925,0.855013096635474,4.126027292657695,-1.1939508523509383,0.9489625100526502,0.17667439694821563,0.3092196432188846,-0.04652794673881726,-0.5685017816859546,-1.508780700975186,3.5411632697786106,-0.4551023926408136,0.07711516581856956,-0.03973171676337922,0.8862033931871486,4.718527042434831,0.7927011857983345,1.1579299811921655,0.06419123421048327,-0.15950611461243738,-0.002263009446497013,0.0,0.0,0.0,0.0,nan,nan,0.0,0.0,0.0,0.0,0.0
2.326,-0.6623630064826517,-2.01311811277969,3.582493620756842,-0.4627334755600347,0.22373755877293636,0.06667031518411201,0.8552042472203402,4.184041207402067,-1.0306900439707671,1.0874462617819454,0.1695624709818901,0.28557915749967194,-0.045253095774172816,-0.4706489662000375,-1.4906467225743738,3.53134406657314,-0.45410679582391034,0.07501612851307647,-0.03853953680898371,0.8869466176450531,4.751199406881191,0.9559954648598813,1.2737198434232098,0.11240606687510905,-0.17280632347829405,0.0046658346931571296,0.0,0.0,0.0,0.0,nan,nan,0.0,0.0,0.0,0.0,0.0
2.346,-0.5692531285601026,-2.012558636203096,3.5697229765659597,-0.461744972190983,0.22614915020800813,0.06456250146804983,0.8552659387118909,4.242638919070616,-0.8605838069852783,1.25626625050085,0.10898285525724041,0.28156276644080475,-0.04423019652454323,-0.37284087977646296,-1.4721046164302507,3.5218467010094145,-0.4531078518556248,0.0729165382752323,-0.037347072785587056,0.887683304555789,4.783871771327552,1.1192897439214284,1.3895097056542545,0.16062089953973485,-0.1861065323441508,0.011594678832811275,0.0,0.0,0.0,0.0,nan,nan,0.0,0.0,0.0,0.0,0.0
2.366,-0.48397189392225093,-2.008118344886313,3.55679735863861,-0.46152442299029905,0.22834561085214394,0.0628141212996174,0.854931503193905,4.29189820834279,-0.7091186543859488,1.4520313671439697,0.02091967179152157,0.2903912097936751,-0.04149330108796581,-0.27508003578330265,-1.4531553554294878,3.5126720450473483,-0.4521055680990194,0.07081641058079399,-0.036154333482658264,0.8884134484893506,4.816544135773912,1.282584022982975,1.5052995678852987,0.20883573220436058,-0.1994067412100075,0.018523522972465414,0.0,0.0,0.0,0.0,nan,nan,0.0,0.0,0.0,0.0,0.0
2.386,-0.3927451182699115,-1.9983555973397116,3.542421432662801,-0.4618798469628524,0.23056471513537521,0.06121780922184626,0.8542595032764887,4.3390003317520645,-0.5524897319157717,1.7246663611386088,-0.033607119550369186,0.2690828115611492,-0.03413263872725043,-0.17736894619576338,-1.4337999244630337,3.5038209611323063,-0.4510999519417737,0.06871576090947985,-0.03496132769169537,0.889137044063959,4.8492165002202725,1.445878302044522,1.6210894301163432,0.2570505648689864,-0.21270695007586424,0.025452367112119553,0.0,0.0,0.0,0.0,nan,nan,0.0,0.0,0.0,0.0,0.0
2.406,-0.2950329593373376,-1.9816933548254845,3.5269539685691482,-0.46245411024032296,0.23263866174214762,0.05984763554344251,0.8534832801552196,4.386254901419432,-0.3908457360574068,2.038019377245334,-0.023534671270402624,0.21944047372036704,-0.022039415108466617,-0.07971012152212698,-1.4140393203970867,3.4952943021696665,-0.4500910107961298,0.06661460474485575,-0.033768064206160665,0.8898540859461025,4.881888864666633,1.6091725811060689,1.7368792923473877,0.30526539753361215,-0.22600715894172094,0.03238121125177369,0.0,0.0,0.0,0.0,nan,nan,0.0,0.0,0.0,0.0,0.0
2.426,-0.20482038109032502,-1.9607429209316287,3.5127631708457,-0.4624926274715098,0.23404174260907393,0.05890843428745013,0.8531440843262106,4.430294953495266,-0.2447082726263501,2.31404202183825,0.04811332691075425,0.14446391698336264,-0.008291129976490848,0.01789392927026845,-1.3938745520436904,3.4870929114996834,-0.4490787520988377,0.06451295757422072,-0.03257455182141585,0.8905645688505756,4.914561229112994,1.7724668601676155,1.852669154578432,0.3534802301982379,-0.23930736780757766,0.039310055391427824,0.0,0.0,0.0,0.0,nan,nan,0.0,0.0,0.0,0.0,0.0
2.446,-0.10812507943535365,-1.9330591824558188,3.497409007701381,-0.4617582199041088,0.23500191089721018,0.05819100702457134,0.8533271675782477,4.480614091039035,-0.08930210184016762,2.564366485941062,0.14180259440781662,0.06846147025723578,0.006423551250228782,0.11544069882900221,-1.373306640131004,3.479217622872615,-0.4480631833111006,0.06241083488849295,-0.03138079933465724,0.8912684875405179,4.947233593559355,1.9357611392291625,1.9684590168094764,0.40169506286286366,-0.2526075766734344,0.04623889953108198,0.0,0.0,0.0,0.0,nan,nan,0.0,0.0,0.0,0.0,0.0
2.466,-0.009818498521904005,-1.9001182009054605,3.481357921281512,-0.4599883383310924,0.23535517125639321,0.057739281436309145,0.8542159254787357,4.536133717985594,0.06980750106359301,2.779752739442732,0.26302158793141567,-0.025333360733656718,0.02109442120557168,0.2213420095340722,-1.3162604996806875,3.4510818815997437,-0.44252350430271664,0.06015319624886307,-0.02998297541663967,0.8942346237458346,4.9716825540036425,2.116726020156125,2.009393743841831,0.45156315360902294,-0.24991391463719692,0.04912301552269557,0.0,0.0,0.0,0.0,nan,nan,0.0,0.0,0.0,0.0,0.0
2.4859999999999998,0.08997684511693621,-1.8623028383195266,3.464436644667074,-0.45715973986673314,0.23503494487778154,0.05756607947704131,0.8558327485116015,4.597241143990588,0.23336623228470355,2.9722131988768736,0.3683235084162782,-0.12402159609495308,0.03341755587837157,0.32833668993454146,-1.2531052218270973,3.4211389190468853,-0.43629867351967944,0.057869659082162794,-0.028553724822425974,0.8974849607884511,4.9949282030848545,2.3002765986861293,2.0393750950280767,0.5016731617211653,-0.24487990709547394,0.05141527595913277,0.0,0.0,0.0,0.0,nan,nan,0.0,0.0,0.0,0.0,0.0
2.5060000000000002,0.19625437631896894,-1.8176918603697156,3.445603808736588,-0.45317641933196795,0.23383325290248827,0.05775258569819331,0.8582644007784956,4.670723222702127,0.40979321018193193,3.116658885493118,0.4602537669139687,-0.23140999122302217,0.042935745694685404,0.4351805956522986,-1.189108182216226,3.392472030600009,-0.4300491610988577,0.05558284819942599,-0.027122858929481696,0.9006845266505358,5.0181738521660675,2.483827177216141,2.0693564462143237,0.5517831698333098,-0.2398458995537507,0.05370753639557005,0.0,0.0,0.0,0.0,nan,nan,0.0,0.0,0.0,0.0,0.0
2.526,0.2933084822435893,-1.7741760128742985,3.426963159476987,-0.4489749955348577,0.2320849370325549,0.05821403963770162,0.8609118195123875,4.747712964345348,0.5717558877998453,3.154170802659989,0.5028622799796072,-0.30594056758320326,0.04771880785420177,0.541865784689779,-1.124288004154329,3.3650923535152506,-0.42377532057834694,0.05329289296670718,-0.025690458682618024,0.903833140331021,5.0414195012472796,2.6673777557461444,2.0993377974005694,0.6018931779454522,-0.23481189201202768,0.05599979683200724,0.0,0.0,0.0,0.0,nan,nan,0.0,0.0,0.0,0.0,0.0
2.5460000000000003,0.3960268479268168,-1.7261768631358574,3.405090457685814,-0.4442188049345304,0.2296621214307203,0.05896960347799558,0.8639719608807491,4.836536721931205,0.7424662404760171,3.13549041557019,0.5203862609699641,-0.36949396589190187,0.04923560793145458,0.6483843509636626,-1.0586634972064586,3.3390107337800576,-0.4174775068724945,0.05099992292793792,-0.024256605113445042,0.9069306237112302,5.0646651503284925,2.850928334276156,2.1293191485868164,0.6520031860575967,-0.22977788447030445,0.058292057268444525,0.0,0.0,0.0,0.0,nan,nan,0.0,0.0,0.0,0.0,0.0
2.566,0.499090385487236,-1.6765966296151884,3.380511479534999,-0.4395011197090138,0.2267725669816063,0.05996317312209927,0.8670740375009652,4.929961820884852,0.9105923175208206,3.0819824018734456,0.4807513985520856,-0.4161002802210597,0.04503668663427244,0.7547284260938146,-0.9922536529402789,3.3142377236589806,-0.4111560762518243,0.04870406779759929,-0.02282137933578829,0.9099768015649535,5.087910799409704,3.03447891280616,2.159300499773062,0.7021131941697389,-0.22474387692858144,0.06058431770488171,0.0,0.0,0.0,0.0,nan,nan,0.0,0.0,0.0,0.0,0.0
2.586,0.6025193156238123,-1.6253640378800973,3.353333790541288,-0.43548447845397487,0.22337970447022595,0.0612830610963061,0.869884568824583,5.022102906743965,1.0713953916072225,3.0485142027166194,0.3503490998002373,-0.456830251906885,0.033720400902083836,0.8608901811837693,-0.9250776406286587,3.2907835793059057,-0.40481138632288016,0.04640545745338317,-0.021384862541099628,0.9129715015683613,5.111156448490916,3.218029491336168,2.189281850959308,0.7522232022818824,-0.21970986938685833,0.06287657814131895,0.0,0.0,0.0,0.0,nan,nan,0.0,0.0,0.0,0.0,0.0
2.606,0.7117184993262877,-1.5691453902389405,3.322535983008262,-0.43304403976241673,0.2194403933561804,0.06307200836305836,0.8719751688844022,5.11284390285643,1.2261169179309896,3.077181076931117,0.10142948948265548,-0.46019223744841975,0.015862109561265436,0.9668618285922175,-0.8571548029120821,3.2686582584433177,-0.3984437960079972,0.04410422192884539,-0.0199471359938645,0.9159145543097515,5.134402097572128,3.401580069866175,2.2192632021455543,0.8023332103940259,-0.2146758618451352,0.06516883857775618,0.0,0.0,0.0,0.0,nan,nan,0.0,0.0,0.0,0.0,0.0
2.626,0.8115147270687824,-1.5147125046985903,3.2937814435951425,-0.433022514196122,0.21566868518142188,0.06506753725525234,0.8727798897929089,5.186139650079501,1.349624166571772,3.2143444048355363,-0.13150274607768278,-0.4593626762752338,-0.0011756764293104904,1.0726356236951968,-0.7885046514218148,3.247871418109068,-0.39205366552499693,0.04180049140604959,-0.01850828102700466,0.9188057932991346,5.157647746653341,3.585130648396183,2.249244553331801,0.8524432185061692,-0.2096418543034121,0.0674610990141934,0.0,0.0,0.0,0.0,nan,nan,0.0,0.0,0.0,0.0,0.0
2.646,0.91798877766767,-1.4524476373942854,3.2635935948611645,-0.4338992403387727,0.2111420467838217,0.0674860425825346,0.8732674958853803,5.262813808557256,1.4728567062146496,3.412367085182031,-0.11135644035642715,-0.5509199174189493,-0.011463718483312957,1.1782038666385342,-0.7191468623648334,3.228432412471198,-0.38564135636680963,0.03949439620820271,-0.017068379037277127,0.9216450549776507,5.180893395734553,3.7686812269261907,2.2792259045180474,0.9025532266183127,-0.20460784676168897,0.06975335945063066,0.0,0.0,0.0,0.0,nan,nan,0.0,0.0,0.0,0.0,0.0
2.666,1.0260084667314822,-1.3846186615648353,3.2338593035575975,-0.4341602154686396,0.20580732819779263,0.07008831862425101,0.8742058559382545,5.345002328331909,1.6001319000103844,3.6095505531585337,-0.05402388979792755,-0.6291782230027934,-0.021049157518722883,1.2835589040801585,-0.6491012720715181,3.210350290711285,-0.3792072312810245,0.03718606679228256,-0.01562751148066953,0.924432178726823,5.204139044815765,3.952231805456198,2.3092072557042935,0.9526632347304562,-0.19957383921996585,0.0720456198870679,0.0,0.0,0.0,0.0,nan,nan,0.0,0.0,0.0,0.0,0.0
2.686,1.1410027090495243,-1.3073856440887106,3.203202198311991,-0.4343084111391685,0.19963163697903064,0.07294334672907873,0.875330041583633,5.4355030198286105,1.734548819964614,3.8036454781693125,-0.06654615404703032,-0.683773085453159,-0.034495554188732847,1.3886931309218913,-0.5783878725071112,3.193633794976806,-0.3727516542493691,0.034875633741657815,-0.01418575986779213,0.9271670068776443,5.227384693896978,4.135782383986206,2.3391886068905396,1.0027732428425995,-0.1945398316782427,0.07433788032350512,0.0,0.0,0.0,0.0,nan,nan,0.0,0.0,0.0,0.0,0.0
2.706,1.251867890330073,-1.228272157437354,3.1744759446727535,-0.4342674843721398,0.19305491672726988,0.07583335108604154,0.8765790631811723,5.52789657701492,1.8645826033839918,3.9596680784331517,-0.020306106692454806,-0.768979777437003,-0.046759510365251666,1.4952711200094388,-0.4987287562361856,3.166248258346425,-0.36415541507481963,0.03298707681043125,-0.012978116345396296,0.9306633413492302,5.250669772806649,4.308692197714492,2.3229785863113896,1.0474463856207568,-0.19154719279606036,0.0750080641146299,0.0,0.0,0.0,0.0,nan,nan,0.0,0.0,0.0,0.0,0.0
2.726,1.3582048149226131,-1.1484647562580903,3.1473846487574155,-0.4335727783883325,0.18606117800918762,0.07871710725555538,0.8781796518388323,5.622884888903518,1.9944491880805308,4.069951932427347,0.07855010767102566,-0.8641935959629246,-0.05691589000142383,1.6053073773013014,-0.4001644236011377,3.115707055139543,-0.3509991596891423,0.031994427104038166,-0.012267820189446138,0.9357486025207838,5.274038659444139,4.4589851664011535,2.208589241506518,1.0805635225043906,-0.1928934637108678,0.07223053932312262,0.0,0.0,0.0,0.0,nan,nan,0.0,0.0,0.0,0.0,0.0
2.746,1.476661519181927,-1.0554254305017035,3.1174031672545492,-0.4313034972799703,0.1773278331635759,0.08205046684735123,0.8807950123097367,5.738327526800601,2.152055578068455,4.133464824956589,0.26473084378649925,-0.9904411014100553,-0.06532529091642442,1.715312021258374,-0.3000726529125691,3.068189326274441,-0.33777255115122445,0.030995364536705778,-0.011555065110738973,0.940646305226527,5.2974075460816294,4.609278135087816,2.094199896701646,1.1136806593880244,-0.19423973462567526,0.06945301453161536,0.0,0.0,0.0,0.0,nan,nan,0.0,0.0,0.0,0.0,0.0
2.766,1.5844192234355936,-0.9675558921145067,3.089792098798755,-0.42753765569485674,0.16869096370562908,0.08509201708189212,0.8840329520758529,5.851367637064915,2.3106960604372544,4.117152227460555,0.4645081755791336,-1.0692871273871183,-0.06985458172350778,1.8252769967798024,-0.19853939006561044,3.023736885369416,-0.3244782405603022,0.029990089357349106,-0.010839993971629833,0.9453554677865484,5.320776432719119,4.759571103774479,1.9798105518967741,1.1467977962716582,-0.19558600554048272,0.06667548974010809,0.0,0.0,0.0,0.0,nan,nan,0.0,0.0,0.0,0.0,0.0
2.786,1.703895260482065,-0.86717791435829,3.0581847546059846,-0.4210786319214041,0.15859417187837516,0.08835419708916849,0.8886699107329669,5.981003451376943,2.5053380429836576,4.034631415992186,0.7206060041864089,-1.138403569101982,-0.07106106645717042,1.9351942805671971,-0.09565173660984594,2.9823890885797386,-0.31111889258559516,0.028978803060119296,-0.01012275009869749,0.9498751463113219,5.344145319356609,4.909864072461142,1.8654212070919025,1.1799149331552923,-0.1969322764552902,0.06389796494860082,0.0,0.0,0.0,0.0,nan,nan,0.0,0.0,0.0,0.0,0.0
2.806,1.8122142244658692,-0.7736720539929991,3.0284990714466273,-0.413149844952428,0.14941438083100483,0.09102952093022601,0.8936980333064886,6.094536636449569,2.696051418886512,3.937237307750519,0.9384027565881645,-1.1304704093451812,-0.07180738251682617,2.0450558875569698,0.00850212008061546,2.9441828030455452,-0.29769718493220854,0.027961708344016793,-0.00940347725401656,0.9542044348908968,5.3675142059941,5.060157041147804,1.7510318622870304,1.2130320700389259,-0.19827854737009765,0.06112044015709356,0.0,0.0,0.0,0.0,nan,nan,0.0,0.0,0.0,0.0,0.0
2.826,1.93212674176779,-0.6672554576585192,2.9947409155061155,-0.4023800354800352,0.1396079085111743,0.09353281307850714,0.899917525002065,6.209709976432597,2.9178886319189097,3.8320124416382524,1.1266295186321997,-1.1036605105139496,-0.07641277701491572,2.1548538773220125,0.11383297750757937,2.90915237733519,-0.28421580780442307,0.02693900907226301,-0.008682319606342293,0.9583424657764765,5.390883092631589,5.210450009834467,1.6366425174821586,1.24614920692256,-0.1996248182849051,0.05834291536558629,0.0,0.0,0.0,0.0,nan,nan,0.0,0.0,0.0,0.0,0.0
2.846,2.0464935023973707,-0.562658213625529,2.9621036448645492,-0.39043832044958143,0.1305522805109669,0.09551118445380967,0.9063065891971249,6.309300040013949,3.136454399678173,3.7353957069648747,1.296808025015255,-1.0798926971045324,-0.08318337683705487,2.264580360437599,0.2202506895630414,2.8773296139077567,-0.27067746336647847,0.025910910231438624,-0.007959421702213832,0.9622884095543462,5.414251979269079,5.360742978521129,1.5222531726772872,1.2792663438061938,-0.20097108919971257,0.05556539057407903,0.0,0.0,0.0,0.0,nan,nan,0.0,0.0,0.0,0.0,0.0
2.866,2.1609942455236477,-0.45464735526277067,2.9294838198814266,-0.3772970244362117,0.12210503867593875,0.09698209428658297,0.9128700829084699,6.39559813863774,3.357646655729704,3.652778329811207,1.3859766588203635,-0.9801563646822843,-0.09255008131511631,2.3742275048063872,0.32766423879995776,2.8487437436168,-0.2570848652009604,0.024877617890396688,-0.007234928436981776,0.9660414753121188,5.4376208659065695,5.511035947207792,1.4078638278724152,1.3123834806898276,-0.20231736011452,0.05278786578257176,0.0,0.0,0.0,0.0,nan,nan,0.0,0.0,0.0,0.0,0.0
2.886,2.2698590565989325,-0.34875275423538665,2.8989045196311607,-0.3643439658466811,0.1153300836899052,0.09768336541558342,0.9189180629785648,6.46108912411773,3.566106279920868,3.586997366053506,1.4363111714451637,-0.8186382331736688,-0.10102155171103663,2.4837875419374695,0.4359818094015767,2.8234214022757658,-0.24344073776489872,0.02383933915895891,-0.006508985025765818,0.9696009107972621,5.46098975254406,5.661328915894455,1.2934744830675435,1.3455006175734616,-0.2036636310293275,0.050010340991064495,0.0,0.0,0.0,0.0,nan,nan,0.0,0.0,0.0,0.0,0.0
2.906,2.3902141635960947,-0.22823346463653363,2.8656116081824745,-0.34904145766650535,0.1090975569265767,0.09776298499192088,0.9255863993534925,6.520153576666931,3.7983083838896436,3.4942917071647965,1.594680181989933,-0.7192381260011486,-0.10541150426794002,2.5932527731744264,0.5451108607908277,2.8013866093038695,-0.2297478158436859,0.022796282146403172,-0.005781736974348292,0.9729660025678785,5.484358639181549,5.8116218845811165,1.1790851382626715,1.3786177544570952,-0.20500990194413493,0.04723281619955723,0.0,0.0,0.0,0.0,nan,nan,0.0,0.0,0.0,0.0,0.0
2.926,2.504806260135929,-0.11042067993580632,2.8342818923887396,-0.33299167800032364,0.10417420128097267,0.09727263898239784,0.9320956559685278,6.566216817152298,4.022462496738419,3.37734683220597,1.7501337282059433,-0.6333290154741935,-0.10619229392612692,2.7026155758673953,0.6549582018207571,2.7826607484695605,-0.21600884400292542,0.021748655919750785,-0.005053330050009441,0.9761360761357044,5.507727525819039,5.961914853267779,1.0646957934577999,1.4117348913407293,-0.2063561728589424,0.04445529140804996,0.0,0.0,0.0,0.0,nan,nan,0.0,0.0,0.0,0.0,0.0
2.9459999999999997,2.613596431162967,0.0038693841931532955,2.804677634252828,-0.3161757148284212,0.10013354155766298,0.0964251601208951,0.938460643662544,6.603783783462468,4.2370623017778355,3.2300758320525054,1.919462144993628,-0.5882927210478465,-0.1055048694301578,2.8118684094841977,0.7654300654865238,2.7672625507469997,-0.2022265760383201,0.020696670461861785,-0.004323910252310324,0.9791104961013034,5.531096412456529,6.112207821954438,0.9503064486529306,1.4448520282243622,-0.20770244377374986,0.04167776661654276,0.0,0.0,0.0,0.0,nan,nan,0.0,0.0,0.0,0.0,0.0
2.966,2.733723806528074,0.13248478032882788,2.771949060977074,-0.2959819968920377,0.09612121273841122,0.09517860980168791,0.9455667095523811,6.639604486412703,4.470916794753615,3.028418487006914,2.0420220464754664,-0.5599869212203491,-0.10560388877857399,2.9228067976183194,0.8804942842183188,2.716480125541854,-0.18722207558060114,0.01808404973181427,-0.0038991649441651958,0.9821433999540633,5.537019797552667,6.165620850014194,0.7514274596525884,1.4517260839010655,-0.2162986012574863,0.035038114519774476,0.0,0.0,0.0,0.0,nan,nan,0.0,0.0,0.0,0.0,0.0
2.9859999999999998,2.8422970315674383,0.25070766709992853,2.7423506605225825,-0.27744201271103897,0.09294268123596304,0.09380380014589589,0.9516241036594788,6.663744303858727,4.669184098135639,2.841809661799724,1.9609012925878104,-0.4721380741392046,-0.11334930399509421,3.0344725206623284,0.9986361050894175,2.6582140266494525,-0.17181314674096426,0.014995550062703502,-0.0035659848168121447,0.9850089643437622,5.537659828617662,6.189693877522233,0.5269608599325534,1.4506524466693338,-0.22709038019346306,0.027228820735223785,0.0,0.0,0.0,0.0,nan,nan,0.0,0.0,0.0,0.0,0.0
3.006,2.9621760589917767,0.3832816226312958,2.7098458538213173,-0.2586045373186239,0.09053455237876015,0.09192398722899237,0.9573281405431067,6.677286520782153,4.8644375150210415,2.65930555187684,1.783625655133862,-0.3252382384295716,-0.12267624221909437,3.146331937708974,1.1186769183393726,2.604368545928277,-0.15636035462581774,0.011903222083848674,-0.0032318943064211848,0.9876230595042337,5.538299859682656,6.213766905030273,0.3024942602125134,1.4495788094376019,-0.23788215912944005,0.019419526950672922,0.0,0.0,0.0,0.0,nan,nan,0.0,0.0,0.0,0.0,0.0
3.026,3.0762252377446035,0.5111811555523696,2.6790666571683035,-0.2412764355240184,0.08904954855894517,0.08985857834226359,0.9621752935201463,6.682626668336844,5.035197809287769,2.4840401029086516,1.8210659977513166,-0.2714664593913702,-0.12351198313391232,3.2583552741865387,1.240477527810694,2.555002105519134,-0.1408676442771497,0.00880785525540862,-0.0028969787050923757,0.9899850180664292,5.538939890747651,6.237839932538312,0.07802766049247334,1.4485051722058702,-0.24867393806541707,0.011610233166122048,0.0,0.0,0.0,0.0,nan,nan,0.0,0.0,0.0,0.0,0.0
3.046,3.1901562590025074,0.6404402786705116,2.6483426104314787,-0.22283489591452765,0.08797184061012175,0.08761840548147756,0.9669170488947396,6.685158301595294,5.197945164168202,2.2832905922662157,2.0023422339537356,-0.26014141836007,-0.1158253269107467,3.3705125881418367,1.3638969403821273,2.5101685539235303,-0.12533897092792856,0.0057102398133493885,-0.0025613235155685036,0.9920942370308631,5.539579921812644,6.261912960046351,-0.14643893922756668,1.4474315349741382,-0.25946571700139404,0.0038009393815711737,0.0,0.0,0.0,0.0,nan,nan,0.0,0.0,0.0,0.0,0.0
3.066,3.2982851622113025,0.7642886007534567,2.6190921927359825,-0.20287748804813363,0.08691107937308395,0.08539033273335515,0.9715944010754548,6.688185530491019,5.3475813547730295,2.0473929366122356,2.283411129503147,-0.3067124365465659,-0.10450673484852369,3.4827738008145515,1.4887925099395969,2.4699171110178724,-0.10977829899234696,0.0026111665676999975,-0.0022250144294065533,0.9939501779215553,5.540219952877639,6.28598598755439,-0.3709055389476068,1.4463578977424065,-0.27025749593737103,-0.004008354402979697,0.0,0.0,0.0,0.0,nan,nan,0.0,0.0,0.0,0.0,0.0
3.086,3.412003518540518,0.8955670997020543,2.588206191378481,-0.17942409955344735,0.0856312605526208,0.08297363411732046,0.9765191527855296,6.691169579677448,5.492865669617171,1.757834023036283,2.482340882091937,-0.33426080119224805,-0.09478484588251196,3.595108727351268,1.615020083035061,2.434292317794048,-0.09418960105372087,-0.0004885732993385736,-0.0018881373051009543,0.995552366923503,5.5408599839426325,6.310059015062429,-0.5953721386676469,1.4452842605106748,-0.281049274873348,-0.011817648187530564,0.0,0.0,0.0,0.0,nan,nan,0.0,0.0,0.0,0.0,0.0
3.106,3.5313110581770606,1.0342108396439142,2.5557277300129715,-0.15281394775401472,0.08401798584093793,0.08035703885578808,0.9813926949663906,6.692526266034097,5.624218811249934,1.4195903917429864,2.6140344895350425,-0.37219671030370866,-0.0914354300098324,3.707487107627846,1.742434146084532,2.4033339908777114,-0.07857685685030366,-0.0035881884353793046,-0.0015507781461642225,0.9969003950036435,5.541500015007626,6.334132042570468,-0.8198387383876868,1.444210623278943,-0.291841053809325,-0.019626941972081435,0.0,0.0,0.0,0.0,nan,nan,0.0,0.0,0.0,0.0,0.0
3.126,3.6448640566110146,1.1668207234905488,2.524892716467402,-0.1272162813112223,0.08225500067663442,0.0778141280640482,0.9853908331756808,6.6897325608706675,5.721723432603655,1.0906543958740471,2.5485719676939245,-0.3824294857137648,-0.09635225740329867,3.819878637148644,1.8708879739549622,2.3770771818707153,-0.06294405225927326,-0.006686887519878545,-0.001213023079170575,0.9979939180152791,5.542140046072621,6.358205070078508,-1.0443053381077267,1.4431369860472112,-0.302632832745302,-0.027436235756632302,0.0,0.0,0.0,0.0,nan,nan,0.0,0.0,0.0,0.0,0.0
3.146,3.7583602814307344,1.2997833743369913,2.4942687649358937,-0.10234273316344179,0.08020290906078507,0.0752323759676406,0.9886523898484681,6.682193901251405,5.791711935533333,0.7659499617472372,2.4333578406669027,-0.3921635865452103,-0.10617369007957972,3.932252997991061,2.000233779788267,2.3555521415592082,-0.047295178279151834,-0.009783879466157304,-0.000874958331768122,0.9988326567859366,5.542780077137616,6.382278097586548,-1.268771937827767,1.4420633488154793,-0.313424611681279,-0.03524552954118318,0.0,0.0,0.0,0.0,nan,nan,0.0,0.0,0.0,0.0,0.0
3.166,3.8661377974556874,1.426241429578615,2.4654639140973855,-0.08052997658796357,0.07819630799478129,0.07276451875279635,0.9910124041087484,6.66969713315794,5.833729858148704,0.48024049585723794,2.182162320087607,-0.3665021287183438,-0.11956837900771822,4.0445798897637815,2.130322865909492,2.33878428902394,-0.03163423001091875,-0.012878373623362787,-0.0005366702106652651,0.9994163971886384,5.54342010820261,6.406351125094587,-1.4932385375478072,1.4409897115837476,-0.324216390617256,-0.04305482332573405,0.0,0.0,0.0,0.0,nan,nan,0.0,0.0,0.0,0.0,0.0
3.186,3.9795432312059837,1.5593189159582204,2.4354684492528826,-0.06016402470101286,0.07603189686302181,0.0701686817924204,0.9928120652402955,6.6513400046161,5.857209566243202,0.2093976768755592,1.8947885310563235,-0.34298311177072593,-0.13701822332854408,4.156829060547126,2.2610057756650432,2.3267941856843195,-0.01596520563807552,-0.015969579978318747,-0.00019824507959690426,0.9997449901965694,5.544060139267604,6.430424152602626,-1.717705137267847,1.4399160743520159,-0.335008169553233,-0.050864117110284914,0.0,0.0,0.0,0.0,nan,nan,0.0,0.0,0.0,0.0,0.0
3.206,4.09289801901893,1.6921856791714738,2.405797467552449,-0.043355209065925375,0.07405909106025285,0.06759549907827846,0.99401530440056,6.627683958742466,5.865006598303789,-0.01573972905593357,1.493768808671393,-0.28463847883440485,-0.15837591456151326,4.267969007976101,2.3895569239492556,2.3079024418220344,-0.0006862624743701047,-0.01924321966296396,-0.0001337313077380343,0.9998145876395065,5.532718221008158,6.425949984147407,-1.9336363616213026,1.43304220965165,-0.3406780425298898,-0.05797298744335782,0.0,0.0,0.0,0.0,nan,nan,0.0,0.0,0.0,0.0,0.0
3.226,4.206191422499912,1.8246963058707149,2.376376128863004,-0.030575324114726306,0.07224710815661978,0.06505486879294782,0.9947931287280877,6.599614389083823,5.864351613487342,-0.19244444330545085,1.0843342398775293,-0.24065979913599764,-0.18269901826573406,4.375783064366766,2.509743390479152,2.250766578349176,0.013155099727431821,-0.023192896717088643,-0.0010685764901061279,0.999643882108682,5.477666448923578,6.317336353165316,-2.118430748427377,1.4050092590678736,-0.3276633296577896,-0.06252673040518164,0.0,0.0,0.0,0.0,nan,nan,0.0,0.0,0.0,0.0,0.0
3.246,4.325067944742705,1.963334238338995,2.3456273072244858,-0.02148099380256317,0.07028751193204445,0.0624147231939745,0.9953404618020291,6.566015685379668,5.861100329934005,-0.33109967398021567,0.6713518112764516,-0.24032314417849907,-0.20904945986839257,4.484193384151108,2.6313111703657777,2.1978360404260253,0.026993724532780084,-0.02713774764639944,-0.0020031993163115843,0.9992651643487968,5.422614676838999,6.208722722183226,-2.3032251352334514,1.3769763084840971,-0.31464861678568945,-0.06708047336700548,0.0,0.0,0.0,0.0,nan,nan,0.0,0.0,0.0,0.0,0.0
3.266,4.43818701088046,2.0948265173146488,2.316340447376373,-0.016471112464893644,0.06803370125735182,0.05992302252625171,0.9957456248052071,6.530334992172826,5.859563575858024,-0.42866958121108234,0.38101089988476944,-0.2708891194969431,-0.22814950029784403,4.593168299566127,2.7541423680396,2.149152068983215,0.04082673231299448,-0.031076951581334895,-0.002937405304118391,0.9986785131658404,5.367562904754419,6.100109091201134,-2.488019522039526,1.3489433579003205,-0.3016339039135892,-0.0716342163288293,0.0,0.0,0.0,0.0,nan,nan,0.0,0.0,0.0,0.0,0.0
3.286,4.5455417415025545,2.2192238650117364,2.2883996641502526,-0.013339795886042427,0.06533267015466598,0.05756206965683538,0.9961125941343187,6.493828715207249,5.85939961584608,-0.5124661842356336,0.3206291723885721,-0.3458560462688109,-0.2335703343526826,4.702675672934736,2.8781180363858967,2.1047523705254805,0.05465124460822098,-0.0350096888273959,-0.003871000058028907,0.9978840506339061,5.31251113266984,5.991495460219044,-2.6728139088456,1.320910407316544,-0.28861919104148903,-0.07618795929065314,0.0,0.0,0.0,0.0,nan,nan,0.0,0.0,0.0,0.0,0.0
3.306,4.664049828526668,2.3561110379589474,2.2573016800373984,-0.009126206284466531,0.06106728757268464,0.054930519541810226,0.9965792175086913,6.450472576462203,5.856789026028669,-0.6326119045464861,0.4881558600560148,-0.5065087507457983,-0.2277930148445943,4.812682923414009,3.0031182757446837,2.064671085748455,0.06846438472639987,-0.0389351410357129,-0.004803789309734911,0.9968819420697881,5.25745936058526,5.882881829236953,-2.8576082956516746,1.2928774567327677,-0.27560447816938877,-0.08074170225247697,0.0,0.0,0.0,0.0,nan,nan,0.0,0.0,0.0,0.0,0.0
3.326,4.771111680820188,2.4793930267119944,2.228948138499994,-0.003148233164680629,0.05579261149516846,0.05252448226728801,0.9970548891074369,6.407363812047283,5.847545187463331,-0.7847296048627385,0.729737829093339,-0.6677410518026389,-0.21625714697373935,4.9231570541122895,3.1290223337034426,2.0289387611233036,0.08226327834186607,-0.04285249137333318,-0.005735578958542182,0.9956723959985821,5.20240758850068,5.774268198254862,-3.042402682457749,1.2648445061489912,-0.26258976529728856,-0.0852954452143008,0.0,0.0,0.0,0.0,nan,nan,0.0,0.0,0.0,0.0,0.0
3.346,4.88360809819595,2.608534917940672,2.1989054323933206,0.005775568289712979,0.04869472411912427,0.04997838600943603,0.9975458022495933,6.35580570308185,5.8263364649444656,-0.9924668348897969,0.9854657490029811,-0.8302599702870468,-0.2021610262959128,5.034064679552566,3.255708705599601,1.99758232347283,0.09604505409345696,-0.04676092469319252,-0.006666175111760204,0.9942556641102941,5.147355816416101,5.665654567272771,-3.2271970692638234,1.2368115555652146,-0.24957505242518835,-0.08984918817612463,0.0,0.0,0.0,0.0,nan,nan,0.0,0.0,0.0,0.0,0.0
3.366,4.9958498158675395,2.7369585059810215,2.1687270575038955,0.016919906515152173,0.04045655173072093,0.04746106308407191,0.9979100318548301,6.29636772907932,5.79009144214779,-1.23518478382515,1.1596782427169336,-0.9248945361538279,-0.18703673739645804,5.145372053459275,3.383055235649108,1.9706250575602282,0.1098068441820034,-0.05065962770373625,-0.007595384125048569,0.9926320412074662,5.092304044331522,5.557040936290679,-3.411991456069898,1.208778604981438,-0.2365603395530881,-0.09440293113794845,0.0,0.0,0.0,0.0,nan,nan,0.0,0.0,0.0,0.0,0.0
3.386,5.107776993972147,2.8645687042419046,2.1384821112132815,0.02958677683085598,0.031383150818112986,0.044999472922818244,0.9980554934061319,6.22806679594809,5.737542109822675,-1.5001788899203494,1.2931279664204003,-1.0141744982170895,-0.17355473364098933,5.25704509684539,3.510939218616942,1.948086586709128,0.12354578496707966,-0.054547789138154085,-0.00852301264271174,0.9908018651438337,5.037252272246942,5.448427305308589,-3.596785842875972,1.1807456543976618,-0.22354562668098793,-0.09895667409977228,0.0,0.0,0.0,0.0,nan,nan,0.0,0.0,0.0,0.0,0.0
3.406,5.219323004756256,2.9912607509411075,2.108211445222201,0.04344661591228927,0.02139147889063723,0.042582339145116256,0.997918604190528,6.148959989244981,5.667546828945208,-1.784396747218468,1.3759569008712997,-1.099552068378605,-0.16210357215527893,5.369049426376439,3.639237501944928,1.929982856471062,0.1372590175628877,-0.058424599923193626,-0.00944886763793372,0.9887655167540211,4.982200500162363,5.339813674326497,-3.781580229682046,1.1527127038138851,-0.21053091380888767,-0.10351041706159611,0.0,0.0,0.0,0.0,nan,nan,0.0,0.0,0.0,0.0,0.0
3.426,5.335953683913304,3.123178737679524,2.0763928783073,0.05825858072908063,0.0105175487284279,0.040133213194398595,0.9974390428185931,6.05514110729329,5.577300330029538,-2.0854647765933265,1.35067964492345,-1.0907085781422114,-0.14969096019301162,5.481350382987815,3.76782658825186,1.9163261213539506,0.1509436884331523,-0.0622892533475175,-0.01037275645294428,0.9865234197742961,4.927148728077783,5.231200043344407,-3.966374616488121,1.1246797532301085,-0.19751620093678748,-0.10806416002341994,0.0,0.0,0.0,0.0,nan,nan,0.0,0.0,0.0,0.0,0.0
3.446,5.446480863800198,3.2476508745033716,2.0460038423562787,0.07143490599130999,0.0007870742086505581,0.03795676772959126,0.9967224882100958,5.960157277939605,5.480670998926242,-2.3501518678821216,1.2071180720864045,-0.9803971646275078,-0.13895573985798693,5.593913060731593,3.89658273812062,1.9071249346226502,0.16459694998490304,-0.06614094522956895,-0.011294486839108431,0.984076040754396,4.872096955993203,5.122586412362316,-4.1511690032941955,1.096646802646332,-0.18450148806468725,-0.11261790298524377,0.0,0.0,0.0,0.0,nan,nan,0.0,0.0,0.0,0.0,0.0
3.466,5.556400569381114,3.370893681489952,2.0154707176449613,0.08273894784660822,-0.007777017336135395,0.035948159547669535,0.995892320653054,5.864101429304428,5.381002761593541,-2.5759924441659736,0.994282261213181,-0.844966025879323,-0.13183216069520465,5.699911831016216,4.008444645776895,1.87791203060568,0.17464047861574175,-0.06720279185720927,-0.01193049014786258,0.9822637891118113,4.82616925488618,4.983107296690024,-4.218042711696554,1.0545589593767721,-0.16481144011203616,-0.11137072199937063,0.0,0.0,0.0,0.0,nan,nan,0.0,0.0,0.0,0.0,0.0
3.4859999999999998,5.665652869219666,3.492830282342735,1.984745728526876,0.09140643135450958,-0.014814682077855535,0.03410166185030743,0.9951193225744402,5.771026219998486,5.286138018218562,-2.7507910591609597,0.7023677229610201,-0.6628693102242263,-0.12815417284256475,5.802454983811982,4.1122632118539295,1.8383964386681637,0.18284834672892558,-0.06684568014415142,-0.012421183213341165,0.9807873629651561,4.784884547503831,4.827921568029066,-4.224909766140987,1.0053189601560395,-0.1417244941118656,-0.10717160721632296,0.0,0.0,0.0,0.0,nan,nan,0.0,0.0,0.0,0.0,0.0
3.5060000000000002,5.774185377546034,3.6133950145894063,1.9538291578491014,0.09742336192992493,-0.020259922743374754,0.03240682001247592,0.9945089351521093,5.683467453294951,5.200126187017406,-2.8718924922767224,0.5074376610410742,-0.5077976483248516,-0.12225954931173302,5.904955805009485,4.216751602082589,1.8005727316179208,0.1910434305900773,-0.0664838947655257,-0.012911007823952214,0.979242362871496,4.74359984012148,4.6727358393681016,-4.231776820585421,0.9560789609353045,-0.118637548111694,-0.1029724924332751,0.0,0.0,0.0,0.0,nan,nan,0.0,0.0,0.0,0.0,0.0
3.526,5.8819462083216205,3.7325215867818917,1.9228216750386067,0.1027014365258638,-0.02432427537119299,0.030942173469546322,0.9939332605684201,5.602123368776381,5.113614003969044,-2.9588815674032416,0.5523632109847013,-0.3871868221550304,-0.107880491580093,6.007414957145867,4.32188143468511,1.7644518886845264,0.19922515722153786,-0.0661174610163678,-0.013399929732510044,0.9776288968529758,4.70231513273913,4.517550110707144,-4.2386438750298545,0.9068389617145718,-0.09555060211152343,-0.09877337765022742,0.0,0.0,0.0,0.0,nan,nan,0.0,0.0,0.0,0.0,0.0
3.5460000000000003,5.988887460895685,3.850134447247867,1.8918819709390293,0.10932070960756388,-0.027578331185832874,0.02975150503702923,0.9931783656765459,5.52492762496895,5.013927477903055,-3.0391864230092764,0.7612647141326527,-0.3391171231579566,-0.09066236086219497,6.1098331144116305,4.427624148495362,1.730044412867628,0.20739295457955054,-0.0657464045167147,-0.013887914754943496,0.9759470777186888,4.66103042535678,4.362364382046179,-4.245510929474288,0.8575989624938372,-0.07246365611135183,-0.09457426286717957,0.0,0.0,0.0,0.0,nan,nan,0.0,0.0,0.0,0.0,0.0
3.566,6.094966154643052,3.966142456382404,1.8611710553868708,0.11846442083642737,-0.030372758401598563,0.028844883160811782,0.9920744171978265,5.45007032572495,4.892570068488756,-3.12912749985,1.0368843672492603,-0.3064984451962392,-0.07462466955993113,6.212210962462047,4.533951010946333,1.6973603279996432,0.21554625159425334,-0.06537075120981332,-0.01437492877268582,0.97419702305679,4.619745717974431,4.207178653385221,-4.252377983918722,0.8083589632731044,-0.04937671011118126,-0.0903751480841319,0.0,0.0,0.0,0.0,nan,nan,0.0,0.0,0.0,0.0,0.0
3.586,6.194912880811277,4.074773877102472,1.8322910207656957,0.12938082491539532,-0.03279668406335264,0.02819031439211306,0.9906514451779366,5.379930921267722,4.7565982801032805,-3.2266699285319422,1.2419355778910395,-0.29079776302940397,-0.06425835809532914,6.314549198225448,4.6408331261056395,1.666409175942444,0.22368447820960982,-0.0649905273603067,-0.014860937735060318,0.9723788552262737,4.578461010592081,4.05199292472426,-4.259245038363155,0.7591189640523707,-0.026289764111010173,-0.08617603330108413,0.0,0.0,0.0,0.0,nan,nan,0.0,0.0,0.0,0.0,0.0
3.606,6.299227522094627,4.187368507496434,1.802217286189272,0.142821294470111,-0.034996753874569776,0.02769319079713681,0.9887418228473993,5.307784468246119,4.593099842341359,-3.338476221436519,1.4327882142617465,-0.25322404359656586,-0.05646150496306272,6.416848529708288,4.748241442756651,1.637200013918848,0.23180706542326335,-0.06460575955239753,-0.015345907661660933,0.9704927013484194,4.537176303209732,3.896807196063299,-4.266112092807589,0.709878964831637,-0.003202818110839112,-0.08197691851803637,0.0,0.0,0.0,0.0,nan,nan,0.0,0.0,0.0,0.0,0.0
3.626,6.407764519939138,4.303559631395486,1.7709304813938207,0.158419435192251,-0.03700049473754147,0.027306005857551514,0.9863004755076684,5.233480631499274,4.402343610247478,-3.462102739704571,1.5437887006314213,-0.23541337239075652,-0.054525160868404095,6.519109675797153,4.856146762523085,1.6097414119796372,0.23991344532632147,-0.06421647468798965,-0.015829804644728156,0.9685386932979037,4.4958915958273815,3.7416214674023376,-4.272979147252023,0.6606389656109033,0.019884127889331964,-0.0777778037349886,0.0,0.0,0.0,0.0,nan,nan,0.0,0.0,0.0,0.0,0.0
3.646,6.50508890265413,4.406810491790541,1.742777992979471,0.17322961376403762,-0.03869726561212517,0.026976826671077266,0.9837511236954525,5.166216218494496,4.216961183263811,-3.5751180551485486,1.5884579087410156,-0.23453034915716672,-0.05826565329922856,6.621333366057712,4.964519748034741,1.5840414506068203,0.24800305114306195,-0.06382269998480691,-0.01631259485151971,0.9665169676935792,4.454606888445031,3.5864357387413763,-4.279846201696456,0.6113989663901694,0.04297107388950307,-0.07357868895194083,0.0,0.0,0.0,0.0,nan,nan,0.0,0.0,0.0,0.0,0.0
3.666,6.611691794210678,4.518764917922095,1.7117200181625492,0.18965509147006646,-0.04046592075441519,0.026571624804083448,0.9806566189509196,5.091377845751449,4.0030789986572035,-3.692492111262263,1.577347019996327,-0.21411388322663735,-0.06491550111020698,6.723520340530686,5.073330931132107,1.5601077184538135,0.2560753172705606,-0.06342446297449045,-0.016794244526676064,0.9644276658889236,4.413322181062682,3.431250010080415,-4.28671325614089,0.5621589671694357,0.06605801988967415,-0.06937957416889307,0.0,0.0,0.0,0.0,nan,nan,0.0,0.0,0.0,0.0,0.0
3.686,6.707266192045409,4.618009442034856,1.6835974994267793,0.20416904570896094,-0.0418390847224888,0.026149763289942413,0.9776915063780378,5.024170919973453,3.805050300325431,-3.7858418292692355,1.5147231072108067,-0.19311477899507368,-0.07428936902605311,6.82567134952488,5.18255072110755,1.5379473102231682,0.2641296793182364,-0.06302179150067345,-0.017274719994580526,0.962270933962156,4.372037473680332,3.276064281419454,-4.293580310585323,0.512918967948702,0.08914496588984522,-0.0651804593858453,0.0,0.0,0.0,0.0,nan,nan,0.0,0.0,0.0,0.0,0.0
3.706,6.8119275079683606,4.72532250164159,1.6524413703107454,0.21913641010944676,-0.04300638213063844,0.025595782067093797,0.9744098423152097,4.951304046949914,3.5877469458393847,-3.866167740600833,1.3939948937069662,-0.14606608793554507,-0.0865022723245386,6.927025309790745,5.287902305509096,1.5168571973978546,0.27140737611221566,-0.06245360080157328,-0.017648370312323514,0.9602739811970952,4.335381118484076,3.124437197533724,-4.286602519249985,0.46543542206860794,0.10949566922578507,-0.060953533063631465,0.0,0.0,0.0,0.0,nan,nan,0.0,0.0,0.0,0.0,0.0
3.726,6.91064854734805,4.82509174471571,1.622673404947831,0.23196490298080627,-0.04370358878006698,0.024962991917703122,0.9714211903944472,4.884234869666344,3.387073058754074,-3.9177520433559003,1.2256239965910019,-0.11191078493609166,-0.10085341462423356,7.022092185035345,5.359315018298557,1.4907592962411238,0.27256297809320157,-0.06058431380516385,-0.017169887084335044,0.9600750798095081,4.336040741399262,3.001501601503629,-4.168000992014326,0.43211323897546966,0.10778548193356272,-0.05650237687622192,0.0,0.0,0.0,0.0,nan,nan,0.0,0.0,0.0,0.0,0.0
3.746,7.003563997934521,4.917571624977526,1.5943054262768719,0.24248772014865008,-0.043984789212784356,0.02424911825933215,0.9688534585574136,4.822910925507697,3.2067244221653946,-3.941481032022992,1.0520672850432335,-0.0599923945960155,-0.11420984007712205,7.1169254655960215,5.430985436667674,1.4645183589406972,0.27371719050512155,-0.05871471794036399,-0.016691316321553247,0.9598712838076887,4.3367003643144475,2.878566005473534,-4.049399464778666,0.3987910558823313,0.10607529464134037,-0.05205122068881238,0.0,0.0,0.0,0.0,nan,nan,0.0,0.0,0.0,0.0,0.0
3.766,7.105264511916489,5.017053415001357,1.5628941421627927,0.2522836396576672,-0.043762078251646845,0.02337357913665199,0.9663806297037001,4.758833985996061,3.0200186526475283,-3.9353940664632363,0.8945137037915887,-0.005053441050879381,-0.1265604014710611,7.211524153192718,5.50291340801128,1.438135750940635,0.2748700074636185,-0.05684482273866833,-0.016212660463807357,0.9596625942306206,4.337359987229633,2.7556304094434383,-3.930797937543008,0.365468872789193,0.104365107349118,-0.047600064501402826,0.0,0.0,0.0,0.0,nan,nan,0.0,0.0,0.0,0.0,0.0
3.786,7.201113960099129,5.1089061317720965,1.5331596744097598,0.26095631282373655,-0.04277553897893374,0.02263882401548311,0.9641366810311172,4.703143382327699,2.845692715596872,-3.8913596772803274,0.9132003089084881,0.10498403616731777,-0.1297429342789823,7.30588725432935,5.575098774472026,1.4116128405740367,0.2760214230914501,-0.054974637733097693,-0.01573392195136049,0.9594490121422368,4.338019610144818,2.6326948134133428,-3.812196410307349,0.33214668969605454,0.10265492005689564,-0.04314890831399327,0.0,0.0,0.0,0.0,nan,nan,0.0,0.0,0.0,0.0,0.0
3.806,7.2912197682727165,5.193292465977376,1.50537918004171,0.26974407821655094,-0.040572927976786494,0.022295374380593935,0.9618185307342143,4.660282411958816,2.674068563188424,-3.8193206184744657,0.9918941020651668,0.24534648743442725,-0.1301701841236178,7.40001378031405,5.647541372943607,1.3849509990351292,0.2771714315185174,-0.05310417245815025,-0.015255103224897091,0.9592305386314119,4.338679233060004,2.5097592173832477,-3.6935948830716905,0.29882450660291626,0.10094473276467329,-0.03869775212658374,0.0,0.0,0.0,0.0,nan,nan,0.0,0.0,0.0,0.0,0.0
3.826,7.385074636944809,5.278942322746685,1.4767301361027598,0.27935526680726686,-0.03696658297691926,0.022278548265650962,0.9592172709752605,4.626344597266804,2.4897261285090466,-3.726056714422871,0.9977811248466193,0.37758737853819074,-0.13480162171137178,7.493902747279336,5.720241035074089,1.3581516003513094,0.27832002688189617,-0.05123343644975312,-0.014776206725510577,0.9590071748119587,4.33933885597519,2.386823621353152,-3.574993355836032,0.2655023235097779,0.09923454547245092,-0.03424659593917418,0.0,0.0,0.0,0.0,nan,nan,0.0,0.0,0.0,0.0,0.0
3.846,7.477955971069319,5.361268299889992,1.448640185077575,0.28865458934321886,-0.03207752752865457,0.022561862199449986,0.9566297730328275,4.603675454998196,2.307835393474523,-3.617963524962401,0.9433502126344608,0.5026382226089947,-0.14207079008235987,7.587553176202171,5.793197587269338,1.3312160213551227,0.27946720332586594,-0.049362439245213635,-0.014297234894690864,0.958778921822621,4.339998478890376,2.2638880253230567,-3.4563918286003723,0.23218014041663956,0.09752435818022856,-0.02979543975176463,0.0,0.0,0.0,0.0,nan,nan,0.0,0.0,0.0,0.0,0.0
3.866,7.57451926665596,5.444178532329844,1.4195349772527968,0.29742002998467293,-0.025765796539397968,0.023085111512666016,0.954119765605479,4.59065143147485,2.125261545325149,-3.495971840646809,0.8240475068810872,0.6126050523835278,-0.15272906219098345,7.680964092923929,5.866410850696568,1.3041456416561839,0.2806129550019402,-0.04749119038317071,-0.013818190174311917,0.9585457808270688,4.340658101805561,2.1409524292929616,-3.3377903013647137,0.1988579573235012,0.0958141708880062,-0.025344283564355086,0.0,0.0,0.0,0.0,nan,nan,0.0,0.0,0.0,0.0,0.0
3.886,7.661117469078194,5.516124886045363,1.3933706075235361,0.3042603719252119,-0.019183865921821995,0.023702362894147472,0.9521007317282449,4.5866349512860305,1.969203721944035,-3.375927243116453,0.7111577458731125,0.6959721821600026,-0.1629298431419823,7.774134528170269,5.939880641287973,1.276941843613049,0.2817572760688964,-0.04561969940354631,-0.013339075006619298,0.9583077530138915,4.3413177247207475,2.018016833262866,-3.219188774129055,0.16553577423036284,0.09410398359578384,-0.020893127376945528,0.0,0.0,0.0,0.0,nan,nan,0.0,0.0,0.0,0.0,0.0
3.906,7.756073526086431,5.592303985198609,1.3644806329610413,0.31052048484823336,-0.01117372883754444,0.024477308399689847,0.9501857911203415,4.588805357467098,1.8074428360085053,-3.233827667356856,0.5782710060135756,0.7500232396166321,-0.17503884446797524,7.8670635175708865,6.013606769744499,1.2496060123050179,0.2829001606928048,-0.0437479758474967,-0.01285989183421772,0.9580648395965924,4.3419773476359325,1.8950812372327706,-3.100587246893396,0.1322135911372245,0.09239379630356147,-0.016441971189535984,0.0,0.0,0.0,0.0,nan,nan,0.0,0.0,0.0,0.0,0.0
3.926,7.841379207993777,5.658220816076969,1.3382890012922966,0.3149450451398137,-0.003733280226931901,0.025115140679848942,0.9487702097290255,4.5930850548082995,1.6710756145796588,-3.0980557508774544,0.45099608497294613,0.7537819695260661,-0.18635357532938365,7.9597501016791865,6.087589041539688,1.2221395355038949,0.28404160304705955,-0.04187602925736389,-0.012380643100058606,0.9578170418135824,4.342636970551118,1.7721456412026753,-2.981985719657737,0.09889140804408615,0.09068360901133912,-0.011990815002126436,0.0,0.0,0.0,0.0,nan,nan,0.0,0.0,0.0,0.0,0.0
3.9459999999999997,7.935072289662716,5.727669207218154,1.309344743713291,0.3187906313517656,0.004523123256410353,0.0257193874493781,0.9474653491434812,4.598131535382171,1.528802217484683,-2.9308082431565543,0.377104743331592,0.7542054079552378,-0.1953142814917314,8.052193325991855,6.161827256923653,1.1945438036456872,0.2851815973124073,-0.04000386917662699,-0.011901331247427623,0.957564360928174,4.343296593466303,1.6492100451725829,-2.863384192422081,0.06556922495094855,0.08897342171911679,-0.007539658814716989,0.0,0.0,0.0,0.0,nan,nan,0.0,0.0,0.0,0.0,0.0
3.966,8.02379651815531,5.790300285234497,1.2819908041102788,0.32200433162005104,0.012487920910385251,0.02625649829048697,0.9462916350400556,4.603382691058178,1.397472709453158,-2.754785417030205,0.34039086414394126,0.7666073398476707,-0.20198906319894963,8.14215324466786,6.212808319674724,1.174149153844379,0.2856072347775962,-0.03926665896821971,-0.01171282327153764,0.9574703372466314,4.336811818118246,1.5386934822830798,-2.7260103111611826,0.053007822804630005,0.07894092832009322,-0.005842825401731353,0.0,0.0,0.0,0.0,nan,nan,0.0,0.0,0.0,0.0,0.0
3.9859999999999998,8.112108666046154,5.849418660977962,1.2549302063059549,0.32459873431117403,0.020347479675221346,0.02669035238967731,0.9452561911163371,4.60851488683352,1.2712330319813891,-2.574330630897033,0.2562718802770926,0.7358387547780258,-0.2099634323072974,8.230292931032984,6.245200909006513,1.1595450821509403,0.2854677102475627,-0.039428779566161934,-0.011754752144214918,0.9575047694659096,4.324666573851469,1.4380164535996383,-2.5737631931943072,0.056895077486754,0.06231471585420694,-0.006328227340455965,0.0,0.0,0.0,0.0,nan,nan,0.0,0.0,0.0,0.0,0.0
4.006,8.195700791093245,5.9022953045702895,1.2295198988238747,0.3263296742745465,0.027520370488182018,0.026950527341639947,0.9444708793668914,4.612326066525282,1.1568076770831963,-2.402599751027868,0.17727532320767428,0.695812886968747,-0.21663738877101424,8.318442639619537,6.277573169329293,1.1449564323200532,0.2853281718170242,-0.039590898244167415,-0.011796680444508755,0.9575391550606507,4.312521329584692,1.3373394249161925,-2.421516075227425,0.06078233216887817,0.04568850338831994,-0.0068136292791805995,0.0,0.0,0.0,0.0,nan,nan,0.0,0.0,0.0,0.0,0.0
4.026,8.292218616256642,5.9594436108933815,1.2005519147963168,0.32741794577368344,0.03497271071328509,0.026913769437211906,0.9438485298528503,4.611933723863601,1.0304134653772885,-2.1839287278419426,0.10057940696584056,0.5752216445326945,-0.22242187157649232,8.406602362379086,6.309925103242033,1.130383213003366,0.28518861949277535,-0.03975301499434197,-0.011838608170377497,0.9575734940291805,4.300376085317916,1.2366623962327512,-2.26926895726055,0.06466958685100216,0.029062290922433662,-0.007299031217905212,0.0,0.0,0.0,0.0,nan,nan,0.0,0.0,0.0,0.0,0.0
4.046,8.375445594745727,6.004628974316188,1.176740900793489,0.32802894732101184,0.04018849143620859,0.026439659216683627,0.9434420169231684,4.602943856443334,0.9234656727677564,-1.9391494918155996,0.05240219194819126,0.4219887335367034,-0.2253300351631307,8.494772091261275,6.342256713347658,1.115825432849525,0.2850490532816116,-0.039915129808791534,-0.011880535319779534,0.9576077863698268,4.2882308410511385,1.1359853675493055,-2.1170218392936677,0.06855684153312633,0.012436078456546658,-0.007784433156629847,0.0,0.0,0.0,0.0,nan,nan,0.0,0.0,0.0,0.0,0.0
4.066,8.458651692678686,6.045457937511294,1.1546639262685148,0.3269226235839275,0.043772274611898754,0.02542231317770838,0.9436944909010524,4.58725805010697,0.824084196250122,-1.693655541783711,-0.29345885584880216,0.2309584781363898,-0.23597182506042938,8.58295181821376,6.374568002253075,1.1012831005041512,0.2849094731903288,-0.040077242679622115,-0.011922461890673265,0.9576420320809198,4.276085596784362,1.035308338865864,-1.9647747213267923,0.07244409621525033,-0.0041901340093396175,-0.008269835095354458,0.0,0.0,0.0,0.0,nan,nan,0.0,0.0,0.0,0.0,0.0
4.087,8.546271946239676,6.0837009921048395,1.133373464627792,0.32121889104415063,0.045637917649721214,0.023812484776367243,0.9456048699524229,4.564908682259062,0.7361998994194652,-1.4433124107312436,-0.8568895155420918,0.03582095213972933,-0.24867273730917466,8.675551283124129,6.40847298776884,1.0860302867019913,0.2847628991634406,-0.04024745909353689,-0.011966484165258268,0.9576779398906862,4.263333090304247,0.929597458748249,-1.8049152474615706,0.0765257136314806,-0.021647657098520498,-0.00877950713101531,0.0,0.0,0.0,0.0,nan,nan,0.0,0.0,0.0,0.0,0.0
4.106,8.642739510495694,6.120102380643691,1.1125400472078288,0.30971783798260855,0.045508408007973636,0.021507006651604762,0.9494952839803084,4.534598968202104,0.6550993898639452,-1.1636442234066817,-1.2436610775746866,-0.16385274482280732,-0.24989219520336223,8.759341234110625,6.43912962691061,1.0722448138063148,0.2846302713945936,-0.040401462558850854,-0.012006313288769598,0.9577103836077782,4.251795108250809,0.8339542814989771,-1.6602804853930353,0.08021860557949849,-0.03744255894111288,-0.009240638972803705,0.0,0.0,0.0,0.0,nan,nan,0.0,0.0,0.0,0.0,0.0
4.126,8.726138887412807,6.146705823554353,1.097121687233983,0.2982298879195566,0.04363052069115711,0.01909145550053576,0.9533052123756475,4.5054832289632465,0.58731469732125,-0.9283530411549511,-1.254039918301175,-0.3396414238541694,-0.2378278234877695,8.847550906940622,6.471379967896316,1.0577488767300551,0.2844906497037367,-0.04056356955146153,-0.012048238111889155,0.9577444894202152,4.239649863984032,0.7332772528155314,-1.5080333674261532,0.08410586026162266,-0.054068771406999894,-0.009726040911528339,0.0,0.0,0.0,0.0,nan,nan,0.0,0.0,0.0,0.0,0.0
4.146,8.809589977529718,6.168965342657556,1.0842499366448999,0.2872165004176954,0.04034778521121857,0.016361421147676653,0.9568756669569928,4.475771030138246,0.5163638620965333,-0.7169594194032118,-1.1732089535508896,-0.4670784667763592,-0.22085745644271843,8.935770545612172,6.5036099981489395,1.043268422014701,0.2843510141599516,-0.040725674568878226,-0.012090162348334326,0.9577785485964423,4.227504619717255,0.63260022413209,-1.3557862494592778,0.08799311494374666,-0.07069498387288616,-0.010211442850252953,0.0,0.0,0.0,0.0,nan,nan,0.0,0.0,0.0,0.0,0.0
4.166,8.897415753926191,6.188078264852443,1.0732536656829752,0.27614665236543595,0.03587551773462725,0.013334449140394404,0.9603531465459766,4.446076695571415,0.43896607007238,-0.5397155515935668,-1.1802318986457618,-0.5465648876267196,-0.20448488126294864,9.02400014206323,6.535819720295181,1.0288034582908065,0.2842113647700377,-0.04088777760320745,-0.012132085996063663,0.9578125611348013,4.215359375450478,0.5319231954486443,-1.2035391314923958,0.09188036962587082,-0.08732119633877317,-0.010696844788977585,0.0,0.0,0.0,0.0,nan,nan,0.0,0.0,0.0,0.0,0.0
4.186,8.989504634134247,6.204073089937462,1.063814620959869,0.2632936965567053,0.03030504536928023,0.010099903132432274,0.9641867171535745,4.4176620900984,0.3587168117162365,-0.4203431500956564,-1.3639073856674582,-0.6297427903101517,-0.1927182767199669,9.112239688229808,6.568009136965662,1.0143539941859347,0.284071701540795,-0.04104987864655577,-0.012174009053035735,0.9578465270336355,4.203214131183701,0.4312461667652029,-1.0512920135255206,0.09576762430799482,-0.10394740880465944,-0.011182246727702199,0.0,0.0,0.0,0.0,nan,nan,0.0,0.0,0.0,0.0,0.0
4.206,9.072621255151915,6.215582586364258,1.0564217581456492,0.2501197623817334,0.024687459528812572,0.007179414079471515,0.9678734885415521,4.393560223297905,0.2892936072204262,-0.36374439525616764,-1.496474065515494,-0.6674896103946335,-0.18106162871468712,9.200453576604312,6.599949375251064,1.000007687077458,0.28394397350792394,-0.04122268161768987,-0.012220019319716887,0.9578763915853671,4.191067655823792,0.33053623832128476,-0.899126614981324,0.09967948425429675,-0.1205860718435473,-0.01167426258895587,0.0,0.0,0.0,0.0,nan,nan,0.0,0.0,0.0,0.0,0.0
4.226,9.164184560580445,6.225618399398259,1.0488717055900958,0.23469434976938572,0.018005167055333764,0.004003275943036494,0.9718942071683309,4.367446634625438,0.21693804688868704,-0.34388582950341595,-1.504536880457082,-0.706930387920792,-0.16427276791933346,9.282270906594054,6.590708581377228,1.0015259311559686,0.2859587018822602,-0.04331572167144199,-0.012999380284273446,0.9571741665894038,4.178700304563752,0.2239236173710646,-0.7616228619014531,0.10800588419702112,-0.13945854761834112,-0.013352911738384514,0.0,0.0,0.0,0.0,nan,nan,0.0,0.0,0.0,0.0,0.0
4.246,9.246696445159392,6.23261507449861,1.042287887521417,0.22128196398507838,0.011690979218650931,0.0012349664441924106,0.9751390097199973,4.342857538870268,0.15498958951328734,-0.34618587085400343,-1.3690568476911156,-0.7194228821466151,-0.14397988807038342,9.36405850339152,6.581253560708138,1.0033048120945463,0.28797070207602354,-0.04540834847282737,-0.01377861722862531,0.9564628097014956,4.166332953303712,0.11731099642083967,-0.6241191088215761,0.11633228413974586,-0.15833102339313576,-0.015031560887813232,0.0,0.0,0.0,0.0,nan,nan,0.0,0.0,0.0,0.0,0.0
4.266,9.337449817255361,6.238108935982079,1.0355490601553636,0.2098413069924066,0.004702727200424749,-0.0015582118744068986,0.9777229066623894,4.311805026902491,0.08737946187320696,-0.31410253860596155,-0.8274693309844362,-0.692744741851601,-0.10744352185866773,9.44581486733587,6.571583279304287,1.0053433005836896,0.2899799548937852,-0.04750054205720146,-0.014557722718485289,0.9557423277083222,4.153965602043672,0.010698375470619609,-0.4866153557417053,0.12465868408247024,-0.1772034991679296,-0.01671021003724188,0.0,0.0,0.0,0.0,nan,nan,0.0,0.0,0.0,0.0,0.0
4.286,9.419057828838346,6.240792733344866,1.0308114627146598,0.20510162834603812,-0.0013823390361307256,-0.0036960413020279627,0.9787327267785044,4.280318197881535,0.022490018264462147,-0.23371749186382468,-0.20795844793033882,-0.6549639515451611,-0.07125393279903111,9.527538499958172,6.561696711440906,1.0076403574068096,0.291986441166328,-0.0495922824640531,-0.015336689320820444,0.9550127274836208,4.141598250783632,-0.09591424547960065,-0.3491116026618343,0.13298508402519463,-0.1960759749427234,-0.01838885918667052,0.0,0.0,0.0,0.0,nan,nan,0.0,0.0,0.0,0.0,0.0
4.306,9.504314605147627,6.240883341358448,1.028284835762609,0.20611487659209934,-0.0072118629818988,-0.005452821091392408,0.9784860312860368,4.244671642724581,-0.050613190964607584,-0.09203854804417702,0.36288695123831044,-0.550042331426029,-0.03818087564396083,9.609227904038585,6.551592839647104,1.0101949334798848,0.29399014175082877,-0.05168354973719461,-0.016115509603922874,0.9542740159881209,4.129230899523592,-0.20252686642982543,-0.21160784958195744,0.14131148396791937,-0.21494845071751806,-0.02006750833609924,0.0,0.0,0.0,0.0,nan,nan,0.0,0.0,0.0,0.0,0.0
4.326,9.588785142204019,6.237873737845046,1.0289415361724528,0.21143493398439775,-0.011657876367790495,-0.006597439865240322,0.9773002795440261,4.208217849934931,-0.1266548389105864,0.08741871005970388,0.6868503138749634,-0.37308151939292133,-0.01471171768216481,9.690881583663474,6.541270654744699,1.0130059698914995,0.2959910375310411,-0.053774323924952024,-0.016894176137480555,0.9535262002694777,4.116863548263553,-0.30913948738004554,-0.0741040965020866,0.14963788391064375,-0.2338209264923119,-0.021746157485527884,0.0,0.0,0.0,0.0,nan,nan,0.0,0.0,0.0,0.0,0.0
4.346,9.676551719508243,6.231258763905164,1.0331253429801628,0.21980529569986418,-0.014671874244721661,-0.007181784549822353,0.9754069868824615,4.1702185060482035,-0.20711500153233464,0.2855572814321007,0.9264960988408626,-0.22039009322219133,0.003938369965843055,9.772498044282532,6.530729155886725,1.0160723979432509,0.2979891094174777,-0.05586458508035592,-0.017672681492648404,0.9527692874622049,4.104496197003512,-0.41575210833027043,0.06339965657779045,0.1579642838533685,-0.25269340226710657,-0.023424806634956604,0.0,0.0,0.0,0.0,nan,nan,0.0,0.0,0.0,0.0,0.0
4.366,9.755129269941166,6.222297991531578,1.0395853924403617,0.22926323342892876,-0.016225275913520493,-0.007266162758441987,0.9732020926292803,4.136794343298731,-0.27954410254507434,0.44291486387837886,1.0821662723542524,-0.11025265423485124,0.015628450459150223,9.854075792765782,6.519967350595633,1.0193931391905342,0.29998433834759236,-0.05795431326133114,-0.018451018242118953,0.952003284787607,4.092128845743472,-0.5223647292804906,0.2009034096576613,0.16629068379609285,-0.27156587804190035,-0.025103455784385248,0.0,0.0,0.0,0.0,nan,nan,0.0,0.0,0.0,0.0,0.0
4.386,9.841140110661389,6.209541196375096,1.0484631976108458,0.24042999615497096,-0.01706487344229753,-0.007055421704339495,0.9704908181265256,4.102593139258338,-0.36064467941218575,0.5532110445852836,1.0859312481410144,-0.03892394373779828,0.019923998701571206,9.93561333746058,6.508984254801158,1.0229671054836984,0.30197670528596277,-0.06004348853088773,-0.01922917896019344,0.9512281995537101,4.079761494483432,-0.6289773502307154,0.3384071627375382,0.1746170837388176,-0.290438353816695,-0.026782104933813965,0.0,0.0,0.0,0.0,nan,nan,0.0,0.0,0.0,0.0,0.0
4.406,9.922353932628813,6.195149034230622,1.0572852949540954,0.25055615135237813,-0.017340485577399613,-0.006730939453327853,0.9679233528712385,4.072913623530549,-0.44072175956957244,0.6002684936041356,1.0102107648715812,0.002823416408764684,0.01772463942096829,10.017109188248522,6.497778892877881,1.026793199009569,0.3039661912244703,-0.062132090957310336,-0.020007156222852384,0.9504440391551917,4.067394143223393,-0.7355899711809356,0.4759109158174091,0.18294348368154198,-0.3093108295914888,-0.028460754083242612,0.0,0.0,0.0,0.0,nan,nan,0.0,0.0,0.0,0.0,0.0
4.426,9.998944990319792,6.179744209033519,1.0652740979277167,0.2598400059195347,-0.017231996341018217,-0.006353822584945503,0.9654770108937851,4.045336230006454,-0.5190426941688576,0.6339154147347519,1.034644626687569,0.04060469536272138,0.016422229651796266,10.098561856602332,6.4863502976824545,1.0308703123333471,0.30595277718248326,-0.06422010061434924,-0.02078494260782668,0.9496508110733113,4.055026791963353,-0.8422025921311604,0.613414668897286,0.19126988362426672,-0.3281833053662835,-0.03013940323267133,0.0,0.0,0.0,0.0,nan,nan,0.0,0.0,0.0,0.0,0.0
4.446,10.078968433083999,6.161587533952287,1.073344407833219,0.2708003992944886,-0.016744963130513216,-0.005828427449864064,0.9624722226564074,4.014718573223129,-0.6012669026117793,0.6998937824839915,1.2289027088859237,0.07546365665592848,0.017514567944490023,10.179969855642636,6.474697510590512,1.0351973284408675,0.3079364442070367,-0.06630749758140962,-0.021562530694668174,0.9488485228758379,4.042659440703313,-0.9488152130813806,0.7509184219771569,0.1995962835669911,-0.34705578114107727,-0.031818052382099976,0.0,0.0,0.0,0.0,nan,nan,0.0,0.0,0.0,0.0,0.0
4.466,10.162287932422087,6.139995015020641,1.0819136882875082,0.2840842325522164,-0.016157058318472892,-0.0052316681280661715,0.9586489075413946,3.9808745544581448,-0.6860895362886086,0.8136030587570766,1.3773181210889038,0.05552448010452053,0.01412675376407209,10.25926151070494,6.451757216565031,1.0414050975859763,0.3098694176177578,-0.06911901089700312,-0.022630602690821375,0.9479933344595318,4.029849545027632,-1.0579285590483904,0.874320812715703,0.2016354998168732,-0.3659316213508945,-0.032155554272593145,0.0,0.0,0.0,0.0,nan,nan,0.0,0.0,0.0,0.0,0.0
4.486,10.2409242254392,6.116574015933669,1.0906510145894692,0.297436985888388,-0.01596602768367609,-0.004827982646449173,0.9545957343133271,3.948333820008501,-0.7656350265622036,0.9512458216523554,1.3952879814011954,0.006686243219867959,0.005003907057524938,10.333013629932083,6.400269744084271,1.052095680215396,0.3116740123145169,-0.07377318406308331,-0.02443786010965099,0.9470056062950345,4.015913546133059,-1.1734052764453509,0.9618407271147876,0.1876762816857725,-0.3848160227377923,-0.029080358607940723,0.0,0.0,0.0,0.0,nan,nan,0.0,0.0,0.0,0.0,0.0
4.506,10.318816645009724,6.0898851451586005,1.1004085337908815,0.31067761304293234,-0.01615455309478453,-0.004653719054571828,0.9503666629607832,3.9154224049591857,-0.8437410356356139,1.122479582313881,1.3816505049826924,-0.02714746216831332,-0.006533213894473661,10.406363677495223,6.348288852311292,1.0631582695542277,0.3134695186980019,-0.07842520602700533,-0.026244404928393247,0.9459902637537129,4.001977547238486,-1.2888819938423166,1.0493606415138763,0.17371706355467117,-0.4037004241246909,-0.02600516294328817,0.0,0.0,0.0,0.0,nan,nan,0.0,0.0,0.0,0.0,0.0
4.526,10.392117882029812,6.06132715844797,1.110633346703102,0.32273765774338253,-0.016573462538852786,-0.004700740421256725,0.9463316689476691,3.8858550328888115,-0.9177751395349099,1.272636343903845,1.2891562137744308,-0.06581548016065625,-0.019798870049615683,10.479305716835709,6.29581551000934,1.0745876489958899,0.31525588441182795,-0.08307494113731473,-0.028050184468786068,0.9449473364426267,3.9880415483439124,-1.404358711239277,1.1368805559129609,0.1597578454235705,-0.4225848255115887,-0.02292996727863576,0.0,0.0,0.0,0.0,nan,nan,0.0,0.0,0.0,0.0,0.0
4.546,10.472369346446435,6.026194146013806,1.1226673628259514,0.33500709604115136,-0.017508700996280137,-0.0050891062197662195,0.9420391669083518,3.8557609071637784,-1.0008967310109764,1.4244426782510087,1.1970831554602759,-0.12370193228792081,-0.03406250997971471,10.5518338589841,6.242850743380027,1.086378559152194,0.31703305736614945,-0.08772225380924172,-0.02985514607488295,0.9438768547731987,3.9741055494493382,-1.5198354286362428,1.2244004703120495,0.14579862729246917,-0.44146922689848733,-0.0198547716139832,0.0,0.0,0.0,0.0,nan,nan,0.0,0.0,0.0,0.0,0.0
4.566,10.544294853983143,5.991209797448001,1.1339809829160796,0.3453885160840983,-0.01879366037359027,-0.005739256435267938,0.9382540339495252,3.831104153490796,-1.0771776084754983,1.5480731358459177,1.1199226330877092,-0.18240185240270387,-0.045888074646845925,10.623942263247027,6.1893956359436535,1.0985256984667817,0.3188009857391783,-0.09236700852865329,-0.03165923711458777,0.9427788499603277,3.960169550554765,-1.6353121460332032,1.311920384711134,0.13183940916136846,-0.4603536282853851,-0.016779575949330786,0.0,0.0,0.0,0.0,nan,nan,0.0,0.0,0.0,0.0,0.0
4.586,10.623067113329489,5.949235750174315,1.1464847854350806,0.35574674314338683,-0.020859106617548088,-0.006862097997354335,0.9343243890775118,3.8079608599897403,-1.16483069697675,1.6551627296858344,0.9909436487876837,-0.2592425760852706,-0.059050906981975515,10.695625137888461,6.135451328412808,1.111023723833493,0.32055961797869587,-0.09700906985600624,-0.03346240498119017,0.9416533540214784,3.946233551660191,-1.7507888634301692,1.3994402991102226,0.11788019103026716,-0.4792380296722838,-0.013704380284678233,0.0,0.0,0.0,0.0,nan,nan,0.0,0.0,0.0,0.0,0.0
4.606,10.697381185044588,5.906099566279453,1.1581609283827512,0.3644677347473064,-0.023504428080879925,-0.00834274161609705,0.9308819532309587,3.789122120736545,-1.2518502743334852,1.7491420943453622,0.8804978546531437,-0.3425830643702884,-0.0696403279475625,10.76687674080522,6.08101901855934,1.1238672512195678,0.3223089028035554,-0.10164830243029507,-0.03526459709489889,0.9405003997757481,3.9322975527656174,-1.8662655808271296,1.486960213509307,0.10392097289916646,-0.4981224310591815,-0.010629184620025817,0.0,0.0,0.0,0.0,nan,nan,0.0,0.0,0.0,0.0,0.0
4.626,10.77098745194852,5.859878686594618,1.1694894869254198,0.37207653098364785,-0.026917212265202665,-0.010260941579478412,0.9277549417022509,3.773537194757419,-1.3425952991555112,1.8399375070241102,0.7681356109100286,-0.43065432981170354,-0.07843836106944233,10.837691380196741,6.026099961074632,1.1370508562936361,0.3240487892051779,-0.10628457097300054,-0.03706576090437563,0.939320020842909,3.9183615538710432,-1.9817422982240953,1.5744801279083955,0.08996175476806513,-0.5170068324460801,-0.00755398895537326,0.0,0.0,0.0,0.0,nan,nan,0.0,0.0,0.0,0.0,0.0
4.646,10.840192272365634,5.812856173245769,1.1801173845460409,0.3785048766422626,-0.03087882742108586,-0.012468369831273507,0.9250000519615525,3.761012211257519,-1.430991083207696,1.94162716360055,0.6959995717883869,-0.5134494934349512,-0.08417312611573347,10.908063415228941,5.970695467423278,1.150569075058392,0.3257792264490391,-0.11091774029203283,-0.03886584388826679,0.9381122516424287,3.9044255549764704,-2.0972190156210555,1.6620000423074803,0.07600253663696446,-0.5358912338329779,-0.004478793290720847,0.0,0.0,0.0,0.0,nan,nan,0.0,0.0,0.0,0.0,0.0
4.666,10.915785047245928,5.757129632708348,1.1918564274505583,0.3846455124769083,-0.03604995370202654,-0.015331518215494193,0.9222327120194047,3.7503802139522793,-1.5318495335044755,2.0606404927057014,0.5829486005059574,-0.6020284696323945,-0.08919050568366113,10.977987256692174,5.914806905690091,1.1644164044879093,0.32750016407614974,-0.11554767528567536,-0.040664793556735634,0.9368771273924662,3.890489556081896,-2.2126957330180215,1.749519956706569,0.06204331850586313,-0.5547756352198766,-0.0014035976260682913,0.0,0.0,0.0,0.0,nan,nan,0.0,0.0,0.0,0.0,0.0
4.686,10.986792582772871,5.700078235934513,1.203271272326974,0.38949419832270415,-0.041679091107964465,-0.018436107312051794,0.9199006646288211,3.7431748027046545,-1.6311775023765054,2.184173356020757,0.4753884001017848,-0.6717431050109373,-0.09217800102150947,11.04745736765311,5.85843570042056,1.178587303169499,0.3292115519045254,-0.12017424094652247,-0.042462557452992176,0.9356146841088443,3.8765535571873224,-2.328172450414982,1.8370398711056535,0.048084100374762434,-0.5736600366067742,0.0016715980385841262,0.0,0.0,0.0,0.0,nan,nan,0.0,0.0,0.0,0.0,0.0
4.7059999999999995,11.060243361838706,5.63600351553413,1.215422307564533,0.39308396713485905,-0.04819891235988257,-0.022068947039551357,0.9179732137733709,3.7396308531094995,-1.7421967809902537,2.291728433012479,0.287187711458256,-0.7401421709382663,-0.09541475983425707,11.116468264100584,5.801583332454673,1.193076191950048,0.3309133400306515,-0.12479730236541789,-0.04425908315482342,0.9343249586040004,3.8626175582927496,-2.4436491678119423,1.924559785504738,0.03412488224366173,-0.5925444379936722,0.004746793703236543,0.0,0.0,0.0,0.0,nan,nan,0.0,0.0,0.0,0.0,0.0
4.726,11.12228563434114,5.577924999860243,1.22569131814773,0.3944099514627382,-0.054226769299032286,-0.02551236465310533,0.916978389564529,3.7399923691179753,-1.8460180052493456,2.351732451877778,0.0715208817224613,-0.790276817589938,-0.09871451564592498,11.180150801745008,5.725142820495171,1.2028439816169842,0.33069101580827504,-0.13058964200508055,-0.04618112625598698,0.9335186666812854,3.8424489859487543,-2.571634438836632,1.9834889692642068,0.00783215492015299,-0.6051668457862815,0.016463071787350375,0.0,0.0,0.0,0.0,nan,nan,0.0,0.0,0.0,0.0,0.0
4.746,11.190195169733837,5.510154073769358,1.2367599222941807,0.39399523081555027,-0.06127511216351409,-0.029640280595759502,0.9165885513632356,3.7418557787484734,-1.9700362244372531,2.4091444539699007,-0.09637306309418267,-0.8276387251923564,-0.09852653759409685,11.239210545373176,5.633115035014526,1.2094395584535684,0.3289408502813494,-0.13730226442020949,-0.04820114500027031,0.9330716236291449,3.8173573766594764,-2.7095000702198586,2.01983466895025,-0.02820266720768382,-0.6128429780049273,0.03500483991076521,0.0,0.0,0.0,0.0,nan,nan,0.0,0.0,0.0,0.0,0.0
4.766,11.260226892990529,5.435260862145569,1.2480948930492866,0.3925437620881642,-0.06888402872296465,-0.0341021873036661,0.9165159170760049,3.743820793092952,-2.10436133399129,2.4674471402804814,-0.16495600693856577,-0.8470051982954214,-0.09298016402876336,11.29738785052931,5.540598347426885,1.2169716188811026,0.32717344736497966,-0.14400769182565373,-0.05021863787430268,0.932575685102508,3.7922657673702003,-2.8473657016030782,2.056180368636292,-0.06423748933551902,-0.6205191102235726,0.05354660803417921,0.0,0.0,0.0,0.0,nan,nan,0.0,0.0,0.0,0.0,0.0
4.786,11.322423589057616,5.36436665580574,1.2579770069613707,0.3905400914979064,-0.07600503234727157,-0.03824136298711036,0.9166456622640973,3.7466210881418642,-2.2292944069414142,2.496227694825322,-0.24215515347181021,-0.8801753888801895,-0.08729162766485477,11.354668108512717,5.4476033639795,1.2254317223484337,0.3253888996758545,-0.1507055728388976,-0.052233499156005746,0.9320308770898934,3.767174158080924,-2.9852313329862983,2.092526068322334,-0.10027231146335425,-0.6281952424422181,0.07208837615759323,0.0,0.0,0.0,0.0,nan,nan,0.0,0.0,0.0,0.0,0.0
4.806,11.389903868721172,5.282940026527781,1.268140854588223,0.38721343134653513,-0.08422713283502473,-0.04300784493385409,0.9171269671934081,3.751138456032105,-2.3730417314728083,2.4916287972114732,-0.3728496755712921,-0.9287414078486609,-0.08124042627423744,11.411036898651021,5.354140791174287,1.2348112337791064,0.32358730072909525,-0.15739555647287673,-0.054245623261203725,0.9314372281407133,3.742082548791646,-3.123096964369524,2.128871768008377,-0.13630713359119107,-0.6358713746608637,0.09063014428100806,0.0,0.0,0.0,0.0,nan,nan,0.0,0.0,0.0,0.0,0.0
4.826,11.449813867848352,5.206741213824905,1.276453732691316,0.3834789485880892,-0.09209260494193779,-0.047489479195380234,0.9177186919042966,3.755380957868799,-2.5055469967051076,2.4726820612989697,-0.3923650639442659,-0.9731948661888988,-0.0712870751941424,11.466479991322853,5.260221433523675,1.2451013253813417,0.32176874493335517,-0.16407729215436986,-0.05625490474915598,0.9307947693637768,3.71699093950237,-3.260962595752744,2.1652174676944194,-0.17234195571902625,-0.6435475068795091,0.10917191240442206,0.0,0.0,0.0,0.0,nan,nan,0.0,0.0,0.0,0.0,0.0
4.846,11.511643161611685,5.124025477193012,1.2842817815463465,0.37945757720472545,-0.10076946138750775,-0.05224876339137719,0.9182197609927937,3.758477085677322,-2.6438758493521797,2.4502951846565297,-0.3795619554524253,-1.0118390968898112,-0.05801388464320467,11.520983350940499,5.165856191285865,1.2562929784984151,0.31993332758587195,-0.17075042974237203,-0.05826123832808312,0.9301035344256599,3.6918993302130922,-3.3988282271359704,2.2015631673804625,-0.20837677784686306,-0.651223639098155,0.1277136805278369,0.0,0.0,0.0,0.0,nan,nan,0.0,0.0,0.0,0.0,0.0
4.866,11.572031016169564,5.038560162853002,1.291438538739334,0.37594312354085335,-0.1098251167961657,-0.056913018961254745,0.9183496718874412,3.758033703360619,-2.7769756379329236,2.460365767121571,-0.262175052729844,-1.031774519400067,-0.03962957095691766,11.574533138891868,5.071056058180076,1.2683769854990388,0.31808114486747485,-0.17741461954644044,-0.06026451886068375,0.9293635595489412,3.6668077209238157,-3.5366938585191905,2.2379088670665044,-0.24441159997469822,-0.6588997713168003,0.1462554486512509,0.0,0.0,0.0,0.0,nan,nan,0.0,0.0,0.0,0.0,0.0
4.886,11.63352382074894,4.945334957907913,1.298900764292346,0.3738019718188826,-0.11952534527053504,-0.06141368628004195,0.9177222547371136,3.7523711207502433,-2.9064586074394088,2.5240373982469633,-0.0863197662313287,-1.0233420042413746,-0.017314592516181115,11.627115716441185,4.975832119082145,1.2813439517073557,0.3162122938375431,-0.18406951234502134,-0.06226464136964473,0.9285748835103041,3.6417161116345382,-3.674559489902417,2.274254566752548,-0.28044642210253506,-0.6665759035354462,0.16479721677466574,0.0,0.0,0.0,0.0,nan,nan,0.0,0.0,0.0,0.0,0.0
4.906,11.690010010475607,4.852973481693756,1.30630095719163,0.3727453119851541,-0.12870624204473813,-0.06530142626397718,0.9166413471907656,3.742888812856569,-3.0242625921521573,2.606219093084489,-0.02766531916269438,-0.9883127478962732,0.0004269289270449339,11.678717647587765,4.880195547701078,1.2951842973721408,0.314326872428921,-0.19071475940374824,-0.06426150104314152,0.927737547638504,3.616624502345262,-3.8124251212856373,2.31060026643859,-0.3164812442303703,-0.6742520357540915,0.18333898489807976,0.0,0.0,0.0,0.0,nan,nan,0.0,0.0,0.0,0.0,0.0
4.926,11.744296719560415,4.7570522702257705,1.3141060635837376,0.37181949866409536,-0.1375241884968371,-0.06884369168484349,0.9154768725132655,3.7290825116463235,-3.141642481724777,2.6935806323503684,-0.052494409225764246,-0.9361884538100353,0.014482706651199884,11.729325701882328,4.784157604236919,1.3098882596747916,0.3124249794427851,-0.1973500124937184,-0.0662549932403313,0.9268515958122034,3.591532893055984,-3.950290752668863,2.346945966124633,-0.35251606635820704,-0.6819281679727374,0.20188075302149458,0.0,0.0,0.0,0.0,nan,nan,0.0,0.0,0.0,0.0,0.0
4.946,11.79639335637371,4.657823418390765,1.3220660364231203,0.3701880975361579,-0.14576283621805702,-0.07215858558491156,0.9146076243650132,3.7111757074945646,-3.264140920698003,2.757833482369551,-0.1603871451512478,-0.8660744174276171,0.02337068824645111,11.77892685720018,4.6877296330205525,1.3254458947756944,0.3105067145434675,-0.20397492390973912,-0.06824501349683584,0.9259170744576721,3.566441283766708,-4.088156384052083,2.383291665810675,-0.3885508884860423,-0.6896043001913827,0.2204225211449086,0.0,0.0,0.0,0.0,nan,nan,0.0,0.0,0.0,0.0,0.0
4.966,11.846326630766027,4.555541125689351,1.3299399107126582,0.3676663088888527,-0.1532151892718918,-0.07524896529124575,0.9141576364648615,3.6876080194411665,-3.392124389858395,2.8080390581394234,-0.25582638719513084,-0.777927295438148,0.029276457846051207,11.827508302470788,4.590923060135808,1.3418470798985365,0.3085721782532324,-0.21058914648855045,-0.07023145753021627,0.9249340325463544,3.54134967447743,-4.226022015435309,2.4196373654967185,-0.4245857106138791,-0.6972804324100285,0.23896428926832342,0.0,0.0,0.0,0.0,nan,nan,0.0,0.0,0.0,0.0,0.0
4.986,11.891793999708492,4.455763306780403,1.337145984955838,0.36443147817622656,-0.1594203899846675,-0.07796865177181994,0.9141639493615528,3.6590752521538294,-3.5185425861489805,2.846033372537096,-0.34754537709294875,-0.6832930086875644,0.03200386291438323,11.863477250542845,4.469802926843046,1.3355243160563326,0.3014358053885468,-0.21779139463707078,-0.07028467161881494,0.9256151622500752,3.4486934493261323,-4.387711456392115,2.395737958728123,-0.46317243708248734,-0.6819050927181954,0.2689688927935904,0.0,0.0,0.0,0.0,nan,nan,0.0,0.0,0.0,0.0,0.0
5.006,11.937479841077135,4.347982241795966,1.3445275507790533,0.36055878401422214,-0.1650036851074939,-0.08053053939404894,0.9144867300273066,3.6214118017103503,-3.652868731514963,2.9014167724089335,-0.38473720109473136,-0.5800055277904268,0.034569066967379436,11.89635018923691,4.3435597721996935,1.3269486207649912,0.29324189306320003,-0.22508658076868585,-0.0699492156327947,0.926527026342421,3.3427122610535385,-4.55409938308627,2.3599571283548157,-0.50226244519928,-0.6619835862321052,0.301234174590264,0.0,0.0,0.0,0.0,nan,nan,0.0,0.0,0.0,0.0,0.0
5.026,11.983063647878511,4.231937753910358,1.3519521839777315,0.3559578680084802,-0.1699815214545517,-0.08298286714655277,0.91515797670511,3.57706407796357,-3.7976254856612,2.927511745366735,-0.4622135731877663,-0.5206408098365474,0.03517129033376781,11.928399448344617,4.216958813783899,1.3209030388023555,0.2850124093330131,-0.23235446300519522,-0.06960527452944847,0.9273264990311872,3.23673107278095,-4.7204873097804185,2.3241762979815093,-0.5413524533160708,-0.6420620797460159,0.33349945638693623,0.0,0.0,0.0,0.0,nan,nan,0.0,0.0,0.0,0.0,0.0
5.046,12.022529225713413,4.124969962225567,1.3577736416543331,0.35118408688367075,-0.17424345050610793,-0.08523119440253588,0.9159937775859206,3.537228673090679,-3.933411755137001,2.8933878594507556,-0.5292439792204129,-0.5286174935315902,0.03629556223528885,11.959591885204716,4.090048814771517,1.3173829854185168,0.2767483524670059,-0.23959415972365458,-0.06925289003019633,0.9280134833371654,3.1307498845083566,-4.886875236474573,2.2883954676082015,-0.5804424614328634,-0.6221405732599257,0.3657647381836099,0.0,0.0,0.0,0.0,nan,nan,0.0,0.0,0.0,0.0,0.0
5.066,12.062653662578224,4.010958249272892,1.3622763186527314,0.345438656715385,-0.17893494484114492,-0.08781375957985911,0.9170295325614205,3.497559804603828,-4.080753545292031,2.803594034871189,-0.5958136310618636,-0.5778406126812317,0.03842205641561597,11.989894772887101,3.9628786882852802,1.3163826504741918,0.2684507249280582,-0.24680479272013336,-0.06889210488067588,0.9285878959264341,3.024768696235767,-5.053263163168721,2.2526146372348954,-0.6195324695496542,-0.6022190667738364,0.3980300199802821,0.0,0.0,0.0,0.0,nan,nan,0.0,0.0,0.0,0.0,0.0
5.086,12.105439215618832,3.8843497082213374,1.3647482773819943,0.3386925172862414,-0.18479652482838926,-0.0909298457649636,0.9180791830200811,3.456322107561629,-4.242863804124179,2.668342621943446,-0.5945567069326867,-0.6703645326469172,0.04674389838870091,12.01927581607195,3.835497473662046,1.3178950012598036,0.26012053325130446,-0.25398548731624704,-0.06852296284555691,0.9290496671204678,2.9187875079631738,-5.219651089862875,2.2168338068615876,-0.6586224776664469,-0.5822975602877462,0.43029530177695574,0.0,0.0,0.0,0.0,nan,nan,0.0,0.0,0.0,0.0,0.0
5.106,12.141281442143159,3.774094935406833,1.3647316002534078,0.3331344568474462,-0.1908632367707851,-0.09377687842106111,0.9185850834756342,3.421152035481899,-4.376540391401043,2.5579541396912395,-0.5064793334277801,-0.7931460292877388,0.06113541994283006,12.047703166719451,3.707954312658904,1.3219117859077678,0.25175878792203926,-0.26113537246525664,-0.06814550870323255,0.9293987409045888,2.8128063196905853,-5.386039016557023,2.1810529764882816,-0.6977124857832377,-0.5623760538016569,0.46256058357362806,0.0,0.0,0.0,0.0,nan,nan,0.0,0.0,0.0,0.0,0.0
5.126,12.175810707040332,3.6627492996579316,1.363155234215826,0.3283479667365734,-0.19829902513131825,-0.09672146005300072,0.9184280421117067,3.385514997077658,-4.4996010902048615,2.4923093430947736,-0.37259525002422095,-0.9470384861883423,0.07937939951183842,12.075145439522515,3.580298425609489,1.3284235373963011,0.24336650325313916,-0.2682535808577325,-0.0677597882403875,0.9296350749347626,2.7068251314179914,-5.552426943251177,2.1452721461149737,-0.7368024939000304,-0.5424545473155667,0.4948258653703017,0.0,0.0,0.0,0.0,nan,nan,0.0,0.0,0.0,0.0,0.0
5.146,12.210077281601981,3.54375502019965,1.3607928687846405,0.324851344902407,-0.20783578674849765,-0.09975835107715568,0.917237243493796,3.347073262870912,-4.613218018818243,2.5132651693284993,-0.1280649659806542,-1.1055260853962334,0.1028456016455902,12.101571727134953,3.4525790875422686,1.337419578142836,0.23494469726202516,-0.27533924902676,-0.06736584824644404,0.9297586405427337,2.6008439431454025,-5.718814869945325,2.1094913157416673,-0.7758925020168211,-0.5225330408294775,0.5270911471669739,0.0,0.0,0.0,0.0,nan,nan,0.0,0.0,0.0,0.0,0.0
5.166,12.241319250303887,3.4221422676096775,1.358941278461324,0.323525095812364,-0.2187985710332642,-0.102426395199225,0.9148592958810083,3.307755071290441,-4.709514411403849,2.629829568278128,0.09412584762408086,-1.1796187924277273,0.1242421340018503,12.126951615167766,3.324845604272192,1.3488880251847943,0.22649439154717024,-0.28239151745268387,-0.06696373650788597,0.9297694227395038,2.494862754872809,-5.88520279663948,2.0737104853683594,-0.8149825101336138,-0.5026115343433872,0.5593564289636476,0.0,0.0,0.0,0.0,nan,nan,0.0,0.0,0.0,0.0,0.0
5.186,12.268912704465379,3.2974625268592073,1.3582934316027917,0.3230038019905176,-0.2299839121896744,-0.10475106139670226,0.9120324331787039,3.2659718402393594,-4.799695548219783,2.7840162710568643,0.10089667383747164,-1.1366998286132606,0.13723071021087346,12.15125519694623,3.1971472884775025,1.362815795945213,0.21801661116417856,-0.289409530667369,-0.06655350180246236,0.9296674202171495,2.38888156660022,-6.051590723333628,2.0379296549950534,-0.8540725182504045,-0.482690027857298,0.5916217107603199,0.0,0.0,0.0,0.0,nan,nan,0.0,0.0,0.0,0.0,0.0
5.206,12.292642670906915,3.1696974096729127,1.3588943312025732,0.3222205135577012,-0.2402758410110248,-0.10674644521316061,0.9094210561139485,3.2182228829084467,-4.891862908256229,2.9347541155245613,0.02719892611530328,-1.0040032125349119,0.143527521234876,12.174453088020668,3.0695334357731197,1.3791886145804286,0.20951238450143886,-0.2963924373579745,-0.06613519389327017,0.9294526453489818,2.2829003783276263,-6.217978650027782,2.0021488246217456,-0.8931625263671973,-0.4627685213712078,0.6238869925569934,0.0,0.0,0.0,0.0,nan,nan,0.0,0.0,0.0,0.0,0.0
5.226,12.313605391739376,3.032591808765786,1.3603589376930285,0.32028556794645163,-0.24935676358009418,-0.10859215112623251,0.9074393115442253,3.1587901402484264,-4.9983747309958435,3.0500490840392462,-0.1484332489293132,-0.8108534394309768,0.14149681579511109,12.193525611820537,2.9401689820231134,1.3922552540686175,0.20040856875984447,-0.30288954757539494,-0.06526542187102885,0.9294271096999484,2.161349637075116,-6.376110940286578,1.9597876641575203,-0.928562968103657,-0.4402143590277999,0.6534383184421988,0.0,0.0,0.0,0.0,nan,nan,0.0,0.0,0.0,0.0,0.0
5.246,12.32943688344733,2.906372627104964,1.36182161234673,0.3168564420540644,-0.25552123046535175,-0.11019732167615337,0.9067344959830932,3.093955996251017,-5.1083675427307424,3.109106347915959,-0.38696894528089787,-0.5982051840913423,0.13183963763780832,12.188324038144229,2.7954284187953653,1.363199646551481,0.18671025336376393,-0.3057611161838579,-0.060862940272573544,0.9316357247445042,1.9161623793302285,-6.468685912900437,1.865172653447218,-0.9346648721608563,-0.39675449696765125,0.6614383476883577,0.0,0.0,0.0,0.0,nan,nan,0.0,0.0,0.0,0.0,0.0
5.266,12.343666891920936,2.76474935061519,1.363263013498872,0.31150395840508266,-0.2598402815962231,-0.11181749369536298,0.9071632488486554,3.007340611598485,-5.240279987772047,3.160777062339267,-0.5262578520165148,-0.3549236343562355,0.11995779516313004,12.18308772391772,2.6499013036432046,1.338389263459019,0.17297083378464514,-0.30856537161235675,-0.05644705972364748,0.9336392405796404,1.6709751215853519,-6.561260885514291,1.7705576427369198,-0.9407667762180552,-0.35329463490750446,0.6694383769345162,0.0,0.0,0.0,0.0,nan,nan,0.0,0.0,0.0,0.0,0.0
5.286,12.353852140083314,2.6349850089537514,1.3640706833322962,0.3059634892868428,-0.2620311240467881,-0.11308286462987399,0.9082611403012342,2.9205281972292374,-5.366784818574216,3.1552869545376523,-0.6274666827536732,-0.23790844882146925,0.11181235378677051,12.177799036864696,2.5037127709961338,1.31784521195657,0.15919333474987696,-0.3113016965052494,-0.052018752378479194,0.9354372161321965,1.425787863840475,-6.653835858128145,1.6759426320266217,-0.9468686802752543,-0.3098347728473577,0.677438406180675,0.0,0.0,0.0,0.0,nan,nan,0.0,0.0,0.0,0.0,0.0
5.306,12.3629332402986,2.490405248628742,1.3634656179620515,0.29858715361138866,-0.2635850238582363,-0.11470894230379555,0.9100607152555519,2.8234098120955284,-5.51821714452351,3.0634438134813866,-0.7974349291289365,-0.21441582501128548,0.10573126514097403,12.172440390825718,2.3569885376947233,1.3015848424918897,0.14538078937002402,-0.31396948846177186,-0.04757899312705115,0.9370292555786175,1.1806006060955876,-6.746410830742004,1.5813276213163194,-0.9529705843324534,-0.2663749107872091,0.685438435426834,0.0,0.0,0.0,0.0,nan,nan,0.0,0.0,0.0,0.0,0.0
5.326,12.369885796065978,2.359059628728523,1.3607286701605072,0.29053330854898285,-0.26502030267182963,-0.11665262145614304,0.9120015360199364,2.739028099048806,-5.6647613214156305,2.909026637678033,-0.9323800653741144,-0.274160738219649,0.106547472202488,12.16699426124373,2.2098547922906864,1.2896217335172164,0.13153623847109103,-0.31656816016865696,-0.04312875938047875,0.9384150084320948,0.9354133483507112,-6.838985803355859,1.4867126106060216,-0.9590724883896525,-0.22291504872706236,0.6934384646729927,0.0,0.0,0.0,0.0,nan,nan,0.0,0.0,0.0,0.0,0.0
5.346,12.376298778700603,2.220519596963426,1.3551454049461134,0.28079249629214387,-0.26718430317376246,-0.11922742258431059,0.9140858514753851,2.6539958075468673,-5.821893367385003,2.707638325622186,-1.0386979060190074,-0.39283236427073187,0.11571795823146191,12.161443200595286,2.0624380839315246,1.2819656795327652,0.11766272992508156,-0.3190971395294315,-0.03866903085583225,0.939594169619726,0.6902260906058237,-6.931560775969718,1.3920975998957192,-0.9651743924468518,-0.17945518666691368,0.7014384939191516,0.0,0.0,0.0,0.0,nan,nan,0.0,0.0,0.0,0.0,0.0
5.366,12.382011135736914,2.074766327704507,1.3463556446535105,0.2694259979487393,-0.270976283370433,-0.12250179163563768,0.9159556738871873,2.567884698097427,-5.9812641582969714,2.4930213357350337,-1.1016333524861062,-0.6150287425345917,0.1386684590686752,12.155769853753982,1.9148652109277502,1.2786226824621842,0.10376331797901536,-0.32155586979036227,-0.03420078936045406,0.940566479549676,0.44503883286094714,-7.024135748583573,1.2974825891854211,-0.9712762965040507,-0.135995324606767,0.7094385231653103,0.0,0.0,0.0,0.0,nan,nan,0.0,0.0,0.0,0.0,0.0
5.386,12.38584554598932,1.9424597040635598,1.3363873601290177,0.25872410419668773,-0.27683523043363045,-0.12588885210863665,0.9168293679922945,2.493211955678958,-6.112693667635103,2.3373323877160486,-1.0414065960431087,-0.9314269925766048,0.17174026912927054,12.149956973272497,1.7672631091006017,1.27959494636756,0.08984106258253226,-0.32394380966302594,-0.029725018575812653,0.9413317241683264,0.19985157511605967,-7.116710721197432,1.2028675784751188,-0.9773782005612499,-0.09253546254661832,0.7174385524114693,0.0,0.0,0.0,0.0,nan,nan,0.0,0.0,0.0,0.0,0.0
5.406,12.387524543827073,1.7952732155989306,1.324503381234921,0.2472800615732538,-0.2868932265758768,-0.1299069301643931,0.9163345661866489,2.4142923462693884,-6.237715933954008,2.2691654581937413,-0.8967586488099819,-1.2932193486197248,0.2098306688201076,12.143987434569832,1.6197587400087792,1.284880875508633,0.07589902871425046,-0.32626043344347294,-0.025242703840947157,0.9418897350073993,-0.04533568262881693,-7.209285693811286,1.1082525677648207,-0.9834801046184489,-0.049075600486471624,0.725438581657628,0.0,0.0,0.0,0.0,nan,nan,0.0,0.0,0.0,0.0,0.0
5.426,12.385532931035028,1.6607848501852713,1.3143700716752327,0.23771597389846105,-0.2984293055922512,-0.1334461363949232,0.9146710851439989,2.3436920409709736,-6.33597354130314,2.2917868197080797,-0.7785953989204891,-1.423520142064344,0.23536635048119936,12.137844251010364,1.4724789791524118,1.2944750757479238,0.06194028570700788,-0.32850523112796126,-0.02075483193554381,0.9422403892210449,-0.2905229403737044,-7.301860666425146,1.0136375570545186,-0.9895820086756484,-0.005615738426322958,0.7334386109037869,0.0,0.0,0.0,0.0,nan,nan,0.0,0.0,0.0,0.0,0.0
5.446,12.379087452657721,1.517729766187831,1.3050633807445966,0.22827662308636176,-0.310357462108713,-0.13668527584742965,0.9126254239457927,2.2615751411699403,-6.431927913906743,2.3567479396775197,-0.7652953205335942,-1.2624390596708939,0.24599877491346855,12.131510588861419,1.3255505042529105,1.3083683593005428,0.04796790657215483,-0.3306777085252332,-0.016262390862698352,0.9423836096128873,-0.5357101981185812,-7.394435639039,0.9190225463442203,-0.9956839127328473,0.03784412363382382,0.7414386401499455,0.0,0.0,0.0,0.0,nan,nan,0.0,0.0,0.0,0.0,0.0
5.466,12.367180948726103,1.3659870696852372,1.2969769933153517,0.21808862714855753,-0.32059415183646506,-0.1396341823037745,0.9111306358854757,2.160766856905824,-6.532434132805638,2.4373331003787184,-0.8320726667375098,-1.0101347360343076,0.2502948144328835,12.12496978211621,1.179099683706869,1.326547752824492,0.03398496732302669,-0.33277738736531187,-0.011766369631405952,0.9423193646530177,-0.7808974558634684,-7.48701061165286,0.8244075356339181,-1.0017858167900466,0.08130398569397243,0.7494386693961046,0.0,0.0,0.0,0.0,nan,nan,0.0,0.0,0.0,0.0,0.0
5.486,12.351785001135008,1.2275164610042997,1.291117014469966,0.2088694392145715,-0.32751150706621157,-0.14182094421556934,0.9104924985320932,2.0557315227417488,-6.622624298575719,2.5131315333003985,-0.8483766085536308,-0.7460806023165557,0.25180656455660105,12.104787726992305,1.0328159114511835,1.327448270198011,0.021366000236984553,-0.33252338990962516,-0.007769843973629305,0.9428209367220851,-1.0154405944833838,-7.52493565868156,0.7390882924223534,-0.9931625266099761,0.11864624758724993,0.743775217518342,0.0,0.0,0.0,0.0,nan,nan,0.0,0.0,0.0,0.0,0.0
5.506,12.330847237154085,1.0807416477853706,1.2863529637168423,0.19954724738818141,-0.332122675829994,-0.1435053576841008,0.9106490194225669,1.929707460507717,-6.715144243080266,2.5983441330081107,-0.8280621025291017,-0.4251686697728106,0.2495725360848174,12.063157621226868,0.8856106085742098,1.2981976713598564,0.010902806392945805,-0.32862469612491996,-0.004562557421127244,0.9443866374421764,-1.2332242899283608,-7.476812972534139,0.6684054775834449,-0.9613540340507939,0.1463561884626943,0.7165982582493159,0.0,0.0,0.0,0.0,nan,nan,0.0,0.0,0.0,0.0,0.0
5.526,12.305153098507523,0.93311265183931,1.28290935203376,0.19123708606848405,-0.33380791808924803,-0.14434821535488182,0.9116820956105357,1.7867973717450725,-6.8023949089799345,2.690478110934016,-0.7485594080833213,-0.09549392284544268,0.2458435830758421,12.021190147198292,0.7378347867456634,1.2725246886720158,0.00043811432510908183,-0.3246808439357874,-0.0013546438986633154,0.9458225640028317,-1.451007985373328,-7.42869028638672,0.5977226627445396,-0.9295455414916132,0.17406612933813742,0.6894212989802909,0.0,0.0,0.0,0.0,nan,nan,0.0,0.0,0.0,0.0,0.0
5.546,12.275232655040051,0.784884978891816,1.2802493487888942,0.18349233452137945,-0.33250940555374275,-0.14458703534227868,0.913708185145083,1.6288641448754426,-6.8920444559499385,2.720940387246281,-0.8203490763590474,0.2072059526174782,0.2370068657625644,11.97891510253695,0.5895670796345877,1.2504436547188793,-0.010026637946797092,-0.320692375291978,0.0018534557740133085,0.9471285190842723,-1.6687916808183052,-7.380567600239299,0.5270398479056311,-0.897737048932431,0.2017760702135818,0.6622443397112648,0.0,0.0,0.0,0.0,nan,nan,0.0,0.0,0.0,0.0,0.0
5.566,12.242403576085229,0.636435195506993,1.2770004369285677,0.1748633508947683,-0.3286804732452003,-0.14490244470646563,0.9167307328432127,1.4620545622720815,-6.994213912641261,2.6350189886114763,-1.0080415321343275,0.4122719566104911,0.22645977534391687,11.93636245392834,0.44088639127307305,1.2319669277828138,-0.020490012394769337,-0.31665983827427285,0.005061300751572768,0.9483043232269247,-1.8865753762632724,-7.33244491409188,0.45635703306672576,-0.8659285563732502,0.22948601108902494,0.63506738044224,0.0,0.0,0.0,0.0,nan,nan,0.0,0.0,0.0,0.0,0.0
5.586,12.206035670643914,0.4806046329616394,1.2716568593763795,0.16392437933788828,-0.3226500353257167,-0.14577801510256766,0.9207467202633728,1.283645123292146,-7.113815294958705,2.4432922059802094,-1.2438534382585094,0.5390576972139317,0.2170884866092449,11.893562320641989,0.2918718526868802,1.2171048850514643,-0.03095057118014165,-0.31258378701916745,0.008268450223685088,0.9493498148560819,-2.104359071708249,-7.2843222279444575,0.3856742182278172,-0.834120063814068,0.2571959519644693,0.6078904211732137,0.0,0.0,0.0,0.0,nan,nan,0.0,0.0,0.0,0.0,0.0
5.606,12.17019650311339,0.3323512567262466,1.264102599683553,0.1515687687801598,-0.3158127733579288,-0.14721239704647404,0.9249960598133764,1.1152403104019561,-7.2310059236531545,2.2000740696820884,-1.440248849854109,0.5618831320565829,0.2186017258687038,11.850544957976517,0.1426027784014029,1.2058659169139772,-0.04140687685116421,-0.30846478164272517,0.011474463475593522,0.9502648503041063,-2.322142767153217,-7.236199541797039,0.3149914033889119,-0.8023115712548873,0.2849058928399124,0.5807134619041889,0.0,0.0,0.0,0.0,nan,nan,0.0,0.0,0.0,0.0,0.0
5.626,12.131439519479775,0.1769022008786579,1.2535125967212255,0.13701631179775992,-0.30915766793329597,-0.1491221815807728,0.9291989246765063,0.9443877557136867,-7.344996158906933,1.9240607068192461,-1.5265985737627,0.3697151445390315,0.24775719902389476,11.807340740629904,-0.006841377153339101,1.1982564223492482,-0.051857492540536544,-0.3043033881636072,0.014678899948677089,0.9510493038301715,-2.539926462598194,-7.188076855649618,0.24430858855000337,-0.770503078695705,0.31261583371535684,0.5535365026351627,0.0,0.0,0.0,0.0,nan,nan,0.0,0.0,0.0,0.0,0.0
5.646,12.096996211912643,0.04386207269909034,1.242760958006738,0.12366089681637878,-0.30569053208619346,-0.15088910852664286,0.9319301251271276,0.8047510004439586,-7.426356635726342,1.718722172801371,-1.5356827536946727,0.031594941470264065,0.2878893686018749,11.763980146004158,-0.15638106331449042,1.1942808054087475,-0.06230098216285271,-0.3001001784252935,0.017881319300989486,0.9517030676375415,-2.757710158043161,-7.139954169502198,0.173625773711098,-0.7386945861365244,0.34032577459079993,0.5263595433661379,0.0,0.0,0.0,0.0,nan,nan,0.0,0.0,0.0,0.0,0.0
5.666,12.05451268857544,-0.11107672454146282,1.2295614699519235,0.10783709728154124,-0.30608734877023375,-0.15280273521927565,0.9334522052479219,0.6497724589347817,-7.496797090821795,1.5737917893460962,-1.4042801444557522,-0.4938776652665985,0.34061316072815384,11.720493737453502,-0.3059366769111622,1.1939414727958473,-0.07273591061194677,-0.29585573001750076,0.021081281467770257,0.9522260518883839,-2.975493853488138,-7.091831483354778,0.10294295887218956,-0.7068860935773422,0.36803571546624436,0.4991825840971117,0.0,0.0,0.0,0.0,nan,nan,0.0,0.0,0.0,0.0,0.0
5.686,12.012953963211022,-0.25092010044313345,1.2184307465216626,0.09375427578566642,-0.3105616031854883,-0.1542329676662996,0.9332597805989555,0.5143162104828347,-7.541905445353819,1.5313215253358283,-1.3109085849077748,-0.8268411801123776,0.3750595961158094,11.67691214748535,-0.45542860601797863,1.197238832542988,-0.08316084395809603,-0.2915706261968135,0.02427834672191592,0.9526181847161147,-3.1932775489331053,-7.043708797207358,0.03226014403328417,-0.6750776010181614,0.39574565634168746,0.4720056248280867,0.0,0.0,0.0,0.0,nan,nan,0.0,0.0,0.0,0.0,0.0
5.7059999999999995,11.965316462412016,-0.39760076813535383,1.2084711647806257,0.07950269206633707,-0.31728738608543483,-0.15533392721870348,0.932137011195292,0.3713457729398737,-7.57661638586907,1.5409578891769418,-1.1951951407422685,-0.9102015294709448,0.39161096283147256,11.63326606092324,-0.6047772737135397,1.2041712937873998,-0.09357434964506973,-0.2872454558065343,0.027472075734406527,0.9528794122352742,-3.4110612443780726,-6.99558611105994,-0.03842267080562119,-0.6432691084589806,0.4234555972171306,0.44482866555906186,0.0,0.0,0.0,0.0,nan,nan,0.0,0.0,0.0,0.0,0.0
5.726,11.913375236349221,-0.5435274639544634,1.2006557227172197,0.0666190135562518,-0.32388194467748194,-0.15583461238066504,0.9307942664890521,0.22395953288835005,-7.600563423398661,1.5866286237935099,-1.0317740174277943,-0.7971944291717467,0.39375777430487685,11.589586198041042,-0.7539031818195796,1.2147352676455223,-0.10397499668698425,-0.2828808131957668,0.03066202963467621,0.9530096985489316,-3.6288449398230496,-6.9474634249125184,-0.10910548564452964,-0.6114606158997985,0.4511655380925749,0.41765170629003573,0.0,0.0,0.0,0.0,nan,nan,0.0,0.0,0.0,0.0,0.0
5.746,11.857106024062322,-0.688502496083483,1.1949272591370335,0.055253044982702344,-0.3290116349474994,-0.15578444759488153,0.9297470897920951,0.07026428542955035,-7.616539888283668,1.6480066932865751,-0.9072942307915322,-0.5778805788557818,0.387194835455991,11.52518926366404,-0.8949000016036274,1.2070461206755603,-0.10999835004813341,-0.2781073903890586,0.031914255778623855,0.9536970811928558,-3.777174281625417,-6.8807395106387,-0.12341922739440114,-0.5808901200127309,0.4562928561477005,0.3932548770993162,0.0,0.0,0.0,0.0,nan,nan,0.0,0.0,0.0,0.0,0.0
5.766,11.79663763081185,-0.832373597330459,1.1910576666997261,0.04583189198741837,-0.33207243222065863,-0.15512292738051875,0.9292815584293106,-0.09055001280611209,-7.624430904521326,1.7197612158804039,-0.7265031937422237,-0.3010320885971088,0.37441464542514497,11.449902970153417,-1.0318339070897207,1.1904174421914422,-0.11381755339417934,-0.2731318238695543,0.032190628976518226,0.9546770840106878,-3.8905148128781097,-6.804644911695431,-0.10933609096840745,-0.5509432859805375,0.4500437943197084,0.3702585856648606,0.0,0.0,0.0,0.0,nan,nan,0.0,0.0,0.0,0.0,0.0
5.786,11.729114928925965,-0.9821892736056642,1.188339713717026,0.037885639175755055,-0.3322706299129179,-0.15394840129385476,0.9297638391444266,-0.2684653857685403,-7.628893442893878,1.7611519923927865,-0.6207584185263508,0.054847271995785735,0.353221533860518,11.374084549513666,-1.1686784057566142,1.175565382177076,-0.11763216085980084,-0.26814522846069877,0.03246570233728597,0.9556185375749889,-4.003855344130804,-6.72855031275216,-0.09525295454241375,-0.520996451948344,0.4437947324917163,0.3472622942304049,0.0,0.0,0.0,0.0,nan,nan,0.0,0.0,0.0,0.0,0.0
5.806,11.66518264002955,-1.1166905978514317,1.1861612657149487,0.03178891877020766,-0.3297557109399087,-0.15273766072141062,0.9310863777025672,-0.43622068053589746,-7.633184321427468,1.7447294670503848,-0.5976110301091804,0.3241726832647233,0.33429102666841626,11.29775179472163,-1.3054186430087786,1.1624943656728806,-0.1214420184135744,-0.2631478055180431,0.0327394647536397,0.9565214038704625,-4.117195875383502,-6.652455713808888,-0.08116981811641945,-0.49104961791614926,0.43754567066372396,0.3242660027959482,0.0,0.0,0.0,0.0,nan,nan,0.0,0.0,0.0,0.0,0.0
5.826,11.59570044055179,-1.257308732477734,1.183255927261416,0.025713913378371044,-0.3247558692734449,-0.15157974152076706,0.9332180891901508,-0.6168264918715868,-7.639327413562836,1.6725596202162762,-0.6240883237308664,0.540972694509665,0.317935015317385,11.220922581827269,-1.4420397810905345,1.1512085300525667,-0.12524697221587464,-0.2581397568343481,0.033011905171227145,0.9573856464399418,-4.230536406636195,-6.576361114865618,-0.06708668169042575,-0.46110278388395576,0.43129660883573184,0.3012697113614925,0.0,0.0,0.0,0.0,nan,nan,0.0,0.0,0.0,0.0,0.0
5.846,11.52443936974884,-1.3970196673360744,1.179186628543171,0.01961891446346342,-0.3183456632590888,-0.15056126286736582,0.9357363106149029,-0.7973281608138331,-7.644288615588667,1.5685121934311457,-0.6618788900765146,0.618172155948095,0.31325670595267924,11.14361486706637,-1.5785270014826283,1.1417117243548771,-0.12904686862508702,-0.25312128463143435,0.03328301258907751,0.9582112303858618,-4.3438769378888935,-6.500266515922345,-0.05300354526443145,-0.43115594985176103,0.4250475470077395,0.2782734199270358,0.0,0.0,0.0,0.0,nan,nan,0.0,0.0,0.0,0.0,0.0
5.866,11.440423440102292,-1.556552974590092,1.173033140293499,0.011988680176119766,-0.31103900451058775,-0.14951761590510568,0.9384857440338402,-0.9997016127339499,-7.64317590219746,1.4534932976353159,-0.7121978559144431,0.484985287662041,0.329336834726066,11.065846683960356,-1.7148655072956076,1.1340075086619132,-0.13284155420381075,-0.24809259155201843,0.03355277606004565,0.9589981223716675,-4.457217469141588,-6.424171916979075,-0.03892040883843776,-0.4012091158195676,0.4187984851797474,0.2552771284925801,0.0,0.0,0.0,0.0,nan,nan,0.0,0.0,0.0,0.0,0.0
5.886,11.37663482241289,-1.6735647818606691,1.1679873456599812,0.005798925615724269,-0.3072959282672495,-0.1486537096798331,0.9399136447198203,-1.1431897501920283,-7.633740205069706,1.4077588892042026,-0.7403470151606741,0.24983415175789048,0.3516773078847027,10.987636140403563,-1.8510405256598026,1.1280991535241167,-0.13663087572505567,-0.24305388065152844,0.0338211846912542,0.959746290623161,-4.570558000394286,-6.348077318035802,-0.024837272412443455,-0.3712622817873728,0.41254942335175504,0.23228083705812344,0.0,0.0,0.0,0.0,nan,nan,0.0,0.0,0.0,0.0,0.0
5.906,11.299255415585511,-1.810028124521178,1.1623731877858872,-0.002386395930938759,-0.30507143765330796,-0.14758554338129354,0.9408210405956348,-1.3059523789445138,-7.614082792014056,1.4045317186090251,-0.7978549468726912,0.012430930986592934,0.37331239582199294,10.909001415738555,-1.9870373101113303,1.1239896394320332,-0.14041468017842829,-0.2380053553899066,0.034088227644533266,0.960455704929784,-4.683898531646979,-6.271982719092533,-0.010754135986449774,-0.34131544775517936,0.40630036152376303,0.20928454562366777,0.0,0.0,0.0,0.0,nan,nan,0.0,0.0,0.0,0.0,0.0
5.926,11.218917252978173,-1.9449743220157878,1.1578595147635726,-0.011483834401334068,-0.3041301545605084,-0.14656962193329956,0.9412174650742375,-1.465274211200966,-7.588644775190185,1.4293180837170956,-0.8668432767343617,-0.06177501433373611,0.38305550897613355,10.82996075781984,-2.1228411429739285,1.121681656334909,-0.1441928147763113,-0.232947219623392,0.03435389413685828,0.9611263366458382,-4.797239062899678,-6.1958881201492595,0.0033290004395445383,-0.31136861372298463,0.40005129969577063,0.18628825418921108,0.0,0.0,0.0,0.0,nan,nan,0.0,0.0,0.0,0.0,0.0
5.946,11.13112323458369,-2.0848277545558527,1.154775685181161,-0.02118526756629817,-0.303659911556203,-0.14542909633711223,0.9413778308895924,-1.6304494496611388,-7.555574102408336,1.476438574863323,-0.7977904693845911,-0.11257953165227373,0.3878491061343304,10.75053248006659,-2.258437337736046,1.1211776032062257,-0.14796512696003206,-0.22787967759629063,0.034618173440785174,0.961758158691641,-4.910579594152371,-6.11979352120599,0.017412136865538223,-0.2814217796907912,0.39380223786777857,0.1632919627547554,0.0,0.0,0.0,0.0,nan,nan,0.0,0.0,0.0,0.0,0.0
5.966,11.044213690138939,-2.2161373953571113,1.15351279712366,-0.029311691753654383,-0.3036740597286366,-0.14392989261751263,0.9413857212564775,-1.7862041954128387,-7.517119158097353,1.5344011945452143,-0.6579185079371563,-0.1052738900451436,0.38605456152278544,10.670734958504699,-2.3938112414229957,1.122479587656223,-0.15173146440602386,-0.2228029339327264,0.03488105488488377,0.9623511455546204,-5.02392012540507,-6.043698922262717,0.031495273291532525,-0.2514749456585964,0.3875531760397862,0.14029567132029871,0.0,0.0,0.0,0.0,nan,nan,0.0,0.0,0.0,0.0,0.0
5.986,10.954375685109806,-2.3456265136937304,1.1534669424418824,-0.03623458884101803,-0.30303026240190567,-0.14217958238938688,0.9416181184491588,-1.9433193852683488,-7.47511984021541,1.5739228528913585,-0.5734183980724823,0.04890676320032215,0.37351590501161364,10.590586628798789,-2.528948236963592,1.1255894255914949,-0.15549167503197553,-0.21771719362838046,0.03514252785416851,0.9629052732903438,-5.137260656657762,-5.967604323319447,0.04557840971752621,-0.22152811162640293,0.3813041142117941,0.11729937988584305,0.0,0.0,0.0,0.0,nan,nan,0.0,0.0,0.0,0.0,0.0
6.006,10.862000864326925,-2.4733946322225244,1.154051846815278,-0.042318300188182924,-0.30037698185360656,-0.14051782210488287,0.9424635652971426,-2.104290271342189,-7.432030776564962,1.5787825733750687,-0.5391843038914297,0.30490188508713784,0.3526605892776818,10.484286079729806,-2.6461810509886483,1.1268809557650163,-0.15690213181990587,-0.21508715705213022,0.0349989428170769,0.9632727079613997,-5.217338533492229,-5.898722952087348,0.1409507158949585,-0.21277244880797067,0.36634377135094676,0.11118611094236763,0.0,0.0,0.0,0.0,nan,nan,0.0,0.0,0.0,0.0,0.0
6.026,10.762508174902115,-2.6057345068670315,1.1550647878248468,-0.047608152776225876,-0.2955690979818939,-0.13881555665938983,0.9439823162203563,-2.2747709897609556,-7.381068838867793,1.5884879513135646,-0.42027622882319043,0.4465309892903141,0.33835942723678303,10.376192527932576,-2.7621321502409018,1.1287751831022668,-0.15816578067293444,-0.21260814818862128,0.0348300009089888,0.9636224531343208,-5.295352351190049,-5.830289185799065,0.2413672873744247,-0.20533176915383963,0.3508428643191939,0.10612049010263368,0.0,0.0,0.0,0.0,nan,nan,0.0,0.0,0.0,0.0,0.0
6.046,10.675037272691476,-2.717553448059969,1.1566368644659677,-0.050946128440950283,-0.29143180203033636,-0.13705033186335336,0.9453513649952456,-2.4172423434921293,-7.328542557238907,1.6435482372346588,-0.29846038756624366,0.395023754305356,0.3374154736329464,10.267916297083682,-2.8778968578958244,1.1314680904309866,-0.15942818109871537,-0.2101274611757417,0.03466078408225529,0.9639645922844862,-5.373366168887873,-5.761855419510779,0.3417838588538954,-0.19789108949970827,0.33534195728744043,0.10105486926289949,0.0,0.0,0.0,0.0,nan,nan,0.0,0.0,0.0,0.0,0.0
6.066,10.570200902027342,-2.8459539748498504,1.1598324695445477,-0.05407691610456123,-0.28731159287199654,-0.1346921480122251,0.9467765105925627,-2.578195700920115,-7.259839663310555,1.7529480913885804,-0.24198094287896854,0.32226387125859557,0.3384535253035674,10.1594615232079,-2.9934729343031536,1.1349600871365784,-0.1606893231329245,-0.20764511559394225,0.034491293672531266,0.964299122711338,-5.451379986585693,-5.6934216532224955,0.4422004303333616,-0.19045040984557723,0.3198410502556876,0.09598924842316552,0.0,0.0,0.0,0.0,nan,nan,0.0,0.0,0.0,0.0,0.0
6.086,10.472556013716352,-2.9600725678442914,1.1644689617840804,-0.056679377953245534,-0.2843578892062582,-0.13239503016100077,0.9478394352155127,-2.7189047864885,-7.1932690080327255,1.8793867085247116,-0.21805334413755526,0.2610390389726765,0.33899192736289196,10.050832347967052,-3.1088581457682216,1.1392515573751472,-0.16194919682117068,-0.20516113103676484,0.034321531017631045,0.9646260417743754,-5.529393804283517,-5.62498788693421,0.5426170018128322,-0.18300973019144584,0.3043401432239341,0.09092362758343132,0.0,0.0,0.0,0.0,nan,nan,0.0,0.0,0.0,0.0,0.0
6.106,10.366883794479364,-3.078039952599323,1.1712906994980148,-0.05916933004621811,-0.28128948370845847,-0.129934567121819,0.9489426879447335,-2.864880617426309,-7.120852878508344,2.0161791228380643,-0.17749558704633756,0.2967079641520501,0.33265180222908564,9.942032918529277,-3.2240502646224347,1.1443428600613643,-0.16320779221907358,-0.20267552711068818,0.0341514974575178,0.9649453468931749,-5.607407621981337,-5.556554120645926,0.6430335732922985,-0.17556905053731484,0.28883923619218127,0.08585800674369737,0.0,0.0,0.0,0.0,nan,nan,0.0,0.0,0.0,0.0,0.0
6.126,10.252818884328107,-3.1995253430184825,1.1805794693230336,-0.06098521318680493,-0.27778716481681814,-0.12722999183649375,0.9502250386160531,-3.017120169417644,-7.041491911095216,2.15515542357656,-0.0871284457016576,0.35064908284304225,0.32382077250241004,9.833067387438051,-3.3390470692936494,1.1502343288571413,-0.16446509939234308,-0.20018832343497273,0.03398119433429302,0.9652570355474113,-5.6854214396791605,-5.4881203543576405,0.7434501447717692,-0.16812837088318344,0.2733383291604278,0.08079238590396318,0.0,0.0,0.0,0.0,nan,nan,0.0,0.0,0.0,0.0,0.0
6.146,10.141531043617093,-3.313099109935853,1.1910119984005838,-0.061823434401846615,-0.27362589295453366,-0.12460293356554474,0.9517251928001356,-3.163928212131497,-6.964502581497175,2.2593246792932287,-0.018086714659343597,0.4626053108213443,0.3117895812322571,9.723939912481134,-3.45384634437627,1.1569262721610942,-0.16572110841685683,-0.19769953964150644,0.03381062299218593,0.9655611052768773,-5.7634352573769805,-5.419686588069357,0.8438667162512353,-0.1606876912290524,0.25783742212867494,0.0757267650642292,0.0,0.0,0.0,0.0,nan,nan,0.0,0.0,0.0,0.0,0.0
6.166,10.033633169612125,-3.419182019728614,1.202061897876079,-0.06183696660528297,-0.2690985055139036,-0.12203996494975279,0.9533459135310245,-3.30366999060241,-6.888898947545719,2.3467035421033735,0.05451899822756673,0.5112463980861358,0.3039133168171707,9.614654656559237,-3.568445880701237,1.1644189730988141,-0.16697580937873924,-0.1952091953746488,0.03363978477754277,0.9658575536815032,-5.841449075074804,-5.351252821781071,0.9442832877307061,-0.15324701157492104,0.24233651509692145,0.07066114422449501,0.0,0.0,0.0,0.0,nan,nan,0.0,0.0,0.0,0.0,0.0
6.186,9.91801530783295,-3.5290749844734863,1.214553415213005,-0.06128511423233,-0.2639240344012574,-0.11930376955277007,0.9551726804140671,-3.4503678450304887,-6.808239544640913,2.42026792642113,0.08847054186926259,0.5420643055322083,0.2979194134632377,9.50521578755465,-3.6828434754057344,1.1727126895139097,-0.1682291923744392,-0.19271731029107686,0.03346868103881632,0.966146378421375,-5.919462892772624,-5.282819055492788,1.0446998592101722,-0.14580633192079,0.22683560806516861,0.06559552338476107,0.0,0.0,0.0,0.0,nan,nan,0.0,0.0,0.0,0.0,0.0
6.206,9.800376485427927,-3.637186871811341,1.227938787175136,-0.0604954415861983,-0.25904263644610903,-0.11648870671966155,0.9569052174887126,-3.592456877903058,-6.7249714010389035,2.5035108011462213,0.10437592582572791,0.4773579306545237,0.29906348418830087,9.3956274781996,-3.797036932002783,1.1818076539598887,-0.1694812475108089,-0.1902239040596292,0.03329731312655514,0.966427577216754,-5.997476710470448,-5.214385289204502,1.145116430689643,-0.13836565226665865,0.21133470103341512,0.06052990254502687,0.0,0.0,0.0,0.0,nan,nan,0.0,0.0,0.0,0.0,0.0
6.226,9.680780245226892,-3.743554601164982,1.2422364473635996,-0.05985434216943074,-0.25471660341023566,-0.113638684507226,0.9584483079718407,-3.7293163663984714,-6.641305754191111,2.5875103456431487,0.0837231449503715,0.4090129527534171,0.3018099942676675,9.285893905944548,-3.9110240604505453,1.1917040736927924,-0.17073196490518106,-0.18772899636115145,0.03312568239339299,0.9667011478480941,-6.075490528168268,-5.145951522916219,1.2455330021691093,-0.1309249726125276,0.1958337940016623,0.05546428170529291,0.0,0.0,0.0,0.0,nan,nan,0.0,0.0,0.0,0.0,0.0
6.246,9.559154196736214,-3.8481352893517196,1.257740231530222,-0.059522102278134634,-0.2513766391221325,-0.1107222411982433,0.9596913513979849,-3.8581905422502776,-6.555981002408765,2.692974386912834,0.062363704999214384,0.28948434847489124,0.3074230536129011,9.170517714238953,-4.020332982283882,1.2044504946573154,-0.1720387872295305,-0.18556047758064423,0.03301332028433413,0.9668919720074417,-6.152656168706421,-5.076872611485873,1.348551123202879,-0.12638502600223916,0.18165949844122284,0.05188475690801174,0.0,0.0,0.0,0.0,nan,nan,0.0,0.0,0.0,0.0,0.0
6.266,9.41681966013652,-3.9662209036486247,1.2771106320704533,-0.059628474580522825,-0.24841671125886183,-0.1073655363305913,0.9608362109095263,-4.000008124742495,-6.459628266435095,2.803391119047231,0.019731412521358793,0.2439105844702208,0.3086674621760982,9.035352627057513,-4.1134441142664295,1.2251754959416943,-0.17355064727519376,-0.18456611605819742,0.033114148583536895,0.9668086546970609,-6.226781903805,-5.005481470582836,1.4608933159252708,-0.13224143828723384,0.17223983860972675,0.053631467781743276,0.0,0.0,0.0,0.0,nan,nan,0.0,0.0,0.0,0.0,0.0
6.286,9.31005525233924,-4.052080504546962,1.2922675454911259,-0.060058409460418835,-0.24611927813148776,-0.10499521289443833,0.9616622555005326,-4.1043657388601344,-6.3912926098329725,2.8623923746229982,-0.02070296752147939,0.2777605013493459,0.30552223974421694,8.900160509146806,-4.206396117024183,1.2464316905262252,-0.1750619360643657,-0.18357114702092123,0.033214867884746105,0.9667221550550179,-6.3009076389035785,-4.934090329679798,1.5732355086476626,-0.1380978505722285,0.16282017877823066,0.05537817865547482,0.0,0.0,0.0,0.0,nan,nan,0.0,0.0,0.0,0.0,0.0
6.306,9.176355859084996,-4.15647810942021,1.312036418906834,-0.06100211916219181,-0.24334887708428543,-0.10217054781690907,0.9626116790473362,-4.229137834781068,-6.306734184076341,2.9517693634704814,-0.06500096806748323,0.21337062080508595,0.3074180782703646,8.764942442908792,-4.299187349629281,1.2682186380994012,-0.1765726486225129,-0.18257557374383956,0.03331547785643577,0.9666324733660336,-6.375033374002161,-4.862699188776757,1.6855777013700592,-0.1439542628572234,0.15340051894673418,0.057124889529206434,0.0,0.0,0.0,0.0,nan,nan,0.0,0.0,0.0,0.0,0.0
6.326,9.053604703957097,-4.249302397593827,1.331140315506928,-0.06244445407127053,-0.24146800498548465,-0.09967385963908479,0.9632543871837382,-4.33600343519339,-6.231856936474991,3.0375407068647284,-0.1314431117079496,0.13043406629862297,0.31080458199115424,8.629699511087093,-4.391816173270604,1.2905358913616531,-0.17808277997699817,-0.18157939950396532,0.03341597816743972,0.9665396099253029,-6.44915910910074,-4.79130804787372,1.797919894092451,-0.14981067514221807,0.14398085911523806,0.05887160040293798,0.0,0.0,0.0,0.0,nan,nan,0.0,0.0,0.0,0.0,0.0
6.346,8.922465331858586,-4.345264108256456,1.3528043302137622,-0.06478462081362572,-0.24065570972410652,-0.09708149998193077,0.9635678308476677,-4.438457771167077,-6.15445800287905,3.1499916112107273,-0.20122919083861907,-0.02794148833381145,0.31722181689158446,8.494432796752697,-4.484280951275376,1.3133829960312313,-0.17959232515709783,-0.18058262758028934,0.03351636848695277,0.9664435650384934,-6.523284844199322,-4.7199169069706794,1.9102620868148477,-0.155667087427213,0.13456119928374155,0.0606183112766696,0.0,0.0,0.0,0.0,nan,nan,0.0,0.0,0.0,0.0,0.0
6.366,8.789317463917648,-4.43939107938293,1.376183955065522,-0.0678836849372366,-0.24092200311981526,-0.09453469812005229,0.9635411691170381,-4.5326761338363655,-6.080019592070463,3.2636283171217215,-0.26144242522255,-0.10830663386734132,0.3180336409072022,8.35914338328974,-4.5765800491306825,1.3367594908501959,-0.18110127919401742,-0.17958526125377,0.033616648484531775,0.966344339021745,-6.597410579297902,-4.648525766067642,2.02260427953724,-0.16152349971220767,0.12514153945224546,0.06236502215040114,0.0,0.0,0.0,0.0,nan,nan,0.0,0.0,0.0,0.0,0.0
6.386,8.654135083796318,-4.531638970260086,1.4013529172256043,-0.07145845003893679,-0.24201272036335447,-0.092022974095921,0.963252461890912,-4.619238475445434,-6.006601277629402,3.389129420931717,-0.28152126500091407,-0.21603330625986944,0.31763658149803986,8.223832354381205,-4.668711834505025,1.360664907590483,-0.18260963712090847,-0.17858730380732205,0.033716817830096744,0.9662419322016683,-6.6715363143964845,-4.5771346251646,2.134946472259636,-0.1673799119972026,0.11572187962074895,0.06411173302413276,0.0,0.0,0.0,0.0,nan,nan,0.0,0.0,0.0,0.0,0.0
6.406,8.516870248489854,-4.621946557841604,1.428410085097326,-0.07502773055176315,-0.24415950733635763,-0.08942648475627776,0.962683685563256,-4.6969291730510605,-5.931609221453174,3.527877277137608,-0.2527904134533624,-0.30746373493344187,0.31337098689218246,8.088500793994685,-4.760674677269777,1.3850987710600746,-0.18411739397288435,-0.17758875852580605,0.03381687619393185,0.9661363449153442,-6.745662049495063,-4.505743484261563,2.247288664982028,-0.17323632428219726,0.10630221978925286,0.0658584438978643,0.0,0.0,0.0,0.0,nan,nan,0.0,0.0,0.0,0.0,0.0
6.426,8.377605621345282,-4.710344064023789,1.4571149740498464,-0.07846163581001751,-0.24684064487024737,-0.08680761189260518,0.961965647132765,-4.7704120784215736,-5.85679316096145,3.6534029963687615,-0.2472002862828266,-0.32403153036186566,0.3048849475522551,7.9531497863680825,-4.852466949520687,1.4100605991092392,-0.18562454478703727,-0.17658962869601733,0.03391682324668664,0.9660275775103219,-6.819787784593645,-4.434352343358522,2.359630857704425,-0.17909273656719216,0.09688255995775635,0.06760515477159591,0.0,0.0,0.0,0.0,nan,nan,0.0,0.0,0.0,0.0,0.0
6.446,8.236623971041013,-4.797003982139306,1.4867550853414886,-0.08184798998885223,-0.24911328468981997,-0.08433736720446654,0.9613171622408768,-4.848156990691513,-5.785930916788198,3.7277531381182665,-0.2518023833422903,-0.24725869687374533,0.29127231552839317,7.817780415995369,-4.9440870255992655,1.4355499026369085,-0.18713108460245398,-0.17558991760667553,0.034016658659377,0.9659156303446185,-6.893913519692224,-4.362961202455485,2.4719730504268163,-0.18494914885218683,0.08746290012626026,0.06935186564532746,0.0,0.0,0.0,0.0,nan,nan,0.0,0.0,0.0,0.0,0.0
6.466,8.094090423034901,-4.88202300415896,1.5169081887374203,-0.0851629131351257,-0.2509920412639634,-0.08201280880226838,0.9607414702410062,-4.926945003305797,-5.715194406158269,3.798033553631554,-0.2465968850907388,-0.24661147589281399,0.28137038925912516,7.6628760064914525,-5.018106140328948,1.467297007276845,-0.18944644439279654,-0.17476469262988187,0.034271303934133523,0.9656049009007588,-6.966985803427899,-4.287457056858395,2.550869037780717,-0.1928002808228291,0.08973880426572989,0.07168895054280144,0.0,0.0,0.0,0.0,nan,nan,0.0,0.0,0.0,0.0,0.0
6.486,7.950058910076612,-4.965424127633413,1.5474234942449512,-0.08845830098320814,-0.25293707972353435,-0.07977029231271832,0.9601222126127684,-5.0044703785240925,-5.645354978453776,3.857039236691136,-0.2563142948197731,-0.2585768365831302,0.2726879594992744,7.506444109381485,-5.0905111881075005,1.500061864728843,-0.19182398155043284,-0.17395206207407723,0.034537862326199265,0.9652726952878404,-7.039975592808224,-4.2116308274112955,2.627145897904092,-0.2008076166015974,0.09293057224491368,0.07407226683378439,0.0,0.0,0.0,0.0,nan,nan,0.0,0.0,0.0,0.0,0.0
6.506,7.797115020721864,-5.051170436747544,1.5800387864175969,-0.09217205133429071,-0.2555456684675409,-0.0774821916734442,0.9592691146147604,-5.077525738213197,-5.571200041661686,3.9536501387687144,-0.28889790325748327,-0.35407920610019017,0.26814481067424173,7.350014727928144,-5.162661334826406,1.5333960844985584,-0.19420027291387698,-0.17313830179264122,0.034804196413316536,0.9649342207448957,-7.112965382188552,-4.135804597964191,2.7034227580274703,-0.20881495238036601,0.09612234022409759,0.07645558312476741,0.0,0.0,0.0,0.0,nan,nan,0.0,0.0,0.0,0.0,0.0
6.526,7.657120865844297,-5.1270526653864295,1.6102446315135714,-0.0959634707933686,-0.2585664980583121,-0.07549189135790481,0.9582459771344501,-5.13694459938679,-5.507029021796715,4.044838575473292,-0.33929588290986973,-0.40697389939028966,0.26263859607302437,7.193588807527005,-5.234553814651472,1.5672984152789984,-0.196575303050387,-0.17232341707051188,0.03507030446578783,0.9645894794701358,-7.185955171568876,-4.059978368517092,2.779699618150845,-0.2168222881591343,0.09931410820328138,0.07883889941575037,0.0,0.0,0.0,0.0,nan,nan,0.0,0.0,0.0,0.0,0.0
6.546,7.500464521714633,-5.208932199083064,1.6446224607654822,-0.10064978949056554,-0.262556169751588,-0.07340361671171156,0.956841568209973,-5.193634827055482,-5.437882427290964,4.175777114126101,-0.3730616418902318,-0.495479562908734,0.2561094611437913,7.037167293483707,-5.3061858684421415,1.6017675910048956,-0.19894905653541228,-0.17150741319992963,0.035336184755383665,0.9642384737024712,-7.258944960949206,-3.984152139069989,2.855976478274224,-0.22482962393790296,0.10250587618246532,0.08122221570673342,0.0,0.0,0.0,0.0,nan,nan,0.0,0.0,0.0,0.0,0.0
6.566,7.356790611552259,-5.281058466140584,1.676948088925223,-0.10500740286170153,-0.26691636720585105,-0.07152405058975583,0.9553080175781555,-5.236119166895345,-5.375429692880124,4.313898973717477,-0.36614494298467726,-0.5558160910580777,0.24699497544595644,6.880751130989446,-5.377554743823145,1.6368023308855797,-0.20132151795269299,-0.17069029548040343,0.03560183555535369,0.9638812057214964,-7.3319347503295305,-3.9083259096228886,2.932253338397599,-0.23283695971667123,0.10569764416164909,0.08360553199771636,0.0,0.0,0.0,0.0,nan,nan,0.0,0.0,0.0,0.0,0.0
6.586,7.195861605808715,-5.358606937320655,1.7138796256643178,-0.10971446302275502,-0.27197162779661677,-0.06951046877927419,0.9535001127463868,-5.279806733673266,-5.307013137925069,4.4620462118132735,-0.35412378010391315,-0.554347309383125,0.2332024508557266,6.724341265096372,-5.448657695256028,1.6724013394382637,-0.20369267189436088,-0.16987206921867576,0.03586725514043803,0.9635176778474759,-7.404924539709858,-3.8324996801757854,3.008530198520978,-0.2408442954954399,0.10888941214083302,0.0859888482886994,0.0,0.0,0.0,0.0,nan,nan,0.0,0.0,0.0,0.0,0.0
6.606,7.048307779624595,-5.426779885780489,1.7483119009167485,-0.11375119400575943,-0.27652935289817326,-0.06776169114819414,0.9518406043349477,-5.318144094771831,-5.244817048142804,4.5927729311355945,-0.3290146594218898,-0.5388170794684128,0.21938939833854043,6.56793864069309,-5.519491984110444,1.7085633065216865,-0.20606250296103884,-0.1690527397286889,0.03613244178687838,0.9631478924413289,-7.477914329090183,-3.7566734507286856,3.0848070586443526,-0.24885163127420817,0.1120811801200168,0.08837216457968235,0.0,0.0,0.0,0.0,nan,nan,0.0,0.0,0.0,0.0,0.0
6.626,6.891191031076036,-5.496640661975871,1.785084820803833,-0.11763697484804056,-0.2808246800914636,-0.06605275791960079,0.9502294851094357,-5.364202621477463,-5.18015452467945,4.695574332125968,-0.2934410387203899,-0.4604002354604807,0.20197598010360768,6.411544202480059,-5.590054878735333,1.7452869073701516,-0.20843099576194146,-0.16823231233154964,0.0363973937724293,0.9627718519046141,-7.550904118470511,-3.6808472212815824,3.1610839187677313,-0.25685896705297684,0.11527294809920072,0.0907554808706654,0.0,0.0,0.0,0.0,nan,nan,0.0,0.0,0.0,0.0,0.0
6.646,6.732316730023772,-5.564609624562896,1.8221417685409187,-0.12101941707625934,-0.284530057803889,-0.06445859992815828,0.9488108535382275,-5.414904385887808,-5.113049747386316,4.791899467689069,-0.24963843261614005,-0.3980821143975046,0.18562195491689962,6.255158894945105,-5.660343654529846,1.782570802627945,-0.2107981349149741,-0.16741079235549533,0.03666210937636927,0.9623895586795134,-7.623893907850837,-3.605020991834482,3.237360778891106,-0.2648663028317451,0.1184647160783845,0.09313879716164834,0.0,0.0,0.0,0.0,nan,nan,0.0,0.0,0.0,0.0,0.0
6.666,6.555678030757704,-5.637301852639013,1.862856346861916,-0.12426539384094856,-0.2877877118518479,-0.06287974234579514,0.9475138430667691,-5.478600667873301,-5.038166975694009,4.876997418551292,-0.22285482123309888,-0.3152290414610536,0.16927902152032956,6.087174908932629,-5.719436933367842,1.8193074550172517,-0.2136904883159951,-0.16604029630937409,0.03684950391410277,0.9619818653519677,-7.698868379340181,-3.524214200383567,3.2867807802542406,-0.2658947229548204,0.14060757894585085,0.09263875014290364,0.0,0.0,0.0,0.0,nan,nan,0.0,0.0,0.0,0.0,0.0
6.686,6.409610206146104,-5.6950966399608935,1.8962381889600906,-0.1266974159365995,-0.2900545845069777,-0.061701600336753336,0.9465775273675983,-5.53243476817085,-4.975105374713924,4.958014915442147,-0.21108103293453057,-0.28056099074306384,0.1590431097504796,5.912590457827953,-5.771842222500577,1.8562115530601964,-0.21688086144547922,-0.1643550605569345,0.036992455302832905,0.9615516960926548,-7.774975754840795,-3.440564385031305,3.3208702443583036,-0.26293941112165214,0.17356817998882534,0.09049281039166093,0.0,0.0,0.0,0.0,nan,nan,0.0,0.0,0.0,0.0,0.0
6.7059999999999995,6.245685840082107,-5.757538975069034,1.933356743447027,-0.12934393890224385,-0.2921411362613609,-0.0605464657090947,0.9456520646957375,-5.595917263906687,-4.906163190673995,5.038990256466597,-0.22450542343157792,-0.23568263345651205,0.149942334787391,5.738038387279111,-5.823747974658417,1.8939650285162521,-0.22006836654658574,-0.16266765137630704,0.03713491750403927,0.961108811292042,-7.851083130341408,-3.3569145696790432,3.3549597084623666,-0.2599840992884839,0.2065287810317999,0.08834687064041823,0.0,0.0,0.0,0.0,nan,nan,0.0,0.0,0.0,0.0,0.0
6.726,6.079941226988284,-5.81802686377673,1.9706708644574429,-0.1321982546629065,-0.29400084168186846,-0.059559429897951294,0.9447432460010843,-5.659540046986012,-4.8393758170442895,5.127953032792408,-0.25720552646388417,-0.21793878306538134,0.14438089841796284,5.563521917017851,-5.875148735199492,1.93256452038237,-0.22325296146780818,-0.16097809108175848,0.037276888633804434,0.9606532168068295,-7.927190505842026,-3.273264754326778,3.3890491725664313,-0.25702878745531554,0.23948938207477588,0.08620093088917544,0.0,0.0,0.0,0.0,nan,nan,0.0,0.0,0.0,0.0,0.0
6.746,5.912449626116634,-5.876605621862223,2.008022513635053,-0.13534112014796298,-0.295476235905013,-0.05878055172990128,0.9438863395297277,-5.727421453437703,-4.777351033449958,5.195298213064246,-0.29535923973641875,-0.17143782623173173,0.13893326530133474,5.389044264892828,-5.926039076193827,1.9720066229048365,-0.22643460409612393,-0.1592864020160021,0.0374183668147049,0.96018491866179,-8.003297881342641,-3.189614938974512,3.4231386366704957,-0.2540734756221472,0.27244998311775187,0.08405499113793262,0.0,0.0,0.0,0.0,nan,nan,0.0,0.0,0.0,0.0,0.0
6.766,5.734674830320099,-5.936018354551486,2.047314051267453,-0.13900253810602028,-0.2966838126201491,-0.05817259540452739,0.9430127034526935,-5.800646209685121,-4.715939304652489,5.266362096006094,-0.3337930154848174,-0.13995219103919296,0.13522212644603276,5.2146086466993875,-5.976413596710479,2.0122878857594086,-0.2296132523575512,-0.15759260654990184,0.03755935017583586,0.9597039230496894,-8.079405256843256,-3.1059651236222505,3.457228100774559,-0.251118163788979,0.30541058416072636,0.08190905138668991,0.0,0.0,0.0,0.0,nan,nan,0.0,0.0,0.0,0.0,0.0
6.786,5.5722268780352096,-5.987964792096633,2.0827739681647004,-0.1425832307475433,-0.2973304929786148,-0.057817425258802756,0.9422959968030902,-5.87175764096536,-4.664190426987253,5.312984664471194,-0.3662109124100488,-0.09030498762821117,0.13164678889787249,5.040218276009439,-6.026266923103221,2.0534048142338337,-0.23278886421770634,-0.15589672708217667,0.03769983685283607,0.9592102363312046,-8.15551263234387,-3.022315308269989,3.491317564878622,-0.24816285195581073,0.3383711852037009,0.07976311163544722,0.0,0.0,0.0,0.0,nan,nan,0.0,0.0,0.0,0.0,0.0
6.806,5.390899934488761,-6.043344549158749,2.121879029682838,-0.14681238904211952,-0.29754429782717157,-0.05762631828879742,0.9415905270842304,-5.954768688697266,-4.60984044502143,5.357611045754091,-0.39607846518504997,-0.03268536093719555,0.12841453855261048,4.865876364001495,-6.075593709294771,2.0953538694127065,-0.23596139768235852,-0.15419878603910414,0.037839824987912385,0.958703865034839,-8.231620007844487,-2.9386654929177234,3.525407028982687,-0.2452075401226424,0.3713317862466769,0.07761717188420442,0.0,0.0,0.0,0.0,nan,nan,0.0,0.0,0.0,0.0,0.0
6.826,5.225270486815986,-6.091606373935097,2.15712253721122,-0.1508274186228154,-0.2971761889543363,-0.05763903133151725,0.9410712749719434,-6.034703536203916,-4.562296964107352,5.394509131926123,-0.4191333068588213,0.018734793317517658,0.12611991364319974,4.69158611929083,-6.124388637059588,2.138131468364642,-0.2391308107979856,-0.15249880587422446,0.037979312729864344,0.958184815856837,-8.307727383345101,-2.8550156775654614,3.55949649308675,-0.24225222828947415,0.40429238728965144,0.07547123213296171,0.0,0.0,0.0,0.0,nan,nan,0.0,0.0,0.0,0.0,0.0
6.846,5.049131419165134,-6.140324713407198,2.1944233471238923,-0.15520788633008728,-0.2965467797893597,-0.05774839433407468,0.9405507122794305,-6.118403880307681,-4.511778895026731,5.452992049805901,-0.43309132349468993,0.0313145676308974,0.12613675207426697,4.51735074775971,-6.1726464163051835,2.181733984331828,-0.24229706165232923,-0.1507968090680429,0.038118298234108755,0.9576530956610954,-8.383834758845717,-2.7713658622131963,3.5935859571908146,-0.23929691645630577,0.43725298833262743,0.0733252923817189,0.0,0.0,0.0,0.0,nan,nan,0.0,0.0,0.0,0.0,0.0
6.866,4.871127002780914,-6.186832740174366,2.2320104967233863,-0.15965195762216863,-0.29558857986394604,-0.057947139827189256,0.9400961508629173,-6.204740334205291,-4.461312268195729,5.508041132224629,-0.43559876899331856,0.07680130190516479,0.12455730584314206,4.33740755148761,-6.216387027043885,2.2200550959902356,-0.24504325999914595,-0.14716312053355587,0.03761342695356064,0.9575395797546054,-8.468369993456616,-2.6828868359419036,3.585992301586443,-0.22648421548521336,0.48441192968195257,0.07030282574123756,0.0,0.0,0.0,0.0,nan,nan,0.0,0.0,0.0,0.0,0.0
6.886,4.6911765671038745,-6.231003211024642,2.27006683484253,-0.16395160974104622,-0.2943231441716355,-0.05817276399581923,0.9397391584888484,-6.292697213221111,-4.408017728006206,5.570348065598622,-0.4106249476466207,0.11073934346333747,0.12271871654154914,4.146647521148126,-6.251403439359296,2.248873216957836,-0.24698995856033426,-0.1398728120336799,0.03588996419954581,0.9581980313556852,-8.568846688118166,-2.5852732629328776,3.4995542112421165,-0.1950260705063837,0.5584273089258072,0.06562239137665583,0.0,0.0,0.0,0.0,nan,nan,0.0,0.0,0.0,0.0,0.0
6.906,4.491151743849775,-6.276969392215905,2.312222656229722,-0.16822277054606352,-0.2921696369838197,-0.05847928720376362,0.9396372574896596,-6.399913633769974,-4.346012357769565,5.6017380615607975,-0.35989059746811836,0.22566712129400257,0.11610941345990103,3.956027429423081,-6.284886550201324,2.2803197481137447,-0.24892175322486948,-0.13257406331239904,0.034164335769159324,0.9587986632603058,-8.669323382779709,-2.4876596899238566,3.4131161208977936,-0.1635679255275555,0.6324426881696585,0.06094195701207432,0.0,0.0,0.0,0.0,nan,nan,0.0,0.0,0.0,0.0,0.0
6.926,4.317017625622566,-6.314744364883964,2.348254448366105,-0.17134213850739563,-0.2890375197517199,-0.058911853141392585,0.9400152005722745,-6.510799992312341,-4.290087106989847,5.566044673494481,-0.3135108450212503,0.3857866926653982,0.1065083401615188,3.7655933525704626,-6.316828534878841,2.3143872456857637,-0.25083852742417473,-0.1252673147916524,0.03243664579047142,0.9593414392250675,-8.769800077441257,-2.390046116914831,3.326678030553467,-0.13210978054872588,0.7064580674135131,0.05626152264749259,0.0,0.0,0.0,0.0,nan,nan,0.0,0.0,0.0,0.0,0.0
6.946,4.141962067278901,-6.351046488172347,2.3833140883674235,-0.17403085047748204,-0.2846420988654063,-0.05955108589370069,0.9408218783619255,-6.637196270869176,-4.232177323095225,5.485500769869221,-0.2885285207348302,0.5101800389768483,0.10026753904386829,3.575391321950847,-6.347221940674353,2.3510676332926015,-0.2527401654960393,-0.1179530073761051,0.03070699851595079,0.9598263264977204,-8.870276772102802,-2.29243254390581,3.240239940209144,-0.10065163556989767,0.7804734466573644,0.05158108828291108,0.0,0.0,0.0,0.0,nan,nan,0.0,0.0,0.0,0.0,0.0
6.966,3.947694449830776,-6.389710451881565,2.4204474295670075,-0.17684338861114565,-0.27867052920984753,-0.06048074055114212,0.9420250697708721,-6.7889659478201905,-4.168350658091771,5.353344986156587,-0.30233618588370126,0.6048792296035543,0.09916843555686045,3.385467312916978,-6.376059688642839,2.390352203893233,-0.2546265526915989,-0.1106315824265408,0.028975498316173253,0.9602532958191403,-8.970753466764352,-2.1948189708967845,3.153801849864818,-0.06919349059106805,0.8544888259012191,0.04690065391832936,0.0,0.0,0.0,0.0,nan,nan,0.0,0.0,0.0,0.0,0.0
6.986,3.7712719472700607,-6.4233809951601915,2.452572859523065,-0.17978779751544569,-0.2729361675475424,-0.061440803994390725,0.9430838901781368,-6.923572028372646,-4.111500423717885,5.242006808241849,-0.3759297408898564,0.583660918839517,0.11066643687535693,3.1958672337170024,-6.4033350753203475,2.4322316218884623,-0.2564975751822589,-0.10330348173323138,0.027242249673524302,0.9606223214250951,-9.071230161425897,-2.0972053978877634,3.067363759520495,-0.037735345612239846,0.9285042051450705,0.04222021955374784,0.0,0.0,0.0,0.0,nan,nan,0.0,0.0,0.0,0.0,0.0
7.006,3.5847943025579463,-6.457305820523705,2.4852097336350747,-0.18387635895479576,-0.2671521530627757,-0.06251400956291822,0.9438809301706533,-7.055979879487276,-4.056499969923395,5.141488516188642,-0.49810819150252905,0.5337550729819883,0.12764956652707776,3.006636914413768,-6.429041774341985,2.4766959253742256,-0.2583531200665639,-0.09596914748927603,0.025507357175893905,0.960933381047799,-9.171706856087445,-1.9995918248787379,2.9809256691761687,-0.006277200633410217,1.0025195843889252,0.03753978518916612,0.0,0.0,0.0,0.0,nan,nan,0.0,0.0,0.0,0.0,0.0
7.026,3.3972259556579916,-6.489240338621498,2.517440131668588,-0.18937913736424375,-0.26210774746377546,-0.0635986713563307,0.9441346726248062,-7.169478890632132,-4.0065286255625,5.109310448722485,-0.645663076501847,0.4039931923533758,0.1485806581445036,2.8178220958231237,-6.453173837968868,2.523734528546024,-0.2601930753770097,-0.08862902226392083,0.023770925510366005,0.9611864559172563,-9.27218355074899,-1.9019782518697166,2.8944875788318454,0.025180944345417997,1.0765349636327766,0.032859350824584604,0.0,0.0,0.0,0.0,nan,nan,0.0,0.0,0.0,0.0,0.0
7.046,3.2082615682087474,-6.518714400324319,2.5500852122354933,-0.19624724607982025,-0.2579492460203776,-0.06465455067924623,0.9438055911892397,-7.268042735804906,-3.9635334342530286,5.110667277422195,-0.7493817238578921,0.3276857300937184,0.1626573561937283,2.629468418473629,-6.475725698523712,2.57333622425398,-0.26201733008680034,-0.08128354897585066,0.022033059456900896,0.9613815307623941,-9.372660245410538,-1.8043646788606913,2.8080494884875193,0.05663908932424763,1.150550342876631,0.028178916460002878,0.0,0.0,0.0,0.0,nan,nan,0.0,0.0,0.0,0.0,0.0
7.066,3.0177487146332185,-6.54540287968119,2.5836185060925834,-0.20317795508490838,-0.25398108783133894,-0.06562917765903385,0.9433478343810006,-7.359893651210029,-3.916058576064499,5.14586016610026,-0.656932882644651,0.36400474320340037,0.158366800455361,2.4409240475481995,-6.49677403790218,2.6228901558664197,-0.26356201981992644,-0.07341994881869525,0.02015774968431214,0.9616331098457277,-9.470128987319477,-1.706010067064351,2.7100110357725873,0.08848583719700695,1.2247439295673423,0.024466475609688326,0.0,0.0,0.0,0.0,nan,nan,0.0,0.0,0.0,0.0,0.0
7.086,2.825595033397859,-6.569034961383078,2.6183827101060304,-0.20817313632864223,-0.24913540766194867,-0.06647375191283611,0.9434917775300652,-7.4590803306304805,-3.8484148515657113,5.190218623286761,-0.41266373764098374,0.5133444383698373,0.13759013647670815,2.2406181659924593,-6.516758783576727,2.632174899636456,-0.2605305921924257,-0.05673668756442737,0.015943193114052172,0.963665177024369,-9.515984410937236,-1.5949400059435919,2.412922516593489,0.1270006036534917,1.301995369367178,0.03736378945461394,0.0,0.0,0.0,0.0,nan,nan,0.0,0.0,0.0,0.0,0.0
7.106,2.631877435950088,-6.589563056064619,2.654380988827539,-0.21115843600455966,-0.24323111401182737,-0.0672527448367253,0.9443134058100626,-7.567913668479979,-3.761966823888947,5.228862638801097,-0.2628190487135469,0.616925718608752,0.1235759043758067,2.040379653644594,-6.533515116126328,2.6474000828725046,-0.2574185531316984,-0.040035871267343134,0.01172370351985721,0.9653990741093685,-9.56183983455499,-1.4838699448228372,2.115833997414403,0.1655153701099747,1.37924680916701,0.05026110329953898,0.0,0.0,0.0,0.0,nan,nan,0.0,0.0,0.0,0.0,0.0
7.126,2.4270252397878904,-6.607959678355863,2.693179643977149,-0.21317945323832005,-0.23613550145096454,-0.0681366493002016,0.9455960779813196,-7.694500002549697,-3.664059117054109,5.205359452636427,-0.19296761931149709,0.7347298931960835,0.11343020191170067,1.8404417282213346,-6.547086818953671,2.6685820934518394,-0.254226865541666,-0.02332266736949241,0.007500586464735082,0.9668342646112191,-9.607695258172749,-1.3727998837020778,1.8187454782353045,0.2040301365664594,1.4564982489668457,0.0631584171444646,0.0,0.0,0.0,0.0,nan,nan,0.0,0.0,0.0,0.0,0.0
7.146,2.2311430321856065,-6.6232548764285735,2.7297497690127743,-0.21441043243493033,-0.2279934154959833,-0.06927138234756691,0.947232096447961,-7.8361841234495095,-3.57094776789282,5.070092087893205,-0.13241768562903733,0.9133958682836544,0.0994762581619067,1.6410372354467628,-6.557521616614093,2.695729947353613,-0.2509565169705046,-0.00660224714580716,0.003275148634076289,0.9679703044639765,-9.653550681790504,-1.2617298225813234,1.521656959056219,0.2425449030229424,1.5337496887666775,0.07605573098938963,0.0,0.0,0.0,0.0,nan,nan,0.0,0.0,0.0,0.0,0.0
7.166,2.034998856103999,-6.637158166985794,2.7646368359778735,-0.2148195587440741,-0.21812724965400632,-0.07080329653074519,0.9493471195193882,-7.998337597396393,-3.4771604519010766,4.842198672966924,-0.06668597799369899,1.1060649393370787,0.08170488431601586,1.442398360892985,-6.564871115753838,2.7288452775011,-0.24760851930508376,0.01012021589596198,-0.0009513025686523689,0.9688068421626603,-9.699406105408263,-1.150659761460564,1.2245684398771204,0.2810596694794272,1.611001128566513,0.08895304483431525,0.0,0.0,0.0,0.0,nan,nan,0.0,0.0,0.0,0.0,0.0
7.186,1.8388563688892932,-6.650159726967852,2.7970365858530433,-0.2145951094734382,-0.20649635905532865,-0.07279812689213039,0.9518448536436875,-8.173427852810981,-3.383778223882364,4.550680692724939,-0.04917922813366496,1.2848524746379186,0.06788274429297814,1.244756342637914,-6.569190741244033,2.767922331740856,-0.24418390845787769,0.02683954761598781,-0.005177459426433301,0.9693436188720136,-9.745261529026019,-1.0395897003398096,0.9274799206980346,0.3195744359359102,1.688252568366345,0.10185035867924028,0.0,0.0,0.0,0.0,nan,nan,0.0,0.0,0.0,0.0,0.0
7.206,1.642797716762811,-6.662380214469353,2.826782458665426,-0.21455280429526874,-0.19337010843840313,-0.0752100884624875,0.9544205246771579,-8.348499681300952,-3.293405703734429,4.229631091223439,-0.13021253835318572,1.419718667139815,0.0734403281097123,1.0483411850954916,-6.5705396675893875,2.812947979961331,-0.24068374404643914,0.04355057484331635,-0.009402014313323685,0.9695804685065891,-9.791116952643776,-0.9285196392190501,0.6303914015189359,0.3580892023923949,1.7655040081661806,0.11474767252416589,0.0,0.0,0.0,0.0,nan,nan,0.0,0.0,0.0,0.0,0.0
7.226,1.4468167144881634,-6.673648646515615,2.8542206575497184,-0.21570196109049844,-0.17891274917004363,-0.07798986959525013,0.9567551789285732,-8.512733695109214,-3.2079895329731825,3.914176994941818,-0.331313617147476,1.51332230737595,0.09699791295511173,0.8533813743727741,-6.5689807456965195,2.863901730342085,-0.23710910906554225,0.060248126976504814,-0.013623660099049847,0.969517317782139,-9.836972376261532,-0.8174495780982958,0.3333028823398506,0.3966039688488779,1.8427554479660126,0.1276449863690909,0.0,0.0,0.0,0.0,nan,nan,0.0,0.0,0.0,0.0,0.0
7.246,1.2507560145114647,-6.683242215432876,2.8807100681105475,-0.21965730166923644,-0.16384422126612197,-0.08102207567614203,0.9583011865975215,-8.653060599666995,-3.1321485507854563,3.665598044537517,-0.6856881140476103,1.4989976622644448,0.1344743455895181,0.6601035955058656,-6.564580425092545,2.9207557547135443,-0.23346110955208868,0.0769270375834766,-0.017841090553451244,0.9691541862382897,-9.882827799879289,-0.7063795169775363,0.03621436316075177,0.4351187353053626,1.920006887765848,0.14054230021401656,0.0,0.0,0.0,0.0,nan,nan,0.0,0.0,0.0,0.0,0.0
7.266,1.0643006094504124,-6.690056016907549,2.9063685965345587,-0.22592869393067774,-0.1494314392502133,-0.08397924540792011,0.9589441884505606,-8.766211679489853,-3.0662235658160073,3.4881859277361853,-0.8407028337137452,1.465268332573316,0.15678267536929813,0.4687324519249174,-6.557408671690163,2.983474922995863,-0.2297408742428875,0.09358214600007417,-0.022053000750642975,0.9684911862324956,-9.928683223497046,-0.5953094558567819,-0.26087415601833386,0.47363350176184565,1.9972583275656801,0.1534396140589416,0.0,0.0,0.0,0.0,nan,nan,0.0,0.0,0.0,0.0,0.0
7.286,0.8678303479871372,-6.694206065052502,2.934900020765014,-0.23111821535479513,-0.13414430510329725,-0.08693489123069738,0.9597041213969411,-8.873052308758863,-2.9804603734569834,3.3331365910037927,-0.4526912776330564,1.538015106779231,0.13594760721548604,0.27546230649505266,-6.558079607414728,2.9913545326287228,-0.22329074906666924,0.11610607994099695,-0.02545908270101842,0.9674773665001178,-9.786720295911593,-0.4946005199079569,-0.647204300381939,0.5111145287473817,2.0247951561207174,0.2102022802896421,0.0,0.0,0.0,0.0,nan,nan,0.0,0.0,0.0,0.0,0.0
7.306,0.6713252315690392,-6.6950772805724945,2.965244178672893,-0.23168106949895828,-0.11844198066021053,-0.0897116264384678,0.9613777630748851,-8.972719049148196,-2.8654281621641986,3.1949932108426964,0.06162963680163905,1.6359223757795758,0.10383356326747495,0.0809361777374612,-6.55839924418857,2.9890019390600853,-0.21588338598491869,0.1403768096510055,-0.028603007343813366,0.9658522573037668,-9.586836543253472,-0.39708682507797827,-1.0610554432443715,0.5482767634387488,2.0370006217763463,0.2804924713123086,0.0,0.0,0.0,0.0,nan,nan,0.0,0.0,0.0,0.0,0.0
7.326,0.45536620227334057,-6.692166686417957,3.0009730874544243,-0.22869335785245415,-0.1005084875001935,-0.09276103788604528,0.9638427163520489,-9.073767177491817,-2.7212679732115874,3.053570388311651,0.10728421317092676,1.746970250659377,0.10060934002262978,-0.11346688869077803,-6.555105822190655,2.995532847757912,-0.2083343035363502,0.16455538723689764,-0.03172815518231001,0.9635931022325066,-9.38695279059536,-0.2995731302480039,-1.474906586106786,0.5854389981301141,2.049206087431975,0.35078266233497196,0.0,0.0,0.0,0.0,nan,nan,0.0,0.0,0.0,0.0,0.0
7.346,0.26924935056061144,-6.686734804511119,3.0333666986054477,-0.22670197259321367,-0.08311414935891351,-0.09583875919130051,0.9656672232375716,-9.168199042711606,-2.6054659316673834,2.8131339182020474,0.011337616847272275,2.0237109315002453,0.10245731981700112,-0.30727483172506376,-6.548331719021531,3.0109809666289773,-0.20064845741118337,0.18862594036699787,-0.03483247467386271,0.9607013843371274,-9.187069037937242,-0.20205943541802532,-1.8887577289692186,0.6226012328214812,2.0614115530876043,0.42107285335763844,0.0,0.0,0.0,0.0,nan,nan,0.0,0.0,0.0,0.0,0.0
7.366,0.07392599669458182,-6.6791256863539346,3.0671822779153843,-0.2240514747118232,-0.06128048230154149,-0.09996121117684126,0.9674985247680777,-9.280698267368447,-2.4897029746338815,2.3792563943914735,0.11777446670615188,2.4480750693033957,0.07988385608143223,-0.5000171527492757,-6.538218450529684,3.0353565921633,-0.19283089307987672,0.21257266762364055,-0.03791392794885593,0.9571790019222504,-8.98718528527913,-0.104545740588051,-2.302608871831633,0.6597634675128465,2.073617018743233,0.49136304438030187,0.0,0.0,0.0,0.0,nan,nan,0.0,0.0,0.0,0.0,0.0
7.386,-0.1110605720522268,-6.670935288123604,3.0975002171454453,-0.21967168043191063,-0.03701929156178297,-0.10488655833994714,0.9692124301452624,-9.385275065069463,-2.3841884116236636,1.8257949597868226,0.26967023276714375,2.8039103560136014,0.042992463615139975,-0.6912261508520462,-6.52491629927308,3.0686465824015468,-0.1848867424809622,0.23637984887621785,-0.0409704921484904,0.95302826730016,-8.78730153262101,-0.007032045758072425,-2.716460014694065,0.6969257022042136,2.0858224843988618,0.5616532354029683,0.0,0.0,0.0,0.0,nan,nan,0.0,0.0,0.0,0.0,0.0
7.406,-0.30525868355474695,-6.661792505111461,3.126609257528908,-0.21326896179825466,-0.008660935221218356,-0.11097951932030019,0.970631178371076,-9.467939835515425,-2.2818546967431166,1.1522740908695908,0.37775382989634865,3.07908531080817,0.008403526436554953,-0.8804381507377473,-6.508583919964424,3.110814391438177,-0.17682122065212236,0.26003185560084924,-0.04400016075271323,0.9482519052728593,-8.587417779962898,0.09048164907190204,-3.1303111575564797,0.7340879368955789,2.0980279500544903,0.6319434264256318,0.0,0.0,0.0,0.0,nan,nan,0.0,0.0,0.0,0.0,0.0
7.426,-0.4989426104477272,-6.652287330419466,3.152552345897453,-0.2057896921678849,0.022017362383082967,-0.11772381663073113,0.9712398989688557,-9.50118867372059,-2.189544834135152,0.42781639072754374,0.3886309249371434,3.320669415470265,-0.00348644868693726,-1.067194720068684,-6.48938792293599,3.161800165369784,-0.16863962230671029,0.2835131611399308,-0.047000944897424235,0.9428530513433379,-8.387534027304778,0.18799534390188066,-3.5441623004189124,0.771250171586946,2.1102334157101192,0.7022336174482983,0.0,0.0,0.0,0.0,nan,nan,0.0,0.0,0.0,0.0,0.0
7.446,-0.6919438097350594,-6.64233094756257,3.1756114411606275,-0.19825726657698126,0.05519923561211709,-0.1248195183818045,0.9706014570709218,-9.467473986102354,-2.102432493636041,-0.31120834737697045,0.27733460695900425,3.595006922819471,0.011587006371806874,-1.2510438730421871,-6.4675024367176235,3.221520899436681,-0.16034731835797125,0.30680835089479697,-0.04997087468008989,0.9368352496572325,-8.187650274646668,0.28550903873185496,-3.9580134432813265,0.8084124062783115,2.1224388813657478,0.7725238084709616,0.0,0.0,0.0,0.0,nan,nan,0.0,0.0,0.0,0.0,0.0
7.466,-0.8836093324661547,-6.631385357018285,3.1972297563179524,-0.1921486487552237,0.09139024617744995,-0.13188148087295348,0.9681601079821062,-9.34993598351479,-2.00852459752139,-0.9806454522103296,-0.018279561529366967,3.8438490008866184,0.056686907482676574,-1.4315412570429866,-6.443108650876315,3.2898706559452293,-0.15194975239323638,0.32990213244483635,-0.052908000452911594,0.930202450676227,-7.987766521988547,0.3830227335618336,-4.371864586143759,0.8455746409696784,2.1346443470213767,0.8428139994936281,0.0,0.0,0.0,0.0,nan,nan,0.0,0.0,0.0,0.0,0.0
7.486,-1.082309214529086,-6.618088357011215,3.2205048515160244,-0.18761964539739243,0.12936921771116006,-0.1383445762654256,0.9638066467853909,-9.154724209422769,-1.8946572721751909,-1.5946387318595725,-0.08079452019775146,3.5230849223104097,0.1058072752890955,-1.603575266001325,-6.4202479956769665,3.321075055068366,-0.13932247043213095,0.35171606859069854,-0.05100840761860247,0.9242744174107631,-7.678316652850033,0.4688140555932617,-4.674751144346228,0.8751986286721257,2.0894988066430624,0.9268987073106634,0.0,0.0,0.0,0.0,nan,nan,0.0,0.0,0.0,0.0,0.0
7.506,-1.2593723228403377,-6.604472710953557,3.242262498942807,-0.18249652537259214,0.158437300586214,-0.14295065900895645,0.9597696333489562,-8.950366072558657,-1.790909054848274,-2.050474924667944,0.2714619222262284,2.803255303283213,0.12887289280697845,-1.7697181872285217,-6.400088136600151,3.3093794436668813,-0.12199820153869974,0.37208083732612335,-0.04373145893155277,0.9191081812364263,-7.247051287771184,0.5415724555688347,-4.854267391120533,0.8964416011029421,1.9805904765709916,1.026320144753089,0.0,0.0,0.0,0.0,nan,nan,0.0,0.0,0.0,0.0,0.0
7.526,-1.4428458993736983,-6.588755599168173,3.2654409705698835,-0.17361171899142713,0.1805002434382232,-0.14681148005169306,0.9569352237600074,-8.738097101579143,-1.702041311497464,-2.3589008637336173,0.7919445639592235,1.9742157957114408,0.1401241931136229,-1.9360849950509413,-6.378810589829819,3.3053758482365057,-0.10457700530878089,0.3921499885518992,-0.03641976568448916,0.9132117153797796,-6.815785922692353,0.6143308555444045,-5.03378363789483,0.9176845735337575,1.8716821464989253,1.1257415821955101,0.0,0.0,0.0,0.0,nan,nan,0.0,0.0,0.0,0.0,0.0
7.546,-1.6317977671167063,-6.570733884100957,3.2904949414649813,-0.16184174137928903,0.19777606240776868,-0.15020610536502538,0.9550549752746534,-8.520104615924835,-1.6273862635812608,-2.5091237024133153,0.8181564453768911,1.8713796468925583,0.16759226534899585,-2.102350421822398,-6.356706527519595,3.309103556359372,-0.08707272284927194,0.41190757736597683,-0.02907913700363347,0.9065897045716047,-6.384520557613501,0.6870892555199775,-5.2132998846691345,0.9389275459645741,1.7627738164268545,1.2251630196379357,0.0,0.0,0.0,0.0,nan,nan,0.0,0.0,0.0,0.0,0.0
7.566,-1.8078992888252763,-6.552193131638057,3.315359112639211,-0.15144583238761186,0.21702909058738126,-0.15321913718475827,0.9520958090925492,-8.291147313709256,-1.551591870930117,-2.7223392296516646,0.6261214356233225,2.319086866473867,0.19627618940912217,-2.268189522020881,-6.33406974796141,3.3205772904746067,-0.06949926127892331,0.4313379064020409,-0.021715405004355384,0.8992474099867538,-5.953255192534671,0.7598476554955471,-5.392816131443432,0.9601705183953895,1.6538654863547886,1.3245844570803569,0.0,0.0,0.0,0.0,nan,nan,0.0,0.0,0.0,0.0,0.0
7.586,-1.972323049788893,-6.533764419909101,3.338726111773756,-0.14199260072909006,0.2389574547685992,-0.1561434976483539,0.9478167778061541,-8.045317317834176,-1.4791125186466272,-3.0742716925277813,0.6020930069628321,2.6174516811713575,0.20637809499895798,-2.4332787047178717,-6.311195742082244,3.339787161099828,-0.051870582679152774,0.4504255383010433,-0.014334420157565364,0.8911906650641527,-5.52198982745582,0.8326060554711201,-5.572332378217736,0.9814134908262059,1.5449571562827176,1.4240058945227823,0.0,0.0,0.0,0.0,nan,nan,0.0,0.0,0.0,0.0,0.0
7.606,-2.1434841855735036,-6.513989245869862,3.361342636262408,-0.1309772836499998,0.2635757963448657,-0.15954312290742323,0.9422944034014976,-7.758212222805676,-1.418310782338129,-3.552288324757848,0.7175661111177016,2.7232739958381624,0.20193239987734646,-2.597296761743502,-6.288380754562762,3.366698698253595,-0.034200693001204985,0.4691553079761492,-0.006942046641529281,0.882425870872148,-5.090724462376989,0.9053644554466898,-5.751848624992032,1.0026564632570214,1.4360488262106519,1.5234273319652034,0.0,0.0,0.0,0.0,nan,nan,0.0,0.0,0.0,0.0,0.0
7.626,-2.3135505861032404,-6.494098954635867,3.3808150436003293,-0.11890568320645378,0.28830055476178573,-0.16318849317313008,0.9360094787560307,-7.441081296396843,-1.3781904261531914,-4.063652655066996,0.7818141571574452,2.743194695500094,0.196165965303692,-2.759925888280954,-6.2659208425609805,3.4012529609789945,-0.016503630938443675,0.48751233466137545,0.0004558423172124765,0.8729599910228673,-4.659459097298138,0.9781228554222627,-5.931364871766338,1.0238994356878377,1.3271404961385809,1.622848769407629,0.0,0.0,0.0,0.0,nan,nan,0.0,0.0,0.0,0.0,0.0
7.646,-2.4829094674135126,-6.474187326146739,3.396727903786137,-0.10643248697680793,0.3128413272567551,-0.16681719907126305,0.9289641821782916,-7.089454905958914,-1.353535959950612,-4.564684799112581,0.7835152364196555,2.750330771247714,0.19945629790939645,-2.9208526926470557,-6.244110935031796,3.4433667246203337,0.0012065432273567487,0.5054820337343243,0.0078533691101096,0.8628005461396465,-4.228193732219307,1.0508812553978326,-6.110881118540635,1.045142408118653,1.2182321660665147,1.7222702068500502,0.0,0.0,0.0,0.0,nan,nan,0.0,0.0,0.0,0.0,0.0
7.666,-2.6597997475966597,-6.4532772057635,3.4097103653082317,-0.09363816492182167,0.33845370566176713,-0.1702103446175728,0.9207113672476617,-6.6762672742473965,-1.3326202268214686,-5.030301050530334,0.6828922999896492,2.7446689711297547,0.22094568519045388,-3.0797691920508767,-6.223243895631185,3.4929327452579324,0.018915758796884258,0.5230501283036443,0.015244656416353156,0.8519556078819052,-3.796928367140456,1.1236396553734056,-6.290397365314939,1.0663853805494696,1.109323835994444,1.8216916442924758,0.0,0.0,0.0,0.0,nan,nan,0.0,0.0,0.0,0.0,0.0
7.686,-2.817970427549349,-6.434352066223387,3.418999789789593,-0.08357468937955002,0.36149657724656103,-0.1722559716093261,0.9125039047472946,-6.2653531759915095,-1.2984053287613957,-5.3263891982451765,0.4064751686326401,2.7067480767961363,0.25753354268177664,-3.230858958621048,-6.203626862843115,3.5369455461096444,0.037531559412001494,0.5371517060539945,0.024000674660378186,0.8423083724784131,-3.401495287570198,1.1636980230342564,-6.417020987865931,1.0738020160326767,0.9991519331623826,1.8900200185174165,0.0,0.0,0.0,0.0,nan,nan,0.0,0.0,0.0,0.0,0.0
7.7059999999999995,-2.9809194353437993,-6.414466491672343,3.4275300369249644,-0.07606945097748426,0.38467619489529276,-0.17257119748501434,0.9035800161067369,-5.824391534623711,-1.2266079492942563,-5.521797927280685,0.08440170201833119,2.3657626400931986,0.3031340428329206,-3.3562917963862984,-6.184394675297995,3.5271147939485292,0.0602397074387213,0.5372018185192156,0.03889475068083429,0.8404002511879806,-3.1662916209652714,1.057533315405055,-6.307127346468795,1.0193921221406894,0.8833297761335971,1.8193111196262226,0.0,0.0,0.0,0.0,nan,nan,0.0,0.0,0.0,0.0,0.0
7.726,-3.147518590488459,-6.393722464199652,3.435361773290655,-0.07101723302294942,0.40358829363932963,-0.17105673959530357,0.8959981214768716,-5.41819720993884,-1.1261151887963257,-5.636017591217923,-0.022760132428234242,1.581147019764958,0.34882945588172337,-3.481759327325104,-6.164762730612974,3.518605802018038,0.08290320959388248,0.5368537908803267,0.0537600003653563,0.8378692782392562,-2.9310879543603336,0.9513686077758485,-6.197233705071652,0.9649822282486996,0.7675076191048064,1.7486022207350254,0.0,0.0,0.0,0.0,nan,nan,0.0,0.0,0.0,0.0,0.0
7.746,-3.301806011058779,-6.374161080301244,3.441631541696297,-0.06767328924312449,0.41521806708105186,-0.1684989013936324,0.8914159539303916,-5.10600633872245,-1.0242213976987316,-5.635642481594521,-0.043045430950495345,1.0666146944598394,0.3846387208589034,-3.607259032947606,-6.144803520618145,3.511438421693481,0.1055052691191774,0.536107881073462,0.06858540652849669,0.8347173294297499,-2.6958842877553963,0.845203900146642,-6.087340063674511,0.9105723343567098,0.6516854620760157,1.6778933218438281,0.0,0.0,0.0,0.0,nan,nan,0.0,0.0,0.0,0.0,0.0
7.766,-3.4514676380345937,-6.354832458568224,3.4469101550563397,-0.0646524547980595,0.4244710857230581,-0.1654489910455808,0.8878462641897372,-4.8227417997211655,-0.9225930227774517,-5.587088703751584,-0.025709094077683736,0.9849683583774982,0.41267861658590976,-3.7327882993982318,-6.124590507157457,3.5056285278154906,0.12802913479370023,0.5349646419199225,0.08335998151431288,0.8309467407851113,-2.4606806211504693,0.7390391925174404,-5.977446422277374,0.8561624404647225,0.5358633050472301,1.6071844229526344,0.0,0.0,0.0,0.0,nan,nan,0.0,0.0,0.0,0.0,0.0
7.786,-3.6039456946892376,-6.334796479849699,3.4510955360311386,-0.06085418778539431,0.4339358266892894,-0.16223504324771806,0.8841245709100466,-4.530039598094154,-0.8249691058100946,-5.578878727046201,0.07207943857123718,0.9863752613810524,0.43548123072813916,-3.8583444252031733,-6.10419790434793,3.5011879716370182,0.15045811334889728,0.5334249207164596,0.09807277533972611,0.8265603068278156,-2.225476954545542,0.6328744848882387,-5.867552780880237,0.8017525465727351,0.42004114801844467,1.5364755240614403,0.0,0.0,0.0,0.0,nan,nan,0.0,0.0,0.0,0.0,0.0
7.806,-3.738789379137081,-6.3168667527379165,3.4529392396469234,-0.05637568498318865,0.44201900110607456,-0.15962589395194074,0.8808862348702629,-4.271462775841594,-0.7526855932970636,-5.626061556541392,0.20305185027571845,0.9319255489260242,0.4509393550328017,-3.9839246292775394,-6.083700458609132,3.4981245456962413,0.1727755818405627,0.531489858607312,0.11271288380995684,0.8215612785060391,-1.990273287940605,0.5267097772590325,-5.757659139483096,0.7473426526807454,0.3042189909896541,1.465766625170243,0.0,0.0,0.0,0.0,nan,nan,0.0,0.0,0.0,0.0,0.0
7.826,-3.8787398823262165,-6.298142138357208,3.452076253173349,-0.05048664204841282,0.44973003621992647,-0.15732177722868257,0.8777493103989931,-4.008987407245464,-0.6968196885432247,-5.729751543915946,0.3381557000155635,0.8696081053142585,0.46176800838470433,-4.109526059168469,-6.063173227114907,3.4964419607194923,0.1949649999687133,0.5291608897384618,0.12726945660002423,0.815953360784263,-1.7550696213356782,0.42054506962983074,-5.647765498085959,0.6929327587887579,0.18839683396086854,1.395057726279049,0.0,0.0,0.0,0.0,nan,nan,0.0,0.0,0.0,0.0,0.0
7.846,-4.010537532584629,-6.280455177119598,3.448138919111637,-0.04395936146476407,0.4563677922490584,-0.15550680151548701,0.8749935127872397,-3.765244574149195,-0.6613517162358687,-5.8435816724282,0.43524539689257713,0.8213420803825182,0.4705750231881226,-4.235145799509837,-6.0426913553240285,3.4961398346226704,0.2170099223362227,0.5264397401947357,0.14173170529632728,0.8097407098973849,-1.5198659547307407,0.31438036200062436,-5.537871856688817,0.6385228648967682,0.07257467693207781,1.3243488273878519,0.0,0.0,0.0,0.0,nan,nan,0.0,0.0,0.0,0.0,0.0
7.866,-4.148434596775151,-6.261921194229075,3.440502053447271,-0.03642571080722049,0.46290836293116316,-0.15383549452448014,0.8721947349904078,-3.510904992448934,-0.6385660870506922,-5.970543506238281,0.49134257775187096,0.8069780613267487,0.4800587025612149,-4.3607808806633495,-6.022329854249186,3.4972136936437392,0.2388940106371042,0.5233284267205404,0.1560889113923311,0.8029279302703825,-1.2846622881258138,0.2082156543714227,-5.42797821529168,0.5841129710047809,-0.043247480096707744,1.2536399284966577,0.0,0.0,0.0,0.0,nan,nan,0.0,0.0,0.0,0.0,0.0
7.886,-4.285629266017753,-6.243465709141835,3.42920577613866,-0.028540897991709304,0.46942715784493433,-0.15220307954414053,0.8692857891376886,-3.2516910461355852,-0.625186845400437,-6.087983352674145,0.5042796333606515,0.8378951044128229,0.4937298235410144,-4.486428287520592,-6.00216337812445,3.49965498560295,0.26060104576544063,0.5198292552251778,0.17033043423245334,0.7955200711058015,-1.0494586215208763,0.10205094674221629,-5.318084573894538,0.5297030771127911,-0.15906963712549843,1.1829310296054607,0.0,0.0,0.0,0.0,nan,nan,0.0,0.0,0.0,0.0,0.0
7.906,-4.428421719219083,-6.224240344813974,3.4136834746230793,-0.020203686994209064,0.47678429919854554,-0.15023107430078508,0.8658517005723461,-2.9647608811129995,-0.6138493931661216,-6.1625827798762325,0.45498094335757505,0.9212000928629281,0.5191645914348526,-4.581656355619638,-5.991026871940863,3.478639514136958,0.2598553200801257,0.5162240790810667,0.16819826257062834,0.7985594888742993,-0.9398110021491913,-0.002754830351876486,-5.1623320099237295,0.39071365980533057,-0.22428958581763397,0.9113458958623821,0.0,0.0,0.0,0.0,nan,nan,0.0,0.0,0.0,0.0,0.0
7.926,-4.562216533695924,-6.206221381573622,3.395969094299489,-0.012841911679421293,0.4847237052367219,-0.14760545152347537,0.8620270561685129,-2.6736148644648354,-0.5941704397251895,-6.155350348534964,0.3104527022922373,1.0235734406845023,0.5545688501085723,-4.672925678921979,-5.980669875043239,3.4537884120533615,0.2563885917875536,0.5126024028553887,0.16408206427011887,0.8028578596320356,-0.8453667217939026,-0.10739605717475825,-5.001026477679558,0.24148267152882635,-0.2833822109337801,0.6154370472040064,0.0,0.0,0.0,0.0,nan,nan,0.0,0.0,0.0,0.0,0.0
7.946,-4.692399032394538,-6.188717723456971,3.376209159434592,-0.0064859004469613925,0.49359180308581324,-0.14388779175945396,0.8576837228282206,-2.3692494011754883,-0.5585746423181499,-6.082432227513458,0.1636768526868981,1.0955705704611678,0.594329299550084,-4.763894277401032,-5.9700103316719035,3.4279810049491104,0.2529063381854836,0.5089496865943557,0.15995593017327353,0.8071076142767579,-0.750922441438618,-0.21203728399763538,-4.839720945435393,0.09225168325232877,-0.34247483604992357,0.3195281985456439,0.0,0.0,0.0,0.0,nan,nan,0.0,0.0,0.0,0.0,0.0
7.966,-4.818689600706786,-6.171798340748102,3.354515198967342,-0.0009159366322544493,0.5030085826684686,-0.13923165339433435,0.8529924228942622,-2.0597826713348293,-0.5124219624885962,-6.013775680615573,0.07404959145400912,1.1197063550457824,0.6289844170988412,-4.854551429875302,-5.959060509716115,3.4012169219278747,0.2494087701376847,0.505266151483902,0.1558201101332872,0.8113084954695744,-0.6564781610833292,-0.3166785108205171,-4.678415413191221,-0.05697930502417545,-0.4015674611660697,0.023619349887268215,0.0,0.0,0.0,0.0,nan,nan,0.0,0.0,0.0,0.0,0.0
7.986,-4.941194464819256,-6.155467438735023,3.330769907197115,0.004347293130318451,0.5122329884407193,-0.1340246929197518,0.8483135318284716,-1.754126273210749,-0.46518182391229457,-5.954285128053015,0.04843290337969988,1.070356449774096,0.6573773600722655,-4.944886490599118,-5.947832747373982,3.373496023811359,0.24589609943527513,0.5015520205761628,0.15167485458987637,0.8154602488310669,-0.5620338807280446,-0.42131973764339425,-4.517109880947055,-0.20621029330067311,-0.4606600862822132,-0.27228949877109443,0.0,0.0,0.0,0.0,nan,nan,0.0,0.0,0.0,0.0,0.0
8.006,-5.060763507349447,-6.139601825862625,3.3044845580292783,0.009587259914425633,0.5208894081953631,-0.12855889597693854,0.8438334664745221,-1.4566259965727235,-0.42304047926009736,-5.931244274334728,0.055914441738277254,0.9959033336614707,0.6775561254794926,-5.034888891841195,-5.936339450164008,3.3448184031730044,0.2423685387838956,0.49780751877596446,0.14752041455411263,0.8195626229566962,-0.4675896003727559,-0.525960964466276,-4.355804348702883,-0.3554412815771773,-0.5197527113983593,-0.5681983474294701,0.0,0.0,0.0,0.0,nan,nan,0.0,0.0,0.0,0.0,0.0
8.026,-5.171837684155411,-6.124936262013565,3.277024569513997,0.01466827790197591,0.5282798397983137,-0.12330237039359133,0.8399415324541226,-1.1839616076479718,-0.39038835392672466,-5.891465339100158,0.07956773320393729,0.8971170182953098,0.6918018715754425,-5.124548146444225,-5.924593087920325,3.3151843843155744,0.23882630179083122,0.4940328728272078,0.14335704159322446,0.8236153694320238,-0.3731453200174713,-0.6306021912891531,-4.194498816458718,-0.5046722698536749,-0.5788453365145028,-0.8641071960878326,0.0,0.0,0.0,0.0,nan,nan,0.0,0.0,0.0,0.0,0.0
8.046,-5.285463617699461,-6.110045573157777,3.245777283461392,0.02022532310231715,0.5350727896115681,-0.11783531803443416,0.8363031053071757,-0.9089798759446426,-0.36541002801656663,-5.776914296584788,0.11819227381954676,0.7849021641095036,0.7027906128159124,-5.198082364086006,-5.916219103548546,3.2793818437092694,0.22903101700584197,0.4906111584956997,0.13599180427690588,0.829669641229742,-0.2581196174663607,-0.6813033945391436,-4.055936969260558,-0.5888054748964835,-0.6171834617429711,-1.00647189611087,0.0,0.0,0.0,0.0,nan,nan,0.0,0.0,0.0,0.0,0.0
8.066,-5.400116030815623,-6.095203935336462,3.2108211390920647,0.026369536842261433,0.5410469426589418,-0.11229946954524068,0.8330436258119943,-0.6363335324247983,-0.35107651488468383,-5.5994190961585275,0.17544751389323576,0.6649577566866259,0.7076704160236161,-5.260712438193898,-5.911023327103172,3.239184606314092,0.2150453980991005,0.4872997614883405,0.12647637714382273,0.8368381834228045,-0.1294884290051917,-0.6963471867644809,-3.932409986198196,-0.6299053577454161,-0.6418016869030632,-1.0473352163482255,0.0,0.0,0.0,0.0,nan,nan,0.0,0.0,0.0,0.0,0.0
8.086,-5.498977484868561,-6.082629753643121,3.177610702765857,0.032205018666981874,0.5451011721055412,-0.10760128859724394,0.830812561071411,-0.4085433752040497,-0.34927348622693255,-5.394585110848627,0.2227856782021227,0.44080096278463793,0.7052999966962956,-5.322829886313177,-5.906902472475898,3.1980776559756987,0.20098483711042,0.48381854332239,0.11691687372218368,0.8437150923316055,-0.0008572405440341324,-0.7113909789898172,-3.8088830031358456,-0.6710052405943451,-0.6664199120631531,-1.0881985365855775,0.0,0.0,0.0,0.0,nan,nan,0.0,0.0,0.0,0.0,0.0
8.106,-5.597644642071559,-6.070368846330934,3.141170600048301,0.03817599220820632,0.5464312904137818,-0.10294829740128507,0.8302753076768118,-0.20781515342851997,-0.3553044398038586,-5.1644230417401635,0.2240578153183917,-0.015877765180540113,0.698842458255579,-5.384430121190914,-5.903890393992383,3.1561053005968267,0.18685423406427334,0.48016871718231696,0.10731662544383924,0.850297971393022,0.1277739479171234,-0.7264347712151533,-3.685356020073495,-0.712105123443274,-0.691038137223243,-1.1290618568229294,0.0,0.0,0.0,0.0,nan,nan,0.0,0.0,0.0,0.0,0.0
8.126,-5.69520412049962,-6.058618470592862,3.101309299528788,0.0435351298436441,0.5428708876115017,-0.0981920179310398,0.8329190953916398,-0.058908684198106576,-0.3632394465345621,-4.917624327492788,0.17246576629985108,-0.6682335426491598,0.6895894185912675,-5.445509276494697,-5.902019400504564,3.1133130543297924,0.1726585133943881,0.4763515550114973,0.09767897793998866,0.8565845265116383,0.256405136378281,-0.7414785634404893,-3.561829037011144,-0.753205006292203,-0.715656362383333,-1.1699251770602812,0.0,0.0,0.0,0.0,nan,nan,0.0,0.0,0.0,0.0,0.0
8.146,-5.782326599873973,-6.048528891257884,3.0619082256600194,0.04738962380331624,0.5338639159749721,-0.09368108999795062,0.8390276492180957,0.018456742253127212,-0.3681182551530713,-4.6814553486137225,0.1059644588644727,-1.3471227182323113,0.6796397714895182,-5.506064212201748,-5.901320210356775,3.0697475741363327,0.15840262222760715,0.4723683870689489,0.08800728987524487,0.8625725668592251,0.38503632483944994,-0.7565223556658268,-3.4383020539487825,-0.7943048891411355,-0.740274587543425,-1.2107884972976368,0.0,0.0,0.0,0.0,nan,nan,0.0,0.0,0.0,0.0,0.0
8.166,-5.859811489600417,-6.039960889379779,3.023337569836312,0.0498535568711129,0.5200103830653053,-0.08940318349782306,0.8480040655280066,0.03735223229260076,-0.36917042257862653,-4.455969576718327,0.0371856334797791,-1.9785725439540713,0.6691435334594701,-5.566092518975641,-5.901821908568825,3.0254565947545555,0.1440915286598485,0.4682206014657457,0.07830493177716252,0.8682600056382289,0.5136675133006074,-0.7715661478911628,-3.314775070886432,-0.8354047719900645,-0.764892812703515,-1.2516518175349889,0.0,0.0,0.0,0.0,nan,nan,0.0,0.0,0.0,0.0,0.0
8.186,-5.9466273887712635,-6.030940218149667,2.975516466882874,0.05137710012831638,0.49659728383091345,-0.08425620994019087,0.8623528409883501,0.0007861129801673972,-0.36585497109329,-4.178610389552271,-0.03851347472239702,-2.6522057028991357,0.6550079425197537,-5.6183974729764925,-5.9025033556585536,2.9786981083077273,0.13054132677889277,0.4630133109107759,0.06948110494402152,0.8739279215003978,0.6378211317866885,-0.7718425726005352,-3.201713273605229,-0.8561815860917547,-0.7886321893792416,-1.2594354744791985,0.0,0.0,0.0,0.0,nan,nan,0.0,0.0,0.0,0.0,0.0
8.206,-6.005825234789916,-6.025234043593024,2.9396952624968438,0.05160643796534576,0.47503898565247105,-0.08048953407917438,0.8747549214348657,-0.05807607831622463,-0.36071033179742173,-3.968552056010434,-0.07921625900577445,-3.083454755154585,0.6434304281287878,-5.654044922650149,-5.902136019205057,2.9273263595145096,0.11873973652030792,0.45569064883156274,0.0626331143329193,0.879956817422035,0.7521039982450091,-0.7395645037644674,-3.111721859220362,-0.8321564265417222,-0.8104341545778923,-1.1942953903437747,0.0,0.0,0.0,0.0,nan,nan,0.0,0.0,0.0,0.0,0.0
8.226,-6.073100004127067,-6.019312725928389,2.895359684791571,0.05100182881096607,0.444129959840687,-0.07588511387095827,0.8912849385705105,-0.15570955185705015,-0.3519118545310054,-3.7006003470428857,-0.11363045291119389,-3.491940346553179,0.6271092226184507,-5.6887508047231625,-5.903058279755753,2.875320750553641,0.10690535729585676,0.44824215166489184,0.0557678281213033,0.8857427207710522,0.8663868647033396,-0.7072864349283968,-3.0217304448354874,-0.8081312669916876,-0.8322361197765449,-1.1291553062083453,0.0,0.0,0.0,0.0,nan,nan,0.0,0.0,0.0,0.0,0.0
8.246,-6.131190473202784,-6.01482060417407,2.8535862377055987,0.04973160725767549,0.41127615002315737,-0.07157194476724305,0.9073346418956636,-0.2616090386961232,-0.3422166309998626,-3.434665426615465,-0.15716355111723915,-3.7093653976831664,0.6088227167824427,-5.7225089703001455,-5.905290438314136,2.822734289335694,0.09504145706846429,0.4406698762497513,0.04888714209942861,0.8912840338195688,0.9806697311616601,-0.6750083660923291,-2.93173903045062,-0.7841061074416552,-0.8540380849751956,-1.0640152220729218,0.0,0.0,0.0,0.0,nan,nan,0.0,0.0,0.0,0.0,0.0
8.266,-6.181154183401076,-6.011551392129118,2.814780980199789,0.04812604203491786,0.37873239860940033,-0.0675040608884159,0.9217856888047226,-0.35864197754771654,-0.3325050482081613,-3.1845188742502955,-0.1673482655311567,-3.701179175208452,0.5886646283028745,-5.7553143172287715,-5.908851349114913,2.769620625316529,0.0831513119530257,0.432975913605435,0.04199295631007488,0.8965792263812327,1.0949525976199805,-0.6427302972562613,-2.8417476160657538,-0.7600809478916228,-0.8758400501738464,-0.998875137937498,0.0,0.0,0.0,0.0,nan,nan,0.0,0.0,0.0,0.0,0.0
8.286,-6.228697459536339,-6.009073414678188,2.775150006020671,0.04633579272330359,0.34545045702749483,-0.06323381793996019,0.9351569174854741,-0.44244945573512706,-0.32298358581765985,-2.9380036887115915,-0.15504243610950705,-3.4028190507545175,0.5648486557846726,-5.787162795735039,-5.913758398799708,2.7160339902420434,0.07123820531173922,0.42516238835412856,0.03508717452386795,0.9016268362337644,1.2092354640783012,-0.6104522284201936,-2.7517562016808865,-0.7360557883415904,-0.897642015372497,-0.9337350538020743,0.0,0.0,0.0,0.0,nan,nan,0.0,0.0,0.0,0.0,0.0
8.306,-6.273668992524407,-6.0074162440551575,2.735010459592595,0.044854925086128414,0.3147283047704463,-0.058782369436380946,0.9462973966546053,-0.4957441955332289,-0.3158170013614504,-2.7059872616274547,-0.1284581388778418,-2.7620028788453963,0.5370476035597023,-5.818051412896209,-5.920027487213687,2.662029138249766,0.05930542684743273,0.417231458134212,0.028171703713569474,0.9064254695227391,1.3235183305366214,-0.5781741595841259,-2.66176478729602,-0.712030628791558,-0.9194439805711476,-0.8685949696666507,0.0,0.0,0.0,0.0,nan,nan,0.0,0.0,0.0,0.0,0.0
8.326,-6.312316568881632,-6.006642092366757,2.698247416257355,0.04416200119481273,0.2921888406680954,-0.054569707990277536,0.9537806592762089,-0.5042335787297525,-0.31270348807365517,-2.5083617732749843,-0.07113011138577227,-1.9536315555514745,0.5076836168067158,-5.847561467965979,-5.927545722850296,2.607587674536821,0.04746736933788683,0.4091722611216914,0.021333459155401104,0.9109718947899368,1.4373994063505158,-0.5458002234824209,-2.5722388664633975,-0.6877622988436403,-0.9406381213712931,-0.8036249883312752,0.0,0.0,0.0,0.0,nan,nan,0.0,0.0,0.0,0.0,0.0
8.346,-6.347239012669219,-6.006593788985708,2.6629925680296127,0.04430985131570532,0.27781297160430035,-0.05039161472155059,0.9582887221764238,-0.4688494037369043,-0.3137407603640804,-2.3273432836627124,-0.027415007814167336,-1.059134140536874,0.47511511620097424,-5.857585254113711,-5.930552886936226,2.549650032641403,0.040535232276802266,0.4004483236294365,0.018252179764751814,0.9152403471113338,1.533500151384984,-0.5091838996658712,-2.5033123036530096,-0.6527330162205024,-0.9349343763920941,-0.7461825193791372,0.0,0.0,0.0,0.0,nan,nan,0.0,0.0,0.0,0.0,0.0
8.366,-6.3771154804537655,-6.00720138434407,2.6310237116057977,0.045125350936848836,0.2719370398661949,-0.0464641672343622,0.9601328190489351,-0.3976858362487218,-0.31817715598500096,-2.1615201729462337,0.0017525747615999565,-0.24283422818905914,0.4405377536563216,-5.866487498856316,-5.93443186558605,2.4915811663174097,0.033596938903906345,0.39166356781676925,0.015168128313760024,0.9193697967764568,1.6296008964194522,-0.47256757584932146,-2.4343857408426217,-0.6177037335973645,-0.929230631412895,-0.6887400504269993,0.0,0.0,0.0,0.0,nan,nan,0.0,0.0,0.0,0.0,0.0
8.386,-6.406410916473899,-6.0086202534204025,2.5975921823652497,0.04644895041988601,0.2736139936548095,-0.04216314538123248,0.9597917204543482,-0.2832635766886522,-0.3258355944270541,-1.976998542283487,0.0008911188202170017,0.5597046903028956,0.39859365640934985,-5.874266827844981,-5.939185453340335,2.4334160984766062,0.02665354297651198,0.38281932787355194,0.012081773194520896,0.9233596166227529,1.7257016414539204,-0.4359512520327718,-2.365459178032234,-0.5826744509742268,-0.9235268864336961,-0.6312975814748613,0.0,0.0,0.0,0.0,nan,nan,0.0,0.0,0.0,0.0,0.0
8.406,-6.430577157587212,-6.010721118987628,2.567756994332249,0.047715543732205386,0.28227855454710304,-0.038077353868013274,0.9573881969460184,-0.1465064549856273,-0.33446994277090314,-1.7945592450720222,-0.030560925515209808,1.2454655264518144,0.3560606114517826,-5.8809225488789085,-5.9448159134327705,2.375189910471178,0.019706099026884853,0.3739169470238326,0.00899358314900028,0.9272092006940293,1.8218023864883972,-0.39933492821621885,-2.29653261522184,-0.5476451683510857,-0.9178231414544964,-0.5738551125227181,0.0,0.0,0.0,0.0,nan,nan,0.0,0.0,0.0,0.0,0.0
8.426,-6.450014807203275,-6.013410792480792,2.5412811157818638,0.048664293695601935,0.2963115934011611,-0.03417597740369731,0.9532382853744782,0.0034861762865092683,-0.3431125145034477,-1.6117478398190803,-0.08025052058811089,1.8369845598012913,0.3143582089406648,-5.886454652325807,-5.951324976415299,2.3169377207825566,0.012755662202088257,0.36495777732184564,0.00590402719784534,0.9309179643324815,1.9179031315228652,-0.3627186043996692,-2.2276060524114523,-0.5126158857279479,-0.9121193964752975,-0.5164126435705803,0.0,0.0,0.0,0.0,nan,nan,0.0,0.0,0.0,0.0,0.0
8.446,-6.466543744958407,-6.016986389235441,2.5153810454240815,0.04920281793820253,0.3166079390778456,-0.030022613345402637,0.9468036429522922,0.17736656272122253,-0.35218758191259464,-1.401905870355495,-0.13693214244929566,2.402895553527583,0.2699141720813151,-5.890863811127751,-5.958713839106847,2.258694663687641,0.005803288103728244,0.35594317944666265,0.002813574569150125,0.9344853442674903,2.0140038765573336,-0.32610228058311946,-2.158679489601065,-0.47758660310481005,-0.9064156514960985,-0.45897017461844214,0.0,0.0,0.0,0.0,nan,nan,0.0,0.0,0.0,0.0,0.0
8.466,-6.479200226680443,-6.0215749550305055,2.490330604996692,0.04902602474705396,0.3425139481803045,-0.025606199769555388,0.9378832372597362,0.36937495452391633,-0.36142439732160914,-1.1611295880438992,-0.22374003889946534,2.7986914583262092,0.22431857917678888,-5.89415138039238,-5.966983163866276,2.2004958679154756,-0.0011499673723639608,0.34687452249554207,-0.00027730537280764786,0.9379107987011677,2.1101046215918013,-0.28948595676656974,-2.089752926790677,-0.4425573204816722,-0.9007119065168994,-0.4015277056663042,0.0,0.0,0.0,0.0,nan,nan,0.0,0.0,0.0,0.0,0.0
8.486,-6.486484962135049,-6.02640490792153,2.469056559548943,0.04801856566752013,0.3679187706101856,-0.02157469504822584,0.9283665914483888,0.5446657241536373,-0.369448114643903,-0.9716165200030051,-0.30285410663936163,2.882354861109613,0.18801122743346604,-5.884425989397453,-5.972249478080332,2.141400707389263,-0.00587455383402623,0.33867337839443884,-0.0019407476366564288,0.9408836622466983,2.199067488008762,-0.25632961816705013,-2.0252750833334323,-0.41441794050612124,-0.8853740036488928,-0.3645165515810337,0.0,0.0,0.0,0.0,nan,nan,0.0,0.0,0.0,0.0,0.0
8.506,-6.490514780537874,-6.03201847819806,2.4468626808889002,0.045971643737257685,0.3939759060707651,-0.017319937910831064,0.9178069585477,0.7271526334455599,-0.3774684359813606,-0.8319030510787422,-0.3932758005707185,2.740716758427113,0.1573599593300239,-5.869337520468138,-5.976622596074707,2.082203343708782,-0.00978325049324035,0.3307765772312722,-0.003081762890368799,0.9436533509199436,2.2854188169554015,-0.22443918524136197,-1.9624248939605806,-0.38879937096952266,-0.8665112489769087,-0.3349806078771353,0.0,0.0,0.0,0.0,nan,nan,0.0,0.0,0.0,0.0,0.0
8.526,-6.491512640534583,-6.038321914720132,2.422565215882054,0.04285082670800866,0.41862069664348556,-0.0128934556806728,0.9070580344127787,0.9156982334696062,-0.38520162162252714,-0.7259981749886752,-0.46787358135740176,2.403119950999408,0.13185447180307952,-5.8532580993920025,-5.981466162160899,2.0233042265017493,-0.013691099820537577,0.3228511273535047,-0.004222511231150838,0.9463413093335712,2.3717701459020404,-0.19254875231567378,-1.899574704587729,-0.36318080143292397,-0.8476484943049245,-0.3054446641732369,0.0,0.0,0.0,0.0,nan,nan,0.0,0.0,0.0,0.0,0.0
8.546,-6.489689808536167,-6.044317976408704,2.3993187762160533,0.03922852304644086,0.43774633114907796,-0.008921772063889482,0.898198015210653,1.0816610196631447,-0.39137287147532224,-0.6077107813787335,-0.5418597803176378,2.0709644585360114,0.11083852559534163,-5.836192604409671,-5.986777072876205,1.9647237090004084,-0.017597763355253565,0.31489771518807014,-0.005362893858253351,0.9489473046822413,2.4581214748486797,-0.16065831938998557,-1.8367245152148772,-0.3375622318963254,-0.8287857396329403,-0.27590872046933845,0.0,0.0,0.0,0.0,nan,nan,0.0,0.0,0.0,0.0,0.0
8.566,-6.483642930036301,-6.051307132770163,2.372824878788852,0.034458785720403604,0.4551434828070263,-0.004599739362264671,0.8897392002956622,1.2564796979352912,-0.3977195453765324,-0.385136767752958,-0.5921309027839303,1.6450549667429404,0.08643602001005035,-5.818146255371666,-5.9925520628536715,1.9064820340631088,-0.02150290273942636,0.30691702958372824,-0.006502812002601881,0.951471111259474,2.544472803795327,-0.12876788646429455,-1.7738743258420198,-0.3119436623597246,-0.8099229849609546,-0.24637277676543748,0.0,0.0,0.0,0.0,nan,nan,0.0,0.0,0.0,0.0,0.0
8.586,-6.472469976593303,-6.058360638340169,2.347706243215414,0.029416538302836873,0.46783693586151043,-0.0006560598470721186,0.8833248769866427,1.4133123024523715,-0.4047837461732037,-0.09796360453804165,-0.624960197580926,1.232346844517028,0.06330012128032902,-5.799124611930075,-5.9987877059533385,1.8485993271615018,-0.025406179747100365,0.2989097617514062,-0.007642166935350733,0.9539125104771966,2.630824132741966,-0.09687745353860634,-1.711024136469168,-0.28632509282312596,-0.7910602302889704,-0.21683683306153906,0.0,0.0,0.0,0.0,nan,nan,0.0,0.0,0.0,0.0,0.0
8.606,-6.456105477012653,-6.065389071622615,2.324361181565569,0.024316016834683787,0.47622665485349186,0.002896635042502218,0.8789815208738916,1.5563077055537464,-0.4133292678891105,0.19301696997105744,-0.6507665173368586,0.7933156968289578,0.04289410203374605,-5.7791335716124905,-6.005480416449171,1.7910955894083564,-0.02930725631362234,0.2908766052043287,-0.008780859976434541,0.9562712908846772,2.7171754616886052,-0.06498702061291814,-1.6481739470963164,-0.2607065232865274,-0.7721974756169863,-0.18730088935764067,0.0,0.0,0.0,0.0,nan,nan,0.0,0.0,0.0,0.0,0.0
8.626,-6.431490704452945,-6.073421231078288,2.29898744294199,0.01831587291305267,0.48101167513200477,0.0066634190710876135,0.8764975162728179,1.713237390175165,-0.4250773947500317,0.47370353073697014,-0.6842377445723238,0.27783593911920096,0.022936496846629406,-5.751435364890214,-6.010605739014732,1.73445400744382,-0.03234796743838318,0.28345367512359604,-0.009524698111801294,0.9583928751756302,2.8004750925586697,-0.03485637017196254,-1.582725096615441,-0.23606152712871234,-0.7530795948513774,-0.16321747804401962,0.0,0.0,0.0,0.0,nan,nan,0.0,0.0,0.0,0.0,0.0
8.646,-6.404033536035372,-6.080811681542372,2.2758757334737787,0.012438049841270426,0.4812980783730369,0.010060088344918864,0.8764110047763324,1.8589936029908127,-0.4375673398098581,0.6563292897269748,-0.7435095635856088,-0.16532105710576425,0.00786812674485815,-5.71440608098011,-6.013434965619675,1.678883919893527,-0.034304495132423674,0.27681497782544623,-0.009770775306526853,0.9602610070262755,2.879924778648434,-0.006945816615286902,-1.5139978412866415,-0.2126447664168153,-0.7336398534862502,-0.14601284309970675,0.0,0.0,0.0,0.0,nan,nan,0.0,0.0,0.0,0.0,0.0
8.666,-6.36887586011607,-6.089005690509978,2.2495648921802274,0.005234969023291618,0.47748718686068514,0.013995279663566805,0.8785116468381811,2.0263742359527313,-0.45289582511112236,0.7980901118686672,-0.8295900490962539,-0.6041596642930872,-0.0063781090588245215,-5.676612390632929,-6.016438387657795,1.6238400878464585,-0.03625925783367097,0.27016203818270124,-0.010016349787309755,0.9620797327057973,2.9593744647381905,0.02096473694138626,-1.4452705859578476,-0.18922800570492032,-0.7142001121211243,-0.12880820815539545,0.0,0.0,0.0,0.0,nan,nan,0.0,0.0,0.0,0.0,0.0
8.686,-6.331093494287132,-6.096747301230175,2.223573646585169,-0.0023785250138617224,0.4705705242265315,0.018008062461885684,0.8821753986789106,2.1908953554572883,-0.4684506802377778,0.9051305554386133,-0.9102346511297376,-0.9142513047001014,-0.018474260523665464,-5.638061422940697,-6.019613094513046,1.5693336556865813,-0.0382121549680732,0.26349519849424813,-0.010261408919153149,0.9638489586393537,3.0388241508279474,0.04887529049805941,-1.3765433306290542,-0.16581124499302538,-0.6947603707559988,-0.11160357321108418,0.0,0.0,0.0,0.0,nan,nan,0.0,0.0,0.0,0.0,0.0
8.706,-6.286912050770766,-6.104708587784399,2.1954435067632274,-0.011064788543191718,0.4605709925295692,0.022486555683119098,0.8872690043658306,2.3674748384698496,-0.48521453543133175,1.0124160894095005,-0.9694949039542737,-1.1760587715675253,-0.029278644171779056,-5.598760462843459,-6.022956140318895,1.5153756572007318,-0.040163086057563135,0.25681480177414245,-0.010505940093575264,0.9655685937989029,3.118273836917704,0.0767858440547326,-1.3078160753002606,-0.14239448428113036,-0.675320629390873,-0.09439893826677284,0.0,0.0,0.0,0.0,nan,nan,0.0,0.0,0.0,0.0,0.0
8.725999999999999,-6.245200182705331,-6.111298806063489,2.1709158378714957,-0.018774809979219712,0.45009520246643553,0.02641232237699221,0.8923924049730569,2.521362071569987,-0.49923856360709146,1.1034527156355871,-0.9926519135762608,-1.3682468186643402,-0.03702764919913487,-5.558716949630034,-6.026464544564575,1.4619770133078511,-0.042111950725228095,0.2501211917339597,-0.010749930729258148,0.9672385497078866,3.1977235230074603,0.10469639761140574,-1.239088819971467,-0.11897772356923539,-0.6558808880257474,-0.07719430332246155,0.0,0.0,0.0,0.0,nan,nan,0.0,0.0,0.0,0.0,0.0
8.746,-6.191793340194621,-6.118575735566418,2.142242641125222,-0.027974249647781026,0.4361128121689955,0.03105421700363834,0.8989208485873408,2.702650654050177,-0.5149901600860903,1.2163287178468196,-1.0093640910397674,-1.5133858147369466,-0.0453962874461758,-5.517938475406994,-6.0301352927084775,1.4091485298114523,-0.04405864870047456,0.24341471276511015,-0.010993368272694998,0.9688587404457825,3.2771732090972243,0.1326069511680814,-1.1703615646426673,-0.09556096285733832,-0.63644114666062,-0.05998966837814871,0.0,0.0,0.0,0.0,nan,nan,0.0,0.0,0.0,0.0,0.0
8.766,-6.138939514819403,-6.124643952158644,2.1166024433593873,-0.03640480964655456,0.42245228847600796,0.035261048790386884,0.9049670779836048,2.8672400749401117,-0.5284829007221621,1.3114821669463155,-1.026861749813885,-1.6128217328129084,-0.0521854029452643,-5.4741570839949825,-6.033359836951308,1.3575588405865386,-0.0456895371027483,0.2369049581078522,-0.011155438791533618,0.9703937670907732,3.355681779318734,0.15922823497362817,-1.0993190607992778,-0.0737593739966888,-0.6156352446164812,-0.04429623695686256,0.0,0.0,0.0,0.0,nan,nan,0.0,0.0,0.0,0.0,0.0
8.786,-6.078949673395272,-6.130402848188088,2.089947568509636,-0.04532202952668382,0.40645093243660646,0.03972022496002067,0.9116829804762843,3.043123387205268,-0.5413016177823824,1.3700496594344969,-1.026839366243303,-1.8284609507671803,-0.058277811032977356,-5.41709353210751,-6.033234945680296,1.3102432855559452,-0.04557218632863752,0.2315513803528029,-0.010867003475072835,0.9716939036164692,3.428948279215465,0.178668211002902,-1.015380487574482,-0.06095438663485879,-0.5872197478391503,-0.037020297376946655,0.0,0.0,0.0,0.0,nan,nan,0.0,0.0,0.0,0.0,0.0
8.806000000000001,-6.011767804220689,-6.135699086996703,2.0620887315812757,-0.05456214313287259,0.3866173245229888,0.04447219056304442,0.919550021033091,3.2324646567807602,-0.5518005210886141,1.3665414972590126,-1.0217358905223086,-2.18673681555552,-0.06362909055680144,-5.359513955974505,-6.033034349709312,1.2635573297094833,-0.04545344796731556,0.22619075229448715,-0.010578237278830727,0.9729644538935681,3.5022147791122027,0.19810818703217756,-0.931441914349679,-0.048149399273027624,-0.5588042510618167,-0.029744357797030104,0.0,0.0,0.0,0.0,nan,nan,0.0,0.0,0.0,0.0,0.0
8.826,-5.947784215502761,-6.139790541092341,2.036817992528487,-0.06254165236140814,0.36572058924615714,0.04876639232759512,0.9273396526088484,3.404570809127641,-0.5566559336741457,1.3157482798070077,-0.9776225185887062,-2.4289653766834176,-0.06830541238493948,-5.301425378846468,-6.032757755103607,1.2175066293634391,-0.04533332563414181,0.22082323715393037,-0.010289148995193951,0.9742053792362073,3.575481279008934,0.2175481630614514,-0.8475033411248836,-0.03534441191119762,-0.530388754284486,-0.022468418217114206,0.0,0.0,0.0,0.0,nan,nan,0.0,0.0,0.0,0.0,0.0
8.846,-5.877459945335504,-6.14331334152318,2.010195700486062,-0.07027659725418557,0.3421794590207692,0.05307448473702326,0.9354985391610862,3.5784529563730008,-0.5553559434884962,1.2360845143545758,-0.8960360009201247,-2.5017386480527635,-0.07294061409732755,-5.242834885965899,-6.0324048771844225,1.1720967634653434,-0.04521182298661498,0.21544899836185513,-0.009999747426356046,0.9754166418605484,3.648747778905665,0.2369881390907252,-0.7635647679000879,-0.022539424549367602,-0.501973257507155,-0.015192478637198303,0.0,0.0,0.0,0.0,nan,nan,0.0,0.0,0.0,0.0,0.0
8.866,-5.804354761262457,-6.145967363432553,1.9836500993081445,-0.0770240758428085,0.3182715144722803,0.056974933493746244,0.9431460076623691,3.7398461640453786,-0.5465516990505803,1.1400770257188981,-0.7850861458914612,-2.4584549357152774,-0.07677257416440264,-5.183749623704392,-6.031975440563661,1.1273332329145194,-0.04508894372426177,0.21006819955370704,-0.00971004138404953,0.9765982048859265,3.722014278802396,0.256428115119999,-0.6796261946752924,-0.009734437187537583,-0.47355776072982414,-0.007916539057282398,0.0,0.0,0.0,0.0,nan,nan,0.0,0.0,0.0,0.0,0.0
8.886,-5.724815945496189,-6.147734827637179,1.956081359292159,-0.0829377669322,0.29418762474544446,0.06049346214436666,0.9502186639404225,3.891906345130292,-0.5294576714822878,1.0416275557984433,-0.6483534365770385,-2.301327080192548,-0.0800050927972411,-5.124176798692264,-6.031469179177429,1.083221459892115,-0.044964691588524196,0.20468100456467192,-0.009420039689277548,0.9777500323359739,3.7952807786991274,0.27586809114927285,-0.5956876214504967,0.0030705501742924347,-0.44514226395249323,-0.0006405994773664922,0.0,0.0,0.0,0.0,nan,nan,0.0,0.0,0.0,0.0,0.0
8.906,-5.646655339381136,-6.148393804715489,1.9302505514782686,-0.08724975254116946,0.2726147071508557,0.0632360778575882,0.9560700291211658,4.020668819170801,-0.5062634069116594,0.9487483576664626,-0.5055882929845767,-2.1406270230144506,-0.0815923386220373,-5.064123676940844,-6.0308858363184354,1.0397667872007232,-0.044839070362645686,0.1992875774246866,-0.009129751172045291,0.9788720891397148,3.8685472785958646,0.2953080671785484,-0.5117490482256937,0.015875537536123592,-0.4167267671751598,0.00663534010255006,0.0,0.0,0.0,0.0,nan,nan,0.0,0.0,0.0,0.0,0.0
8.926,-5.570424753793222,-6.148059422781526,1.906205732732576,-0.09010102845783936,0.25372736538973895,0.06527895688897452,0.9608552890579877,4.128860041440316,-0.47888713281254897,0.8670911318849981,-0.3520836130445288,-1.956294366366049,-0.08191291893792685,-4.990559876915606,-6.02729718954287,1.0050163884186254,-0.04467118890584934,0.196225287045026,-0.008952227645714158,0.9794998617794769,3.9372091055215157,0.31093274544413707,-0.3951505137014168,0.002166902907915708,-0.377657270720397,0.0017274186398995358,0.0,0.0,0.0,0.0,nan,nan,0.0,0.0,0.0,0.0,0.0
8.946,-5.488342705806867,-6.146700115969066,1.8814057488910554,-0.09160796955924329,0.2355613116783076,0.06683479955131018,0.9652211963703264,4.229623430400335,-0.4453851251730174,0.7822167643561129,-0.18611512303626981,-1.771870439646892,-0.08063332248259764,-4.914713247731246,-6.023188012299097,0.971984277909745,-0.04449636406696718,0.19353460695171035,-0.008792682605915618,0.9800444470683248,4.005135253547827,0.32594786162419465,-0.2733339659692153,-0.01577775724602161,-0.3368856071833069,-0.005127092632232464,0.0,0.0,0.0,0.0,nan,nan,0.0,0.0,0.0,0.0,0.0
8.966,-5.404595084566226,-6.144325347049587,1.8571150883230019,-0.09161251362034604,0.2195551681388766,0.06779098743298287,0.9689205630569168,4.317450605180493,-0.40833036030616965,0.7068650238958034,-0.009683889417173686,-1.520201610494869,-0.07848138459934997,-4.838688996936365,-6.019028004254377,0.9393694891619027,-0.04432120139607769,0.19084245747575804,-0.00863307080898586,0.9805815915158864,4.073061401574139,0.34096297780425233,-0.15151741823701376,-0.033722417399958925,-0.2961139436462168,-0.011981603904364464,0.0,0.0,0.0,0.0,nan,nan,0.0,0.0,0.0,0.0,0.0
8.986,-5.315099493344513,-6.140784256102447,1.8320829820179203,-0.08994257340431794,0.20568940562751523,0.06811752484131815,0.9720916647680408,4.397284263018677,-0.36689084944521144,0.6396679736134783,0.16531266618037427,-1.2248265925885726,-0.07524624262032063,-4.762489436603082,-6.0148172476759765,0.9071730086869417,-0.04414570222307729,0.18814885905691214,-0.008473393466753638,0.9811112910439728,4.140987549600458,0.35597809398431124,-0.02970087050480144,-0.051667077553897836,-0.255342280109123,-0.018836115176497074,0.0,0.0,0.0,0.0,nan,nan,0.0,0.0,0.0,0.0,0.0
9.006,-5.228588494107977,-6.136487740668719,1.8085320406802887,-0.08692473027464541,0.19498074979642097,0.06789459786649923,0.9745855129520712,4.464240341393522,-0.32646815348590275,0.5828408808155321,0.3220742616514873,-1.0033809269852263,-0.07150007914387717,-4.686116884127575,-6.010555826372366,0.8753958102929613,-0.043969867880417304,0.18545383214591732,-0.008313651791545374,0.9816335416309191,4.20891369762677,0.37099321016436887,0.0921156772274001,-0.06961173770783516,-0.21457061657203286,-0.025690626448629073,0.0,0.0,0.0,0.0,nan,nan,0.0,0.0,0.0,0.0,0.0
9.026,-5.145373190942764,-6.131624684663308,1.7863635605337382,-0.08287227238976477,0.1873315872192114,0.06722097846853868,0.9764836931319539,4.519957982042957,-0.2880784996503787,0.5503736502158256,0.4494443523127508,-0.6871417692845173,-0.06851461110052537,-4.609573662159655,-6.006243825690668,0.8440388550547331,-0.04379369970309376,0.1827573972043633,-0.008153846996175907,0.9821483393116158,4.276839845653081,0.38600832634442644,0.2139322249596015,-0.08755639786177245,-0.17379895303494275,-0.032545137720761064,0.0,0.0,0.0,0.0,nan,nan,0.0,0.0,0.0,0.0,0.0
9.046,-5.05673538393661,-6.125709106001633,1.763373805029672,-0.07776868761591565,0.1832361017276145,0.06599078661050677,0.9777636617980298,4.570492915096462,-0.24835900195320768,0.5569306426741936,0.552013130906012,-0.24413853804740443,-0.06670951582518711,-4.532862098532264,-6.001881332514067,0.8131030912845223,-0.043617199028637234,0.18005957470453,-0.0079939802939393,0.9826556801775381,4.344765993679393,0.4010234425244841,0.33574877269180303,-0.10550105801570978,-0.1330272894978526,-0.03939964899289307,0.0,0.0,0.0,0.0,nan,nan,0.0,0.0,0.0,0.0,0.0
9.066,-4.962543266587264,-6.118668703000979,1.7396782406212457,-0.07178196600380751,0.18321881297482245,0.0642040422817216,0.9783435270309773,4.617290170872609,-0.2076808310630717,0.6033594432669702,0.623499106207199,0.1457178897017826,-0.06564664043304172,-4.4446832356213175,-5.994720941541086,0.7931760823677643,-0.04476286313031533,0.17885489482177308,-0.008145061854470273,0.9828229090991194,4.411010230415515,0.4184945173691158,0.47340797217889435,-0.12684530073202593,-0.1130322606982307,-0.047239692851044846,0.0,0.0,0.0,0.0,nan,nan,0.0,0.0,0.0,0.0,0.0
9.086,-4.876310626712742,-6.111609513575024,1.7187130962217911,-0.06607720346671732,0.18657547029462748,0.06224963099044865,0.9782373845380832,4.6550942623141776,-0.17176499351242816,0.6801323863386068,0.6672901189554231,0.4620562566915419,-0.06525977810470518,-4.348021248206077,-5.98553580224554,0.7812313834946413,-0.04689672889502779,0.17876626492546446,-0.008528549656106646,0.9827362734652202,4.475997399068446,0.4378011867952525,0.6229080410329697,-0.1507304067865141,-0.10856578239751537,-0.05581632820843008,0.0,0.0,0.0,0.0,nan,nan,0.0,0.0,0.0,0.0,0.0
9.106,-4.78448812363851,-6.10353731224906,1.6970777974552038,-0.05992382226882791,0.19274819089085654,0.059953966358980176,0.977580069534369,4.692104633989375,-0.13486030097067808,0.7798911683952949,0.6857959857169011,0.7056639966280792,-0.06510165649207578,-4.251357700087784,-5.976401019779087,0.7692607260112196,-0.04903037350381846,0.17867679200195463,-0.008911997238748965,0.982645003436736,4.5409845677213765,0.4571078562213891,0.772408109887045,-0.17461551284100224,-0.10409930409680002,-0.06439296356581532,0.0,0.0,0.0,0.0,nan,nan,0.0,0.0,0.0,0.0,0.0
9.126,-4.6868896131158,-6.09443237179468,1.674726583167074,-0.053530568110951644,0.20173051131477643,0.057365419481873924,0.976293238596922,4.727968796502466,-0.09714029635840042,0.9032183370768265,0.683724293642297,0.9397581248310601,-0.06559671117831706,-4.154692586767333,-5.967316706322678,0.757264328973679,-0.051163786894831156,0.17858647647318057,-0.009295402794132431,0.9825490994440783,4.6059717363743085,0.47641452564752573,0.9219081787411203,-0.19850061889549037,-0.09963282579608468,-0.07296959892320057,0.0,0.0,0.0,0.0,nan,nan,0.0,0.0,0.0,0.0,0.0
9.146,-4.597528946749612,-6.085715193071661,1.654645783963657,-0.04803247201040054,0.2115654974998727,0.054951239523966765,0.9746349486730819,4.758569531295809,-0.06419698457922512,1.0232044878519733,0.6473350501363585,1.1014054913166527,-0.06677685705160546,-4.058025903775133,-5.958282973105258,0.7452424119237286,-0.0532969590073003,0.17849531876505292,-0.009678764514190481,0.9824485619395119,4.670958905027245,0.4957211950736641,1.0714082475952087,-0.22238572494998066,-0.09516634749536894,-0.08154623428058656,0.0,0.0,0.0,0.0,nan,nan,0.0,0.0,0.0,0.0,0.0
9.166,-4.502339693405959,-6.076111789177497,1.6335191347598625,-0.04281339133141934,0.2234556018544552,0.052410552153424696,0.9723619395809048,4.78829804236414,-0.031054634616733023,1.1626962532746712,0.5869707194083476,1.2564360683046372,-0.06893671149274211,-3.9613576466712273,-5.949299930401667,0.7331951948844698,-0.055429879781597566,0.1784033193074538,-0.010062080591063175,0.9823433913971525,4.735946073680176,0.5150278644998008,1.2209083164492842,-0.2462708310044688,-0.09069986919465362,-0.09012286963797181,0.0,0.0,0.0,0.0,nan,nan,0.0,0.0,0.0,0.0,0.0
9.186,-4.405940422409568,-6.066124676168361,1.6122841175501308,-0.03840403154620453,0.23646382320397827,0.04995559940622205,0.9695949818170063,4.815968115570764,8.42450563462438e-06,1.3122734904057374,0.4936503720763378,1.3628388016848194,-0.07162206644359967,-3.864687811045328,-5.940367687530558,0.7211228983562401,-0.05756253915928045,0.17831047853423493,-0.010445349217105911,0.9822335883129639,4.800933242333107,0.5343345339259373,1.3704083853033595,-0.2701559370589569,-0.08623339089393828,-0.09869950499535704,0.0,0.0,0.0,0.0,nan,nan,0.0,0.0,0.0,0.0,0.0
9.206,-4.308219742490856,-6.055788933715028,1.5909346614712607,-0.03501485283129373,0.2503233680893557,0.047660440728272094,0.9663543107262422,4.840911138536491,0.028502018802563256,1.4780345976392062,0.3931124662534039,1.440624084085098,-0.07460621671207407,-3.768016392516932,-5.931486352852336,0.7090257433124573,-0.05969492708313895,0.17821679688321543,-0.01082856858489782,0.9821191532047563,4.865920410986037,0.553641203352074,1.5199084541574346,-0.29404104311344503,-0.08176691259322294,-0.10727614035274227,0.0,0.0,0.0,0.0,nan,nan,0.0,0.0,0.0,0.0,0.0
9.226,-4.209051687411526,-6.045129192531306,1.569474869018793,-0.03267952120707205,0.26449604411301636,0.04558143236298545,0.9627544985955561,4.864200468249515,0.054004941665662796,1.6538297469995293,0.27470524758642095,1.4649355387962382,-0.07720243672637181,-3.671343386735384,-5.922656033767116,0.6969039511954493,-0.06182703349724337,0.1781222747961799,-0.011211736887250367,0.9820000866121835,4.9309075796389745,0.5729478727782124,1.6694085230115234,-0.3179261491679353,-0.07730043429250719,-0.11585277571012828,0.0,0.0,0.0,0.0,nan,nan,0.0,0.0,0.0,0.0,0.0
9.246,-4.103189415709229,-6.033599427547155,1.5468936737265802,-0.031487528290257215,0.2793919134460784,0.043702667254751665,0.9586650985291629,4.8870358081496255,0.07678545253828004,1.8499212018522293,0.1532139865604027,1.4580011445863204,-0.07929188276417315,-3.574668789379997,-5.913876836712695,0.6847577439122817,-0.06395884834699106,0.17802691271887636,-0.011594852317215729,0.9818763890967407,4.995894748291906,0.592254542204349,1.8189085918655985,-0.3418112552224235,-0.07283395599179185,-0.12442941106751351,0.0,0.0,0.0,0.0,nan,nan,0.0,0.0,0.0,0.0,0.0
9.266,-4.0057609597528465,-6.022878017517784,1.5263951300481722,-0.03141318166409739,0.2924493234404983,0.04228868468613853,0.9548289230979806,4.908208132773503,0.09368689652209189,2.0270179158706654,0.0452770485247191,1.4102698694528484,-0.08015687232884362,-3.477992596160079,-5.905148867162543,0.6725873438305653,-0.0660903615791548,0.17793071110101383,-0.011977913068095513,0.9817480612417613,5.060881916944837,0.6115612116304857,1.968408660719674,-0.3656963612769116,-0.06836747769107653,-0.13300604642489874,0.0,0.0,0.0,0.0,nan,nan,0.0,0.0,0.0,0.0,0.0
9.286,-3.896131886289525,-6.010707710254795,1.5036258055782377,-0.0324150201215688,0.3061418458155098,0.04107466676116478,0.9505468470631262,4.933407982698259,0.10777610789514176,2.220158082481479,-0.06454941636238773,1.3201178143903214,-0.08039500027936461,-3.3614122482666553,-5.889972823175387,0.675679914468781,-0.07125905593136328,0.17675959679967285,-0.012767945650271041,0.9815880864450525,5.134289099153612,0.6398610892262645,2.0627026663774592,-0.38797347680903305,-0.10198373830636753,-0.13770667753632726,0.0,0.0,0.0,0.0,nan,nan,0.0,0.0,0.0,0.0,0.0
9.306,-3.7897611283699497,-5.998801773701345,1.4817133650746115,-0.0342551723455742,0.3180223675963115,0.04025185916414148,0.9466087601062235,4.961935875448904,0.11690715520597306,2.393409814002378,-0.1595954336864024,1.2053464079432128,-0.07973262921960052,-3.241913254448589,-5.87372660662629,0.6811387755431558,-0.07687398741097341,0.17542419041655669,-0.01361767092225092,0.9813925323309152,5.208939637647061,0.6694889649093316,2.148844570477219,-0.41001314555933877,-0.1412235543298246,-0.14183495158364073,0.0,0.0,0.0,0.0,nan,nan,0.0,0.0,0.0,0.0,0.0
9.326,-3.6813967007802995,-5.986574688556142,1.459514714809732,-0.03702303117421539,0.3287401194175695,0.039796668382426154,0.9428549486711382,4.995400491895149,0.12109637346141225,2.5582027384350745,-0.26705687229590175,1.0828428978564175,-0.07934676691537194,-3.122436409646236,-5.85735757113296,0.6867143000041175,-0.08248629971387031,0.17408280714880053,-0.014466932226017753,0.9811635411523784,5.2835901761405175,0.6991168405924015,2.2349864745769867,-0.43205281430964637,-0.18046337035328516,-0.1459632256309546,0.0,0.0,0.0,0.0,nan,nan,0.0,0.0,0.0,0.0,0.0
9.346,-3.5765698572232965,-5.974646490180437,1.4380659294132514,-0.04054572604630829,0.3376507884493713,0.03973968001067054,0.9395577401051758,5.033596249386775,0.12004760927336894,2.702216443249216,-0.3766817036182732,0.9516085207633052,-0.07922866672251466,-3.002982069202595,-5.840864407942201,0.6924050255340823,-0.088095801622735,0.17273549269872773,-0.01531570062635538,0.9809011207114097,5.358240714633967,0.7287447162754686,2.3211283786767463,-0.4540924830599521,-0.21970318637674227,-0.15009149967826804,0.0,0.0,0.0,0.0,nan,nan,0.0,0.0,0.0,0.0,0.0
9.366,-3.4641973190825297,-5.961734519971657,1.4150525138473466,-0.04535369747162233,0.3456623361141021,0.04014618695421701,0.9364020905523606,5.081059373948276,0.11251510059791062,2.8428549588982084,-0.5062909217890441,0.8004821917329363,-0.07953497303903731,-2.8835505853936727,-5.8242458252173055,0.6982094741155204,-0.09370230201600309,0.171382292970743,-0.016163947204841607,0.9806052799489462,5.432891253127416,0.7583725919585358,2.407270282776506,-0.4761321518102578,-0.25894300240019935,-0.15421977372558154,0.0,0.0,0.0,0.0,nan,nan,0.0,0.0,0.0,0.0,0.0
9.386,-3.349704554280873,-5.948419419748706,1.3915412019612967,-0.05121533231588013,0.3520828082835655,0.041036756125271766,0.9336651811509559,5.137639485117455,0.09864453369455774,2.970154021995117,-0.6188807817984088,0.6363015798441817,-0.07913544309186851,-2.764142307380514,-5.807500548214122,0.704126152232383,-0.0993056098743744,0.17002325406976865,-0.017011643060833186,0.9802760289445909,5.507541791620865,0.7880004676416029,2.4934121868762658,-0.49817182056056347,-0.29818281842365646,-0.15834804777289502,0.0,0.0,0.0,0.0,nan,nan,0.0,0.0,0.0,0.0,0.0
9.406,-3.2271670500976475,-5.933950438895343,1.3662809511729612,-0.05833274519223821,0.3569234084045708,0.04247375772242503,0.9313425531329156,5.208767503229259,0.07809035858105069,3.085836957471836,-0.7204573955490274,0.43312178485192193,-0.07791816068191898,-2.6447575811615995,-5.790627319454772,0.7101535510736441,-0.10490553428732226,0.16865842229967354,-0.017858759312450612,0.9799133789162675,5.58219233011432,0.8176283433246727,2.5795540909760333,-0.5202114893108711,-0.337422634447117,-0.16247632182020882,0.0,0.0,0.0,0.0,nan,nan,0.0,0.0,0.0,0.0,0.0
9.426,-3.114188274303864,-5.920363778738238,1.34295407661542,-0.0655282124631888,0.35973969435416325,0.044193011441056314,0.9296990821858022,5.282308640623439,0.05477919917068645,3.1827337057847425,-0.8105423140371522,0.301439833796347,-0.07683938046311195,-2.525396749525731,-5.773624898899028,0.7162901467389235,-0.110501884459596,0.167287844161696,-0.0187052670975619,0.9795173422198399,5.65684286860777,0.8472562190077398,2.6656959950757932,-0.5422511580611769,-0.37666245047057406,-0.1666045958675223,0.0,0.0,0.0,0.0,nan,nan,0.0,0.0,0.0,0.0,0.0
9.446,-2.986859508884496,-5.904700117155792,1.316784109273239,-0.07438551460164931,0.3617582626935028,0.04654558313476627,0.9281332141891436,5.369616214705997,0.02344462437752859,3.28742219528988,-0.9112203705109028,0.20220860559003545,-0.07538106692694024,-2.406060152005254,-5.756492064113309,0.722534400446172,-0.11609446971772451,0.16591156635285867,-0.01955113757476636,0.9790879323486904,5.731493407101218,0.876884094690807,2.7518378991755528,-0.5642908268114826,-0.41590226649403117,-0.1707328699148358,0.0,0.0,0.0,0.0,nan,nan,0.0,0.0,0.0,0.0,0.0
9.466,-2.869409407342305,-5.889863776492121,1.292775889569357,-0.08300471683055131,0.3625087488456878,0.04902960477961274,0.9269809716759934,5.455551538991764,-0.008456537490741434,3.3707287795163285,-0.9670527209529997,0.0846647012660119,-0.07308564035344434,-2.286748124829825,-5.739227610437273,0.7288847587413788,-0.12168309951651088,0.16452963576437815,-0.020396341924376987,0.9786251639332599,5.806143945594667,0.9065119703738742,2.8379798032753127,-0.5863304955617882,-0.4551420825174883,-0.17486114396214925,0.0,0.0,0.0,0.0,nan,nan,0.0,0.0,0.0,0.0,0.0
9.486,-2.7371184891620945,-5.8726391452223625,1.265872243496226,-0.09299781379880423,0.3621980488526027,0.05210080363429484,0.9259856836348342,5.557912056214577,-0.04613495416330299,3.449485862080846,-1.0208258588868477,-0.035047881811673925,-0.07076840278692975,-2.1640404091000986,-5.720575109186451,0.7348186934320583,-0.12752841872841011,0.16194234696974677,-0.02100035567958531,0.978299628813122,5.884645043500037,0.9396499996873994,2.9025593144556603,-0.6038128576658273,-0.4992298313694382,-0.17667207252000222,0.0,0.0,0.0,0.0,nan,nan,0.0,0.0,0.0,0.0,0.0
9.506,-2.6088183646208196,-5.855367707279145,1.2397688768294166,-0.10271279490857796,0.3602490471053513,0.055325622096265,0.9255321611707592,5.6676923494904035,-0.08225653378076139,3.493872481441051,-1.0377112460899471,-0.23698658662033384,-0.06821720547518911,-2.024809770853429,-5.6952665877549915,0.7393751508944768,-0.13463269520636378,0.1534998138778161,-0.02043162587110354,0.9787207942948845,5.981894250864736,0.9898787260771041,2.862153014637295,-0.5991060065403168,-0.5669218323824619,-0.1672000049612164,0.0,0.0,0.0,0.0,nan,nan,0.0,0.0,0.0,0.0,0.0
9.526,-2.4783398963542216,-5.837174751108666,1.213148404842746,-0.11247013392731976,0.3567765165005379,0.05878365159448268,0.9255298312606303,5.787110169521418,-0.11699764619834291,3.521529169482548,-1.0527570951154739,-0.36605309133554875,-0.06652535002594795,-1.8858121094671254,-5.669104235287292,0.7458276411674605,-0.14172051311423534,0.1450385157493508,-0.019860398338381928,0.9790223131725364,6.079143458229433,1.0401074524668088,2.8217467148189295,-0.594399155414806,-0.6346138333954856,-0.15772793740243052,0.0,0.0,0.0,0.0,nan,nan,0.0,0.0,0.0,0.0,0.0
9.546,-2.3457090026691656,-5.81796520066332,1.1860504644840386,-0.12234967388214611,0.3520898071750679,0.06246110511139831,0.9258304031152892,5.913419519494303,-0.1503652105974615,3.536034029095191,-1.0912278686643981,-0.47785267882042315,-0.06760044802546972,-1.7470828720136036,-5.64206308852593,0.7541600025148506,-0.14879100598086356,0.1365594869606444,-0.0192867429128115,0.9792041485860155,6.176392665594131,1.0903361788565138,2.7813404150005634,-0.5896923042892954,-0.7023058344085091,-0.1482558698436447,0.0,0.0,0.0,0.0,nan,nan,0.0,0.0,0.0,0.0,0.0
9.566,-2.210907293309327,-5.797616704684559,1.1585951363939282,-0.1327673933764354,0.3464206401387012,0.06644553353294665,0.9262562012831231,6.043907612380452,-0.18466564577278927,3.543532639213594,-1.1742290301265204,-0.5805238942852827,-0.07238022342718375,-1.6086573743121835,-5.614118613923529,0.7643551539870947,-0.15584330945303837,0.12806376405552614,-0.018710729722588092,0.9792662783063161,6.273641872958839,1.140564905246223,2.7409341151821947,-0.5849854531637844,-0.769997835421539,-0.138783802284858,0.0,0.0,0.0,0.0,nan,nan,0.0,0.0,0.0,0.0,0.0
9.586,-2.073862672942516,-5.775960054909766,1.1309968938052228,-0.14380466662801808,0.33938566919477314,0.07081773593778208,0.9268885767328601,6.179124032104804,-0.22003059083315513,3.562476716561757,-1.2389887004771394,-0.7357317844319037,-0.07776421410084056,-1.4705707836605202,-5.585246719639102,0.7763951037734287,-0.162876561401164,0.11955238561864912,-0.0181324291841396,0.9792086947382079,6.370891080323537,1.1907936316359278,2.700527815363829,-0.5802786020382737,-0.8376898364345626,-0.12931173472607216,0.0,0.0,0.0,0.0,nan,nan,0.0,0.0,0.0,0.0,0.0
9.606,-1.9410228015557252,-5.753701295416761,1.1055921047271127,-0.15435708359185357,0.330839942163459,0.07528048088320233,0.9279287001770612,6.313513784766098,-0.2517951338906152,3.629865123762226,-1.20746971480005,-1.0161836730409932,-0.079241008409068,-1.3328581016385386,-5.555423767318388,0.7902609579994627,-0.16988990202465604,0.11102639214852053,-0.01755191199351738,0.9790314049211636,6.468140287688234,1.2410223580256323,2.6601215155454634,-0.5755717509127629,-0.9053818374475863,-0.11983966716728629,0.0,0.0,0.0,0.0,nan,nan,0.0,0.0,0.0,0.0,0.0
9.626,-1.7981061221091594,-5.728105606325833,1.0803453731107706,-0.16318760120245565,0.31763838292745533,0.08008982629275645,0.9306241369260823,6.486594083626165,-0.26795275942391983,3.632225187873466,-0.8190119084432677,-1.6546745124653055,-0.061725623877610714,-1.19555414699352,-5.524626583652472,0.8059329299658454,-0.1768824739570481,0.10248682593030627,-0.016969249117753993,0.9787344305284988,6.5653894950529335,1.2912510844153373,2.6197152157270973,-0.5708648997872524,-0.9730738384606099,-0.11036759960850044,0.0,0.0,0.0,0.0,nan,nan,0.0,0.0,0.0,0.0,0.0
9.646,-1.6450632570634764,-5.698852631711936,1.0552200174479553,-0.16646823183319176,0.29667577491877073,0.08490117273413651,0.9365167394313065,6.718599063854652,-0.24363546456788576,3.5103323640972697,-0.21742283758943876,-2.4538953616101162,-0.03391329616282057,-1.0586935386145169,-5.492832471708988,0.8233903498235006,-0.18385342237080396,0.09393473090841188,-0.01638451178618755,0.9783178078647221,6.66263870241764,1.3414798108050465,2.579308915908728,-0.5661580486617414,-1.0407658394736397,-0.10089553204971377,0.0,0.0,0.0,0.0,nan,nan,0.0,0.0,0.0,0.0,0.0
9.666,-1.5040991699666872,-5.670159364332096,1.034047965359891,-0.1643421400058284,0.272476621449975,0.08893085690962976,0.9438429183242468,6.9515718988635475,-0.18931900871816182,3.339234737111476,0.14166665380946292,-2.8776325498692,-0.024292887576092936,-0.9223106786045667,-5.460019222030408,0.8426116746807029,-0.19080189508181644,0.08537115255886576,-0.015797771481754277,0.9777815878610973,6.7598879097823374,1.3917085371947513,2.538902616090363,-0.5614511975362306,-1.1084578404866632,-0.09142346449092792,0.0,0.0,0.0,0.0,nan,nan,0.0,0.0,0.0,0.0,0.0
9.686,-1.3532518447543465,-5.637525924720552,1.014010733894289,-0.15948863591670037,0.24445395639250572,0.0929035133377707,0.9519320224821624,7.191550141862229,-0.11792114687543287,3.1209446400064826,0.2780271213253972,-3.0231397171328322,-0.029871235857011125,-0.7864397354587886,-5.426165123493932,0.863574499137056,-0.1977270426535886,0.07679713776150712,-0.01520909993224956,0.9771258360694168,6.857137117147036,1.441937263584456,2.498496316271997,-0.55674434641072,-1.176149841499687,-0.08195139693214207,0.0,0.0,0.0,0.0,nan,nan,0.0,0.0,0.0,0.0,0.0
9.706,-1.1924954177292086,-5.600618458520967,0.9958604326980361,-0.1538386372926717,0.21410372145919793,0.09686567882455606,0.9597449194442833,7.420257477578933,-0.04136762836216143,2.8655005597316103,0.25546136025514016,-3.0586815810462427,-0.04957101260327046,-0.6442913715675361,-5.390204145834065,0.8727676186756752,-0.20352580415006466,0.06489551502934278,-0.01317139971483792,0.9768276886962703,6.932169333513086,1.504032843937709,2.392842144797149,-0.5379687763414372,-1.2277195374153973,-0.07388340522603475,0.0,0.0,0.0,0.0,nan,nan,0.0,0.0,0.0,0.0,0.0
9.725999999999999,-1.0453457273914422,-5.564989177051703,0.9822200413617698,-0.14912817786144758,0.1862398136671417,0.10027913075246957,0.9659294044123938,7.601965301878689,0.025844301878997722,2.6173419768802897,0.17430325903776767,-3.0551894787055267,-0.07535267236668941,-0.49489459047545853,-5.35124896878788,0.870109673469195,-0.20803041780372722,0.049228620191643625,-0.009495088862930389,0.9768365940677687,6.982092410559615,1.5795400734865381,2.213446308673632,-0.5032930592167837,-1.261068169782723,-0.0674022682025541,0.0,0.0,0.0,0.0,nan,nan,0.0,0.0,0.0,0.0,0.0
9.746,-0.8891365282612546,-5.525314475896891,0.9708483383540273,-0.14482320682259783,0.15694036219372667,0.10359989895759254,0.9714231942959244,7.764135616517476,0.09530967854607526,2.342963598136874,0.11006344926763029,-2.9793573638084414,-0.10508498178258041,-0.3460443190419042,-5.310190094589804,0.8714265773542405,-0.21247693719936808,0.03354797784435447,-0.005816126426950507,0.9765727095379617,7.0320154876061505,1.6550473030353738,2.0340504725500987,-0.4686173420921271,-1.294416802150052,-0.0609211311790729,0.0,0.0,0.0,0.0,nan,nan,0.0,0.0,0.0,0.0,0.0
9.766,-0.7241507845578051,-5.481402002117992,0.9622859487991686,-0.14106492092099526,0.12694540689739203,0.1066315298359487,0.9760201169023383,7.899103657061133,0.16860213004671934,2.0585096121617603,0.04391885826178302,-2.8822602749151924,-0.1378153062044405,-0.19788523309038086,-5.267001721957507,0.8766818995591467,-0.2168641206087441,0.017857966939806732,-0.002135539788352396,0.9760361087988421,7.081938564652679,1.7305545325842027,1.854654636426581,-0.4339416249674735,-1.3277654345173775,-0.05443999415559225,0.0,0.0,0.0,0.0,nan,nan,0.0,0.0,0.0,0.0,0.0
9.786,-0.5744206055565068,-5.439765976739814,0.9576669524193399,-0.1381453113558009,0.10028142493684387,0.10896869872555585,0.9792779643498083,7.992452049537582,0.23703375604042212,1.8076245721239568,-0.003253260030461738,-2.836131314771118,-0.16649002925016732,-0.05056123642063404,-5.22166042816455,0.8858348102725518,-0.2211907428736905,0.002162969046576758,0.0015456432178384502,0.9752269417007159,7.131861641699208,1.8060617621330315,1.6752588003030637,-0.39926590784282,-1.3611140668847033,-0.04795885713211162,0.0,0.0,0.0,0.0,nan,nan,0.0,0.0,0.0,0.0,0.0
9.806000000000001,-0.41674364791076524,-5.394066080938276,0.9561324649870123,-0.13515149353600753,0.07241703049065792,0.11104461205022428,0.9819159544607251,8.063634969118992,0.3128374210313478,1.5444194355832601,0.011987718578532466,-2.7833529638643313,-0.19266018012900726,0.09578469992551653,-5.174145195202553,0.8988401262484987,-0.22545559574825558,-0.013532632874100252,0.00522639459005582,0.9741454342103559,7.181784718745742,1.8815689916818672,1.4958629641795307,-0.36459019071816345,-1.394462699252032,-0.04147772010863041,0.0,0.0,0.0,0.0,nan,nan,0.0,0.0,0.0,0.0,0.0
9.826,-0.2594100732761652,-5.346553861942545,0.958027946867262,-0.13214484122615186,0.045480531304441754,0.11264804917090636,0.983757937313631,8.106061834700077,0.39243258631693034,1.2909181637707072,0.009348898387596415,-2.6175947324341617,-0.2164156514335871,0.24101069735648994,-5.124437433257393,0.9156483612741224,-0.22965748823611254,-0.029224455692305185,0.008905686447269995,0.972791888347899,7.231707795792273,1.9570762212306962,1.3164671280560132,-0.3299144735935099,-1.4278113316193577,-0.034996583085149774,0.0,0.0,0.0,0.0,nan,nan,0.0,0.0,0.0,0.0,0.0
9.846,-0.10281951091985475,-5.297352495948597,0.9633113453157293,-0.13003175753956042,0.020771524708868908,0.11362541208639958,0.9847586260199186,8.119357841269187,0.47373069983873506,1.0721974104631273,-0.21116231958034196,-2.3791343148077893,-0.24896436164108754,0.38497612820315663,-5.072521001473184,0.9362057814435799,-0.23379524692315728,-0.044908117333469416,0.012582491316034143,0.9711666821025035,7.281630872838802,2.032583450779525,1.137071291932496,-0.29523875646885633,-1.4611599639866835,-0.02851544606166914,0.0,0.0,0.0,0.0,nan,nan,0.0,0.0,0.0,0.0,0.0
9.866,0.05268066174516263,-5.246587964889489,0.9718704057985942,-0.13262806282633216,-0.002854089467778245,0.11393825612998203,0.9845911460673932,8.11005859988273,0.5532134815109636,0.8770181134002697,-0.8438528962424251,-2.2224220256361833,-0.3041368454259862,0.5275417727936959,-5.018382225980918,0.9604544651764472,-0.2378677163051934,-0.060579238002100945,0.016255782417413746,0.9692702693267934,7.331553949885333,2.1080906803283543,0.9576754558089785,-0.26056303934420283,-1.494508596354009,-0.022034309038188496,0.0,0.0,0.0,0.0,nan,nan,0.0,0.0,0.0,0.0,0.0
9.886,0.21445172467659074,-5.191710342814256,0.9840206977566212,-0.1422612313873057,-0.026435248741313533,0.1133228802536586,0.9829653322875469,8.079585015997317,0.6400273234072738,0.6923279279990168,-1.4260871516503215,-1.9694378867003004,-0.35472580818641153,0.6685699749558457,-4.962009915171573,0.9883323679135734,-0.2418737591106162,-0.07623344140488052,0.01992453395372359,0.9671031796101155,7.381477026931862,2.183597909877183,0.7782796196854612,-0.22588732221954932,-1.5278572287213348,-0.015553172014707864,0.0,0.0,0.0,0.0,nan,nan,0.0,0.0,0.0,0.0,0.0
9.906,0.3593036128302692,-5.14077506047417,0.9970486066770898,-0.15474580069963165,-0.04531360975365893,0.11187013008350616,0.980553663973585,8.037082979423303,0.7282246308040377,0.5393737807105169,-1.6193397412023514,-1.6266623260764552,-0.3763915633173661,0.8079247957727947,-4.903395372196634,1.0197733914181244,-0.245812256618006,-0.09186635597278026,0.023587721394990838,0.9646660181306472,7.431400103978396,2.2591051394260186,0.5988837835619281,-0.1912116050948927,-1.5612058610886634,-0.009072034991226652,0.0,0.0,0.0,0.0,nan,nan,0.0,0.0,0.0,0.0,0.0
9.926,0.5101909354267742,-5.085985737637356,1.0118020124342626,-0.1685622852567726,-0.061783073648624974,0.10963607624325343,0.9776244363688577,7.981597104777303,0.8327278897972101,0.3910294082383752,-1.5633377441540979,-1.2532310838033873,-0.3763725584244842,0.9491254480553585,-4.843517120521172,1.020833104003745,-0.24586893183833078,-0.10730181035633728,0.02730458669666725,0.9629585917350003,7.380012381537478,2.355776647896106,0.42203800955024406,-0.1476799479014692,-1.5394982688089522,-0.022185297651393928,0.0,0.0,0.0,0.0,nan,nan,0.0,0.0,0.0,0.0,0.0
9.946,0.6594085423660845,-5.030034385991358,1.0270244270532756,-0.182308374397183,-0.073685417159166,0.10667464142961439,0.9746561633717806,7.914277403170728,0.9448350048434394,0.31819826612678714,-1.5291306128665434,-0.7204165493634029,-0.365846249518168,1.0905706817804544,-4.781777165184164,1.015681726759285,-0.24471378925760298,-0.12265798869536827,0.031032603030629,0.9613049238953975,7.298106216500457,2.4588235954567366,0.24596040561095342,-0.10148056426633736,-1.5012057690963776,-0.04120109552968072,0.0,0.0,0.0,0.0,nan,nan,0.0,0.0,0.0,0.0,0.0
9.966,0.8142033100298242,-4.969960653850158,1.043329432837548,-0.19728555888866908,-0.08061861502470602,0.10262638104382574,0.9716207454965806,7.83773026763116,1.0662495336602076,0.3188260368329152,-1.5565363394366973,-0.22597238511473913,-0.3517613578751955,1.2311570998657198,-4.717907396965412,1.0145750769884494,-0.2434965433850197,-0.1379830389770329,0.03475274393260593,0.9594072967740888,7.216200051463434,2.5618705430173665,0.06988280167166283,-0.055281180631205504,-1.4629132693838027,-0.060216893407967514,0.0,0.0,0.0,0.0,nan,nan,0.0,0.0,0.0,0.0,0.0
9.986,0.9527512830347645,-4.9145643660844,1.0576729248704109,-0.21141008188787477,-0.0836936532566854,0.09841213672376087,0.968822068816651,7.770515877435565,1.1782894137290194,0.3297509492595905,-1.5800368158461393,-0.019665344677758545,-0.33734867858029555,1.3707396747708498,-4.651927701317449,1.0174901174920523,-0.242217503132375,-0.15327307202094254,0.038464065307879075,0.9572661919495392,7.134293886426406,2.6649174905780058,-0.10619480226764355,-0.00908179699606955,-1.4246207696712245,-0.07923269128625601,0.0,0.0,0.0,0.0,nan,nan,0.0,0.0,0.0,0.0,0.0
10.006,1.1045578823859035,-4.852462770962907,1.0720259771984764,-0.2270704634760273,-0.08597994700912301,0.09367052253393375,0.9655424830308142,7.701711620660526,1.3053102939788035,0.3134339856747187,-1.5616678586893658,0.005226489800319201,-0.3197206178898219,1.5091743979092913,-4.583860105380483,1.024399728843099,-0.2408769930935971,-0.16852420753335423,0.042165625299941695,0.9548821527898126,7.052387721389385,2.7679644381386357,-0.28227240620693417,0.037117586639062325,-1.3863282699586499,-0.0982484891645428,0.0,0.0,0.0,0.0,nan,nan,0.0,0.0,0.0,0.0,0.0
10.026,1.240953613025199,-4.7956837373571615,1.0829764688124233,-0.2410876338840727,-0.08826602644580084,0.08956835620688187,0.9623218645183356,7.643201441976555,1.4238829627521168,0.27293212985347104,-1.5624761644469047,-0.06428494219122208,-0.3077267035550017,1.6463184258246308,-4.513728755623654,1.0352727369144374,-0.23947535346237275,-0.18373257509191704,0.04585648452952495,0.9522557843146756,6.970481556352363,2.8710113856992656,-0.4583500101462249,0.08331697027419417,-1.348035770246075,-0.11726428704282961,0.0,0.0,0.0,0.0,nan,nan,0.0,0.0,0.0,0.0,0.0
10.046,1.3836542459439602,-4.735370286703278,1.092134229415439,-0.25573313361971156,-0.0917589849492873,0.08561465950206706,0.9585671510793932,7.581577645606601,1.552768972118477,0.21794042110431933,-1.5754658130688528,-0.23120127071666535,-0.29798246652669075,1.7820302251841895,-4.441559893335115,1.0500739445221383,-0.2380129399458133,-0.19889431512789968,0.0495357063329916,0.9493877530420571,6.888575391315342,2.974058333259896,-0.6344276140855155,0.12951635390932598,-1.3097432705335001,-0.1362800849211164,0.0,0.0,0.0,0.0,nan,nan,0.0,0.0,0.0,0.0,0.0
10.066,1.525311455297748,-4.674285804240253,1.0991784013746497,-0.2705041719717113,-0.09730170059813807,0.08223220410615831,0.9542524491005785,7.513268280010749,1.6845545101737927,0.18149120726180595,-1.637384838138276,-0.48280814442142045,-0.29049960258605667,1.9161697164428477,-4.367381827985731,1.0687641671525006,-0.23649012367418354,-0.2140055799056718,0.05320235700004243,0.9462787868188985,6.806669226278313,3.077105280820535,-0.8105052180248218,0.17571573754446196,-1.2714507708209222,-0.15529588279940487,0.0,0.0,0.0,0.0,nan,nan,0.0,0.0,0.0,0.0,0.0
10.086,1.665431184298842,-4.611759934829687,1.1052200461339061,-0.2857899575163747,-0.10547781304249243,0.07957311489324696,0.9491399530758085,7.433989820296102,1.816453669326015,0.20265189342795722,-1.723865262730997,-0.7747768956112823,-0.2778157970777827,2.0485984160311244,-4.291224908493492,1.0913002727363887,-0.23490729110671688,-0.2290625344991743,0.05685550601067142,0.9429296746364435,6.724763061241291,3.1801522283811647,-0.9865828219641124,0.22191512117959383,-1.2331582711083473,-0.17431168067769168,0.0,0.0,0.0,0.0,nan,nan,0.0,0.0,0.0,0.0,0.0
10.106,1.8033439511638996,-4.546825845647483,1.1116789792406143,-0.30104278465781026,-0.11619917421567566,0.07783032382531171,0.9432992284584534,7.345811117224859,1.9454900810302254,0.28615306501382887,-1.6788299257792203,-1.0052223506592073,-0.2515003183538088,2.1791795769233797,-4.21312149241773,1.1176352254305708,-0.23326484393353955,-0.24406135776515206,0.060494226271314205,0.9393412664300056,6.64285689620427,3.2831991759417947,-1.162660425903403,0.26811450481472565,-1.1948657713957727,-0.19332747855597845,0.0,0.0,0.0,0.0,nan,nan,0.0,0.0,0.0,0.0,0.0
10.126,1.9384839488692835,-4.478673694241731,1.1195090610180423,-0.31468280527515147,-0.1281019573754889,0.07700559281385841,0.9373551937532087,7.254642398521478,2.0705120365314467,0.39115250728062645,-1.4515643845992598,-1.0786918616899146,-0.21273000351647517,2.3068843527883707,-4.132784481833019,1.1448617047798515,-0.23122365341519222,-0.25851232385195694,0.06383787855508954,0.9357519574008796,6.554766213826131,3.3867109612892947,-1.3300760871017616,0.31250252288865443,-1.1541219243363487,-0.21225363752780102,0.0,0.0,0.0,0.0,nan,nan,0.0,0.0,0.0,0.0,0.0
10.146,2.077061768101347,-4.403245836708303,1.1294290740062478,-0.32623635434194703,-0.13974967202594912,0.07677008029782866,0.9317436477086282,7.157818688907891,2.1971515657845138,0.5173652461455707,-1.1386150401260933,-0.9337774743672257,-0.16518122578086725,2.4210756275750183,-4.046686566974394,1.135878117255232,-0.2244554829691446,-0.26621163953537624,0.06330971629373469,0.9352769530806272,6.381313412559496,3.4966386941130727,-1.377934837829401,0.33188907458170586,-1.079543229362843,-0.22994255087986384,0.0,0.0,0.0,0.0,nan,nan,0.0,0.0,0.0,0.0,0.0
10.166,2.2057657860778113,-4.327670036738538,1.1402849201274128,-0.33455642841790484,-0.14843301435436196,0.07671083744950773,0.9274454614001452,7.066110472300726,2.313832910198269,0.6420587726095647,-0.8206111872737787,-0.691348527028624,-0.11558577060787625,2.5348430030798523,-3.9597856651343326,1.1296796855715006,-0.21766361177986362,-0.2738828453520584,0.06277486902156953,0.9347031908301855,6.207860611292878,3.606566426936841,-1.4257935885570363,0.3512756262747556,-1.004964534389344,-0.2476314642319251,0.0,0.0,0.0,0.0,nan,nan,0.0,0.0,0.0,0.0,0.0
10.186,2.331675438911586,-4.249076063825325,1.1514857935370892,-0.3396993609996438,-0.154963919507119,0.07704053498168673,0.9244756804573934,6.982070396993593,2.4308270371784273,0.682716067024455,-0.4417359089885552,-0.5845261918658922,-0.06568180458903405,2.6481425575326387,-3.8721227083150462,1.126270875264121,-0.21084875701581776,-0.28152513128267653,0.06223339321428214,0.9340307312343598,6.034407810026258,3.7164941597606083,-1.4736523392846712,0.37066217796780526,-0.9303858394158451,-0.2653203775839864,0.0,0.0,0.0,0.0,nan,nan,0.0,0.0,0.0,0.0,0.0
10.206,2.4556461242970613,-4.168631941410301,1.1614182866726606,-0.341580934946707,-0.1607639995898637,0.078252478589325,0.9226884365328478,6.908719427716651,2.55041201841325,0.611817678948569,-0.100636918044528,-0.6111369471011292,-0.02209366070671942,2.760930566750891,-3.783738950378433,1.125654973650879,-0.20401163827236213,-0.2891376903616172,0.061685346047482215,0.9332596452996234,5.86095500875964,3.826421892584376,-1.5215110900123063,0.3900487296608549,-0.8558071444423461,-0.28300929093604765,0.0,0.0,0.0,0.0,nan,nan,0.0,0.0,0.0,0.0,0.0
10.226,2.572258208078143,-4.091291636102208,1.1686198800073868,-0.3407405174098406,-0.16647127262919287,0.08040062125090511,0.9218020152326417,6.8460917029055945,2.6649318561675956,0.4695553995777004,0.14945475205794173,-0.6973556321013754,0.011012839567853039,2.8731635226071313,-3.694675949622185,1.1278340884434566,-0.19715297749575306,-0.29671971876219,0.061130785390663495,0.9323900144466192,5.687502207493004,3.9363496254081536,-1.5693698407399457,0.4094352813539064,-0.7812284494688404,-0.3006982042881105,0.0,0.0,0.0,0.0,nan,nan,0.0,0.0,0.0,0.0,0.0
10.246,2.700195803069846,-4.00519458386818,1.1734913958033573,-0.337778297720143,-0.17359081768140103,0.08378420724410333,0.9212775131427351,6.778278511593998,2.789332592110414,0.26580451486539747,0.3131265591294543,-0.8399941188826437,0.03074932281826015,2.984798151404835,-3.6049755512273607,1.1328091468572217,-0.19027349890691903,-0.304270415881504,0.06056976980109343,0.9314219305015626,5.514049406226386,4.046277358231922,-1.617228591467581,0.4288218330469561,-0.7066497544953414,-0.31838711764017175,0.0,0.0,0.0,0.0,nan,nan,0.0,0.0,0.0,0.0,0.0
10.266,2.815065923551007,-3.9267468301062904,1.1751274498300914,-0.33400369236698374,-0.18151004505636073,0.08767502337828935,0.920765294363594,6.710289849390182,2.8977260774969213,0.07309731116223606,0.3712311333085317,-1.0654986726833062,0.029433886592468483,3.095791432155464,-3.5146798695847044,1.140579895219617,-0.18337392892498477,-0.3117889844250079,0.060002358517629834,0.930355495686546,5.340596604959767,4.156205091055689,-1.665087342195216,0.4482083847400058,-0.6320710595218424,-0.33607603099223304,0.0,0.0,0.0,0.0,nan,nan,0.0,0.0,0.0,0.0,0.0
10.286,2.9346064980001647,-3.843187037433796,1.1746389587624035,-0.32947899661212393,-0.192547791469492,0.09271113097855536,0.9196594940435108,6.624275643454423,3.0066162937769167,-0.10242999418311122,0.35584955016227515,-1.4213056143715042,0.014699605582600639,3.20610061474867,-3.4238312705073506,1.1511448990772943,-0.17645499609056947,-0.31927463049067667,0.05942861145446571,0.9291908226087433,5.167143803693149,4.266132823879457,-1.712946092922851,0.4675949364330555,-0.5574923645483434,-0.3537649443442943,0.0,0.0,0.0,0.0,nan,nan,0.0,0.0,0.0,0.0,0.0
10.306,3.057495667668517,-3.7533541818201535,1.1731728612337924,-0.3251254030983546,-0.20805725569390485,0.09892887829383339,0.9171797684493359,6.512616834799139,3.1160043457207807,-0.20287015339590797,0.20121072069499346,-1.8214556394064891,-0.013459899794501795,3.31568323800813,-3.3324723533372924,1.1645015438019732,-0.1695174309888584,-0.3267265636528409,0.058848589194802896,0.9279280342485214,4.993691002426529,4.376060556703225,-1.7608048436504862,0.4869814881261052,-0.4829136695748444,-0.3714538576963555,0.0,0.0,0.0,0.0,nan,nan,0.0,0.0,0.0,0.0,0.0
10.326,3.165117487939458,-3.6691873277637117,1.1725383372811546,-0.3220345557596057,-0.22485178578829257,0.10491250689471407,0.9136349299482784,6.396339788011726,3.2142765273648455,-0.2257358417904947,0.10190469747019715,-2.0028047618928935,-0.03879653643750414,3.4244971476253614,-3.240645932953219,1.180646035694745,-0.1625619661724575,-0.3341439970456508,0.05826235298445487,0.926567263946453,4.820238201159895,4.485988289527002,-1.8086635943781255,0.5063680398191566,-0.4083349746013387,-0.3891427710484184,0.0,0.0,0.0,0.0,nan,nan,0.0,0.0,0.0,0.0,0.0
10.346,3.2740328420996585,-3.5772549505834257,1.1731774870584344,-0.3183336628723636,-0.24307442433689577,0.11124424985415401,0.9095071303678371,6.266001301374504,3.3190875378675067,-0.2397997265648284,0.2387234201722212,-1.9724673060553368,-0.0564659920359446,3.5213701090643617,-3.1448035693399006,1.189708831114297,-0.15600911930976252,-0.3388350450738741,0.057091008451112486,0.9260629480094822,4.649336189292912,4.579264477722753,-1.814750925540733,0.5119625564455217,-0.3458525577409099,-0.39584332525115423,0.0,0.0,0.0,0.0,nan,nan,0.0,0.0,0.0,0.0,0.0
10.366,3.3782739907983865,-3.482072806799941,1.1750106107526823,-0.3128651452816797,-0.2600701488937878,0.11753187143104707,0.9059057223133941,6.130761960830425,3.423801746432092,-0.26067489703641794,0.46624899978563084,-1.8057596198011356,-0.06722182042010916,3.5987596068236947,-3.0425823498024998,1.1834546472498606,-0.15017198601334028,-0.33885615676448533,0.05491592655940264,0.9271510775756743,4.482841130595223,4.643772090440434,-1.7486705231129926,0.4937288210582885,-0.30426866397088836,-0.3835594881178698,0.0,0.0,0.0,0.0,nan,nan,0.0,0.0,0.0,0.0,0.0
10.386,3.4829249501289987,-3.3791559311441404,1.1776192813542794,-0.3044055502849583,-0.27537350178249476,0.12412903406985064,0.9033818009970337,5.986964935526854,3.5324074624354997,-0.3254518452953501,0.8153828139885672,-1.5458972639987638,-0.06991604827249231,3.676164720314865,-2.940304720419326,1.1784384897421025,-0.14432884770291216,-0.33886371841809304,0.05273864871279539,0.9282021326158226,4.316346071897533,4.708279703158116,-1.6825901206852518,0.47549508567105525,-0.26268477020086667,-0.3712756509845853,0.0,0.0,0.0,0.0,nan,nan,0.0,0.0,0.0,0.0,0.0
10.406,3.5739745479903386,-3.284089559067913,1.1797415028681923,-0.2939467652560772,-0.28648026064478993,0.13024138358784654,0.9025306318665895,5.85721350173715,3.6268953692251924,-0.4426403516657756,1.166026384157719,-1.3000755132165032,-0.0656417526843509,3.753586308456583,-2.8379863209486165,1.1746609611406202,-0.13847993803142652,-0.338857729732325,0.05055926197535828,0.9292160711007822,4.149851013199829,4.772787315875803,-1.6165097182575057,0.4572613502838204,-0.2211008764308414,-0.35899181385129975,0.0,0.0,0.0,0.0,nan,nan,0.0,0.0,0.0,0.0,0.0
10.426,3.6759987074084806,-3.172503570021863,1.1808731907088401,-0.2787743841887314,-0.296456220184708,0.13761346733876778,0.9030288399829717,5.706907992539556,3.7269172822468577,-0.6397107701729587,1.4429540227039748,-1.0893713681077088,-0.06368891535698429,3.8310252275324364,-2.7356427976697586,1.1721224658779135,-0.13262549088261627,-0.33883819094665424,0.048377853495488905,0.9301928524856085,3.983355954502139,4.837294928593485,-1.5504293158297648,0.43902761489658715,-0.17951698266081972,-0.34670797671801523,0.0,0.0,0.0,0.0,nan,nan,0.0,0.0,0.0,0.0,0.0
10.446,3.7616651879007534,-3.0752571535264166,1.180194767273258,-0.26446679746293816,-0.30348120785474114,0.14392411965401114,0.904014555911874,5.5741517866637675,3.803219084981442,-0.8287004815556831,1.5103185995609232,-0.9867099541491764,-0.07217780630805637,3.908482331053976,-2.633289800880634,1.1708232102046923,-0.12676574036164295,-0.3388051028423895,0.04619451050242881,0.9311324377111794,3.81686089580445,4.9018025413111666,-1.4843489134020245,0.420793879509354,-0.13793308889079814,-0.33442413958473083,0.0,0.0,0.0,0.0,nan,nan,0.0,0.0,0.0,0.0,0.0
10.466,3.845088585703796,-2.9773356844765515,1.1779631134243094,-0.25015448665913265,-0.30996046193422433,0.14989373180227225,0.9049193964150711,5.434327539163321,3.8705724649986313,-0.9941960471035164,1.4180536482961223,-0.9684641535861868,-0.09539982846726613,3.985958469624165,-2.530942982394407,1.1707632021568894,-0.12090092078573769,-0.338758466742644,0.04400932030277627,0.9320347892057578,3.6503658371067607,4.9663101540288475,-1.4182685109742839,0.40256014412212077,-0.09634919512077653,-0.3221403024514463,0.0,0.0,0.0,0.0,nan,nan,0.0,0.0,0.0,0.0,0.0
10.486,3.9381526010294694,-2.8629636427261063,1.1741673564068569,-0.23562706953886042,-0.31806439192856617,0.15569847810028564,0.9050264695603634,5.258442052682115,3.943893762003136,-1.0963258608599573,1.1036936300929918,-1.0190253204385598,-0.13698909320737718,4.063454490801343,-2.428617993036025,1.1719422515543765,-0.11503126667483023,-0.33869828451228234,0.04182237027699465,0.9328998708864928,3.483870778409056,5.030817766746535,-1.3521881085465375,0.38432640873488594,-0.05476530135075124,-0.30985646531816075,0.0,0.0,0.0,0.0,nan,nan,0.0,0.0,0.0,0.0,0.0
10.506,4.01834409057029,-2.757801637861418,1.1706804946807416,-0.2247227300436204,-0.32618520248725824,0.15976146883747253,0.9042008523303777,5.0864214310992555,4.01156874134616,-1.0870948854830562,0.8705373649532708,-1.019678343858058,-0.17421594298696286,4.140971238963631,-2.3263304801389175,1.17435997003138,-0.10915701274217324,-0.3386245585578461,0.03963374787591913,0.9337276481608633,3.3173757197113662,5.095325379464216,-1.2861077061187969,0.3660926733476527,-0.013181407580729582,-0.2975726281848763,0.0,0.0,0.0,0.0,nan,nan,0.0,0.0,0.0,0.0,0.0
10.526,4.089819952776547,-2.656721487265638,1.168086201077347,-0.21559294830052497,-0.33365584772424994,0.16274223899092805,0.9031657763504544,4.918595318481435,4.077911025444325,-1.027266888554816,0.7881625308316723,-0.9030890726005113,-0.20168969573655515,4.218509555173917,-2.2240960850421785,1.1780157710986003,-0.1032783938849537,-0.33853729182745773,0.0374435406172585,0.9345180879280608,3.150880661013677,5.159832992181898,-1.2200273036910563,0.3478589379604195,0.02840248618929201,-0.28528879105159183,0.0,0.0,0.0,0.0,nan,nan,0.0,0.0,0.0,0.0,0.0
10.546,4.159835400661703,-2.5491645735976465,1.1663088197447982,-0.20686975626862103,-0.33995296683712617,0.16496978520919284,0.9024532421394638,4.742936041190255,4.149192602826207,-0.9342771555216891,0.7043287018672535,-0.6589736186274743,-0.22460643824899135,4.296070277045298,-2.121930440588785,1.1829088702370236,-0.09739564517490171,-0.33843648781070246,0.03525183608209641,0.9352711585803134,2.9843856023159874,5.224340604899579,-1.1539469012633157,0.3296252025731863,0.06998637995931366,-0.27300495391830737,0.0,0.0,0.0,0.0,nan,nan,0.0,0.0,0.0,0.0,0.0
10.566,4.221451678565237,-2.446043419011552,1.1654289987303224,-0.19969500406865245,-0.3436071228386399,0.16606003588781168,0.9024855206403652,4.580295350051771,4.218883435575069,-0.8286090267508561,0.6307618771285532,-0.3330252229632149,-0.24015061555544467,4.348446575756879,-2.013827528482572,1.1845393936749535,-0.09413100774206619,-0.3376214368153122,0.033975651582623057,0.9359469930951022,2.841194701435545,5.270406472182202,-1.0459133279512047,0.31264094716065544,0.08042914884342427,-0.25958825699154453,0.0,0.0,0.0,0.0,nan,nan,0.0,0.0,0.0,0.0,0.0
10.586,4.284455693490366,-2.331236828131962,1.164939842950793,-0.1926027521490969,-0.3440889498408385,0.1662667007360191,0.9038043807641017,4.407979881924322,4.297168173475219,-0.7113763071470992,0.6459762371456561,0.08967325148662979,-0.24791550998353565,4.388209699159005,-1.9027303382499505,1.184423084226154,-0.09218215509927516,-0.33645043213383297,0.03315959115951308,0.9365916925279362,2.709708356402186,5.3072099391217264,-0.9168086979020081,0.29628424534857806,0.07523123084985553,-0.24560257916345068,0.0,0.0,0.0,0.0,nan,nan,0.0,0.0,0.0,0.0,0.0
10.606,4.337236210716912,-2.226774048981143,1.1646144733842363,-0.1866949860966599,-0.3410066926384854,0.16569333779196482,0.9063140380428227,4.258311229431362,4.367367310890107,-0.5950752273426618,0.6521819510231579,0.47166354655248305,-0.25193219155852353,4.428025864242334,-1.7916523695407234,1.1846741890906585,-0.09023272623776464,-0.33527732434425245,0.03234332346009093,0.9372305374473324,2.578222011368827,5.344013406061251,-0.7877040678528116,0.2799275435365006,0.07003331285628679,-0.23161690133535678,0.0,0.0,0.0,0.0,nan,nan,0.0,0.0,0.0,0.0,0.0
10.626,4.391210860345136,-2.1107741097788812,1.1642110785660764,-0.1808097760134808,-0.33425179957641676,0.16428949596211181,0.910270575650118,4.0975946607787,4.443738997941535,-0.446600045917783,0.6054120843310292,0.7741228286388051,-0.2590265594484428,4.467896018718889,-1.6805952055139244,1.185292483926613,-0.0882827333431621,-0.33410212077951573,0.03152685358674034,0.9378635238599539,2.4467356663354676,5.380816873000774,-0.6585994378036149,0.2635708417244232,0.06483539486271804,-0.21763122350726288,0.0,0.0,0.0,0.0,nan,nan,0.0,0.0,0.0,0.0,0.0
10.646,4.436045399346831,-2.0053337378865597,1.1640226919131895,-0.1768282975424313,-0.3265467447350472,0.1621619503380311,0.9142223354052095,3.952292032306474,4.512017557406362,-0.27331282763635656,0.442040848064058,0.9028650265600384,-0.2718740291410104,4.507821108950781,-1.5695604288083898,1.1862777352111549,-0.08633218860462057,-0.3329248287856681,0.030710186643108733,0.9384906478090845,2.3152493213020966,5.417620339940301,-0.5294948077544067,0.2472141399123443,0.05963747686914884,-0.20364554567916773,0.0,0.0,0.0,0.0,nan,nan,0.0,0.0,0.0,0.0,0.0
10.666,4.481044786076506,-1.8882103779712776,1.164367474197282,-0.17402549403502546,-0.3175128222713877,0.1589735530786673,0.9184923214380553,3.7894793762415953,4.5869568489520764,-0.046596386107106244,0.2771251770207386,0.9446334213608407,-0.2850656833343833,4.547802079926523,-1.4585496215032236,1.1876297002462428,-0.08438110421474306,-0.33174545572180947,0.029893327734075624,0.9391119053746538,2.1837629762687376,5.454423806879825,-0.40039017770521007,0.23085743810026688,0.054439558875580094,-0.18965986785107386,0.0,0.0,0.0,0.0,nan,nan,0.0,0.0,0.0,0.0,0.0
10.686,4.5174325947725125,-1.7816307174891508,1.165610638200896,-0.1729221084674397,-0.3095657286583907,0.1554508533813178,0.9220097809819562,3.639124039919405,4.653299382025569,0.18736226629981886,0.1258746293563519,0.9188802569978972,-0.29493347474026266,4.587839875237429,-1.3475643650781843,1.1893481271647282,-0.08242949236950538,-0.3305640089600482,0.029076281965720225,0.9397272926732609,2.052276631235378,5.491227273819349,-0.2712855476560133,0.21450073628818944,0.049241640882011356,-0.17567419002297996,0.0,0.0,0.0,0.0,nan,nan,0.0,0.0,0.0,0.0,0.0
10.706,4.551389820373447,-1.6687832896495314,1.1679768243510351,-0.17249011641754508,-0.30137589167712997,0.151428696225257,0.9254669532801241,3.4791214668811814,4.722214305661028,0.4250083704517967,0.09668690612124681,0.9434862941004053,-0.29648282114329905,4.627935437054006,-1.2366062403741798,1.1914327549366588,-0.08047736526818054,-0.32938049588545504,0.028259054445289897,0.9403368058581998,1.9207902862020192,5.528030740758872,-0.14218091760681673,0.198144034476112,0.04404372288844261,-0.16168851219488606,0.0,0.0,0.0,0.0,nan,nan,0.0,0.0,0.0,0.0,0.0
10.725999999999999,4.581122084270892,-1.5552590971396882,1.1713569380666016,-0.17225704690869736,-0.292775703330715,0.14728119689329314,0.9289338762103463,3.3178753003210404,4.789654481643754,0.6482263240114493,0.09573028846660292,1.0027342974402682,-0.29241938382729815,4.6680897061024,-1.1256768275537312,1.1938833133757953,-0.07852473511326238,-0.328194923896017,0.027441650281168066,0.9409404411194822,1.78930394116866,5.5648342076983965,-0.01307628755761997,0.18178733266403455,0.03884580489487387,-0.14770283436679216,0.0,0.0,0.0,0.0,nan,nan,0.0,0.0,0.0,0.0,0.0
10.746,4.607031508161892,-1.4411026937535132,1.1754641246015491,-0.17179120086934907,-0.28322047578043985,0.1431422169189421,0.9326222446082331,3.1560668109478933,4.856783816443168,0.8410339117591354,0.15041432848679637,1.1077166446224236,-0.28339119218302433,4.708303621640875,-1.0147777060614536,1.196699523146374,-0.07657161411038908,-0.32700730040259113,0.026624074582842296,0.9415381946838622,1.6578175961352892,5.6016376746379235,0.11602834249158812,0.16543063085195564,0.033647886901304665,-0.13371715653869704,0.0,0.0,0.0,0.0,nan,nan,0.0,0.0,0.0,0.0,0.0
10.766,4.630468781600698,-1.3205864722267575,1.1803625998844458,-0.17121114751284264,-0.272453813190754,0.13879504809559745,0.9365850720939843,2.9859048534273467,4.925588937968145,1.0268841676927993,0.15255793315932148,1.14417681457427,-0.2758448052586916,4.748578121436318,-0.9039104545846055,1.1998810957700854,-0.07461801446826759,-0.32581763282885823,0.025806332460872602,0.9421300628148598,1.5263312511019302,5.638441141577447,0.24513297254078473,0.14907392903987823,0.028449968907735924,-0.11973147871060315,0.0,0.0,0.0,0.0,nan,nan,0.0,0.0,0.0,0.0,0.0
10.786,4.648612166715568,-1.2109901838962567,1.1851810960262854,-0.1705983434805517,-0.26252196619082646,0.1349136463111655,0.9400940008892835,2.832861601636186,4.9866047221340235,1.1769372367153053,0.167731385039381,1.1290007315499853,-0.26933581632914705,4.747136627236374,-0.7844641140792468,1.2064379276299617,-0.07296411111956014,-0.3263188200189409,0.025260715811045345,0.9421009300635957,1.3968413131501736,5.671877157421939,0.37017700413388316,0.1625048442761978,0.02620923397193657,-0.13034987058363376,0.0,0.0,0.0,0.0,nan,nan,0.0,0.0,0.0,0.0,0.0
10.806000000000001,4.664775111472662,-1.09505557573352,1.19059197003586,-0.16959018568911965,-0.25246401761712,0.13103671313029688,0.9435732449251414,2.674374519446875,5.049734245199288,1.3182402449450117,0.2067874211554052,1.048452090670294,-0.26364455198465864,4.744143809654352,-0.66472728740628,1.2135158213799666,-0.07132093874405152,-0.32688081535156915,0.024724971014202683,0.9420461411523893,1.2674243776091045,5.7051900360314916,0.49507255224438723,0.1770250002157511,0.02407663404231085,-0.14186795692165366,0.0,0.0,0.0,0.0,nan,nan,0.0,0.0,0.0,0.0,0.0
10.826,4.6779727054875515,-0.9784929626933033,1.1965252455489985,-0.1683597795063561,-0.2435880264165604,0.1274053207298951,0.9466191115125283,2.5199836721781272,5.109619248745511,1.4651830987845926,0.16337816216616255,0.8540754086532099,-0.26383798276562614,4.741125367870746,-0.5450161510626772,1.2210054170464542,-0.06967753059018351,-0.32744173005593075,0.024189144479609452,0.9419882379510784,1.1380074420680466,5.738502914641039,0.61996810035488,0.1915451561553031,0.021944034112685317,-0.15338604325967248,0.0,0.0,0.0,0.0,nan,nan,0.0,0.0,0.0,0.0,0.0
10.846,4.687998585769682,-0.8611741701820518,1.2035540333126415,-0.1677005509470272,-0.2374688139755305,0.12394553049202478,0.9487479080726181,2.3731684326001723,5.162910767722321,1.6352150976034185,0.04331744436470841,0.5307209621747839,-0.27082495580257154,4.7380808571637,-0.42533213566696726,1.2289065949358142,-0.06803389209086368,-0.3280015622777098,0.023653237978643025,0.9419272206510841,1.008590506526989,5.771815793250589,0.744863648465373,0.20606531209485507,0.019811434183059785,-0.16490412959769135,0.0,0.0,0.0,0.0,nan,nan,0.0,0.0,0.0,0.0,0.0
10.866,4.694809999765144,-0.7430357043641982,1.2119405990766234,-0.16735849208182407,-0.2342967613753777,0.12075893256548004,0.9500070752066814,2.235896354298773,5.212296519973363,1.798730871951507,0.004945646703600093,0.2532052824487314,-0.2741839671813014,4.735009833156082,-0.3056766714790553,1.2372192299118692,-0.06639002867976122,-0.32856031016616905,0.023117253282945196,0.941863089454122,0.879173570985931,5.805128671860139,0.869759196575866,0.22058546803440707,0.017678834253434254,-0.17642221593571022,0.0,0.0,0.0,0.0,nan,nan,0.0,0.0,0.0,0.0,0.0
10.886,4.69841897025795,-0.6240491744157659,1.2217870937618651,-0.1669406475928794,-0.23358418593597716,0.11791533269822534,0.9506130772173101,2.1078829137924724,5.259406458963523,1.9506518716389651,-0.000659266810130274,0.02667630306017764,-0.27536113663878525,4.731911851821357,-0.18605118838130008,1.2459431913975423,-0.06474594579128892,-0.329117971874156,0.02258119216441626,0.9417958445722021,0.7497566354448734,5.838441550469687,0.9946547446863588,0.23510562397395907,0.01554623432380872,-0.18794030227372907,0.0,0.0,0.0,0.0,nan,nan,0.0,0.0,0.0,0.0,0.0
10.906,4.699018149070991,-0.49828693415347713,1.233320426677475,-0.1658360799115091,-0.23455894930077986,0.11536690632097868,0.950879051629819,1.9818793309323262,5.311384763105336,2.062263069128836,0.08307403766267957,-0.11348294799927587,-0.2716119612174994,4.728786469489459,-0.06645711585959402,1.2550783433765782,-0.06310164886058489,-0.3296745455581085,0.022045056395209102,0.9417254862276279,0.620339699903804,5.871754429079239,1.1195502927968628,0.24962577991351237,0.013413634394182996,-0.19945838861174897,0.0,0.0,0.0,0.0,nan,nan,0.0,0.0,0.0,0.0,0.0
10.926,4.697088049365865,-0.38390998131536586,1.2442353685278689,-0.1636892535456755,-0.2361454099758383,0.11351986949028452,0.9510806552821437,1.8727912840856928,5.363773718052192,2.1128648084597392,0.21401304880718883,-0.17792026397851254,-0.2649339187681521,4.725633242852664,0.05310411701549622,1.2646245443953403,-0.06145714332349539,-0.33023002937806173,0.021508847747723547,0.9416520146529954,0.4909227643627463,5.905067307688789,1.2444458409073558,0.26414593585306434,0.011281034464557462,-0.21097647494976782,0.0,0.0,0.0,0.0,nan,nan,0.0,0.0,0.0,0.0,0.0
10.946,4.692451755058006,-0.2569478983631124,1.256445779196639,-0.16035779480978274,-0.23873002636772678,0.11189372697203857,0.9511956402436437,1.7568039818880272,5.423612968634331,2.148573460324273,0.24729892690308236,-0.3085627478319284,-0.26337216243764877,4.722451728971443,0.17263108160769025,1.274581647564693,-0.05981243461655574,-0.3307844214976536,0.020972567994600195,0.9415754300911928,0.3615058288216885,5.938380186298338,1.3693413890178487,0.2786660917926163,0.00914843453493193,-0.22249456128778666,0.0,0.0,0.0,0.0,nan,nan,0.0,0.0,0.0,0.0,0.0
10.966,4.686034931774033,-0.1416300518975897,1.2675532476559095,-0.1571145185704596,-0.2422997830341926,0.11065082325655035,0.9509796204486212,1.6568769673305663,5.47623007627718,2.174099047999459,0.2390998007956536,-0.450309619245966,-0.2643260915721715,4.719241485280324,0.29212234973384554,1.2849495005619183,-0.05816752817697319,-0.33133772008413115,0.020436218908714773,0.9414957327953993,0.23208889328063073,5.971693064907887,1.4942369371283415,0.29318624773216834,0.007015834605306398,-0.23401264762580554,0.0,0.0,0.0,0.0,nan,nan,0.0,0.0,0.0,0.0,0.0
10.986,4.67629022814139,-0.013656927583492781,1.2801989572076256,-0.15389004212124408,-0.24807527712435315,0.10938357269351451,0.9501640625915082,1.5524839878145853,5.527018631014554,2.240237498078188,0.12806892615934012,-0.6619232563177333,-0.26969429026317276,4.7160020695937455,0.4115764936828604,1.2957279456327662,-0.05652242944260843,-0.33188992330835654,0.01989980226317214,0.9414129230290846,0.10267195773956145,6.005005943517439,1.6191324852388458,0.3077064036717216,0.004883234675680676,-0.2455307339638254,0.0,0.0,0.0,0.0,nan,nan,0.0,0.0,0.0,0.0,0.0
11.006,4.663949621940125,0.1088297865781719,1.2933124669374134,-0.15197967858271996,-0.255834729001507,0.10807536250925906,0.9485623251811716,1.4608185740484987,5.564543589512226,2.35238103813404,-0.019930397075940617,-0.8636779617246562,-0.2757319168515527,4.7127330401119005,0.5309920862345149,1.3069168195935028,-0.05487714385195833,-0.3324410293448128,0.01936331983130067,0.9413270010660076,-0.026744977801496317,6.038318822126988,1.7440280333493385,0.32222655961127356,0.0027506347460551435,-0.2570488203018442,0.0,0.0,0.0,0.0,nan,nan,0.0,0.0,0.0,0.0,0.0
11.026,4.649281015665632,0.22574795661364988,1.3068975674856547,-0.15081607929860172,-0.2645249827471738,0.10678309388914194,0.9465085390988652,1.3788274189731904,5.595438204289216,2.463678688541707,-0.059424827162502525,-0.9432935478802805,-0.2751098645011129,4.70943395542658,0.6503677006784038,1.3185159538331006,-0.05323167684413703,-0.3329910363716105,0.018826773386646074,0.9412379671902159,-0.15616191334255405,6.071631700736538,1.8689235814598313,0.3367467155508256,0.0006180348164296111,-0.2685669066398631,0.0,0.0,0.0,0.0,nan,nan,0.0,0.0,0.0,0.0,0.0
11.046,4.630883348374961,0.3493117812274665,1.3219874256162074,-0.14934768333514414,-0.27377278538449823,0.10554567641047559,0.9442477649728879,1.2930931490175515,5.630562697386328,2.544881781247552,0.007632056090343058,-0.909857605433438,-0.2673642690682469,4.679573406260086,0.7744001140209646,1.3240768424708396,-0.048674150292539284,-0.3329955885866768,0.017245761171187136,0.9415133290595191,-0.31905603441925673,6.099504931955378,1.936546754626973,0.35981196320003045,0.01725798172603269,-0.2835913431039538,0.0,0.0,0.0,0.0,nan,nan,0.0,0.0,0.0,0.0,0.0
11.066,4.609678416599414,0.47326612592353445,1.3373828367524767,-0.14746915008197456,-0.282399476743878,0.10443525088469066,0.9421234864292132,1.2040839002933004,5.6679686660520305,2.6078024276815066,0.02809977639034452,-0.8471604377345568,-0.25879013317658167,4.6304442967650195,0.9018162738611615,1.326509079359506,-0.04200021920294246,-0.3325913661003727,0.014905667727300535,0.9420174020961587,-0.5062596431558806,6.123428158447035,1.9625815424605766,0.38908223669429837,0.04752962999976024,-0.30116191878964493,0.0,0.0,0.0,0.0,nan,nan,0.0,0.0,0.0,0.0,0.0
11.086,4.585778140994548,0.5975346035613179,1.3527923739990586,-0.14579257643501553,-0.2905901696659388,0.10326972039636216,0.940019809790846,1.1122204812967544,5.704515252953091,2.6569008286662603,-0.003548641775327245,-0.8144673642852293,-0.2531998592641157,4.581321228345374,1.029185739176807,1.330799349598723,-0.035324169837374464,-0.3321703694087763,0.012564822517866506,0.9424739645991458,-0.6934632518924877,6.14735138493869,1.9886163302941775,0.41835251018856373,0.07780127827348511,-0.3187324944753345,0.0,0.0,0.0,0.0,nan,nan,0.0,0.0,0.0,0.0,0.0
11.106,4.55812885342971,0.7282332295197885,1.3683824294104547,-0.14414606791242338,-0.29883494386410203,0.10202163391888867,0.9378225704490409,1.0130980519323471,5.7447324692630115,2.6704336647002345,0.01530906745625027,-0.7855906895778793,-0.2475401997520753,4.532206241941828,1.1564822039912268,1.3369467979157814,-0.028646338901576363,-0.3317326197448049,0.01022334360312963,0.9428829935418057,-0.880666860629095,6.171274611430345,2.014651118127779,0.4476227836828291,0.10807292654720996,-0.3363030701610241,0.0,0.0,0.0,0.0,nan,nan,0.0,0.0,0.0,0.0,0.0
11.126,4.531268728291694,0.8465643136986695,1.3813241574924762,-0.142296399939204,-0.3060015949048619,0.10102528492488477,0.9358999146735022,0.9208872960476495,5.785410568419667,2.6459930773440363,0.07147083890377626,-0.7645859130507064,-0.24255701574230204,4.483101376864626,1.283679377054635,1.3449501943764879,-0.02196706319114313,-0.3312781391863098,0.007881349075295583,0.9432444682948136,-1.067870469365702,6.195197837922,2.04068590596138,0.4768930571770944,0.13834457482093482,-0.35387364584671366,0.0,0.0,0.0,0.0,nan,nan,0.0,0.0,0.0,0.0,0.0
11.146,4.499827337397783,0.9773624190582605,1.3938964791936865,-0.13980324692711482,-0.31388739687925327,0.10008894493393435,0.9337622595345209,0.8166903122784084,5.832421014479428,2.6050192568548605,0.09724719729100532,-0.8023055487349885,-0.24376686530900987,4.43400867038216,1.4107509871480755,1.35480793463329,-0.015286679574536173,-0.33080695065496274,0.005538957052574669,0.9435583706272338,-1.255074078102326,6.219121064413656,2.0667206937949834,0.5061633306713623,0.16861622309466237,-0.3714442215324048,0.0,0.0,0.0,0.0,nan,nan,0.0,0.0,0.0,0.0,0.0
11.166,4.4680548727352845,1.1019377560388002,1.4042788339737642,-0.13742056818017584,-0.32223610309827516,0.09922380612684445,0.931361432312278,0.7184435120364165,5.872861010190334,2.590504269746503,0.06501130379414026,-0.9257356205104632,-0.2522636928461503,4.384930157309997,1.5376707883832497,1.3665180402489332,-0.008605524976095763,-0.33031907791510057,0.0031962856732254616,0.9438246847074401,-1.4422776868389329,6.243044290905312,2.0927554816285845,0.5354336041656277,0.19888787136838723,-0.3890147972180944,0.0,0.0,0.0,0.0,nan,nan,0.0,0.0,0.0,0.0,0.0
11.186,4.434057498183823,1.2265627172506828,1.4135944861764522,-0.13513941243566197,-0.3317640121440316,0.09834648168619045,0.928438446528679,0.6227324736460849,5.906158612263478,2.628973719886632,0.03524674137124795,-1.048835982043888,-0.26134647042894366,4.335867869600356,1.6644125654973538,1.380078159095584,-0.001923936359044795,-0.3298145455725257,0.0008534530895951999,0.9440433971039142,-1.6294812955755404,6.266967517396966,2.1187902694621856,0.564703877659893,0.2291595196421121,-0.406585372903784,0.0,0.0,0.0,0.0,nan,nan,0.0,0.0,0.0,0.0,0.0
11.206,4.398896095649436,1.3451018076403636,1.4223316457765371,-0.13317852328805752,-0.34186038311272665,0.09744861661221801,0.9251479484456511,0.5351001805225849,5.929402733834484,2.73626044363027,-0.004520065525544473,-1.1502974839024567,-0.26898998580217526,4.2868238359322035,1.7909501391416192,1.3954855658293417,0.004757749291503542,-0.3292933790732658,-0.0014894225378383266,0.9442144967859227,-1.8166849043121474,6.290890743888621,2.1448250572957868,0.5939741511541583,0.2594311679158369,-0.4241559485894736,0.0,0.0,0.0,0.0,nan,nan,0.0,0.0,0.0,0.0,0.0
11.226,4.356019942778836,1.4763600689832284,1.432587418209241,-0.13110029949616595,-0.3534337593738782,0.09638825970182473,0.9211984545137476,0.43972629352543885,5.9497486495448575,2.902214680807505,-0.012260415879502995,-1.1433472217108938,-0.27243802922201893,4.23780008130199,1.9172573711626786,1.4127371624400402,0.011439194985542855,-0.3287556047022901,-0.0038322230464266603,0.9443379751240744,-2.0038885130487714,6.314813970380278,2.1708598451293906,0.6232444246484262,0.2897028161895645,-0.44172652427516473,0.0,0.0,0.0,0.0,nan,nan,0.0,0.0,0.0,0.0,0.0
11.246,4.310753965884368,1.6016286294356703,1.4433162980364587,-0.12929495972185817,-0.3640281299278906,0.09523899535265476,0.9174398442273711,0.34700738346327703,5.965687157110752,3.0808883578934996,-0.02628697195435324,-1.0581753198394925,-0.2711134954045709,4.188798626615143,2.043308169875553,1.4318294788762311,0.018120063745167073,-0.32820124958218405,-0.0061748302773092754,0.9444138258907534,-2.191092121785378,6.338737196871933,2.1968946329629913,0.6525146981426915,0.3199744644632893,-0.4592970999608543,0.0,0.0,0.0,0.0,nan,nan,0.0,0.0,0.0,0.0,0.0
11.266,4.263827788123968,1.720808877887615,1.4541180727801677,-0.12761407973650052,-0.3727782920118872,0.0940414423143625,0.9142796064580794,0.2516010927906525,5.981948294627687,3.2297748969663957,-0.001015813857907763,-0.87710418794725,-0.26346854671376885,4.139821488278357,2.1690764953273742,1.4527586737452207,0.024800018621569567,-0.32763034167178096,-0.008517126081374275,0.9444420452604362,-2.3782957305219856,6.362660423363588,2.222929420796593,0.681784971636957,0.3502461127370142,-0.47686767564654386,0.0,0.0,0.0,0.0,nan,nan,0.0,0.0,0.0,0.0,0.0
11.286,4.207720660309021,1.852658904462891,1.46637608930724,-0.1258495960356612,-0.3802827703837705,0.0925731416087137,0.9115794574142171,0.132893855876836,6.000762408655202,3.37868932727932,0.01216590012966925,-0.6169477901408398,-0.25130289648927157,4.090870677792823,2.2945363645505665,1.4755205350880252,0.03147872271203468,-0.3270429097647522,-0.010858992325216268,0.944422631809882,-2.5654993392585927,6.386583649855243,2.248964208630194,0.7110552451312222,0.38051776101073903,-0.49443825133223346,0.0,0.0,0.0,0.0,nan,nan,0.0,0.0,0.0,0.0,0.0
11.306,4.150422783797496,1.9782852834535851,1.4779813713281946,-0.12425591073747543,-0.38492278029821747,0.09104123156939992,0.910003525272632,0.0035511543704115356,6.0199379563993585,3.5049121661662173,0.030822708237974256,-0.35400638760976455,-0.23765189708593895,4.034814432397147,2.4197498914047086,1.4917175545438777,0.0389749047889582,-0.32512305084104703,-0.013178904473265385,0.9447763095491896,-2.7567571643528455,6.393181862627575,2.246763509634277,0.7356577208845584,0.41474572809912447,-0.5067618128578436,0.0,0.0,0.0,0.0,nan,nan,0.0,0.0,0.0,0.0,0.0
11.326,4.089226836060371,2.1039577903490785,1.4895923924214216,-0.12302152816575179,-0.38724218199298394,0.08927101050200556,0.909362349548862,-0.14156252905513977,6.035451419748289,3.651841623524829,0.009392059526749708,-0.10550750829979129,-0.2258292614142485,3.948705478236258,2.5452254963278476,1.4761981599278653,0.049870364203573506,-0.3176914067460063,-0.01540808433950092,0.9467564141799797,-2.964866964343556,6.327765986727023,2.1271976595796267,0.7408577761914726,0.4654187438641208,-0.4972753516548491,0.0,0.0,0.0,0.0,nan,nan,0.0,0.0,0.0,0.0,0.0
11.346,4.024074165087263,2.2296733230421735,1.5012550892533383,-0.12204922612488833,-0.3873305362942201,0.08730394298729122,0.9096466696444394,-0.3024240857835931,6.050086406516242,3.7916265421009583,0.027240524919002,0.12659952899482407,-0.21528567450179995,3.861951733454558,2.6706957814722236,1.464764597976586,0.060756705798204066,-0.31020167899540535,-0.017634447139096666,0.9485634229312663,-3.1729767643342486,6.262350110826478,2.007631809524988,0.7460578314983867,0.5160917596291126,-0.4877888904518555,0.0,0.0,0.0,0.0,nan,nan,0.0,0.0,0.0,0.0,0.0
11.366,3.9554514968173606,2.355381655781523,1.512523801446116,-0.12079752808922284,-0.3854473789879592,0.08538066263084419,0.9107954862028927,-0.4774012767616693,6.072957967068551,3.859162185179877,0.12730869504448586,0.32278770490614994,-0.20571683374966118,3.77461561934111,2.796068288414272,1.4574250679247331,0.07163193921836826,-0.3026552369393663,-0.01985758582519143,0.9501970054268678,-3.3810865643249413,6.196934234925933,1.8880659594703484,0.7512578868053006,0.5667647753941045,-0.47830242924886174,0.0,0.0,0.0,0.0,nan,nan,0.0,0.0,0.0,0.0,0.0
11.386,3.8844680915594614,2.4809830490829805,1.5223570532733872,-0.11838772133623494,-0.38169939493086863,0.08389236772044499,0.9128263745009125,-0.6648547633459905,6.113550266288769,3.8271840643517487,0.30756888483019124,0.4928368827227699,-0.1959995208557067,3.686759983064854,2.92125063023447,1.454184775089451,0.08249407614049577,-0.2950534602971131,-0.022077093940389876,0.9516568629981991,-3.5891963643156335,6.131518359025388,1.7685001094157091,0.7564579421122145,0.6174377911590962,-0.4688159680458681,0.0,0.0,0.0,0.0,nan,nan,0.0,0.0,0.0,0.0,0.0
11.406,3.8157371936276085,2.600144778624844,1.5295195275950542,-0.11461572189149785,-0.37685980765550486,0.08306578968241565,0.9153906249539501,-0.8496453141882214,6.169413389848593,3.7208646978775444,0.49293641637396834,0.5861987909575432,-0.19130904009372807,3.5984480517151893,3.046150559078832,1.4550459270637452,0.09334113063545554,-0.28739773890471476,-0.024292565691075692,0.952942728738877,-3.7973061643063444,6.066102483124837,1.6489342593610594,0.7616579974191289,0.6681108069240926,-0.4593295068428736,0.0,0.0,0.0,0.0,nan,nan,0.0,0.0,0.0,0.0,0.0
11.426,3.7425027326405895,2.7253896643473916,1.5343093404068504,-0.10887094443208173,-0.3708189302686542,0.08288172259298253,0.918570116252917,-1.0468414039815117,6.24192852800969,3.5601405444219383,0.7064434094173234,0.6518730824671978,-0.19128341519812583,3.509743386064781,3.170676033618638,1.460007732102095,0.10417111953164027,-0.279689472460984,-0.026503596021602214,0.9540543675535188,-4.005415964297037,6.00068660722429,1.52936840930642,0.7668580527260428,0.7187838226890845,-0.44984304563987987,0.0,0.0,0.0,0.0,nan,nan,0.0,0.0,0.0,0.0,0.0
11.446,3.664715158500917,2.856676008543,1.536267067363371,-0.10077736546288643,-0.36437677029974463,0.08340144768625765,0.9220182701010448,-1.249440079396078,6.3254685661941705,3.368156561822949,0.9146451196495927,0.5580319926851796,-0.2116466924815538,3.4207098340882607,3.294735286359246,1.4690663996994509,0.11498206277755624,-0.2719300702715658,-0.028709780688350117,0.9549915762007255,-4.213525764287729,5.935270731323746,1.4098025592517807,0.7720581080329567,0.7694568384540763,-0.4403565844368863,0.0,0.0,0.0,0.0,nan,nan,0.0,0.0,0.0,0.0,0.0
11.466,3.589408533836439,2.9814771217328135,1.5357086135993432,-0.09081046815494347,-0.35972040140558276,0.08459200572874938,0.9247696384791584,-1.4283611902540085,6.4045096921168145,3.209420365755078,1.1317971192964986,0.29563339798300736,-0.246028594194047,3.331411484270985,3.4182368907485414,1.4822151433631823,0.12577198380383314,-0.264120950991276,-0.030910716333634673,0.9557541833302399,-4.4216355642784215,5.869854855423201,1.2902367091971414,0.7772581633398707,0.820129854219068,-0.43087012323389257,0.0,0.0,0.0,0.0,nan,nan,0.0,0.0,0.0,0.0,0.0
11.486,3.5119109776521005,3.106011742160764,1.5340334509407358,-0.07863337877407874,-0.3581195803743217,0.0864182404733037,0.9263363566267873,-1.585248586430553,6.477062488070038,3.1295780980023475,1.2975728737850714,-0.10354059545688982,-0.28496957335536427,3.2419126187418597,3.5410898280361254,1.4994441855759664,0.136538909884603,-0.25626354236472665,-0.03310600055945217,0.9563420495142748,-4.629745364269133,5.804438979522649,1.1706708591424915,0.7824582186467851,0.8708028699840645,-0.42138366203089805,0.0,0.0,0.0,0.0,nan,nan,0.0,0.0,0.0,0.0,0.0
11.506,3.431042495184585,3.2301884987167258,1.5326902166756147,-0.06464483725389812,-0.359587977909994,0.08872340676986176,0.9266313658894609,-1.7228423592570452,6.544170103235769,3.122205311375655,1.4289811488254172,-0.37291684089050015,-0.31290969068044494,3.152277666264605,3.663203553834215,1.5207407649459597,0.14728087249817073,-0.24835928096529378,-0.035295232001049726,0.9567550672730047,-4.837855164259825,5.739023103622104,1.0511050090878522,0.7876582739536989,0.9214758857490564,-0.41189720082790443,0.0,0.0,0.0,0.0,nan,nan,0.0,0.0,0.0,0.0,0.0
11.526,3.3459656848411203,3.353828016339785,1.5326769641430766,-0.049330236556090735,-0.361880688609313,0.0913766068044404,0.9264228034228628,-1.8560354756014679,6.609182586190608,3.147146489790334,1.5413328690983263,-0.3106585186010008,-0.3191575482415119,3.0625711551217076,3.784488064331761,1.5460891455390695,0.15799590768692537,-0.2404096119324638,-0.03747801040030821,0.9569931610942165,-5.045964964250517,5.673607227721559,0.9315391590332129,0.792858329260613,0.9721489015140481,-0.4024107396249107,0.0,0.0,0.0,0.0,nan,nan,0.0,0.0,0.0,0.0,0.0
11.546,3.2563935372855717,3.476696444982309,1.5343290814746005,-0.03359325555270497,-0.36209690824520346,0.0941791771259455,0.9267618921904996,-2.00248807622104,6.671880584398502,3.1605789314142787,1.569232817873603,-0.039101441240566887,-0.31050235996051834,2.9728576659256762,3.9048539621131333,1.575470628386449,0.16868205641640777,-0.23241598870762056,-0.03965393667892077,0.9570562874471151,-5.25407476424121,5.608191351821014,0.8119733089785737,0.7980583845675268,1.02282191727904,-0.3929242784219171,0.0,0.0,0.0,0.0,nan,nan,0.0,0.0,0.0,0.0,0.0
11.566,3.1623653338830553,3.5985610325540804,1.5376574556852884,-0.01783273322230362,-0.3596606358645298,0.09706637714723593,0.9278493083808679,-2.164621265351205,6.730562387765783,3.153614579577373,1.6086980116552028,0.24078812590756904,-0.3016315041734845,2.883201784391979,4.024212521533428,1.6088635651588383,0.17933736493348318,-0.2243798727683113,-0.04182261301135685,0.9569444347902826,-5.462184564231921,5.542775475920463,0.6924074589239237,0.8032584398744412,1.0734949330440362,-0.38343781721892256,0.0,0.0,0.0,0.0,nan,nan,0.0,0.0,0.0,0.0,0.0
11.586,3.0640054648406405,3.7192006305042438,1.5426364782636377,-0.0024933850273283677,-0.35445467446824275,0.09993950156412763,0.9297138069351402,-2.3421108422845935,6.781648661775842,3.128442243816761,1.5356808318307196,0.5482049835400701,-0.28779160145342286,2.781800612373359,4.138710105778271,1.595618861451468,0.18770736565762328,-0.21150879664439418,-0.0402909734793586,0.9583353334172757,-5.54123665630174,5.427655925833691,0.5055163854816652,0.7838014560595836,1.1017044679133483,-0.3632617956210584,0.0,0.0,0.0,0.0,nan,nan,0.0,0.0,0.0,0.0,0.0
11.606,2.961521098981507,3.838418314867943,1.5491972845478656,0.011039746636293592,-0.34586248044397583,0.1024301522949268,0.9326121018495229,-2.537717101098526,6.817244705970227,3.090820456828592,1.3355171892791473,0.9529234032960051,-0.2660938509662103,2.6757034410319056,4.251238032996547,1.5747231154621872,0.19549534220094703,-0.197447776815193,-0.037874411703762566,0.9598757604745347,-5.589725237162716,5.30076552666255,0.30268131882276855,0.7585051798559511,1.1245941899546987,-0.34055426696166696,0.0,0.0,0.0,0.0,nan,nan,0.0,0.0,0.0,0.0,0.0
11.626,2.849856035632405,3.9619328062432757,1.5575857100479948,0.023244399925598857,-0.3332591507128967,0.10467299616431527,0.9367185277404324,-2.7601107668962586,6.840654993986571,3.009491993865193,1.2524382622872443,1.3093242003855032,-0.24919041826163868,2.567626623152624,4.362608691486358,1.558238145465776,0.20323120407615958,-0.18333412184265696,-0.03544775346052885,0.9611603062093949,-5.638213818023692,5.173875127491408,0.09984625216387188,0.7332089036523183,1.1474839119960494,-0.31784673830227556,0.0,0.0,0.0,0.0,nan,nan,0.0,0.0,0.0,0.0,0.0
11.646,2.751641652452947,4.066547441529346,1.565172956545431,0.033364500668931915,-0.31943393775076856,0.10678143049508537,0.9409816659263739,-2.9627425556952773,6.861116799337406,2.835090565634804,1.3292549328119327,1.6422912126698224,-0.23341199188877543,2.457701598564538,4.472732545792553,1.5461964656324274,0.21091288907620515,-0.16917159411025884,-0.033011645642250884,0.96218862819081,-5.686702398884673,5.046984728320257,-0.10298881449504266,0.7079126274486834,1.1703736340374022,-0.29513920964288215,0.0,0.0,0.0,0.0,nan,nan,0.0,0.0,0.0,0.0,0.0
11.666,2.6409639610319915,4.181742933815247,1.5726116660629366,0.04550519670959537,-0.3005613060127841,0.10980066322561291,0.9463276349951565,-3.1945826408171643,6.890495404381361,2.4989031727671986,1.509074667624227,1.9855219938748276,-0.21597440778026267,2.3460617777269803,4.581521389851339,1.5386258525225813,0.21853834943636433,-0.15496396902985543,-0.030566737660567292,0.9629604522912316,-5.735190979745649,4.920094329149116,-0.30582388115393944,0.6826163512450507,1.1932633560787527,-0.2724316809834907,0.0,0.0,0.0,0.0,nan,nan,0.0,0.0,0.0,0.0,0.0
11.686,2.5239519303185727,4.301882882404909,1.577976713365362,0.059568682563775496,-0.27741006548451813,0.11372980877909465,0.9521348424569716,-3.430548762075782,6.920717889533244,2.0216174965382594,1.6732983670767068,2.2296542008058107,-0.2052338646921038,2.232842399482081,4.688888441039091,1.5355493154704685,0.22610555238014604,-0.14071503403523988,-0.02811368127304196,0.9634755727596875,-5.783679560606626,4.793203929977975,-0.5086589478128358,0.6573200750414182,1.2161530781201035,-0.24972415232409928,0.0,0.0,0.0,0.0,nan,nan,0.0,0.0,0.0,0.0,0.0
11.706,2.4121911037268835,4.415737925616729,1.5801006438714469,0.07420646375351801,-0.25331996347119823,0.11795011138193924,0.9572931463606835,-3.633238443828139,6.936349621775321,1.4963555903369712,1.8299543911298364,2.3342943574636537,-0.21029378455679637,2.1181803868578655,4.79474843270334,1.5369850720506608,0.2336124806611775,-0.12642858757250214,-0.025653130409421,0.9637338522766284,-5.832168141467603,4.666313530806834,-0.7114940144717328,0.6320237988377855,1.2390428001614542,-0.22701662366470782,0.0,0.0,0.0,0.0,nan,nan,0.0,0.0,0.0,0.0,0.0
11.725999999999999,2.3002505446547628,4.529082322321805,1.5791820534251357,0.09040432919512925,-0.22859480879660918,0.1223175714959829,0.9615663691900551,-3.8050908277618496,6.927417458324127,0.9393239738860959,2.0139186861694944,2.278156159865079,-0.2429561091267538,2.0022142010755593,4.899017705077423,1.5429465286537785,0.2410571331009576,-0.11210843808744717,-0.02318574099730957,0.9637352219905351,-5.880656722328579,4.539423131635692,-0.9143290811306293,0.6067275226341529,1.2619325222028048,-0.20430909500531638,0.0,0.0,0.0,0.0,nan,nan,0.0,0.0,0.0,0.0,0.0
11.746,2.193681127378049,4.636113556441631,1.575879873543177,0.10781261124284511,-0.2059732871997752,0.1262570225621625,0.964370577149083,-3.937370436675241,6.885531935252314,0.42368889268402954,2.222042698261017,2.0406746550912254,-0.2971818126445992,1.885083693916803,5.001614294481808,1.5534422661920761,0.24843752512232647,-0.09775840301034752,-0.020712170787316086,0.9634796815362723,-5.929145303189559,4.412532732464539,-1.117164147789544,0.5814312464305179,1.2848222442441577,-0.18160156634592295,0.0,0.0,0.0,0.0,nan,nan,0.0,0.0,0.0,0.0,0.0
11.766,2.0810459175589084,4.747626966666235,1.5709173483393883,0.1288333219814793,-0.18531966019068188,0.12971911510362924,0.9655213875781096,-4.0489131348217535,6.798726273518864,-0.04541128688583898,2.4759606866107218,1.53731050641801,-0.3660602927990185,1.7669299586082596,5.102458020716939,1.568476030950131,0.2557516892785069,-0.08338230773830739,-0.018233079177711484,0.9629672990351871,-5.977633884050536,4.285642333293398,-1.3199992144484407,0.5561349702268852,1.3077119662855083,-0.1588940376865315,0.0,0.0,0.0,0.0,nan,nan,0.0,0.0,0.0,0.0,0.0
11.786,1.9676262546160779,4.857160540904359,1.5661293121813653,0.15316059502967436,-0.16934187846292084,0.13223178407472344,0.9645620330539769,-4.143926037674492,6.667293954814776,-0.3977008066081828,2.7146861857454767,0.9818212404955294,-0.4253812820242253,1.6478951793824321,5.201470572554554,1.5880467305904173,0.26299767577758515,-0.06898398461548982,-0.01574912703864724,0.9621982110769477,-6.026122464911512,4.158751934122257,-1.5228342811073374,0.5308386940232526,1.330601688326859,-0.13618650902714008,0.0,0.0,0.0,0.0,nan,nan,0.0,0.0,0.0,0.0,0.0
11.806000000000001,1.8532426095388352,4.963861532943614,1.5629808043283318,0.17922960628677229,-0.1580705242501769,0.13357413883670352,0.9617943683696613,-4.234736680355951,6.500590954517573,-0.6613303425541337,2.7009010224101724,0.5316114385844399,-0.4588801510578765,1.5281224798753084,5.298575591236149,1.612148435317993,0.2701735530022801,-0.054567271911503706,-0.013260976535982794,0.961172622683133,-6.074611045772493,4.031861534951105,-1.725669347766252,0.5055424178196177,1.3534914103682116,-0.11347898036774662,0.0,0.0,0.0,0.0,nan,nan,0.0,0.0,0.0,0.0,0.0
11.826,1.7379788737599593,5.067201223289092,1.5618995265003215,0.2038845278203262,-0.14961804970929005,0.13389669769722665,0.9581843313592895,-4.323249341553186,6.311529266962719,-0.8506516425237947,2.3828691348176223,0.36590097105285424,-0.4599350689766323,1.4077557705223702,5.393698751889657,1.6407703842030767,0.2772774080248664,-0.04013601279821114,-0.010769290954767731,0.9598908072525776,-6.123099626633469,3.9049711357799644,-1.9285044144251486,0.48024614161598506,1.3763811324095623,-0.09077145170835518,0.0,0.0,0.0,0.0,nan,nan,0.0,0.0,0.0,0.0,0.0
11.846,1.6161791993520465,5.171745089431788,1.5629367033744552,0.22515790178035971,-0.14261238750089225,0.1332501762624468,0.9545732118193911,-4.411377769615525,6.105051843866988,-0.965929474757377,1.80432397734288,0.2596640945916292,-0.44252143969982743,1.2922830542926411,5.484029810715164,1.649663194488013,0.2823936354648267,-0.026162193166548373,-0.0075054575526118895,0.9589124268694199,-6.105743549276686,3.777084059590759,-2.095027184154699,0.45151435918743926,1.378375203134757,-0.07613508965474278,0.0,0.0,0.0,0.0,nan,nan,0.0,0.0,0.0,0.0,0.0
11.866,1.5054323503053744,5.262628242486051,1.5656766706167242,0.23894376544800086,-0.1378804738132134,0.13179766615439298,0.9521156584632088,-4.486190046595905,5.922400728371501,-0.98371080252291,1.1918047646763856,0.15654564286584421,-0.419166520634658,1.1826643561665948,5.568864132650675,1.628902614075011,0.28483835498220683,-0.012820710905926742,-0.0031911275836783892,0.9584845108856176,-5.998617103994183,3.647838147847743,-2.2120430030729197,0.4180987243983632,1.3518808534250657,-0.0725026816864315,0.0,0.0,0.0,0.0,nan,nan,0.0,0.0,0.0,0.0,0.0
11.886,1.3825383299639116,5.358868496136434,1.570541043253025,0.24767081020432596,-0.13498617142326366,0.1291296367947387,0.9506647359603073,-4.565342173649325,5.73335133942435,-0.9110915967490889,0.4979981487980497,0.016248588585449975,-0.38889296592168476,1.071262118375068,5.652032330318747,1.6111061209407878,0.287225318294166,0.0005233709891885301,0.001123849444954147,0.9578622445717586,-5.891490658711679,3.5185922361047277,-2.329058821991141,0.3846830896092871,1.3253865037153743,-0.06887027371812023,0.0,0.0,0.0,0.0,nan,nan,0.0,0.0,0.0,0.0,0.0
11.906,1.271028148295311,5.442430329093333,1.5760109858171965,0.25012398611651765,-0.13360207933731186,0.12612543160827938,0.9506212976088617,-4.635553905937696,5.579147908674207,-0.8370483612790409,0.00622856682870114,0.06900043973418264,-0.3536806612486704,0.9581720404308693,5.733492132534008,1.596305521296821,0.28955404140007385,0.013867346761229107,0.005438598592480922,0.9570457541037617,-5.784364213429166,3.3893463243617004,-2.446074640909372,0.3512674548202081,1.2988921540056806,-0.06523786574980861,0.0,0.0,0.0,0.0,nan,nan,0.0,0.0,0.0,0.0,0.0
11.926,1.1535182385623568,5.527715004629305,1.5814659136072822,0.2486196733625323,-0.13117524484043558,0.123220095711116,0.9517342702514727,-4.706023902257258,5.434329759317958,-0.8193485879557392,-0.31281388960222767,0.31981183417168096,-0.310004621995536,0.8434911907397457,5.813202653674984,1.584530191588157,0.29182405210857076,0.027208510674141446,0.009752244964303072,0.9560352050400579,-5.677237768146662,3.2601004126186846,-2.5630904598275928,0.31785182003113205,1.2723978042959894,-0.06160545778149733,0.0,0.0,0.0,0.0,nan,nan,0.0,0.0,0.0,0.0,0.0
11.946,1.0360417199858694,5.611237124522909,1.585229327269999,0.2447312111167264,-0.12647439245873354,0.12112470172457529,0.953645462941898,-4.770439326069167,5.3052041001632375,-0.8825346646565432,-0.4274066066924463,0.5993828178421192,-0.2707913777066787,0.727317927874707,5.891124426843703,1.5758070546681586,0.2940348901333135,0.04054415756203168,0.014063913889430912,0.9548308022880211,-5.570111322864157,3.130854500875669,-2.6801062787458134,0.28443618524205605,1.2459034545862981,-0.057973049813186045,0.0,0.0,0.0,0.0,nan,nan,0.0,0.0,0.0,0.0,0.0
11.966,0.9186883496999005,5.693648915171066,1.5864229457437458,0.2400895056504181,-0.11935287350448552,0.11995296522679001,0.9558887001089931,-4.825475375305456,5.1863170713381885,-1.0059050600294175,-0.40458575075086245,0.849654648125576,-0.2416239157847452,0.6097518208040842,5.967219435874597,1.570160557963205,0.29618610718630717,0.05387158337768282,0.018372731097837974,0.9534327900624192,-5.462984877581654,3.0016085891326534,-2.797122097664034,0.25102055045297994,1.2194091048766067,-0.054340641844874756,0.0,0.0,0.0,0.0,nan,nan,0.0,0.0,0.0,0.0,0.0
11.986,0.801491921661016,5.775226471824283,1.5847027599917638,0.23607827263822612,-0.11001104660706085,0.11961813296928785,0.9580480786878662,-4.868444024604035,5.071201098943755,-1.1743688066725182,-0.22377514977747337,1.051820209754932,-0.23046394230989173,0.49089356813785956,6.041451146166848,1.567612653645039,0.29827726706880314,0.06718808574085239,0.022677822897736098,0.9518414518358951,-5.355858432299141,2.872362677389627,-2.914137916582266,0.217604915663901,1.192914755166913,-0.05070823387656316,0.0,0.0,0.0,0.0,nan,nan,0.0,0.0,0.0,0.0,0.0
12.006,0.6786261439163989,5.859953885407952,1.5798659880999912,0.23473233891383655,-0.09789041167618442,0.12007004355044341,0.9596360669606482,-4.897256603029666,4.941813691675327,-1.3850933292349938,0.21430924559010373,1.2412966275851847,-0.2401951300160145,0.370844916457881,6.113784534315113,1.5681827808268454,0.3003079457597462,0.08049096448622485,0.026978316352730933,0.9500571102814874,-5.248731987016637,2.743116765646611,-3.0311537355004865,0.18418928087482492,1.1664204054572218,-0.04707582590825187,0.0,0.0,0.0,0.0,nan,nan,0.0,0.0,0.0,0.0,0.0
12.026,0.5618193856167152,5.939336095279785,1.573083048217036,0.23839731167663777,-0.08379989483502003,0.12131076059823809,0.9599104118479331,-4.904628915431255,4.795256845076249,-1.6009217299821905,0.8280099041330369,1.4286294327929183,-0.2585902930956131,0.24970857779803346,6.184186116514671,1.5718878497975008,0.3022777315017536,0.09377752221092689,0.03127333945882814,0.9480801272072027,-5.141605541734133,2.6138708539035957,-3.1481695544187076,0.1507736460857489,1.1399260557475306,-0.04344341793994059,0.0,0.0,0.0,0.0,nan,nan,0.0,0.0,0.0,0.0,0.0
12.046,0.44527750764740937,6.016672505459805,1.5654193588247407,0.2479339260241784,-0.0671712417077942,0.12329902579199205,0.9585479345616558,-4.889587814704859,4.614773288404018,-1.8090827022630431,1.4579562556989998,1.589673982343359,-0.2753363352662339,0.12758814634150117,6.252623975717847,1.5787422283067858,0.3041862248846056,0.10704506482147051,0.035562021321246653,0.9459109034826516,-5.03447909645163,2.48462494216058,-3.2651853733369283,0.11735801129667285,1.1134317060378391,-0.039811009971629306,0.0,0.0,0.0,0.0,nan,nan,0.0,0.0,0.0,0.0,0.0
12.066,0.33494350368724213,6.0874122223690605,1.5585906495730926,0.26152710383999417,-0.04961487777369382,0.12562734835217065,0.9556985441061259,-4.855726529032124,4.411084231332286,-1.9837172037066833,1.8482590236524254,1.6606477933894257,-0.2857065735303399,0.0045880144025178815,6.319067787519779,1.5887577299126745,0.3060330389262336,0.12029090208003236,0.03984349233100932,0.9435498789577663,-4.927352651169116,2.355379030417553,-3.3822011922551596,0.08394237650759383,1.0869373563281457,-0.0361786020033177,0.0,0.0,0.0,0.0,nan,nan,0.0,0.0,0.0,0.0,0.0
12.086,0.21944571519712217,6.158300425477738,1.5527673007162595,0.27764629371199934,-0.03044082531451968,0.12817878290670567,0.9516071097646952,-4.804243362534472,4.1751712808308925,-2.1408043107358568,1.896407587531012,1.691226031313751,-0.2852262404290218,-0.11918671223913102,6.383488844752467,1.6019436044001532,0.30781779915118723,0.13351234814994406,0.04411688434127061,0.9409975323736117,-4.8202262058866125,2.2261331186745377,-3.4992170111733802,0.05052674171851779,1.0604430066184543,-0.032546194035006415,0.0,0.0,0.0,0.0,nan,nan,0.0,0.0,0.0,0.0,0.0
12.106,0.09917836235630496,6.2285117112303485,1.548258390345937,0.2934080596219751,-0.010429170082012494,0.130786859105209,0.9469412550130352,-4.736971327801616,3.9215296646991975,-2.289990744279515,1.694089514656339,1.6464327746082508,-0.27832025212791667,-0.24253154858206902,6.445279707551843,1.6169883211519183,0.3093854964995351,0.14646604535516913,0.04828325262449428,0.938348037579742,-4.71255868542647,2.0975670780600346,-3.6104337666939927,0.01748564763838965,1.0331645374559577,-0.029398893819657924,0.0,0.0,0.0,0.0,nan,nan,0.0,0.0,0.0,0.0,0.0
12.126,-0.014183867024500852,6.291500577594513,1.5450184055161134,0.30567166616616853,0.007519896802878099,0.1330331379659862,0.9427674516327955,-4.665534816582319,3.686378746623134,-2.4187791158687633,1.335048690160332,1.553859145871414,-0.2667977830905355,-0.3384309783566893,6.490833014600885,1.6004105094931327,0.3069696722163045,0.1532626960777988,0.04994197244476806,0.937969064371904,-4.591089961278637,1.9863425092294131,-3.5737338214384295,-0.006002037179685841,0.98588553466915,-0.038625236280605456,0.0,0.0,0.0,0.0,nan,nan,0.0,0.0,0.0,0.0,0.0
12.146,-0.12069961881444616,6.348129291221517,1.5423150500719636,0.3136008479835186,0.022922094284382067,0.13492461477289958,0.9396405877068215,-4.5944506627971125,3.479236575659516,-2.521042160273958,0.8837185805680264,1.4154463635648566,-0.2507644977723681,-0.4348813962115128,6.535538809807608,1.5847472715085265,0.30453698742732127,0.1600509287487363,0.051597949170235226,0.9375385726127669,-4.469621237130795,1.875117940398782,-3.537033876182864,-0.029489721997763417,0.9386065318823381,-0.04785157874155381,0.0,0.0,0.0,0.0,nan,nan,0.0,0.0,0.0,0.0,0.0
12.166,-0.23706479849626239,6.407526854450458,1.5390628727970346,0.31790360884891683,0.03798081726492799,0.13684949966716514,0.9374257130256081,-4.515041263957961,3.2753473007401235,-2.6262212871697206,0.4332842497588205,1.3076981376911119,-0.23101164756554937,-0.5318652937260495,6.579396831676781,1.5700086896836416,0.30208757574935535,0.1668303705199555,0.053251091845313785,0.9370565859473662,-4.348152512982963,1.7638933715681604,-3.5003339309273014,-0.052977406815838915,0.8913275290955303,-0.05707792120250134,0.0,0.0,0.0,0.0,nan,nan,0.0,0.0,0.0,0.0,0.0
12.186,-0.3466347723171575,6.4615296833401885,1.5349824278362505,0.3184957143028381,0.051096448898161714,0.13875899068366832,0.936320231216421,-4.436577306000607,3.103859363953217,-2.7333175349245677,0.13436743999957518,1.281192308422491,-0.21280626572391081,-0.6293650452745978,6.622407004968601,1.5562046433574799,0.2996215717179108,0.17360064902627786,0.05490130967008419,0.9365231308491282,-4.22668378883513,1.6526688027375394,-3.4636339856717395,-0.07646509163391439,0.8440485263087225,-0.06630426366344887,0.0,0.0,0.0,0.0,nan,nan,0.0,0.0,0.0,0.0,0.0
12.206,-0.4550904757142286,6.51351943253257,1.5293476778749953,0.3170855943363057,0.06395709946906539,0.1409251065623386,0.935684952124533,-4.3509730113493115,2.9471723372859633,-2.855160898738415,0.003837621997337476,1.315185337063933,-0.19959961775658308,-0.7273629118985514,6.664569440715206,1.543344806552022,0.29713911077983773,0.18036139240582252,0.056548512005276046,0.9359382366184156,-4.105215064687298,1.5414442339069176,-3.4269340404161763,-0.09995277645198988,0.7967695235219148,-0.07553060612439641,0.0,0.0,0.0,0.0,nan,nan,0.0,0.0,0.0,0.0,0.0
12.226,-0.5571163958277777,6.561258743261528,1.5223253183181995,0.3150596582848234,0.0764738190223921,0.14322858995163498,0.9350800702325159,-4.259459937282557,2.8040376637197206,-2.9737721311561027,0.0014039257698963137,1.374463299229462,-0.19314457014171638,-0.825841045203658,6.705884436196291,1.5314386458468467,0.2946403292858921,0.18711222932043198,0.05819260837724678,0.9353019353809183,-3.9837463405394553,1.4302196650762866,-3.390234095160611,-0.12344046127006747,0.7494905207351029,-0.08475694858534476,0.0,0.0,0.0,0.0,nan,nan,0.0,0.0,0.0,0.0,0.0
12.246,-0.6686460357854508,6.612136855014732,1.5127480557612571,0.3134466169925142,0.0911403785596042,0.14594461646899595,0.933886941024275,-4.14371602797392,2.641535781343078,-3.095027185152559,0.1558441247547863,1.4586821750982655,-0.1944702549217493,-0.9247814912812679,6.746352474873779,1.5204954182993307,0.29212536448324744,0.19385278897606603,0.0598335084829504,0.9346142620858892,-3.862277616391623,1.3189950962456651,-3.353534149905048,-0.14692814608814297,0.7022115179482951,-0.0939832910462923,0.0,0.0,0.0,0.0,nan,nan,0.0,0.0,0.0,0.0,0.0
12.266,-0.7733684307162411,6.6584124453764275,1.5023536819091554,0.31354443854525577,0.10610258795284166,0.14852048257441733,0.9318657586492337,-4.018237650175436,2.473443172297642,-3.179870643221654,0.36976059306647036,1.5244467339018497,-0.20093903377706268,-1.024166194652853,6.785974226285628,1.5105241694108735,0.2895943545079553,0.20058270114317125,0.061471122194898344,0.9338752545042244,-3.7408088922437903,1.2077705274150436,-3.316834204649486,-0.17041583090621845,0.6549325151614874,-0.10320963350723983,0.0,0.0,0.0,0.0,nan,nan,0.0,0.0,0.0,0.0,0.0
12.286,-0.871153462147059,6.700011847932306,1.4918855075044446,0.31529164426358075,0.12103855929589424,0.15080554004856914,0.9290847837048035,-3.8876340644136276,2.2996382433600866,-3.2283058202928516,0.5476034773607192,1.5570257286887592,-0.20932576772595501,-1.1239770022367512,6.824750545898716,1.501533731139607,0.2870474383773587,0.2073015961770137,0.06310535956610917,0.933084953226388,-3.619340168095958,1.0965459585844224,-3.2801342593939236,-0.19390351572429393,0.6076535123746796,-0.11243597596818737,0.0,0.0,0.0,0.0,nan,nan,0.0,0.0,0.0,0.0,0.0
12.306,-0.9718844811427698,6.740899975384573,1.4808032755486191,0.3181976037005262,0.1370310781366478,0.15297034565020573,0.9255122052007784,-3.742282455336797,2.106702124731419,-3.2424409896991766,0.6166393022220013,1.54238346785039,-0.21783027576330505,-1.2241956673363998,6.862682474920906,1.493532719960018,0.2844847559824566,0.2140091050379826,0.06473613083504909,0.9322434016601842,-3.497871443948126,0.9853213897538009,-3.2434343141383604,-0.2173912005423694,0.5603745095878719,-0.12166231842913489,0.0,0.0,0.0,0.0,nan,nan,0.0,0.0,0.0,0.0,0.0
12.326,-1.0700291568775755,6.778572385164359,1.4699575565268599,0.3209274542689578,0.1525914712523308,0.15491205046851894,0.9218045718139688,-3.594347280087487,1.9139161278110233,-3.228591506312643,0.5415031037467146,1.4751576603633647,-0.22455815938533752,-1.324803853649135,6.899771240072286,1.4865295349699124,0.2819064480802198,0.22070485931186046,0.06636334643056238,0.9313506460283707,-3.376402719800283,0.8740968209231695,-3.206734368882795,-0.240878885360447,0.51309550680106,-0.13088866089008325,0.0,0.0,0.0,0.0,nan,nan,0.0,0.0,0.0,0.0,0.0
12.346,-1.1748636175973934,6.816377177420936,1.4581682072964073,0.3228476160422292,0.16852093133768933,0.15678612808245562,0.9180349789402573,-3.43457519816838,1.7104882426815886,-3.2100449476988806,0.3971950004745098,1.3493386244248295,-0.2315371168501255,-1.4257831392946325,6.936018253315657,1.4805323560451389,0.2793126562858607,0.2273884912300565,0.06798691697679052,0.9304067353661227,-3.2549339956524506,0.7628722520925482,-3.170034423627232,-0.2643665701785225,0.4658165040142523,-0.14011500335103078,0.0,0.0,0.0,0.0,nan,nan,0.0,0.0,0.0,0.0,0.0
12.366,-1.2582717655067268,6.844733938606057,1.448285047334759,0.32340068042383646,0.18019886182194672,0.15804698714969453,0.9154023814434715,-3.3093374076433713,1.5530098201206204,-3.1977093394187355,0.2613485702777334,1.2068229353617284,-0.23646280596163177,-1.527115020862242,6.971425111546337,1.4755491420424716,0.27670352306505397,0.23405963368980948,0.06960675329808204,0.9294117215183372,-3.133465271504618,0.6516476832619268,-3.13333447837167,-0.28785425499659795,0.41853750122744454,-0.1493413458119783,0.0,0.0,0.0,0.0,nan,nan,0.0,0.0,0.0,0.0,0.0
12.386,-1.3529786109785533,6.875152322887056,1.4361469385550838,0.32255783138039484,0.1918803186873438,0.15921226336888877,0.9131209360805259,-3.171711430798962,1.3824358285358227,-3.1752475127561324,0.05579398755652923,1.0088741188259314,-0.24048681423914176,-1.605219932053754,6.98954065071723,1.4646282000670927,0.27305743095378193,0.23721254448678505,0.06963040406411125,0.9296889022511209,-3.029973014352772,0.5538647848170036,-3.044962437314522,-0.2968656981832762,0.38424726598809555,-0.1537727321919447,0.0,0.0,0.0,0.0,nan,nan,0.0,0.0,0.0,0.0,0.0
12.406,-1.436266782064525,6.900335962075314,1.4244526650050198,0.32051260176716845,0.20044690914131963,0.15993423468744233,0.9118737573255817,-3.0565698214006076,1.2402712793442054,-3.136402720220605,-0.0951782390932977,0.8174609161033853,-0.24336726484055748,-1.6708530561433141,6.998580225154831,1.4502062641719764,0.2688594384115009,0.2384908247639583,0.06880349606954608,0.9306464461916067,-2.9360617608944417,0.46324595780175204,-2.929050471930869,-0.2981616695495044,0.35687971638404314,-0.1556485278692204,0.0,0.0,0.0,0.0,nan,nan,0.0,0.0,0.0,0.0,0.0
12.426,-1.529664593152641,6.926646472375712,1.4102323334493092,0.31718999125827596,0.20820650347789285,0.16032667591629732,0.9112276984073275,-2.933552580382909,1.0860264434085047,-3.049655171374647,-0.1812823081285086,0.6294984758807317,-0.24623366452553083,-1.7365210651430125,7.007424739510522,1.4358222355791912,0.2646558380503842,0.2397641306450408,0.06797515298479583,0.9315845788861955,-2.8421505074361204,0.37262713078650844,-2.8131385065472276,-0.29945764091573257,0.32951216677999323,-0.15752432354649595,0.0,0.0,0.0,0.0,nan,nan,0.0,0.0,0.0,0.0,0.0
12.446,-1.6033942160182173,6.945723209002488,1.3983601497400016,0.31442370880502907,0.21338407241760352,0.16027679560438962,0.9109974301668243,-2.8386838069990907,0.962710672293539,-2.9443174405593093,-0.18487087054328877,0.5346893928712234,-0.24820330979668018,-1.8022236910308576,7.01607450370951,1.421477910935823,0.26044671754832494,0.2410324355716617,0.06714539208728232,0.9325032807674946,-2.7482392539777987,0.28200830377126485,-2.6972265411635856,-0.30075361228196074,0.3021446171759433,-0.1594001192237715,0.0,0.0,0.0,0.0,nan,nan,0.0,0.0,0.0,0.0,0.0
12.466,-1.6821639385563851,6.964106677254116,1.3853059389015356,0.31127383678867215,0.21830955352599266,0.15998101831203917,0.9109641107914096,-2.7370401554862944,0.8282816098358272,-2.7974068670376275,-0.21715277111917408,0.4542313581858217,-0.2486567978761599,-1.8679606628967371,7.024529843925164,1.4071750835764274,0.25623216469835525,0.242295713089759,0.06631423068399994,0.9334025326733956,-2.6543280005194774,0.19138947675602133,-2.5813145757799436,-0.30204958364818896,0.2747770675718934,-0.16127591490104703,0.0,0.0,0.0,0.0,nan,nan,0.0,0.0,0.0,0.0,0.0
12.486,-1.7574428585613893,6.979441521696674,1.3725998577568388,0.30785018947077947,0.2224774603287528,0.15953911276482213,0.9111966373877193,-2.639023462447163,0.6977814112342446,-2.639822418120415,-0.27621970994083583,0.37636153456521737,-0.24818863621040632,-1.9337317069650322,7.0327911025518,1.3929155433734066,0.25201226740681343,0.2435539368501315,0.06548168611115453,0.9342823158474739,-2.560416747061147,0.1007706497407696,-2.465402610396291,-0.30334555501441723,0.247409517967841,-0.16315171057832273,0.0,0.0,0.0,0.0,nan,nan,0.0,0.0,0.0,0.0,0.0
12.506,-1.832720640837737,6.992334122895222,1.3596292526669007,0.303588954826767,0.22582556463489156,0.15898498911908063,0.9118993004160764,-2.540906445656237,0.5671727709534113,-2.4758360566709694,-0.3834706273731506,0.2732545242586548,-0.24627849235802585,-1.9995365466174357,7.0408586381761165,1.3787010765876844,0.24778711369151218,0.2448070806089881,0.06464777573380193,0.9351426119393801,-2.4665054936028254,0.01015182272552606,-2.349490645012649,-0.30464152638064534,0.22004196836379109,-0.16502750625559828,0.0,0.0,0.0,0.0,nan,nan,0.0,0.0,0.0,0.0,0.0
12.526,-1.9009390535323798,7.001723854031612,1.347491878452744,0.298443301360721,0.22773104671533836,0.15844354768625965,0.9132172843477295,-2.452995713517955,0.4512598460522655,-2.3276162192094976,-0.5431406528828633,0.1488417729724384,-0.24280799494171854,-2.065374902416065,7.048732825547278,1.3645334657196695,0.2435567916799007,0.24605511822849552,0.06381251694548554,0.9359834030052224,-2.372594240144504,-0.08046700428971748,-2.233578679629007,-0.30593749774687357,0.19267441875974117,-0.16690330193287384,0.0,0.0,0.0,0.0,nan,nan,0.0,0.0,0.0,0.0,0.0
12.546,-1.9659268997954595,7.008492896402935,1.335393404168932,0.29192954478033983,0.22814968285046272,0.15793605127581262,0.9153038112053182,-2.3709945770835468,0.34498062614084507,-2.187682272913825,-0.721413661060568,0.018465840086015053,-0.23817271195506112,-2.1312464921267527,7.056414055545649,1.3504144893605454,0.23932138960722793,0.2472980236773234,0.06297592716787369,0.9368046715079414,-2.2786829866861824,-0.1710858313049611,-2.117666714245365,-0.30723346911310173,0.16530686915569126,-0.16877909761014936,0.0,0.0,0.0,0.0,nan,nan,0.0,0.0,0.0,0.0,0.0
12.566,-2.027835124118489,7.012821121977419,1.3232068863580129,0.28420421734663015,0.22722689360884396,0.15746483323713142,0.9180417898749856,-2.2939645323006608,0.24717353729488434,-2.0552105502291997,-0.8344291108046258,-0.08436348366807077,-0.23386035524006343,-2.197151030742605,7.063902735150183,1.3363459220438783,0.2350809958147011,0.2485357710311873,0.06213802385039615,0.9376064003176756,-2.1847717332278522,-0.2617046583202127,-2.0017547488617127,-0.30852944047933,0.1379393195516389,-0.17065489328742506,0.0,0.0,0.0,0.0,nan,nan,0.0,0.0,0.0,0.0,0.0
12.586,-2.0867745260083583,7.014848445156566,1.3108882886274362,0.27622876029363963,0.22552551185094524,0.15688505376795736,0.9209902254612875,-2.2198074077193812,0.15298217581672408,-1.9268043264722174,-0.8038480925765285,-0.1321414137110913,-0.23183238154849772,-2.2630882305077584,7.071199287404464,1.322329534097571,0.2308356987476453,0.249768334473389,0.061298824469880546,0.9383885727121182,-2.090860479769531,-0.3523234853354563,-1.8858427834780707,-0.3098254118455582,0.11057176994758895,-0.1725306889647006,0.0,0.0,0.0,0.0,nan,nan,0.0,0.0,0.0,0.0,0.0
12.606,-2.1427772978452584,7.014643143552297,1.2985148056490947,0.2691649163179157,0.2237687063950681,0.15602848867364824,0.9236519499162358,-2.1460184692549,0.05694223859246278,-1.796819685093718,-0.6717810667633102,-0.13755231413634536,-0.2307662413758534,-2.3290578009414196,7.078304151381417,1.308367091496156,0.22658558695365585,0.25099568829535557,0.06045834653018721,0.939151172376867,-1.9969492263112092,-0.44294231235069986,-1.7699308180944286,-0.3111213832117864,0.08320422034353905,-0.17440648464197617,0.0,0.0,0.0,0.0,nan,nan,0.0,0.0,0.0,0.0,0.0
12.626,-2.1932163732630836,7.012375766197229,1.2868755605483155,0.26349745051023743,0.22220497634511024,0.154954074742247,0.925841928615705,-2.075522184756778,-0.036892353850265514,-1.6667904978676504,-0.5665335260723746,-0.14424812097634473,-0.22849520791210698,-2.395059448862079,7.085217782146674,1.2944603557134637,0.22233074908075315,0.2522178068971755,0.05961660756184455,0.9398941834057636,-1.9030379728528877,-0.5335611393659434,-1.6540188527107866,-0.3124173545780145,0.055836670739489114,-0.1762822803192517,0.0,0.0,0.0,0.0,nan,nan,0.0,0.0,0.0,0.0,0.0
12.646,-2.2433413873079946,7.007784668056369,1.2749346712265295,0.2585187714086822,0.2206548971199371,0.15359014357759956,0.9278413274920168,-2.0009329918027796,-0.1376676446683057,-1.5243046796298971,-0.4698018700231339,-0.15343839885803828,-0.2255187719007798,-2.450570474910477,7.084429814671065,1.2824378357443393,0.21851782697629007,0.2530753986102292,0.05879645803989892,0.9406092591686498,-1.8099285764119495,-0.6203554628915624,-1.5283081620678096,-0.3096187520294881,0.03497727698338841,-0.1755510403097839,0.0,0.0,0.0,0.0,nan,nan,0.0,0.0,0.0,0.0,0.0
12.666,-2.2904030370770685,7.0009356372465525,1.2634378863359368,0.2540521336787421,0.21898824984396667,0.15209087805527094,0.9297150233356088,-1.9264808859012734,-0.23864576832060524,-1.3814607527344078,-0.451618910808112,-0.1817487900167869,-0.22130432266099787,-2.477195924784263,7.062924618835459,1.2755194804455876,0.21592854066397837,0.2529431449135391,0.0580382753732309,0.941289641587367,-1.71902135395045,-0.6966463900678987,-1.3756868161213964,-0.2955750472540578,0.03199150801523605,-0.16765998748048241,0.0,0.0,0.0,0.0,nan,nan,0.0,0.0,0.0,0.0,0.0
12.686,-2.3365684101938675,6.991364992281967,1.251879683984159,0.24930002959076036,0.21674216828293222,0.1504680687996373,0.9317895084222436,-1.8492591117151302,-0.3427038191948784,-1.2335126590272734,-0.4851605067548494,-0.2400531898066514,-0.21598660083957136,-2.503822942759728,7.041388158009309,1.2687051985489377,0.21333757882050536,0.2528089284650976,0.05727964234952049,0.9419627199224206,-1.628114131488951,-0.7729373172442351,-1.223065470174983,-0.28153134247862754,0.029005739047083704,-0.15976893465118097,0.0,0.0,0.0,0.0,nan,nan,0.0,0.0,0.0,0.0,0.0
12.706,-2.3773689535914526,6.979937464429947,1.2415932470721631,0.24494085244104288,0.2143878565402515,0.14887558172923396,0.9337440157443121,-1.7755625022497843,-0.44023766124096136,-1.0647221458075748,-0.40392859337690534,-0.21409250652397532,-0.21163227253554745,-2.530451595676468,7.0198210092825795,1.261995160651284,0.21074496155084313,0.25267275030637815,0.056520564855498855,0.9426284889509544,-1.5372069090274518,-0.8492282444205714,-1.0704441242285698,-0.2674876377031973,0.026019970078931354,-0.1518778818218795,0.0,0.0,0.0,0.0,nan,nan,0.0,0.0,0.0,0.0,0.0
12.725999999999999,-2.412913825128322,6.966719850726324,1.2331611178875774,0.24203130660262154,0.2130693842487236,0.14726968766074205,0.9350582458950912,-1.7030060072169575,-0.5343460472612542,-0.8640254774256138,-0.23032277258210607,-0.10460772963442386,-0.20864329516009267,-2.557081950323332,6.998223750697742,1.2553895341139356,0.20815070897280938,0.2525346114940764,0.055761048781346106,0.9432869435068297,-1.4462996865659523,-0.9255191715969078,-0.9178227782821566,-0.253443932927767,0.023034201110779008,-0.14398682899257806,0.0,0.0,0.0,0.0,nan,nan,0.0,0.0,0.0,0.0,0.0
12.746,-2.448295882350878,6.949234252517015,1.2258901837086749,0.23984517305691846,0.2127034828340601,0.14549989962762885,0.9359814637907673,-1.6204963311345664,-0.6394625769370325,-0.6302343444559093,-0.1743018349317136,-0.03723488846217084,-0.20413270126636907,-2.583714073436353,6.976596961231832,1.2488884830574247,0.20555484121691117,0.252394513100102,0.055001100020645524,0.9439380784806658,-1.355392464104445,-1.0018100987732508,-0.7652014323357298,-0.2394002281523355,0.02004843214262639,-0.1360957761632759,0.0,0.0,0.0,0.0,nan,nan,0.0,0.0,0.0,0.0,0.0
12.766,-2.476835232581532,6.93086226532712,1.2211275410652827,0.23744570068446147,0.21240585507188026,0.14406809075088095,0.9368818907338559,-1.5456541453227806,-0.7334203605500731,-0.4409465016457259,-0.29910295840572365,-0.06979793322063349,-0.19816227322668012,-2.6103480316966663,6.95494122077849,1.24249216835641,0.20295737842618922,0.2522524562115703,0.05424072447033807,0.9445818888198796,-1.264485241642946,-1.0781010259495871,-0.6125800863893166,-0.22535652337690523,0.017062663174474045,-0.12820472333397442,0.0,0.0,0.0,0.0,nan,nan,0.0,0.0,0.0,0.0,0.0
12.786,-2.5035756832265403,6.909120700013079,1.2176041085493146,0.233586932003516,0.2113277827028933,0.1428073942087075,0.9382876752970714,-1.4675812757923574,-0.8300683700418097,-0.26936089194174023,-0.4527848652906487,-0.1361394162519484,-0.19182310815458203,-2.636983891728453,6.933257110129945,1.2362007476346848,0.20035834075606074,0.2521084419307938,0.05347992803067626,0.9452183695287241,-1.1735780191814467,-1.1543919531259235,-0.4599587404429033,-0.211312818601475,0.014076894206321695,-0.12031367050467298,0.0,0.0,0.0,0.0,nan,nan,0.0,0.0,0.0,0.0,0.0
12.806000000000001,-2.527199119289739,6.885140649215665,1.2152532983472129,0.2288215958774976,0.20964549911366784,0.14170485509882738,0.9400048808399223,-1.3901665763015463,-0.924847147829122,-0.12518678248040352,-0.5162961568482763,-0.16685545429011336,-0.18724027621897135,-2.663621720096867,6.911545210958997,1.2300143752602817,0.19775774837416318,0.25196247137527367,0.052718716605178566,0.9458475156683283,-1.0826707967199394,-1.2306828803022667,-0.30733739449647657,-0.19726911382604345,0.011091125238169082,-0.11242261767537082,0.0,0.0,0.0,0.0,nan,nan,0.0,0.0,0.0,0.0,0.0
12.826,-2.5489782695013865,6.857826781594576,1.2136087290503705,0.22338367338616003,0.20753510625376845,0.14062953504484205,0.9419406817893651,-1.309449403805626,-1.0227249981241577,-0.004310994901372718,-0.5382236044292569,-0.17803711959655874,-0.1832310450590527,-2.69026158330596,6.889806105800968,1.2239332023406873,0.19515562146019896,0.2518145456776913,0.0519570961005838,0.9464693223567344,-0.9917635742584401,-1.3069738074786028,-0.15471604855006332,-0.1832254090506132,0.008105356270016732,-0.10453156484606935,0.0,0.0,0.0,0.0,nan,nan,0.0,0.0,0.0,0.0,0.0
12.846,-2.5670266428732287,6.829945301064982,1.2126244390934875,0.21865332099829815,0.2058149962493598,0.13957269736775266,0.9435837931444038,-1.232900783407061,-1.1139741698770922,0.10054024412979473,-0.4370192037383238,-0.13118787851892838,-0.18157180094010156,-2.716903547796633,6.868040378035609,1.2179573767181453,0.19255198020577716,0.25166466598589926,0.051195072426804884,0.9470837847689368,-0.9008563517969409,-1.3832647346549392,-0.002094702603650078,-0.16918170427518295,0.005119587301864384,-0.09664051201676789,0.0,0.0,0.0,0.0,nan,nan,0.0,0.0,0.0,0.0,0.0
12.866,-2.5818240205409717,6.801852804035008,1.2121613477115023,0.21501913121723887,0.20484604774334075,0.13849703354624782,0.9447875113661307,-1.160410933314175,-1.1988442611051984,0.19887407374540278,-0.3253238421841851,-0.05450184873822386,-0.18046139384198479,-2.7435476799445624,6.846248611868999,1.212087042965072,0.18994684481425783,0.25151283346291226,0.05043265149688328,0.9476908981369186,-0.8099491293354417,-1.4595556618312755,0.1505266433427631,-0.1551379994997527,0.0021338183337120354,-0.08874945918746643,0.0,0.0,0.0,0.0,nan,nan,0.0,0.0,0.0,0.0,0.0
12.886,-2.5954458948550845,6.768952488922244,1.2123997745813155,0.21226150262414709,0.20502117880159687,0.13724121290215455,0.9455560375925314,-1.0805747209550183,-1.290172906494788,0.3220102222092561,-0.17348930572457502,0.06296227198794767,-0.18040415562028955,-2.770194046058146,6.824431392315413,1.2063223423795675,0.18734023550059498,0.25135904928689845,0.049669839226943006,0.9482906577496889,-0.7190419068739424,-1.5358465890076118,0.30314798928917636,-0.14109429472432242,-0.0008519506344403125,-0.08085840635816496,0.0,0.0,0.0,0.0,nan,nan,0.0,0.0,0.0,0.0,0.0
12.906,-2.60613838021496,6.734088578253061,1.213584716705953,0.2104881015343007,0.2063212324419348,0.13595827900183513,0.9458549859925603,-1.0010803659067604,-1.3793112312862672,0.45241108573748556,-0.08151437399455594,0.14655414244095646,-0.18028311873739478,-2.7968427123764426,6.802589305179159,1.2006634129810285,0.1847321724911796,0.25120331465117013,0.048906641536144685,0.9488830589533198,-0.628134684412435,-1.612137516183955,0.4557693352356032,-0.1270505899488909,-0.0038377196025929272,-0.0729673535288628,0.0,0.0,0.0,0.0,nan,nan,0.0,0.0,0.0,0.0,0.0
12.926,-2.6129065851761304,6.702615469357753,1.2154853619979422,0.20958663747828712,0.20813825170072744,0.13483681588653593,0.9458176053822905,-0.933269555900442,-1.4539952409557777,0.567465869425321,-0.022784058965236394,0.19585593465924583,-0.1803736041061638,-2.782472488447159,6.7546461773329645,1.2084749719754515,0.1840410052871849,0.2513384771184688,0.04874183598614388,0.948990048270977,-0.538083205048964,-1.681377891028173,0.5972291431809792,-0.12764531467924692,-0.009399193644913234,-0.07293835986052062,0.0,0.0,0.0,0.0,nan,nan,0.0,0.0,0.0,0.0,0.0
12.946,-2.6179033564802294,6.665996640543371,1.2184137730642617,0.20879286020389232,0.21039374486587845,0.13358554260617242,0.9456716747665672,-0.8579296150548521,-1.5359099966253544,0.6854770439999723,-0.009472917491481023,0.20461736069887476,-0.18004097909358202,-2.762580967534288,6.703207391752496,1.2181267901066695,0.18360752711729686,0.2515128273539902,0.04865746926296006,0.9490321513769684,-0.4481467328198655,-1.7496707106758262,0.7371889022172289,-0.13020736328642318,-0.015306828188266435,-0.07396598341345989,0.0,0.0,0.0,0.0,nan,nan,0.0,0.0,0.0,0.0,0.0
12.966,-2.6201771817573243,6.627618823957929,1.2223057950919867,0.20833991397294827,0.21293713704230838,0.1322982179944226,0.945383222523792,-0.7825925810444694,-1.6157730952403953,0.8207396453032323,0.046509905048062336,0.23863587562091018,-0.1808702294083888,-2.74268049800548,6.65177963266901,1.227818836724526,0.18317400723329455,0.251687120447874,0.04857309148520095,0.9490740388706903,-0.358210260590767,-1.8179635303234798,0.8771486612534785,-0.13276941189359942,-0.02121446273161964,-0.07499360696639916,0.0,0.0,0.0,0.0,nan,nan,0.0,0.0,0.0,0.0,0.0
12.986,-2.6194980632975287,6.585360138525579,1.2276452577511474,0.20828264256529633,0.21598415933106913,0.1308982409435365,0.944899377839755,-0.7036972573083659,-1.6974286233721716,0.9780352162747891,0.08544710697308609,0.2717003722210607,-0.18219150198108633,-2.7227710691541582,6.600362937242561,1.2375510992413998,0.18274044573367004,0.2518613563605218,0.04848870267203646,0.9491157107426262,-0.2682737883616604,-1.8862563499711391,1.0171084202897405,-0.1353314605007759,-0.02712209727497336,-0.07602123051933853,0.0,0.0,0.0,0.0,nan,nan,0.0,0.0,0.0,0.0,0.0
13.006,-2.616098223046161,6.545361676116862,1.2336824655019147,0.20824360839422107,0.21885158001739785,0.12963739282584022,0.9444219035304938,-0.6322763185439684,-1.7703413494904712,1.1218062303903782,0.0647967924512859,0.2648232847583167,-0.1829803971381069,-2.702852670281893,6.548957342623163,1.2473235650331138,0.18230684271692504,0.252035535052349,0.04840430284263908,0.9491571669833088,-0.17833731613256187,-1.9545491696187929,1.1570681793259903,-0.13789350910795217,-0.033029731818326566,-0.07704885407227781,0.0,0.0,0.0,0.0,nan,nan,0.0,0.0,0.0,0.0,0.0
13.026,-2.609282483029168,6.499241419813872,1.2416020057284778,0.20771932239291405,0.2216601077186298,0.12829491761065268,0.944065619470421,-0.5524363699295431,-1.8514496719704272,1.2671452358671957,-0.013326479556687209,0.21543677173331785,-0.1829977104923502,-2.6829252906984045,6.497562885950724,1.2571362214389505,0.1818731982815705,0.2522096564837833,0.0483198920161837,0.9491984075833192,-0.08840084390346342,-2.022841989266446,1.2970279383622398,-0.1404555577151284,-0.038937366361679764,-0.07807647762521708,0.0,0.0,0.0,0.0,nan,nan,0.0,0.0,0.0,0.0,0.0
13.046,-2.5998397052729914,6.45349999752462,1.250269273169921,0.2068275706409581,0.22387465231349396,0.12703032037810613,0.9439098440947142,-0.47515246344261236,-1.928421668658501,1.4119903458751777,-0.014066929156619258,0.19194300717303847,-0.18348742164464088,-2.662988919721571,6.446179604355036,1.2669890557616812,0.1814395125261269,0.2523837206152661,0.048235470211847806,0.949239432533288,0.001535628325635141,-2.0911348089140995,1.4369876973984894,-0.14301760632230467,-0.04484500090503296,-0.07910410117815636,0.0,0.0,0.0,0.0,nan,nan,0.0,0.0,0.0,0.0,0.0
13.066,-2.5880226119755423,6.4083095792210925,1.2598182940524836,0.20658410068356398,0.22620916929782414,0.12569916808370774,0.9435847286881106,-0.4021325068669964,-1.9977045151129498,1.5780898724217831,0.11042015861451587,0.23962164213847914,-0.18545784767490175,-2.643043546677443,6.394807534955735,1.2768820552675577,0.18100578554912394,0.2525577274072511,0.048151037448811294,0.9492802418238948,0.0914721005547417,-2.159427628561759,1.5769474564347514,-0.14557965492948116,-0.05075263544838669,-0.08013172473109573,0.0,0.0,0.0,0.0,nan,nan,0.0,0.0,0.0,0.0,0.0
13.086,-2.5715108321587006,6.356270559003167,1.2722224341243542,0.20776934241851328,0.2296521909698951,0.12397176584991684,0.9427209411091697,-0.32366089737480774,-2.0675385641285353,1.7760535684694623,0.25325384364754616,0.29935186853464574,-0.18816909945331223,-2.623089160900257,6.343446714862277,1.286815207186332,0.18057201744910098,0.25273167682020553,0.048066593746256624,0.9493208354458681,0.18140857278384026,-2.2277204482094124,1.7169072154710014,-0.1481417035366574,-0.05666026999173989,-0.08115934828403501,0.0,0.0,0.0,0.0,nan,nan,0.0,0.0,0.0,0.0,0.0
13.106,-2.5526919080728363,6.304856919449926,1.2853082055775782,0.20902741188052526,0.23274099381605645,0.12224568582534974,0.9419103795888085,-0.24789824112284597,-2.134427023193854,1.9112680110026194,0.16229907508029826,0.21016098254190196,-0.18744380848134243,-2.603125751732433,6.292097181173883,1.2967884987112654,0.1801382083246065,0.2529055688146098,0.04798213912336871,0.9493612133899852,0.2713450450129388,-2.2960132678570657,1.856866974507251,-0.15070375214383366,-0.06256790453509309,-0.08218697183697428,0.0,0.0,0.0,0.0,nan,nan,0.0,0.0,0.0,0.0,0.0
13.126,-2.5311451785798655,6.251829158550623,1.2990886022857564,0.20959400531753314,0.23488584963037967,0.1205405852537063,0.9414716978672607,-0.16862051008219192,-2.203903743664606,2.031244092500562,0.09756386550099107,0.13075271140592337,-0.18625265956844927,-2.583153308524596,6.240758970979521,1.306801916999144,0.1797043582741983,0.2530794033509567,0.047897673599334924,0.9494013756470726,0.36128151724203716,-2.364306087504719,1.9968267335435004,-0.1532658007510099,-0.06847553907844628,-0.08321459538991355,0.0,0.0,0.0,0.0,nan,nan,0.0,0.0,0.0,0.0,0.0
13.146,-2.5083125232936867,6.200066737007353,1.3125350080261913,0.2098479413142249,0.2363001823062939,0.11889146724581008,0.941270887887399,-0.09079299721084028,-2.270897748116189,2.1277112532953804,0.08938466030172393,0.09075520109486977,-0.18549284827068063,-2.5631718206355765,6.189432121357865,1.3168554491702846,0.17927046739644348,0.2532531803897526,0.04781319719334513,0.9494413222080059,0.4512179894711438,-2.4325989071523786,2.1367864925797626,-0.1558278493581864,-0.07438317362180001,-0.08424221894285291,0.0,0.0,0.0,0.0,nan,nan,0.0,0.0,0.0,0.0,0.0
13.166,-2.479026742750096,6.138464910292556,1.3284916392845432,0.21056271160153234,0.2379421556093728,0.11686950803824392,0.9409507921022618,-0.00045676119153870154,-2.345184752334259,2.2455057891440866,0.15561450434495733,0.10517020440579643,-0.18539083427143804,-2.54318127743243,6.138116669377277,1.3269490823085546,0.17883653578991865,0.2534268998915168,0.047728709924591696,0.9494810530637093,0.5411544617002423,-2.500891726800032,2.276746251616012,-0.15838989796536265,-0.08029080816515322,-0.0852698424957922,0.0,0.0,0.0,0.0,nan,nan,0.0,0.0,0.0,0.0,0.0
13.186,-2.4513080028466,6.083843131677434,1.3425500874202352,0.211587584713153,0.23948689855503769,0.11503661565895,0.9405547812187647,0.07733821690452963,-2.406657913686059,2.345320097666582,0.18130741363024738,0.10755343736471168,-0.18494948508271808,-2.523181668290437,6.086812652095752,1.3370828034613762,0.17840256355320935,0.2536005618167817,0.04764421181226943,0.9495205682051566,0.6310909339293409,-2.5691845464476857,2.4167060106522618,-0.16095194657253892,-0.08619844270850642,-0.08629746604873148,0.0,0.0,0.0,0.0,nan,nan,0.0,0.0,0.0,0.0,0.0
13.206,-2.4214200874749507,6.0279505121128185,1.356725634206911,0.21253813631189433,0.24085740702849887,0.11320010179675263,0.9402132667888599,0.15611034352235442,-2.468319193273613,2.434507509777147,0.1495391186189774,0.07835771786429412,-0.1835847581950142,-2.5031729825931164,6.0355201065608926,1.3472565996397465,0.1779685507849105,0.25377416612609266,0.04755970287557558,0.9495598676233701,0.7210274061584395,-2.637477366095339,2.556665769688512,-0.16351399517971515,-0.09210607725185962,-0.08732508960167075,0.0,0.0,0.0,0.0,nan,nan,0.0,0.0,0.0,0.0,0.0
13.226,-2.385806713911192,5.964653664354051,1.3726167709885788,0.21353606990179602,0.24223608511386524,0.11117135347842677,0.939874968325776,0.24370503644565122,-2.535043283010048,2.5552222589831377,0.179777697327402,0.09193264628630794,-0.1827470851790272,-2.483155209732238,5.984239069809872,1.3574704578182293,0.17753449758362622,0.2539477127800083,0.04747518313370989,0.9495989513094212,0.810963878387546,-2.7057701857429985,2.696625528724774,-0.16607604378689164,-0.09801371179521336,-0.08835271315461012,0.0,0.0,0.0,0.0,nan,nan,0.0,0.0,0.0,0.0,0.0
13.246,-2.3509840427499538,5.905830879568445,1.3876353988498378,0.21503263316094942,0.24397864760747345,0.10926468966311521,0.9393064536030399,0.32046709846221755,-2.590000684663678,2.693552431453413,0.2639396436718326,0.14973226547844007,-0.18309868733294649,-2.46312833910783,5.932969578869424,1.3677243649349984,0.17710040404796987,0.2541212017391002,0.04739065260587456,0.9496378192544307,0.9009003506166444,-2.774063005390652,2.8365852877610234,-0.1686380923940679,-0.10392134633856655,-0.0893803367075494,0.0,0.0,0.0,0.0,nan,nan,0.0,0.0,0.0,0.0,0.0
13.266,-2.3116151792513486,5.842279266915016,1.404157113175308,0.2170139264950108,0.24615066694360271,0.10720935648582729,0.9385206224438185,0.3997419583590929,-2.6447350817119917,2.835866342876683,0.27884748702984485,0.1560792419659897,-0.18242640539300564,-2.434617555486515,5.876458974780552,1.378014974966903,0.17620518961253034,0.2539139504808318,0.04712702842221911,0.9498728757559726,0.997016540341211,-2.8459162914421245,2.9610690699368765,-0.17437546860192676,-0.11375366432652133,-0.09109965755928194,0.0,0.0,0.0,0.0,nan,nan,0.0,0.0,0.0,0.0,0.0
13.286,-2.2694791437247366,5.777051858453708,1.4213543211084698,0.21901530906293268,0.24825656891868897,0.10514413716318007,0.937734333809421,0.4794459000839745,-2.6987238123354773,2.9732782177324597,0.2613377839224325,0.13418053675818098,-0.1810278304253879,-2.364260756187052,5.793943633523075,1.3888199003194535,0.1730264846725995,0.25182027488725617,0.04597671710792303,0.9510702004802418,1.1237137365073118,-2.935388934059639,3.008968291669004,-0.19582629997689754,-0.14300770665516963,-0.0962419179815533,0.0,0.0,0.0,0.0,nan,nan,0.0,0.0,0.0,0.0,0.0
13.306,-2.2225091927226037,5.706910399668516,1.4397074615830234,0.2205796338135518,0.24986303116385977,0.10303098227107217,0.9371753877991811,0.5668304767144006,-2.759834195599003,3.078428086674343,0.16877193354900183,0.05629077172224037,-0.17815431774914575,-2.29407166459546,5.711405380896939,1.4005047382450837,0.16984479598693542,0.24972225679274962,0.04482561295064824,0.9522511245265562,1.2504109326734123,-3.024861576677154,3.0568675134011323,-0.21727713135186835,-0.17226174898381794,-0.10138417840382466,0.0,0.0,0.0,0.0,nan,nan,0.0,0.0,0.0,0.0,0.0
13.326,-2.177961654890886,5.64221313127292,1.4559961761476832,0.22109742309158273,0.25038999379057786,0.10122274457269181,0.9371097782506529,0.651503450527928,-2.82263048829289,3.127522599780127,0.05384818561647856,-0.03495498681565287,-0.17460193661369983,-2.2240542492211786,5.6288504812812326,1.4130688640055569,0.16666017842199382,0.24761993237647006,0.043673735800547196,0.9534156275305359,1.3771081288395242,-3.114334219294676,3.104766735133264,-0.23872796272684105,-0.20151579131246883,-0.10652643882609647,0.0,0.0,0.0,0.0,nan,nan,0.0,0.0,0.0,0.0,0.0
13.346,-2.1293206288019864,5.573067223582811,1.472265364606202,0.22091381194190926,0.25024024563964864,0.09941785187316672,0.9373862586385765,0.744628470352537,-2.8942457783896023,3.14815355371925,0.007813714422590781,-0.06564188925366919,-0.1724011721564648,-2.154212466731871,5.546285200203333,1.426511592211573,0.16347268689473848,0.24551333789183605,0.0425211055211025,0.9545636894109724,1.5038053250056247,-3.203806861912191,3.152665956865392,-0.2601787941018119,-0.23076983364111708,-0.11166869924836782,0.0,0.0,0.0,0.0,nan,nan,0.0,0.0,0.0,0.0,0.0
13.366,-2.0764801554551515,5.499412579431522,1.4881575725263676,0.22093630766763844,0.2504268440323361,0.09753224572239574,0.937529202098015,0.8399881576837799,-2.96677665272553,3.165917530688391,0.08314160175904858,0.013447469540633597,-0.17385411479685625,-2.0845502616804694,5.463715803906686,1.4408321768700503,0.16028237637169204,0.24340250966590046,0.04136774198878374,0.9556952903701754,1.6305025211717252,-3.293279504529706,3.20056517859752,-0.28162962547678266,-0.2600238759697654,-0.11681095967063918,0.0,0.0,0.0,0.0,nan,nan,0.0,0.0,0.0,0.0,0.0
13.386,-2.021849090903544,5.424687663356324,1.5028305575296887,0.2217481767723985,0.2517380598323845,0.09562400878274507,0.9371828766437538,0.9284496722480836,-3.03195803002822,3.1978793166736033,0.1821293593382024,0.13628862634805744,-0.17697759745321182,-2.015071566233111,5.381148558918597,1.4560298114355728,0.15708930186798956,0.24128748409872516,0.04021366509270516,0.9568104108943145,1.757199717337826,-3.3827521471472206,3.2484644003296483,-0.3030804568517535,-0.2892779182984137,-0.12195322009291054,0.0,0.0,0.0,0.0,nan,nan,0.0,0.0,0.0,0.0,0.0
13.406,-1.9735122519316657,5.359725399001854,1.5145805400484074,0.22299487494635115,0.25387108973901884,0.09400644825856183,0.9364750627903525,0.9981143836163859,-3.082160114236016,3.246424849566252,0.24300008409522114,0.23625616784878628,-0.18021964292151904,-1.9457802998978964,5.2985897316179775,1.4721036288660376,0.15389351844642893,0.23916829766275224,0.03905889473428243,0.9579090317537547,1.8838969135039378,-3.472224789764743,3.2963636220617802,-0.32453128822672617,-0.31853196062706457,-0.12709548051518235,0.0,0.0,0.0,0.0,nan,nan,0.0,0.0,0.0,0.0,0.0
13.426,-1.917840582642964,5.286336358946036,1.5272525989856858,0.22496361822539707,0.2574305019320535,0.09224143996682961,0.935207155609277,1.067609407563699,-3.1302288567051972,3.3539519064925782,0.33685400066890486,0.372623346289984,-0.18529557308353198,-1.8766803692545566,5.216045587803126,1.4890527016824409,0.15069508121652292,0.23704498690217665,0.03790345082688992,0.958991134003389,2.0105941096700386,-3.5616974323822577,3.344262843793908,-0.34598211960169695,-0.3477860029557129,-0.13223774093745372,0.0,0.0,0.0,0.0,nan,nan,0.0,0.0,0.0,0.0,0.0
13.446,-1.8567784054941794,5.207655419554422,1.5406765319408975,0.22767033860647276,0.2623874032069342,0.0903939538607421,0.9333530953838197,1.1327618845784442,-3.173373852474579,3.497953532512706,0.38607485387867113,0.4569561424560055,-0.1906991232965194,-1.80777566768495,5.133522392259492,1.5068760420328748,0.14749404533354676,0.23491758843231406,0.03674735329551669,0.9600566989829642,2.137291305836139,-3.651170074999772,3.392162065526036,-0.3674329509766678,-0.3770400452843612,-0.13738000135972506,0.0,0.0,0.0,0.0,nan,nan,0.0,0.0,0.0,0.0,0.0
13.466,-1.7958172427535588,5.130964772898265,1.5539844673062821,0.23046492596944096,0.267717195245583,0.08863762343554729,0.9313199197802207,1.1902262275163387,-3.2095359254596456,3.678923764797945,0.41937164038219993,0.5100819534415727,-0.19622881858700977,-1.7390700751045292,5.05102640832757,1.5255726017606512,0.14429046599758832,0.232786138938971,0.03559062207642326,0.9611057083174035,2.2639885020022397,-3.7406427176172867,3.440061287258164,-0.38888378235163856,-0.40629408761300945,-0.14252226178199642,0.0,0.0,0.0,0.0,nan,nan,0.0,0.0,0.0,0.0,0.0
13.486,-1.7350285510565155,5.0563029758771645,1.5675134050243449,0.2334349728041244,0.27323500229292214,0.0869102299960086,0.9291379654905754,1.2412492581524348,-3.238942763614002,3.8708164165208316,0.44892616952331976,0.5388060554727611,-0.20151425543041734,-1.6705674576947054,4.968563897470862,1.5451412724766134,0.14108439845259557,0.23065067517781107,0.03443327711679764,0.9621381439171233,2.3906856981683515,-3.8301153602348093,3.4879605089902963,-0.4103346137266113,-0.43554812994166037,-0.14766452220426823,0.0,0.0,0.0,0.0,nan,nan,0.0,0.0,0.0,0.0,0.0
13.506,-1.6680531440321988,4.975846309841167,1.582512480967052,0.23634387104518134,0.2788024997334173,0.08505498649166035,0.9269176824479508,1.2972394806465128,-3.271343743703086,4.05312776258215,0.38630177263002297,0.46998994326513605,-0.20511313167823417,-1.6022716676361917,4.886141118844002,1.5655808856355748,0.13787589798542518,0.22851123397372258,0.03327533837441178,0.9631539879783437,2.5173828943344523,-3.9195880028523242,3.535859730722424,-0.43178544510158207,-0.4648021722703087,-0.1528067826265396,0.0,0.0,0.0,0.0,nan,nan,0.0,0.0,0.0,0.0,0.0
13.526,-1.5945541114880686,4.889398695730534,1.598801963264926,0.23865749561989968,0.2835835530725124,0.08307034670390165,0.925052585375394,1.3651272524379183,-3.312014464868889,4.220954891697786,0.2823187096709007,0.3400967403597431,-0.20691303468023978,-1.5341865428432513,4.803764328860972,1.5868902126169373,0.1346650199248875,0.226367852220182,0.032116825817276776,0.9641532229833981,2.6440800905005526,-4.009060645469839,3.583758952454552,-0.45323627647655285,-0.494056214598957,-0.15794904304881094,0.0,0.0,0.0,0.0,nan,nan,0.0,0.0,0.0,0.0,0.0
13.546,-1.5217960123975023,4.805374177017197,1.6143803860940218,0.23988687337507145,0.28665517637233184,0.08115092623247996,0.9239575883193397,1.4430990316800052,-3.360863666492729,4.344859689110499,0.16426756423196154,0.18554827595501253,-0.20667372423077943,-1.4663159066989948,4.721439780763584,1.6090679648094306,0.13145181964079306,0.22422056687861835,0.030957759423298904,0.965135831701033,2.770777286666654,-4.098533288087354,3.63165817418668,-0.4746871078515237,-0.5233102569276054,-0.1630913034710823,0.0,0.0,0.0,0.0,nan,nan,0.0,0.0,0.0,0.0,0.0
13.566,-1.4502312946249716,4.724055456596824,1.6291359036544182,0.24030456546643264,0.2882636918203575,0.07927840419148813,0.923511068922803,1.5287491983904504,-3.4141657814845003,4.4568145472880705,0.07967115735836741,0.055795968777889574,-0.2057805306403702,-1.3986635677916397,4.6391737241901225,1.6321127936999988,0.128236352542998,0.22206941497777596,0.029798159179935002,0.9661017971867062,2.897474482832765,-4.188005930704876,3.6795573959188124,-0.49613793922649635,-0.5525642992562562,-0.16823356389335414,0.0,0.0,0.0,0.0,nan,nan,0.0,0.0,0.0,0.0,0.0
13.586,-1.372328167366986,4.636882580156469,1.6446158519049248,0.2400292627741006,0.2886486576548103,0.07725641309552506,0.9236337759533328,1.6306349698143752,-3.476860132766447,4.57042881384679,-0.005815867359548588,-0.07452449015552445,-0.20402016531726186,-1.331233319651826,4.556972404744302,1.656023290966814,0.12501867408044892,0.21991443361307625,0.028638045083848124,0.9670511027828786,3.0241716789988655,-4.277478573322391,3.7274566176509403,-0.5175887706014671,-0.5818183415849044,-0.17337582431562548,0.0,0.0,0.0,0.0,nan,nan,0.0,0.0,0.0,0.0,0.0
13.606,-1.2915152080605128,4.5479109748568955,1.6604391423471216,0.2392934222183717,0.2879746774921142,0.07516029197061377,0.9242078628302322,1.741532502689718,-3.5421714425264637,4.707658176138098,-0.0524307606890692,-0.1738953492483042,-0.2020357136373983,-1.2640289404909149,4.4748420635644095,1.680797988576427,0.12179883974022551,0.21775565994597715,0.02747743714056212,0.9679837321193023,3.1508688751649663,-4.366951215939905,3.775355839383068,-0.539039601976438,-0.6110723839135527,-0.17851808473789685,0.0,0.0,0.0,0.0,nan,nan,0.0,0.0,0.0,0.0,0.0
13.626,-1.2076466373133692,4.457034232936834,1.6768566550567707,0.23805564450233066,0.28617980408054394,0.07299826969925675,0.9252577384047734,1.862725797822683,-3.611825563814636,4.845566791950413,-0.12826161862777136,-0.30076091324252874,-0.19865772486508776,-1.1786594179809684,4.38477508080617,1.6868510608551461,0.11630122455817118,0.2119144466625236,0.026146278500384354,0.9699910641766586,3.281751649192115,-4.434979081923581,3.7277566556220902,-0.562223858069658,-0.6400336152296012,-0.17647486670861293,0.0,0.0,0.0,0.0,nan,nan,0.0,0.0,0.0,0.0,0.0
13.646,-1.12056773521959,4.36413345195162,1.694164009093805,0.23621206705978334,0.28307438393858625,0.07077486112888151,0.9268568776058802,1.9960942065400404,-3.6870335873487647,4.984538288138149,-0.2152379840058028,-0.4478009175153425,-0.193759925008296,-1.0711985815508691,4.284767865961383,1.672544470753318,0.10805822467334886,0.2016318442030383,0.024607513983687886,0.9731713568222548,3.4176542810268424,-4.477287744253515,3.5656240830819668,-0.5874870494723181,-0.6686436717027665,-0.16581394252175816,0.0,0.0,0.0,0.0,nan,nan,0.0,0.0,0.0,0.0,0.0
13.666,-1.0305264279424713,4.269354281131552,1.7121236818885348,0.2333079339713848,0.2782177299725442,0.06854879435134525,0.9292272948358251,2.1473412936614134,-3.776055826394185,5.0572987014061,-0.3865873639604094,-0.6510535312036732,-0.1873573261380632,-0.9636800202634723,4.184332866683572,1.6622234821204338,0.09979510855941984,0.19131170575417777,0.023064168507138133,0.9761704828973855,3.5535569128615574,-4.519596406583445,3.403491510541858,-0.6127502408749759,-0.6972537281759291,-0.15515301833490433,0.0,0.0,0.0,0.0,nan,nan,0.0,0.0,0.0,0.0,0.0
13.686,-0.9336292999799246,4.168353312637004,1.7306145070834453,0.22813045800500947,0.27048116466617034,0.06635994064025103,0.9329484401452628,2.332744971763179,-3.8973957974194895,5.009429852177853,-0.6743802845260255,-0.9329344229150022,-0.17935441894171406,-0.8561897930803624,4.083537257078784,1.6558950500770226,0.09151341448649095,0.18095595252342062,0.021516529381499994,0.9789878840816878,3.6894595446962732,-4.561905068913376,3.241358938001749,-0.6380134322776337,-0.7258637846490918,-0.1444920941480505,0.0,0.0,0.0,0.0,nan,nan,0.0,0.0,0.0,0.0,0.0
13.706,-0.8447871073626232,4.076256445624705,1.7457597818374067,0.22111661619957482,0.2610465780101496,0.06461001210542941,0.9374367565256746,2.522302648444449,-4.034928069021297,4.84938470173552,-0.9338589983923329,-1.1411105232744108,-0.17368957383915712,-0.7488139378652934,3.9824484797669157,1.6535631568483842,0.08321468418316146,0.17056651234833023,0.019964884716848572,0.9816230358848892,3.825362176530988,-4.604213731243306,3.07922636546164,-0.6632766236802915,-0.7544738411222545,-0.13383116996119668,0.0,0.0,0.0,0.0,nan,nan,0.0,0.0,0.0,0.0,0.0
13.725999999999999,-0.7412762976959499,3.9692596315011994,1.7602902489170822,0.21038570193198752,0.24787413984961915,0.06289730715525647,0.9435783994820005,2.7554858436371488,-4.217677146456672,4.568336168831417,-1.1889415940352968,-1.3156301729178408,-0.17062208007049695,-0.6416384073195748,3.8811341956633028,1.6552288087993856,0.07490046254951269,0.16014531933766604,0.0184095233689342,0.9840754477444473,3.961264808365704,-4.646522393573236,2.917093792921531,-0.6885398150829493,-0.7830838975954171,-0.12317024577434285,0.0,0.0,0.0,0.0,nan,nan,0.0,0.0,0.0,0.0,0.0
13.746,-0.6563419626592822,3.8816022089631943,1.7693503036229872,0.1999905706252015,0.2359150167363029,0.06168692890276883,0.9489692299236372,2.947379023167832,-4.374702055825474,4.288708198902028,-1.3281457353193729,-1.3875807672874474,-0.17227823666800818,-0.5347490049808713,3.779662233597752,1.6608900356851122,0.06657229736950698,0.14969431351132656,0.016850734885408603,0.9863446631168743,4.097167440200431,-4.6888310559031705,2.754961220381408,-0.7138030064856093,-0.8116939540685822,-0.11250932158748808,0.0,0.0,0.0,0.0,nan,nan,0.0,0.0,0.0,0.0,0.0
13.766,-0.5618108599477529,3.784146133526183,1.77630095671745,0.18719514756260833,0.22206817359795028,0.06048731934664489,0.954979050661396,3.1521584699227803,-4.545962933020655,3.9508267603019727,-1.4407750102625194,-1.396140639836271,-0.179885524105673,-0.4282313213331188,3.678100539808591,1.6705418921179296,0.058231739022853765,0.13921544043919737,0.015288809451923005,0.9884302595627257,4.233070072035146,-4.7311397182331,2.592828647841299,-0.7390661978882671,-0.8403040105417449,-0.10184839740063427,0.0,0.0,0.0,0.0,nan,nan,0.0,0.0,0.0,0.0,0.0
13.786,-0.46706822581476515,3.6866037181984517,1.7801891624572117,0.17350063977007998,0.2086835413468348,0.05944275911387075,0.9606327424980097,3.3374770052461433,-4.703938580049792,3.616991760003036,-1.4882109381694089,-1.2647995133890477,-0.19451801395752688,-0.3221706700749879,3.576517127349207,1.6841764612498673,0.049880340196384695,0.128710650878956,0.013724037838105963,0.9903318488252443,4.368972703869861,-4.773448380563031,2.43069607530119,-0.7643293892909249,-0.8689140670149074,-0.09118747321378043,0.0,0.0,0.0,0.0,nan,nan,0.0,0.0,0.0,0.0,0.0
13.806000000000001,-0.3671310809713206,3.5839543917035077,1.781756507860773,0.15890451992322088,0.19690296652940215,0.05855552895947423,0.9656861940341532,3.499506189649362,-4.84575857757681,3.3231511862329346,-1.4431201118585575,-0.9570325513567035,-0.21334529789085876,-0.21665202459452826,3.474980025444915,1.701782860667579,0.04151965559500624,0.11818190041291994,0.012156711343433895,0.9920490769026374,4.504875335704589,-4.815757042892965,2.268563502761067,-0.7895925806935848,-0.8975241234880726,-0.08052654902692566,0.0,0.0,0.0,0.0,nan,nan,0.0,0.0,0.0,0.0,0.0
13.826,-0.2711489319647212,3.4857648319015646,1.7820753806659415,0.14554767846772235,0.18913545982251995,0.05792342753957698,0.9693753285866357,3.6189747811318655,-4.9538773616912914,3.144675459530633,-1.3119717683102274,-0.5559875306052777,-0.22802836130141269,-0.1117599546972119,3.37355722883778,1.7233472504954843,0.03315124165227632,0.1076311490839959,0.010587121743002867,0.9935816241139779,4.640777967539305,-4.858065705222895,2.1064309302209576,-0.8148557720962426,-0.9261341799612353,-0.06986562484007183,0.0,0.0,0.0,0.0,nan,nan,0.0,0.0,0.0,0.0,0.0
13.846,-0.1738481419917835,3.3868829638992115,1.7829769175426153,0.13354817496201343,0.18560126790961584,0.057467344337484426,0.9718099395712392,3.70447182205905,-5.035146279572504,3.1004139153569525,-1.1405668686972752,-0.1519081996536938,-0.23619680500769538,-0.007578563634403679,3.27231664715704,1.7488528437010806,0.02477665624065274,0.09706036103079084,0.009015561233210569,0.9949292051587164,4.77668059937402,-4.900374367552825,1.9442983576808488,-0.8401189634989005,-0.9547442364343979,-0.059204700653218006,0.0,0.0,0.0,0.0,nan,nan,0.0,0.0,0.0,0.0,0.0
13.866,-0.07980870743771935,3.2921699431470657,1.7856083820848774,0.12293798509937694,0.18487317373099066,0.05717459037471637,0.9733648995468347,3.766832376897166,-5.098219932975203,3.134098581445713,-1.0999738477003602,0.012400760499721324,-0.23489046422478158,0.09580857452067382,3.171326054352992,1.7782799185947145,0.01639745838148106,0.08647150412196979,0.007442322377361345,0.9960915691697942,4.912583231208735,-4.9426830298827555,1.78216578514074,-0.8653821549015581,-0.9833542929075605,-0.04854377646636418,0.0,0.0,0.0,0.0,nan,nan,0.0,0.0,0.0,0.0,0.0
13.886,0.021066566139854054,3.191677866727475,1.790893379059193,0.11137773242625645,0.18452148330060741,0.05703522520044838,0.9748301421306498,3.82862539889511,-5.1625734567738295,3.184412185497135,-1.182196777932048,-0.020226694904351868,-0.22728784315646205,0.198318477102992,3.0706530382318618,1.811605833514548,0.008015207954764595,0.07586654958991425,0.0058676980512021365,0.9970684997603438,5.04848586304345,-4.984991692212686,1.6200332126006312,-0.8906453463042159,-1.011964349380723,-0.03788285227951037,0.0,0.0,0.0,0.0,nan,nan,0.0,0.0,0.0,0.0,0.0
13.906,0.12393706791129323,3.0904970890165155,1.7990098161208232,0.09922566490412128,0.18303500397823141,0.05701227536662386,0.9764230923122128,3.8959433574632634,-5.227401552177602,3.2253862154236232,-1.2269985536103105,-0.19721787511551,-0.21106558267755726,0.29986881464539894,2.9703649501292775,1.8488050436857473,-0.0003685345912248922,0.06524747166375466,0.004291981388400312,0.9978598150639719,5.184388494878178,-5.0273003545426205,1.4579006400605077,-0.915908537706876,-1.0405744058538884,-0.027221928092655577,0.0,0.0,0.0,0.0,nan,nan,0.0,0.0,0.0,0.0,0.0
13.926,0.22879637936848315,2.9887954470838,1.8100783300426566,0.08720618715128627,0.1795631390639206,0.05697216003002921,0.9782158928342755,3.9733956915629425,-5.288809581569126,3.2491904163095944,-1.1911621915646953,-0.3885948885695096,-0.19075940128341223,0.4003779721818792,2.8705288547598666,1.889849120241354,-0.008752208530438954,0.054616247201849766,0.00271546572597417,0.9984653677686157,5.320291126712894,-5.06960901687255,1.2957680675203986,-0.9411717291095337,-1.069184462327051,-0.016561003905801758,0.0,0.0,0.0,0.0,nan,nan,0.0,0.0,0.0,0.0,0.0
13.946,0.33555882437371637,2.886755561978653,1.8240863362887876,0.07580397361642706,0.17444550477839008,0.05687589570858186,0.9800957381470033,4.058165260830765,-5.3435254160417935,3.259336166793827,-1.1200526076707915,-0.536714686062826,-0.1713695417025414,0.4997651100188816,2.771211480280186,1.9347067713907085,-0.017134253149603318,0.04397485532376703,0.0011384445496841651,0.9988850451439677,5.456193758547608,-5.111917679202481,1.1336354949802898,-0.9664349205121916,-1.0977945188002136,-0.005900079718947937,0.0,0.0,0.0,0.0,nan,nan,0.0,0.0,0.0,0.0,0.0
13.966,0.4441333950476938,2.7845431105784675,1.8410797140923625,0.06567561854369341,0.16813671859836163,0.05665586757438696,0.9819403595215304,4.1467374013417295,-5.386989860435456,3.2687611886921033,-0.9676875508671798,-0.6443465156630898,-0.1523328731163877,0.5979502239292784,2.672479168602341,1.9833438657195952,-0.02551310803875885,0.033325277041851176,-0.0004387885606021366,0.9991187690624601,5.5920963903823235,-5.154226341532411,0.971502922440181,-0.9916981119148492,-1.1264045752733762,0.004760844467905883,0.0,0.0,0.0,0.0,nan,nan,0.0,0.0,0.0,0.0,0.0
13.986,0.5599408277428523,2.6771984667390947,1.8620899688879506,0.05680065529716626,0.16051708447293714,0.05625497735236277,0.9837902869378239,4.241810403201259,-5.418688517207252,3.2821559090501906,-0.786140903985409,-0.7463870826446958,-0.13316893410548988,0.6989433929866684,2.5690542817975377,1.9732769701191368,-0.03719226285093508,0.020665997568153353,0.001473896540756009,0.9990933288524787,5.54942853333532,-5.119983832019497,0.7383020935254396,-0.9872859129184532,-1.1216685251790328,0.0149655493484226,0.0,0.0,0.0,0.0,nan,nan,0.0,0.0,0.0,0.0,0.0
14.006,0.6662056701438687,2.580169836775674,1.8839602341962396,0.05077640178514937,0.15297250717944486,0.05569312766171956,0.9853524468941269,4.32796906623922,-5.432532794855758,3.3070995071237084,-0.5665469306401089,-0.8054607288726673,-0.1167047531127805,0.8025733788598748,2.4639082785106514,1.946604370359215,-0.050012565420443716,0.0073007137976586044,0.004604186696877035,0.9987112917870563,5.444431313585259,-5.059021421670691,0.4802951549562764,-0.9725156296544903,-1.1052931410379665,0.025011012582712537,0.0,0.0,0.0,0.0,nan,nan,0.0,0.0,0.0,0.0,0.0
14.026,0.7793954334205001,2.4782194899816954,1.9096747453641858,0.04610528818310593,0.14388424909181416,0.05495692149185101,0.9869910648252982,4.423893630015816,-5.438333816225034,3.298627336369226,-0.4937579343410024,-1.015613400528346,-0.09842295802251963,0.9076554887665732,2.3589639973996026,1.925373930022718,-0.06281521677331665,-0.00606714665491103,0.007732851871433236,0.9979767739156675,5.339434093835199,-4.998059011321886,0.22228821638711316,-0.9577453463905273,-1.0889177568969002,0.035056475817002476,0.0,0.0,0.0,0.0,nan,nan,0.0,0.0,0.0,0.0,0.0
14.046,0.893442225500367,2.376529667348871,1.936532071578868,0.04094868333379523,0.13161265178752804,0.054350107017226444,0.9889627804371101,4.53954129835065,-5.456208112927994,3.1339519173736856,-0.6856295268775482,-1.4136803799661315,-0.07927463234033025,1.0140429614217383,2.254371217154258,1.9096151375615094,-0.07559569839764312,-0.019432865795211116,0.01085878784698821,0.9968900344758452,5.234436874085137,-4.93709660097308,-0.0357187221820503,-0.9429750631265641,-1.0725423727558336,0.04510193905129242,0.0,0.0,0.0,0.0,nan,nan,0.0,0.0,0.0,0.0,0.0
14.066,1.0077745091968697,2.275116500272113,1.96225567312312,0.0335586020271207,0.11498882318717808,0.054069885568669505,0.9913263026100962,4.674719949867789,-5.495220228817477,2.794015014195468,-0.9475934312578493,-1.8252628895682417,-0.06090497139470129,1.1215871928668233,2.1502792202795327,1.8993497575509095,-0.08834949960600076,-0.03279172638464382,0.013980891369337414,0.9954514570166657,5.1294396543350675,-4.876134190624269,-0.2937256607512365,-0.9282047798625999,-1.056166988614766,0.05514740228558325,0.0,0.0,0.0,0.0,nan,nan,0.0,0.0,0.0,0.0,0.0
14.086,1.1278103652425664,2.168885809376197,1.9864211131786365,0.023491190914108638,0.09341238899295555,0.05410006418961797,0.9938790029911815,4.818590109965783,-5.546705829215475,2.3139174083023217,-1.177626994042766,-2.172369870640197,-0.04348875184130042,1.2301379462417397,2.046836582365555,1.8945917999664272,-0.10107211912743336,-0.046139013605234806,0.01709806053688479,0.9936615492633811,5.024442434585007,-4.815171780275463,-0.5517325993203998,-0.9134344965986368,-1.0397916044736997,0.06519286551987319,0.0,0.0,0.0,0.0,nan,nan,0.0,0.0,0.0,0.0,0.0
14.106,1.2420330632339356,2.0679153420273972,2.006163289873735,0.011910570308128471,0.0696159680091721,0.0543690054711855,0.9960199629310424,4.93992769956651,-5.593328347372025,1.7790908965716976,-1.3865191228693698,-2.451979471967218,-0.03196568805710416,1.3395435638619708,1.944190962355641,1.8953475004070246,-0.11375906669611673,-0.0594700167236675,0.020209195189544765,0.9915209429382247,4.919445214834946,-4.754209369926657,-0.8097395378895631,-0.8986642133346738,-1.0234162203326334,0.07523832875416313,0.0,0.0,0.0,0.0,nan,nan,0.0,0.0,0.0,0.0,0.0
14.126,1.3504303766055707,1.9721587561189544,2.0217843591088065,-0.0008988431994774751,0.04442206135405802,0.05476433336187195,0.9975102707929322,5.029465164837338,-5.626837855758254,1.2130223936296858,-1.588128976951609,-2.6891503163439974,-0.027655999838910525,1.4496511813012467,1.842488894108306,1.9016153112928347,-0.1264058646361288,-0.0727800307538642,0.023313197297026845,0.989030393537453,4.814447995084885,-4.693246959577851,-1.0677464764587263,-0.8838939300707107,-1.007040836191567,0.08528379198845307,0.0,0.0,0.0,0.0,nan,nan,0.0,0.0,0.0,0.0,0.0
14.146,1.4700860074289819,1.866505413615693,2.035417017203725,-0.01720097678774195,0.013968200420151775,0.055243556382992845,0.9982270108811568,5.088200336285237,-5.642221816956853,0.529025429539812,-1.8223651042948588,-2.916647996802028,-0.032468070398537136,1.560306943177738,1.7418755795474201,1.9133859040497565,-0.1390080494417836,-0.0860643581175456,0.026408971346370193,0.9861907800647054,4.709450775334815,-4.63228454922904,-1.3257534150279124,-0.8691236468067465,-0.9906654520504993,0.09532925522274391,0.0,0.0,0.0,0.0,nan,nan,0.0,0.0,0.0,0.0,0.0
14.166,1.5781865861344995,1.7710833359887528,2.0444287629337126,-0.03397030974026875,-0.015586120670861858,0.0555909067202408,0.9977538483957878,5.096281436772731,-5.627642983183438,-0.13569607199300815,-2.0378039398587346,-3.0865661922654697,-0.04483926190690282,1.6713562203390406,1.6424946836925958,1.9306421822778301,-0.15156117335295655,-0.09931831030216884,0.029495424728588085,0.9830031047207721,4.6044535555847546,-4.571322138880234,-1.583760353597076,-0.8543533635427834,-0.9742900679094331,0.10537471845703383,0.0,0.0,0.0,0.0,nan,nan,0.0,0.0,0.0,0.0,0.0
14.186,1.7031195713064569,1.6608223466790102,2.05094306866666,-0.055860271452190836,-0.051836041616296916,0.055731665753113335,0.9955333426335976,5.04144938426516,-5.5634918522697765,-0.9411647022195738,-2.3159134042861576,-3.2741092929592988,-0.06794762598522001,1.7826438281395256,1.544488131859009,1.9533593058848313,-0.16406080592486455,-0.11253720951567782,0.032571468124290195,0.9794684925498812,4.499456335834694,-4.510359728531428,-1.8417672921662394,-0.8395830802788204,-0.9579146837683667,0.1154201816913238,0.0,0.0,0.0,0.0,nan,nan,0.0,0.0,0.0,0.0,0.0
14.206,1.8106289485911509,1.5659465266972417,2.0536538697858315,-0.07744006401739656,-0.08509528558284286,0.05546996731570498,0.991808908803783,4.928075332004433,-5.451641431405585,-1.630168847843641,-2.637597472515592,-3.476832928203373,-0.0969087701821891,1.8940142455017381,1.4479959093131065,1.9815047261509864,-0.17650253559172344,-0.12571639033745785,0.03563601588814117,0.9755881910426307,4.394459116084634,-4.449397318182623,-2.0997742307354024,-0.8248127970148573,-0.9415392996273004,0.12546564492561374,0.0,0.0,0.0,0.0,nan,nan,0.0,0.0,0.0,0.0,0.0
14.226,1.9228882344356726,1.4668450141840637,2.054965083403934,-0.10324346554696376,-0.12202439675510895,0.054600562505441125,0.9856315802532375,4.73748370471498,-5.264469552281326,-2.283884191932895,-2.9735124023380477,-3.6102890109319112,-0.13661635578002848,2.005311834452767,1.3531558636668712,2.0150382316753364,-0.1888819712237485,-0.13885120136493134,0.03868798643202405,0.9713635696957045,4.289461896334564,-4.388434907833812,-2.3577811693045887,-0.8100425137508931,-0.9251639154862326,0.13551110815990455,0.0,0.0,0.0,0.0,nan,nan,0.0,0.0,0.0,0.0,0.0
14.246,2.0278496657486267,1.3740501411006085,2.056523181559692,-0.12957137453464054,-0.15691902133397295,0.053013163054655914,0.9776386265833262,4.50367548113527,-5.026019018137132,-2.8056329500412036,-3.031236394940612,-3.4724250230372524,-0.17907578524882828,2.1163810598255655,1.2601035102896834,2.053912005138859,-0.20119474367693702,-0.15193700685519898,0.041726302606770245,0.9667961195285296,4.184464676584502,-4.327472497485006,-2.615788107873752,-0.7952722304869301,-0.9087885313451662,0.14555657139419448,0.0,0.0,0.0,0.0,nan,nan,0.0,0.0,0.0,0.0,0.0
14.266,2.1466992810235133,1.2687071404901196,2.059173839990627,-0.1576107303342306,-0.19315446950166784,0.05043891988717134,0.9671122602654022,4.20740948056615,-4.716007172896432,-3.319673910898917,-2.57100927447782,-2.8761501291360667,-0.2271003086483226,2.2270667088152525,1.1689718410123435,2.098070690804278,-0.21343650733510072,-0.16496918836116514,0.04474989208232542,0.9618874525570401,4.0794674568344425,-4.2665100871362,-2.873795046442915,-0.7805019472229671,-0.8924131472040999,0.15560203462848443,0.0,0.0,0.0,0.0,nan,nan,0.0,0.0,0.0,0.0,0.0
14.286,2.2417681234332774,1.1842045692371717,2.061336312412321,-0.1750849995047897,-0.21598436953293326,0.047979933512231704,0.9593716282265341,3.9821328674310976,-4.473830886305528,-3.629493117435851,-1.827372875913147,-2.101432474988038,-0.26146767843190205,2.3372141100802555,1.07989113639344,2.1474514726572016,-0.22560294164358474,-0.1779431463615483,0.04775768772621192,0.9566393012247403,3.9744702370843816,-4.205547676787394,-3.131801985012079,-0.7657316639590039,-0.8760377630630336,0.16564749786277438,0.0,0.0,0.0,0.0,nan,nan,0.0,0.0,0.0,0.0,0.0
14.306,2.350199918490403,1.0875390354907992,2.063325908198445,-0.18702433236406865,-0.2329733226874827,0.04505614008224486,0.9532655843261194,3.772281142771134,-4.241469922832753,-3.8138211609147996,-0.8801528068741249,-1.0907693848529578,-0.2888456733815983,2.446669352079171,0.9929887818129659,2.201984163078343,-0.23768975263414605,-0.19085430188421687,0.05074862798015812,0.951053517791264,3.8694730173343213,-4.144585266438589,-3.3898089235812416,-0.7509613806950408,-0.8596623789219673,0.1756929610970643,0.0,0.0,0.0,0.0,nan,nan,0.0,0.0,0.0,0.0,0.0
14.326,2.4458138224591264,1.0019958945820107,2.064672910631889,-0.19037256558615168,-0.23948863879953516,0.04248108203221026,0.9511040089430098,3.6434062952611526,-4.087984589432008,-3.8123454116380957,-0.14027033726131038,-0.2605678937146452,-0.29689037811396324,2.554409128568478,0.9087697183604205,2.259509299944751,-0.24943464545340865,-0.20345158304411345,0.053694276155869976,0.9452548522554506,3.7636516613464077,-4.0808400264233935,-3.6402208345957368,-0.7350086788927572,-0.8423263150641737,0.18494743097303454,0.0,0.0,0.0,0.0,nan,nan,0.0,0.0,0.0,0.0,0.0
14.346,2.5531525162030206,0.9055202950325709,2.066215857967714,-0.18772448310699788,-0.23849714831473517,0.03959458099997172,0.9520036228100115,3.55621552746325,-3.964887624020711,-3.6458556743175166,0.43067196544655356,0.47753083026204723,-0.28794386475990275,2.63151974785564,0.839148623059191,2.2473023409664488,-0.25212446154772583,-0.20740443231797392,0.055674039236214785,0.9435661390168962,3.629055428797753,-3.9199317489601917,-3.625450885710699,-0.677771604530498,-0.7914479326019228,0.16658421435383683,0.0,0.0,0.0,0.0,nan,nan,0.0,0.0,0.0,0.0,0.0
14.366,2.6379879074926396,0.8288530117216425,2.0679747796750463,-0.182422798843865,-0.232516796998883,0.03721434781074674,0.9546061773801654,3.5198971059349837,-3.8908034520323853,-3.4170493344642088,0.683436880931314,0.9372033262727704,-0.2699434879126021,2.709051241705806,0.7698249874792609,2.236110586115968,-0.2548068068558309,-0.2113511359201142,0.05765215262004802,0.9418494666471322,3.494459196249097,-3.7590234714969895,-3.610680936825661,-0.6205345301682387,-0.740569550139672,0.14822099773463912,0.0,0.0,0.0,0.0,nan,nan,0.0,0.0,0.0,0.0,0.0
14.386,2.728921897416415,0.7461903399072052,2.0709313662910906,-0.17513824815289497,-0.2215281303757167,0.034363976953677836,0.9586819068774072,3.5041881744347863,-3.8206001982595286,-3.1047884762366142,0.7744041436632516,1.3702849912463446,-0.24380691124337095,2.7869945823396445,0.7008072192956933,2.2259352388940186,-0.25748160189623187,-0.21529157690440912,0.05962855769321498,0.9401048860134651,3.3598629637004414,-3.5981151940337877,-3.5959109879406226,-0.5632974558059792,-0.689691167677421,0.12985778111544136,0.0,0.0,0.0,0.0,nan,nan,0.0,0.0,0.0,0.0,0.0
14.406,2.8163890313627578,0.6661812892272401,2.0752238872228315,-0.1677796479791011,-0.20652454260738082,0.03112243243151,0.963446416374241,3.5062330203231364,-3.752699933749223,-2.7618545411041406,0.7461309684116086,1.7534388613588612,-0.21284152725553623,2.865340693163903,0.6321036899307684,2.2167773823321184,-0.2601487674111619,-0.21922563851030358,0.06160319589218066,0.9383324488101605,3.2252667311517738,-3.4372069165705708,-3.581141039055583,-0.5060603814437149,-0.6388127852151656,0.11149456449624201,0.0,0.0,0.0,0.0,nan,nan,0.0,0.0,0.0,0.0,0.0
14.426,2.9005441927295235,0.5887753148112724,2.081060640771694,-0.161225337995116,-0.18809931837837235,0.027476794052476886,0.9684369172034646,3.5176377010559112,-3.6816947221485137,-2.4002581224903374,0.6452359194626157,2.0505144140888594,-0.17495895635837438,2.9440804498471755,0.5637227335617885,2.208637978864222,-0.26280822436892604,-0.22315320416627085,0.0635760087057644,0.9365322075569122,3.090670498603118,-3.2762986391073694,-3.566371090170545,-0.4488233070814556,-0.5879344027529146,0.09313134787704427,0.0,0.0,0.0,0.0,nan,nan,0.0,0.0,0.0,0.0,0.0
14.446,2.981560123075189,0.5139605064749309,2.0887337313080403,-0.1558077151570141,-0.16739949320385059,0.023668063473133844,0.973211790076588,3.5280212492170646,-3.6065731572799202,-2.025260345306706,0.5377518231213683,2.207807001432848,-0.1274506268797997,3.0232046814014026,0.4956726461332375,2.2015178702126503,-0.2654598939662455,-0.22707415749326929,0.06554693767687471,0.9347042155972848,2.956074266054462,-3.1153903616441667,-3.5516011412855066,-0.3915862327191962,-0.5370560202906636,0.07476813125784652,0.0,0.0,0.0,0.0,nan,nan,0.0,0.0,0.0,0.0,0.0
14.466,3.06350462861494,0.4381756980080807,2.099042332589388,-0.1513674698848519,-0.14435908963577976,0.019790569804179047,0.9776792294239525,3.53071666397061,-3.5256829505975427,-1.6426691496307786,0.39815479386625185,2.278863483287635,-0.07312837683549855,3.1027041712688277,0.4279616843735326,2.195417777288321,-0.2681036976305905,-0.2309883823081887,0.06751592440424065,0.9328485270971337,2.821478033505807,-2.954482084180965,-3.536831192400469,-0.33434915835693685,-0.4861776378284128,0.05640491463864881,0.0,0.0,0.0,0.0,nan,nan,0.0,0.0,0.0,0.0,0.0
14.486,3.135404246024267,0.3717804408966994,2.1098551449029563,-0.14874882270575804,-0.12329563187471729,0.0165157838060973,0.9810194716668653,3.5268927339010903,-3.453637233668295,-1.3759258891534807,0.24740646792527357,2.244879472949968,-0.027380743651319484,3.1825696584144025,0.360598064816388,2.1903383001053114,-0.2707395570225103,-0.23489576262729436,0.06948291054414277,0.9309651970429997,2.686881800957139,-2.7935738067177485,-3.522061243515429,-0.27711208399467246,-0.4352992553661574,0.038041698019449455,0.0,0.0,0.0,0.0,nan,nan,0.0,0.0,0.0,0.0,0.0
14.506,3.213233230846758,0.30015852130517023,2.1218748957715468,-0.14728144215222141,-0.1006741240182488,0.01328082812132104,0.9838681401260699,3.5207972082709387,-3.37831758927021,-1.2013098612829398,0.11469114058128485,2.125410357356829,0.016000657430473852,3.262791838423416,0.29358996282697736,2.186279917709734,-0.2733673940379525,-0.23879618266966193,0.0714478378121412,0.9290542812404807,2.5522855684084833,-2.632665529254546,-3.5072912946303916,-0.2198750096324131,-0.3844208729039065,0.019678481400251704,0.0,0.0,0.0,0.0,nan,nan,0.0,0.0,0.0,0.0,0.0
14.526,3.2827824104635974,0.23639096583012625,2.131364641867946,-0.1469714892688974,-0.08155188930806202,0.010801864561989302,0.9857139495890033,3.517027948438395,-3.3147799803611986,-1.136308547054408,0.01025304822798305,1.9523286711412502,0.04810396426633412,3.3433613646043376,0.22694551163291843,2.1832429881229642,-0.27598713081057935,-0.24268952686061054,0.07341064798480372,0.9271158363125767,2.4176893358598273,-2.471757251791344,-3.4925213457453532,-0.16263793527015372,-0.33354249044165546,0.001315264781053982,0.0,0.0,0.0,0.0,nan,nan,0.0,0.0,0.0,0.0,0.0
14.546,3.359135901539609,0.16658155759388726,2.1391291688755385,-0.1478878834446108,-0.06248862537454651,0.008543312062342854,0.9869910624965549,3.5171547688194122,-3.2477614145120404,-1.142556247165067,-0.14076765259125393,1.7153788266094985,0.06861053517012433,3.424268849096602,0.16067280136030915,2.1812277482992015,-0.27859868971407403,-0.24657567983512596,0.0753712829014303,0.9251499196980126,2.283093103311172,-2.3108489743281417,-3.4777513968603153,-0.10540086090789436,-0.28266410797940456,-0.01704795183814377,0.0,0.0,0.0,0.0,nan,nan,0.0,0.0,0.0,0.0,0.0
14.566,3.4315658201835006,0.10049429684466092,2.143247830999258,-0.15012887793784932,-0.04685989256723882,0.006845450170173178,0.9875315743254374,3.5205999360210827,-3.183444844667883,-1.1976018264805575,-0.27691242138209005,1.4333648859644215,0.08365612553487434,3.5055048639833144,0.09477987807483812,2.1802343140973868,-0.28120199336444096,-0.25045452644127975,0.07732968446577689,0.9231565896495364,2.148496870762504,-2.1499406968649257,-3.4629814479752756,-0.048163786545629944,-0.23178572551714913,-0.035411168457343135,0.0,0.0,0.0,0.0,nan,nan,0.0,0.0,0.0,0.0,0.0
14.586,3.5074002973911167,0.031431936490138236,2.1439395616231818,-0.15393884315321382,-0.033804574192903725,0.005669540605727877,0.987485665537281,3.5238582721573493,-3.112596833508163,-1.2921854404406852,-0.4355964549984813,1.0616115308126277,0.10053425742253574,3.587059942408659,0.0292747428281519,2.180262680267468,-0.2837969646222982,-0.25432595174363964,0.07928579464777608,0.9211359052321936,2.0139006382138485,-1.989032419401724,-3.4482114990902373,0.009073287816629333,-0.1809073430548983,-0.05377438507654083,0.0,0.0,0.0,0.0,nan,nan,0.0,0.0,0.0,0.0,0.0
14.606,3.575833217736001,-0.030740822887063313,2.1414222173356343,-0.15922306566608704,-0.02582470370688552,0.005272148454009542,0.9868907257082838,3.521131602904901,-3.041488932264556,-1.4048693151842906,-0.7046833983495057,0.6051436960367875,0.1096601578017705,3.6689245797000014,-0.035834649290499954,2.1813127204510283,-0.2863835265951645,-0.2581898410266781,0.08123955548525771,0.9190879263215751,1.8793044056651929,-1.8281241419385217,-3.4334415502052,0.06631036217888867,-0.13002896059264735,-0.07213760169573857,0.0,0.0,0.0,0.0,nan,nan,0.0,0.0,0.0,0.0,0.0
14.626,3.6440499128537804,-0.09245714778106832,2.136302501154179,-0.16806146049390072,-0.022948623250505472,0.005661704547396615,0.9854931005791879,3.5047944818446006,-2.9546472919045677,-1.546299148977936,-1.1779356428287564,-0.011461788502967835,0.11479474978913094,3.7510892344943905,-0.1005403900971149,2.1833841871962543,-0.28896160263973686,-0.262046079798169,0.08319090908566579,0.9170127136020454,1.7447081731165373,-1.6672158644753194,-3.4186716013201615,0.12354743654114804,-0.07915057813039644,-0.09050081831493632,0.0,0.0,0.0,0.0,nan,nan,0.0,0.0,0.0,0.0,0.0
14.646,3.7191135099707147,-0.15984539374308865,2.1282648157160864,-0.18366597090377826,-0.027238128372861957,0.007293184294872874,0.9825841973884767,3.4597367092660822,-2.8291415389736363,-1.7430391095050357,-1.8210022256929173,-0.827766238699188,0.1226467904849668,3.8335443298694605,-0.164834619250263,2.18647671198727,-0.2915311163641617,-0.26589455379258214,0.08513979762777403,0.9149103285649424,1.6101119405678697,-1.506307587012103,-3.4039016524351218,0.18078451090341252,-0.028272195668140994,-0.10886403493413567,0.0,0.0,0.0,0.0,nan,nan,0.0,0.0,0.0,0.0,0.0
14.666,3.790131087340099,-0.222738803643577,2.119232309490757,-0.2043796217687855,-0.03953078824098109,0.01030258758757963,0.9780389274848394,3.378094725358343,-2.6724329197965915,-1.9563019322810238,-2.370346190836372,-1.6390900317552606,0.1328278805976374,3.9162802544785027,-0.22870952518270604,2.190589805287816,-0.2940919916302981,-0.2697351489744666,0.08708616336339872,0.9127808335067572,1.475515708019214,-1.345399309548901,-3.389131703550084,0.23802158526567185,0.022606186794109945,-0.12722725155333342,0.0,0.0,0.0,0.0,nan,nan,0.0,0.0,0.0,0.0,0.0
14.686,3.8604858818949888,-0.2838541173076195,2.1096713164523657,-0.22932075653133824,-0.05890769431831446,0.014693597819965876,0.9714555946398681,3.2534039282312794,-2.4782549523822857,-2.1829382053172224,-2.7068512873923134,-2.263509496905375,0.14099169013719204,3.98580851276836,-0.28156946214135736,2.1884831995916696,-0.2931785343498257,-0.2709035241703414,0.08735032199550741,0.9127034287411537,1.3620197740521882,-1.2187851017740368,-3.350116015028767,0.28447636897354733,0.06823995683542287,-0.14231283537993492,0.0,0.0,0.0,0.0,nan,nan,0.0,0.0,0.0,0.0,0.0
14.706,3.929904586789017,-0.3426692741214367,2.1001547663396827,-0.2554758648245445,-0.08319966326376993,0.02020846260198061,0.9630168828033133,3.088671941784648,-2.2558519772986365,-2.400755370135043,-2.742509449758862,-2.6681520064486817,0.14497528043416308,4.025816538113121,-0.31110505776230885,2.1702957968124776,-0.28468165245106475,-0.26623784965484815,0.08394417296528761,0.9170753186047848,1.2945316868087342,-1.1669469117718405,-3.2582340474559914,0.3074210599764896,0.10243818612106492,-0.150251751278851,0.0,0.0,0.0,0.0,nan,nan,0.0,0.0,0.0,0.0,0.0
14.725999999999999,3.9947919021515066,-0.39623978121014275,2.0910374440289696,-0.2795918153871591,-0.10878154616621895,0.026160456997518816,0.9535778009537976,2.902282274882525,-2.027634146130424,-2.6107825588541664,-2.6242176434543443,-2.8752885917437423,0.14496462988737369,4.0654801902930675,-0.34048756490705234,2.1511323396567006,-0.2761492762181574,-0.26153898039316475,0.0805275577090247,0.9213328667905597,1.2270435995652804,-1.115108721769644,-3.1663520798832154,0.3303657509794319,0.13663641540670696,-0.15819066717776703,0.0,0.0,0.0,0.0,nan,nan,0.0,0.0,0.0,0.0,0.0
14.746,4.0618920925498,-0.45032682577392774,2.080785065426533,-0.30237043098297084,-0.13697762426224064,0.03305670481035323,0.9427176179459712,2.6800809757776554,-1.7810583893585097,-2.8381744828614597,-2.3373297936354476,-2.9754247011150072,0.1423467334804679,4.104790214286974,-0.3696966154086116,2.1309995677928875,-0.26758246947453657,-0.256807502244036,0.07710090221301748,0.9254755424639955,1.1595555123218202,-1.0632705317674431,-3.074470112310432,0.3533104419823762,0.17083464469235202,-0.1661295830766838,0.0,0.0,0.0,0.0,nan,nan,0.0,0.0,0.0,0.0,0.0
14.766,4.127884669642852,-0.5025442089838923,2.0689093665030867,-0.32188261836219084,-0.1652356034374541,0.04039123605825599,0.9313738902302592,2.4370781989150427,-1.534875533840912,-3.0777395590366754,-2.0145074212850225,-2.971805577084498,0.13788024016944023,4.143737531430677,-0.3987119276041532,2.109904704294229,-0.2589823003364611,-0.2520440051319099,0.07366463371539074,0.9295028291130039,1.0920674250783664,-1.0114323417652467,-2.982588144737656,0.37625513298531843,0.20503287397799408,-0.1740684989755999,0.0,0.0,0.0,0.0,nan,nan,0.0,0.0,0.0,0.0,0.0
14.786,4.192891492329208,-0.5532802982776713,2.0547473024294702,-0.337644317983655,-0.19294648492361685,0.04814048721440963,0.9200274245802309,2.176361225759746,-1.2960458779200223,-3.2949638918685986,-1.6386792060148798,-2.929971965858103,0.130502258835564,4.182313243944698,-0.42751331644962226,2.0878554520363464,-0.2503498410798374,-0.24724908297338286,0.07021918065282501,0.9334142246122925,1.0245793378349126,-0.9595941517630502,-2.8907061771648808,0.39919982398826076,0.2392311032636361,-0.18200741487451594,0.0,0.0,0.0,0.0,nan,nan,0.0,0.0,0.0,0.0,0.0
14.806000000000001,4.259982094729685,-0.6049599761885925,2.0372843423309295,-0.3500558743475807,-0.2207870932650919,0.0565843726272849,0.9085769934665301,1.890183446811998,-1.0599018706799341,-3.4573936056049703,-1.2367056002584702,-2.7921818045549194,0.11611196008725677,4.220508639371617,-0.45608070358617003,2.0648599898558126,-0.24168616800652926,-0.24242333360315096,0.06676497260713969,0.9372092412859696,0.9570912505914526,-0.907755961760849,-2.7988242095920963,0.42214451499120503,0.2734293325492812,-0.18994633077343273,0.0,0.0,0.0,0.0,nan,nan,0.0,0.0,0.0,0.0,0.0
14.826,4.31938675135535,-0.6500796752820205,2.0193556098273397,-0.35768209509180676,-0.24423785942112386,0.06430078713112754,0.899042154545848,1.6299271806950986,-0.8646690229704269,-3.5422455805062714,-0.8667899728672381,-2.6184927431102096,0.09677998666385801,4.25831519492104,-0.48439412735337684,2.0409269684713123,-0.23299236131016626,-0.2375673586994728,0.06330244025173329,0.9408874059683467,0.8896031633479987,-0.8559177717586526,-2.706942242019321,0.4450892059941473,0.30762756183492324,-0.1978852466723488,0.0,0.0,0.0,0.0,nan,nan,0.0,0.0,0.0,0.0,0.0
14.846,4.380011445201013,-0.6953352310172071,1.9987788383124256,-0.36224159791711374,-0.26679554644443787,0.07232114335653833,0.8901521293349093,1.3628635900570434,-0.6807975991097439,-3.5317257665295476,-0.5113170568483909,-2.3902351772599006,0.0663762304044,4.295724581719992,-0.5124337527442998,2.016065506169447,-0.2242695049414597,-0.23268176370914917,0.05983201529788494,0.9444482600629353,0.8221150761045448,-0.8040795817564562,-2.6150602744465457,0.4680338969970896,0.34182579112056527,-0.20582416257126487,0.0,0.0,0.0,0.0,nan,nan,0.0,0.0,0.0,0.0,0.0
14.866,4.438002566865132,-0.7377047234057412,1.9769623276611243,-0.36356730225386247,-0.28677659312805553,0.07999587520059596,0.8827109732616929,1.1122678935547496,-0.5200581100114302,-3.453487829252331,-0.17005834154566501,-2.115243785206137,0.029407000265570193,4.332728668966583,-0.5401798812973315,1.990285184257389,-0.21551868647305789,-0.2277671577720371,0.05635413044092953,0.9478913595996233,0.7546269888610909,-0.7522413917542599,-2.52317830687377,0.4909785880000319,0.3760240204062073,-0.21376307847018094,0.0,0.0,0.0,0.0,nan,nan,0.0,0.0,0.0,0.0,0.0
14.886,4.492970548835614,-0.7769909172840993,1.95405576367633,-0.3621189011283418,-0.30416289919525924,0.08719426748276483,0.8767850317591428,0.8813809412652991,-0.38025621542806454,-3.3389015551747883,0.11672023444142421,-1.842800949508558,-0.011897027585695552,4.369319527984896,-0.5676129609199765,1.9635960422846033,-0.2067409969639457,-0.22282415364510164,0.05286921930630857,0.9512162752900306,0.687138901617637,-0.7004032017520634,-2.4312963393009945,0.5139232790029741,0.4102222496918493,-0.22170199436909702,0.0,0.0,0.0,0.0,nan,nan,0.0,0.0,0.0,0.0,0.0
14.906,4.544566325111232,-0.8130716239135113,1.930173038777504,-0.358135007227115,-0.3187274692618373,0.09378080888503978,0.8725578931058079,0.6727436536187079,-0.25964522732136663,-3.187419616155773,0.40409167297655013,-1.5331007306512414,-0.056636199779575125,4.40548943617909,-0.5947135956396301,1.9360085730360483,-0.1979375308234101,-0.217853367626016,0.04937771639550516,0.954422592581033,0.619650814374177,-0.6485650117498623,-2.3394143717282105,0.5368679700059185,0.4444204789774944,-0.22964091026801378,0.0,0.0,0.0,0.0,nan,nan,0.0,0.0,0.0,0.0,0.0
14.926,4.592458118697736,-0.8458562755021862,1.9054417243514545,-0.3517040020707758,-0.3303118214591799,0.09971610518230455,0.8702040530237664,0.4873203294299888,-0.15711231135896842,-3.0088667548298687,0.696514795379114,-1.1946832957805051,-0.1027092773395557,4.441230880884699,-0.6214625552764889,1.907533717299354,-0.18910938567459112,-0.21285541947632322,0.04588005703187119,0.9575099117064478,0.5521627271307231,-0.5967268217476659,-2.247532404155435,0.5598126610088607,0.47861870826313646,-0.23757982616692985,0.0,0.0,0.0,0.0,nan,nan,0.0,0.0,0.0,0.0,0.0
14.946,4.636482147883967,-0.8754066289234371,1.8798936413168026,-0.34297285142928824,-0.33883271592505687,0.10498666474567787,0.8697929719346389,0.32446220096581746,-0.07090723558586665,-2.8264098245104137,0.9527405365603632,-0.8814426055888808,-0.1471356845656343,4.476536563115277,-0.6478407850338026,1.8781828584085507,-0.1802576622176249,-0.20783093234416095,0.042376677306349,0.9604778477368788,0.4846746398872692,-0.5448886317454695,-2.1556504365826594,0.582757352011803,0.5128169375487786,-0.24551874206584592,0.0,0.0,0.0,0.0,nan,nan,0.0,0.0,0.0,0.0,0.0
14.966,4.6765359700848705,-0.9018297673424732,1.853566829935802,-0.33217322375391245,-0.3444208853223094,0.10962934741170596,0.8712155929279578,0.1812505938057002,0.0017688349127922276,-2.634729876005337,1.2039969611091603,-0.5589557186001204,-0.18929986817103028,4.511399401202442,-0.6738294150006371,1.8479678165671256,-0.17138346409241043,-0.20278053268656862,0.03886801402310056,0.9633260306277086,0.4171865526438153,-0.49305044174327306,-2.063768469009884,0.6057020430147453,0.5470151668344205,-0.253457657964762,0.0,0.0,0.0,0.0,nan,nan,0.0,0.0,0.0,0.0,0.0
14.986,4.716024191072434,-0.9274970876683433,1.8237117929448474,-0.31819734502748037,-0.34729397680817276,0.11403418200546139,0.8747191255623558,0.04338878652311817,0.06881413836953976,-2.4435154935967622,1.4225362034031304,-0.23572249451398142,-0.23059197849860924,4.545812534327569,-0.6994097695624462,1.8169008429531908,-0.16248789774100517,-0.19770485019137954,0.035354504645045665,0.9660541052652363,0.3496984654003554,-0.44121225174107204,-1.9718865014371,0.6286467340176896,0.5812133961200656,-0.26139657386367876,0.0,0.0,0.0,0.0,nan,nan,0.0,0.0,0.0,0.0,0.0
15.006,4.744994003366552,-0.9461474613333304,1.798463786006405,-0.30548162347135427,-0.34724937446864357,0.11707669033556083,0.8788582924638718,-0.056676553040199695,0.1158665715614009,-2.3058463403862297,1.5658380226450392,0.010948225488266239,-0.2600396691461622,4.579769325943316,-0.7245633767147359,1.7849946136097383,-0.1535720722696767,-0.19260451769871245,0.03183658723932002,0.9686617315109526,0.2822103781569015,-0.3893740617388756,-1.8800045338643243,0.6515914250206319,0.6154116254057076,-0.26933548976259486,0.0,0.0,0.0,0.0,nan,nan,0.0,0.0,0.0,0.0,0.0
15.026,4.7736936392830325,-0.9645410996512221,1.769615074743638,-0.290324276307122,-0.3447432332356152,0.11983460739920648,0.8845923267779787,-0.15621555692677425,0.16186805986878816,-2.1547748881460276,1.686695265770505,0.2929324304326804,-0.28826144772353357,4.613263367083342,-0.7492719772752066,1.7522622231229852,-0.14463709931061314,-0.18748017112206608,0.028314700422654694,0.9711485842439497,0.2147222909134476,-0.3375358717366792,-1.7881225662915488,0.6745361160235741,0.6496098546913497,-0.2772744056615109,0.0,0.0,0.0,0.0,nan,nan,0.0,0.0,0.0,0.0,0.0
15.046,4.799898151047163,-0.9813564430999113,1.738557787250496,-0.2737111213640545,-0.33943044979107106,0.12194985895886941,0.8916262802857343,-0.2490472281535987,0.20534778991699176,-2.001678496562588,1.7496463741894668,0.5532998494664377,-0.312433409992621,4.63235188672377,-0.7646304924532316,1.726473805836583,-0.13784306614187464,-0.18085364499697573,0.026077933631845632,0.973453229274734,0.18125992085340464,-0.3072316379655799,-1.718857457926955,0.6727066694003517,0.6576800922190738,-0.2733071265651789,0.0,0.0,0.0,0.0,nan,nan,0.0,0.0,0.0,0.0,0.0
15.066,4.820988260569412,-0.9950278685748288,1.708558666176587,-0.2576420643994178,-0.33192929818720035,0.12317050384145707,0.8990397847928646,-0.3279771724091908,0.24437993052755402,-1.8506396470234625,1.7865366283259247,0.8152371611477277,-0.33070632781414266,4.641811952746871,-0.7738308498738835,1.705471975943658,-0.13246857890056515,-0.1732272685712615,0.024694084150034434,0.9756201060020215,0.17038688434841323,-0.2912235825069621,-1.6646074563378397,0.654429920421689,0.6484042171648989,-0.2614354436125097,0.0,0.0,0.0,0.0,nan,nan,0.0,0.0,0.0,0.0,0.0
15.086,4.838269940517339,-1.0064869352054957,1.6784195829984754,-0.24139991716332387,-0.32197062944435945,0.12366010969138515,0.9070662440196184,-0.3983891183231897,0.2813159741764204,-1.70060116972979,1.8354941880566322,1.088173858176195,-0.34403510969905116,4.650916949905432,-0.7828228954686342,1.6842244248507687,-0.12708168503305214,-0.16558466817766554,0.023307921891306427,0.9776956089554464,0.1595138478434228,-0.27521552704834573,-1.6103574547487287,0.6361531714430279,0.639128342110725,-0.2495637606598416,0.0,0.0,0.0,0.0,nan,nan,0.0,0.0,0.0,0.0,0.0
15.106,4.851062910945601,-1.015342376189448,1.650015765738438,-0.22533507661310542,-0.3094966059482726,0.123548732927288,0.9155171569917887,-0.4561893013908384,0.31279969076964226,-1.5527335741671324,1.991338724512669,1.4467539077236837,-0.35273535763366504,4.659663746501645,-0.791602872213797,1.6627390381346934,-0.12168288906032537,-0.15792655960016475,0.021919576679632898,0.9796795437493699,0.14864081133843235,-0.2592074715897293,-1.5561074531596177,0.6178764224643667,0.6298524670565511,-0.23769207770717346,0.0,0.0,0.0,0.0,nan,nan,0.0,0.0,0.0,0.0,0.0
15.126,4.860708166866516,-1.0225869594174586,1.620707438450241,-0.20690728913115278,-0.2921750420143304,0.12299519865601895,0.925578359533048,-0.5056736898998935,0.3391589236788893,-1.402468241804903,2.2432444206216635,1.9223987462401435,-0.3583327786839937,4.668049345026697,-0.8001671025308584,1.6410237904701286,-0.11627269661809217,-0.15025366007518856,0.02052917854343438,0.981571724574164,0.1377677748334419,-0.24319941613111296,-1.5018574515705068,0.5995996734857055,0.6205765920023771,-0.22582039475450533,0.0,0.0,0.0,0.0,nan,nan,0.0,0.0,0.0,0.0,0.0
15.146,4.866876580903228,-1.0282045006038825,1.589628466850652,-0.18364820402900783,-0.26672209881809905,0.12206019299291582,0.9382078492772911,-0.5442554457634905,0.35677866884370846,-1.247973459485568,2.644409670158386,2.5293122178656438,-0.3612453492397966,4.6760708832837015,-0.8085119896641744,1.619086742642215,-0.11085161440941992,-0.14256668822444343,0.019136857703402278,0.9833719742136133,0.12689473832845047,-0.2271913606724951,-1.4476074499813911,0.5813229245070428,0.6113007169482022,-0.2139487118018361,0.0,0.0,0.0,0.0,nan,nan,0.0,0.0,0.0,0.0,0.0
15.166,4.868688517027018,-1.0311264820810526,1.565380068489693,-0.16207336261000743,-0.24032975982420737,0.12102013324855661,0.9493829359239745,-0.5624847580142521,0.3614245430867521,-1.138457112054293,2.9602955548077228,3.0615411185583765,-0.36198667743436785,4.683725635459926,-0.8166340190283815,1.5969360385268159,-0.10542015015728154,-0.13486636398761134,0.01774274456030328,0.9850801240615126,0.11602170182346003,-0.21118330521387874,-1.3933574483922802,0.5630461755283817,0.6020248418940283,-0.202077028849168,0.0,0.0,0.0,0.0,nan,nan,0.0,0.0,0.0,0.0,0.0
15.186,4.867301532411345,-1.0328701821810662,1.5376389764229899,-0.1324829243137232,-0.2011201888278455,0.11940289738496909,0.9631935903582469,-0.5679491977888157,0.3546349685093091,-1.0182075088343658,3.2970533863942864,3.671642858924261,-0.36208085715348226,4.691011013147942,-0.8245297595250355,1.5745799020396478,-0.09997881255700104,-0.1271534085549185,0.016346969682765666,0.986696014137459,0.10514866531846957,-0.19517524975526235,-1.3391074468031692,0.5447694265497205,0.5927489668398542,-0.19020534589649987,0.0,0.0,0.0,0.0,nan,nan,0.0,0.0,0.0,0.0,0.0
15.206,4.8636371416786215,-1.0330322786121806,1.5167403969704367,-0.1063815861450759,-0.16433956568470623,0.11769807378624325,0.9735618258266024,-0.5591132831586972,0.3397241351876496,-0.9385229230363197,3.4720397184556058,3.967841154308196,-0.3627055434617333,4.697924566315289,-0.8321958648279653,1.5520266340554492,-0.0945281112286122,-0.11942854429959307,0.014949663795051091,0.9882194931018342,0.0942756288134791,-0.1791671942966459,-1.2848574452140582,0.5264926775710593,0.5834730917856803,-0.17833366294383174,0.0,0.0,0.0,0.0,nan,nan,0.0,0.0,0.0,0.0,0.0
15.226,4.857448290374168,-1.0321654480967615,1.4956178057069072,-0.07649077107473078,-0.12072594008026279,0.1154046755193685,0.9829833010791176,-0.5376688356590946,0.3144588502188922,-0.863896583526389,3.483864116134776,4.147973379343708,-0.3623643449984298,4.7044639842223095,-0.8396290746368736,1.5292846092983037,-0.08906855666912823,-0.11169249471020873,0.013550957764811128,0.9896504182699791,0.08340259230848769,-0.1631591388380281,-1.2306074436249426,0.5082159285923966,0.5741972167315055,-0.16646197999116258,0.0,0.0,0.0,0.0,nan,nan,0.0,0.0,0.0,0.0,0.0
15.246,4.849654878310043,-1.0305141695749243,1.4767409630908575,-0.04673928042657776,-0.07582717272358626,0.11267816911139292,0.9896308957119605,-0.5045934008369808,0.2811589835030337,-0.8046607208089206,3.4136089674989423,4.201829565137778,-0.36034770239788055,4.7106270962877925,-0.846826215898708,1.5063622732043118,-0.08360066020473184,-0.10394598432292737,0.012150982590830995,0.9909886556255566,0.07252955580349725,-0.14715108337941174,-1.1763574420358316,0.48993917961373545,0.5649213416773315,-0.15459029703849442,0.0,0.0,0.0,0.0,nan,nan,0.0,0.0,0.0,0.0,0.0
15.266,4.840478605387497,-1.028302974748084,1.4589933740577645,-0.017046858181680898,-0.02815663489766281,0.10934979326354964,0.9934582181705441,-0.45568601845499324,0.23796845995357638,-0.7753590835639828,3.200523397869349,4.198967423000421,-0.3570863719431811,4.71641187290212,-0.8537842039963522,1.4832681387577513,-0.07812493394288324,-0.0961897386536372,0.010749869390759947,0.9922340798331041,0.06165651929850678,-0.1311430279207953,-1.1221074404467206,0.4716624306350743,0.5556454666231576,-0.14271861408582628,0.0,0.0,0.0,0.0,nan,nan,0.0,0.0,0.0,0.0,0.0
15.286,4.831427726313706,-1.0260442463126287,1.443430688930837,0.008935810780504034,0.016228432441293884,0.10584947186649157,0.9942095747737386,-0.39462337149599974,0.18913269093195617,-0.7747769448237087,2.9132813606780856,4.0653030460704835,-0.3529080147806402,4.721816426187597,-0.8605000439041827,1.460010783301955,-0.07264189072435938,-0.08842448413000545,0.009347749388831568,0.9933865742497712,0.050783482793516334,-0.11513497246217891,-1.0678574388576096,0.45338568165641313,0.5463695915689836,-0.13084693113315815,0.0,0.0,0.0,0.0,nan,nan,0.0,0.0,0.0,0.0,0.0
15.306,4.822977622079494,-1.0239555015388944,1.4291677685295543,0.03082686166032377,0.05615558417956567,0.10234716992201048,0.9926838931777737,-0.3234923769534525,0.13666094374482934,-0.7991638388877855,2.5880582252198456,3.788303832231109,-0.34839177050409964,4.726839010705687,-0.8669708313100645,1.4365988453260645,-0.06715204407522239,-0.08065094802344296,0.007944753903573647,0.994446030936245,0.03991044628852589,-0.09912691700356253,-1.0136074372684987,0.435108932677752,0.5370937165148096,-0.11897524818049002,0.0,0.0,0.0,0.0,nan,nan,0.0,0.0,0.0,0.0,0.0
15.326,4.814146022549012,-1.0218551465898813,1.4133181637261119,0.05142247047253057,0.09586312465677387,0.09841407156873468,0.9891818141164979,-0.23287583713769733,0.07369768573746548,-0.834620382876621,2.1530391545233414,3.339430741019459,-0.3418825362526877,4.731478024110891,-0.8731937537033645,1.4130410212288813,-0.061655908158723544,-0.07286985838098894,0.006541014335509077,0.9954123506668583,0.02903740978353446,-0.0831188615449447,-0.9593574356793829,0.41683218369908925,0.5278178414606348,-0.10710356522782083,0.0,0.0,0.0,0.0,nan,nan,0.0,0.0,0.0,0.0,0.0
15.346,4.806464089992311,-1.0201519965591401,1.3977083443544531,0.06708565864656184,0.12820318379071582,0.09474405344665375,0.9849299581220884,-0.1388546538193431,0.01210719177461099,-0.8686522488222543,1.7143552032251168,2.8028176832538345,-0.3340765387674127,4.7357320077510145,-0.8791660914285713,1.3893460620610316,-0.05615399772715041,-0.06508194395712719,0.005136662154849764,0.9962854429388835,0.018164373278544012,-0.06711080608632831,-0.9051074340902721,0.3985554347204281,0.5185419664064609,-0.0952318822751527,0.0,0.0,0.0,0.0,nan,nan,0.0,0.0,0.0,0.0,0.0
15.366,4.799994721872681,-1.0188663523087766,1.3821927575847985,0.07809765910959789,0.1530060437149451,0.09143993886500733,0.9808815646186164,-0.04718624178542083,-0.044807979027730815,-0.8904682016166412,1.2221085993580671,2.197345875581253,-0.32451299974872005,4.739599647213608,-0.8848852187041352,1.3655227702466388,-0.05064682807361348,-0.05728793414552885,0.003731828889182831,0.9970652259810092,0.0072913367735535665,-0.051102750627711926,-0.8508574325011612,0.380278685741767,0.5092660913522868,-0.08336019932248458,0.0,0.0,0.0,0.0,nan,nan,0.0,0.0,0.0,0.0,0.0
15.386,4.7940243780148775,-1.0179103204914552,1.364385303648256,0.08538888258741548,0.17270936643648085,0.08814662539866645,0.9772974909956584,0.050672128421662965,-0.10152510395765554,-0.8883386172556564,0.6673232884445558,1.4375526664499076,-0.30994210375720344,4.743079772818373,-0.8903486046061353,1.3415799962857688,-0.04513491498378741,-0.04948855891074235,0.002326646111152509,0.9977516267609979,-0.003581699731436879,-0.035094695169095545,-0.7966074309120503,0.3620019367631058,0.4999902162981129,-0.07148851636981644,0.0,0.0,0.0,0.0,nan,nan,0.0,0.0,0.0,0.0,0.0
15.406,4.7897723388305495,-1.0175498658725646,1.3471451953684488,0.08777937114948173,0.18349855240012375,0.08541837233164487,0.9753598130617609,0.13561677778703982,-0.1473093129303114,-0.8571609556320335,0.14258614651841167,0.6900784456393942,-0.29221153778054476,4.7440413922901365,-0.8916136182915496,1.3319540374706014,-0.04289420856462522,-0.046601778009183976,0.0020652265365090207,0.9979900280049645,-0.004563324168721419,-0.03162673080182524,-0.7508980230609941,0.3510631309468724,0.48529884157191194,-0.0671621674661282,0.0,0.0,0.0,0.0,nan,nan,0.0,0.0,0.0,0.0,0.0
15.426,4.787135885012012,-1.0177915898037229,1.329948908048896,0.08578578088469373,0.18662421967023352,0.08316519138692723,0.9751388369724875,0.21012182791044484,-0.18378376119415066,-0.8137186337693761,-0.35923263144699574,-0.042322599598382554,-0.2731936250388325,4.7446777820321575,-0.892338181672749,1.324144061015724,-0.04106779363191958,-0.04433718821974911,0.0019486761017440915,0.9981702523760277,-0.004292114889313079,-0.02974707847959992,-0.7062703559889506,0.34105373971190894,0.4699215465205443,-0.06379150101056476,0.0,0.0,0.0,0.0,nan,nan,0.0,0.0,0.0,0.0,0.0
15.446,4.786277809018257,-1.0186700533668231,1.3131438687105768,0.07978544581065831,0.1822123660560064,0.08136303412886374,0.9766334998198718,0.27287482219874576,-0.21087512792293342,-0.7480848010216969,-0.8087370258427746,-0.7665283283025532,-0.25313014349340324,4.745278562802936,-0.8930342905596101,1.3163286780368826,-0.03924102920312181,-0.04207222111094429,0.0018321090833104976,0.9983419820954033,-0.0040209056099047395,-0.027867426157374604,-0.6616426889169071,0.33104434847694547,0.45454425146917665,-0.0604208345550013,0.0,0.0,0.0,0.0,nan,nan,0.0,0.0,0.0,0.0,0.0
15.466,4.787298549522433,-1.0201288857140207,1.2981489991595125,0.07083542435133768,0.17113500427593914,0.08000120740025983,0.9794360417010092,0.32128463308296307,-0.22876768695951555,-0.6573676905493839,-1.1868341496009251,-1.4467743495869005,-0.23411276499160535,4.745843718018047,-0.8937019164687936,1.3085081543043513,-0.03741393082440502,-0.03980689595814526,0.0017155264732195894,0.9985052157016326,-0.0037496963304963988,-0.025987773835149282,-0.6170150218448637,0.32103495724198194,0.4391669564178089,-0.05705016809943785,0.0,0.0,0.0,0.0,nan,nan,0.0,0.0,0.0,0.0,0.0
15.486,4.790434176194219,-1.0223208831637212,1.2841322593442666,0.05856489069314341,0.15259927651998487,0.07884427100516213,0.9833957470486345,0.36153252541689995,-0.24091436922610562,-0.5376310083041114,-1.5030777472418395,-2.102961759471532,-0.21573066800096927,4.746373232305791,-0.8943410318865441,1.3006827557633986,-0.03558651404478413,-0.037541232039774566,0.0015989292636153939,0.9986599518055613,-0.0034784870510880346,-0.0241081215129238,-0.5723873547728162,0.3110255660070176,0.42378966136643986,-0.05367950164387411,0.0,0.0,0.0,0.0,nan,nan,0.0,0.0,0.0,0.0,0.0
15.506,4.795923431707823,-1.0252619719390659,1.2719949295414825,0.04335354498968285,0.12623977159481933,0.07780073561570401,0.9879934391189907,0.3938936355562251,-0.24814667504084656,-0.4051996357256032,-1.718615889293263,-2.6903106194968887,-0.19999118017886253,4.746867091507715,-0.894951610269627,1.2928527485252377,-0.03375879441598425,-0.03527524863713841,0.0014823184467662172,0.9988061890903508,-0.0032072777716796942,-0.022228469190698485,-0.5277596877007728,0.3010161747720541,0.4084123663150722,-0.05030883518831066,0.0,0.0,0.0,0.0,nan,nan,0.0,0.0,0.0,0.0,0.0
15.526,4.802543752727953,-1.028344743345683,1.2635249884369613,0.02851226285838989,0.09749223427169709,0.07687845494806807,0.991852820880298,0.41583959908473767,-0.2510445015604777,-0.2961101447605628,-1.8434809491954882,-3.127002948578547,-0.18954948491771065,4.747325282679093,-0.8955336260462312,1.2850183988579633,-0.03193078749230728,-0.033008965034261185,0.001365695015056133,0.9989439263114891,-0.0029360684922713535,-0.020348816868473164,-0.4831320206287293,0.2910067835370906,0.3930350712637045,-0.0469381687327472,0.0,0.0,0.0,0.0,nan,nan,0.0,0.0,0.0,0.0,0.0
15.546,4.811636636996659,-1.0322009964097953,1.2565685319403805,0.010786783104451456,0.059725053580425604,0.07576241035483086,0.995277157611034,0.43207363749151895,-0.2497921832484413,-0.19926322085679832,-1.86448321283426,-3.4571084601895246,-0.1811923075623057,4.747747794089369,-0.8960870546168409,1.2771799731774913,-0.030102508830500245,-0.03074240051772233,0.0012490599609765811,0.9990731622968017,-0.0026648592128630136,-0.01846916454624785,-0.4385043535566858,0.2809973923021271,0.3776577762123368,-0.043567502277183756,0.0,0.0,0.0,0.0,nan,nan,0.0,0.0,0.0,0.0,0.0
15.566,4.820672760075905,-1.0357813773742381,1.252440135222903,-0.005257530213996565,0.022995807277695984,0.07466268105092012,0.9969298045910677,0.43659676421715343,-0.24366686984990205,-0.14845649279657305,-1.853566930660705,-3.5915151309409405,-0.17689426099069125,4.748134615222555,-0.8966118723550717,1.269337738038487,-0.028273973989622576,-0.028475574376491668,0.0011324142771179002,0.9991938959464615,-0.002393649933454649,-0.016589512224022367,-0.3938766864846384,0.2709880010671628,0.3622804811609678,-0.04019683582162001,0.0,0.0,0.0,0.0,nan,nan,0.0,0.0,0.0,0.0,0.0
15.586,4.82901079970292,-1.0389352478388074,1.2499504495694023,-0.018991375164787074,-0.010296240703734767,0.07358207088103483,0.9970551609322222,0.43029211579432297,-0.23306627549150996,-0.13431766468412662,-1.7444953054268437,-3.5424617079243794,-0.1750092432989601,4.748485736777591,-0.8971080566084756,1.261491960125295,-0.026445198530914288,-0.026208505901766124,0.0010157589561609216,0.999306126232998,-0.002122440654046309,-0.01470985990179705,-0.3492490194125949,0.26097860983219934,0.34690318610960014,-0.036826169366056566,0.0,0.0,0.0,0.0,nan,nan,0.0,0.0,0.0,0.0,0.0
15.606,4.838142909400316,-1.0422650474145414,1.2478910414284858,-0.03316918883388019,-0.04605523172276085,0.07227399932358855,0.9957686425896525,0.41021347393154023,-0.2152285991998925,-0.14698187892021708,-1.602866205296729,-3.3609700240395637,-0.17440354737679203,4.748801150668656,-0.897575585699312,1.2536429062428573,-0.02461619801766264,-0.02394121438680435,0.0008990949908684596,0.9994098522013066,-0.0018512313746379687,-0.012830207579571734,-0.3046213523405515,0.25096921859723587,0.3315258910582325,-0.033455502910493116,0.0,0.0,0.0,0.0,nan,nan,0.0,0.0,0.0,0.0,0.0
15.626,4.84727348871441,-1.04548413050464,1.2459100984400993,-0.04602567325457495,-0.08056525737766933,0.07080788706578592,0.993165202690072,0.3740213498702747,-0.18978532967116726,-0.17716337802379795,-1.3551299935614212,-3.021298766620663,-0.17421026313275692,4.749080850025451,-0.8980144389252851,1.2457908433076328,-0.02278698801507033,-0.021673719126763292,0.0007824233740769027,0.9995050729686562,-0.0015800220952296282,-0.010950555257346414,-0.2599936852685079,0.24095982736227234,0.31614859600686473,-0.03008483645492966,0.0,0.0,0.0,0.0,nan,nan,0.0,0.0,0.0,0.0,0.0
15.646,4.8549144983220325,-1.048098931044037,1.2439333015277099,-0.05570684882241975,-0.10807434205502289,0.06941949140383476,0.9901503006093988,0.32943575083135795,-0.16204305375383682,-0.205525418384882,-1.1332089920873165,-2.627829580550516,-0.17395447000973252,4.749324829193427,-0.89842459656025,1.2379360383385103,-0.020957584090122685,-0.01940603941853364,0.0006657450986877478,0.9995917877246968,-0.001308812815821264,-0.009070902935120933,-0.21536601819646056,0.23095043612730798,0.30077130095549576,-0.026714169999365912,0.0,0.0,0.0,0.0,nan,nan,0.0,0.0,0.0,0.0,0.0
15.666,4.862118396242436,-1.0504924947800778,1.2415402584358148,-0.063495465377683,-0.1321333347123732,0.06794220548752562,0.9868601544533806,0.27311899946406687,-0.12946984776384005,-0.22363428206687241,-0.8245585133225452,-2.0940771696017735,-0.1732197439194114,4.749533083733981,-0.8988060398548823,1.2300787584477222,-0.019128001811455856,-0.01713819456057637,0.0005490611576591864,0.9996699957314663,-0.0010376035364129234,-0.007191250612895615,-0.17073835112441713,0.2209410448923445,0.28539400590412806,-0.023343503543802466,0.0,0.0,0.0,0.0,nan,nan,0.0,0.0,0.0,0.0,0.0
15.686,4.868246493506033,-1.0524589875408468,1.2389139571066912,-0.06871328482850937,-0.15027136481815415,0.06647143795260135,0.9840114579313998,0.21085451978404335,-0.09544070298529606,-0.2214261613024262,-0.5448469309898986,-1.4945883202868604,-0.17094294217765613,4.749705610424605,-0.8991587510373177,1.2222192708317465,-0.017298256749223296,-0.01487020385275732,0.00043237254399759706,0.9997396963233972,-0.0007663942570045828,-0.005311598290670295,-0.12611068405237355,0.210931653657381,0.27001671085276036,-0.019972837088239014,0.0,0.0,0.0,0.0,nan,nan,0.0,0.0,0.0,0.0,0.0
15.706,4.873292215889972,-1.0540016849361336,1.236112585061407,-0.07165345256255265,-0.16255356164980633,0.06493968060182528,0.9819495711156256,0.14263155089748922,-0.05952383344441567,-0.1973467403695299,-0.2478996729324381,-0.8414096895742563,-0.1669619419616149,4.749842407258995,-0.8994827133137568,1.2143578427622155,-0.015468364474964,-0.012602086596183719,0.0003156802507491307,0.999800888907322,-0.0004951849775962426,-0.0034319459684449783,-0.08148301698033013,0.20092226242241754,0.2546394158013927,-0.016602170632675564,0.0,0.0,0.0,0.0,nan,nan,0.0,0.0,0.0,0.0,0.0
15.725999999999999,4.876471976077762,-1.0548946167214506,1.233718242635317,-0.07209463165566911,-0.16767988365581663,0.06359484710438733,0.9811429641623971,0.08057123584161535,-0.027791492073678755,-0.16187873853040172,0.01491429143335956,-0.24964988965641963,-0.16262965934411772,4.749943473447122,-0.8997779108690361,1.2064947415768155,-0.013638340561469727,-0.010333862093039787,0.00019898527099125617,0.999853572962478,-0.00022397569818790239,-0.0015522936462196624,-0.03685534990828667,0.19091287118745406,0.239262120750025,-0.013231504177112116,0.0,0.0,0.0,0.0,nan,nan,0.0,0.0,0.0,0.0,0.0
